base,ligand,solvent,concentration,temperature,PC1,PC2,PC3,PC4,yield,cost,priority,yield_predicted_mean,yield_predicted_std_dev,yield_expected_improvement,cost_predicted_mean,cost_predicted_std_dev,cost_expected_improvement
KOPiv,X-Phos,p-Xylene,0.153,120,5.7,-2.2,0.0,1.3,PENDING,PENDING,1.0,30.443244970532817,14.048534757911263,1.0472917850806166e-06,0.028924047021455554,0.015096074157589772,0.049678009609445725
KOPiv,PPh3,p-Xylene,0.153,120,5.7,-2.2,0.0,1.3,PENDING,PENDING,1.0,28.847624338260268,10.514207875861105,1.1120371216613577e-11,0.026703865847134356,0.013161698154526925,0.04745634100968533
KOAc,X-Phos,p-Xylene,0.153,120,5.7,-2.2,0.0,1.3,PENDING,PENDING,1.0,18.903575529415065,13.746910010943656,4.4012011191032635e-09,0.028386928159853372,0.0164768440227326,0.04914560217314484
KOAc,PCy3 HBF4,DMAc,0.153,120,-4.3,3.0,-3.4,0.5,PENDING,PENDING,1.0,16.312674048870807,14.35957876029223,7.108862710929222e-09,0.023742370832801563,0.011530379866370769,0.04449449543473049
KOPiv,tBPh-CPhos,p-Xylene,0.153,120,5.7,-2.2,0.0,1.3,PENDING,PENDING,0.0,26.715519085613675,11.364905037934856,1.0672544160363857e-10,0.25768571997948764,0.017271149868518895,0.27843769197948764
KOPiv,tBPh-CPhos,p-Xylene,0.153,105,5.7,-2.2,0.0,1.3,PENDING,PENDING,0.0,14.666212035769966,9.12072147514338,4.817071963363886e-21,0.25831812463463,0.01585891084359837,0.27907009663463
KOPiv,tBPh-CPhos,p-Xylene,0.153,90,5.7,-2.2,0.0,1.3,PENDING,PENDING,0.0,1.8100207512445934,9.674175435730277,1.9044504070795792e-24,0.2586234667032734,0.015411152222879003,0.2793754387032734
KOPiv,tBPh-CPhos,p-Xylene,0.1,120,5.7,-2.2,0.0,1.3,PENDING,PENDING,0.0,25.38673189503324,11.207076440354715,2.5258818005936883e-11,0.2656966162665588,0.01707350692328516,0.28644858826655883
KOPiv,tBPh-CPhos,p-Xylene,0.1,105,5.7,-2.2,0.0,1.3,PENDING,PENDING,0.0,12.897421786187774,8.376346264150536,1.2647873888326868e-25,0.2663510596377433,0.015628544057755694,0.2871030316377433
KOPiv,tBPh-CPhos,p-Xylene,0.1,90,5.7,-2.2,0.0,1.3,PENDING,PENDING,0.0,-0.22411091655077087,8.674465808200228,3.3723040542199095e-31,0.26666458963731265,0.015159599454498183,0.28741656163731266
KOPiv,tBPh-CPhos,p-Xylene,0.057,120,5.7,-2.2,0.0,1.3,PENDING,PENDING,0.0,24.20191604548161,11.575558328200726,5.519096612227249e-11,0.2719973589207332,0.01726117117652238,0.2927493309207332
KOPiv,tBPh-CPhos,p-Xylene,0.057,105,5.7,-2.2,0.0,1.3,PENDING,PENDING,0.0,11.52463676246554,8.49078408514399,1.0177534840095906e-25,0.27266793648976695,0.015835102868137274,0.29341990848976696
KOPiv,tBPh-CPhos,p-Xylene,0.057,90,5.7,-2.2,0.0,1.3,PENDING,PENDING,0.0,-1.6194321120554243,8.626745576799836,2.335995909445815e-32,0.272987167965734,0.015381862843396607,0.29373913996573403
KOPiv,tBPh-CPhos,DMAc,0.153,120,-4.3,3.0,-3.4,0.5,PENDING,PENDING,0.0,77.92400813211594,7.97764874238082,0.007331756482645224,0.25774881768326463,0.014609333002582076,0.27850078968326464
KOPiv,tBPh-CPhos,DMAc,0.153,105,-4.3,3.0,-3.4,0.5,PENDING,PENDING,0.0,60.230125177241796,7.8923253259631645,3.893254343456559e-07,0.25817151678202066,0.013625544496078152,0.27892348878202067
KOPiv,tBPh-CPhos,DMAc,0.153,90,-4.3,3.0,-3.4,0.5,PENDING,PENDING,0.0,34.37188537024722,8.039333744615702,1.9011198665299796e-16,0.2582675918088724,0.01372436863614839,0.2790195638088724
KOPiv,tBPh-CPhos,DMAc,0.1,120,-4.3,3.0,-3.4,0.5,PENDING,PENDING,0.0,75.67149636226934,8.012572621220464,0.0029287628509878164,0.2658143472017557,0.014455300635319164,0.2865663192017557
KOPiv,tBPh-CPhos,DMAc,0.1,105,-4.3,3.0,-3.4,0.5,PENDING,PENDING,0.0,57.20868681669876,7.991225877590509,6.877805667914858e-08,0.26625904979546033,0.013452460978956086,0.28701102179546034
KOPiv,tBPh-CPhos,DMAc,0.1,90,-4.3,3.0,-3.4,0.5,PENDING,PENDING,0.0,31.01530493207222,8.006704515069544,3.876423282743515e-18,0.2663630587250784,0.013544921395348467,0.28711503072507844
KOPiv,tBPh-CPhos,DMAc,0.057,120,-4.3,3.0,-3.4,0.5,PENDING,PENDING,0.0,72.93600910100994,8.404153005595274,0.0015701562905790153,0.27216623929584977,0.014613482364101274,0.2929182112958498
KOPiv,tBPh-CPhos,DMAc,0.057,105,-4.3,3.0,-3.4,0.5,PENDING,PENDING,0.0,54.1171970061134,8.436034228904475,4.4576358522984787e-08,0.27262762681156755,0.013628603950990687,0.29337959881156755
KOPiv,tBPh-CPhos,DMAc,0.057,90,-4.3,3.0,-3.4,0.5,PENDING,PENDING,0.0,28.13163954018399,8.509659772166264,1.802043909907486e-17,0.2727375593625105,0.013735718019509595,0.2934895313625105
KOPiv,tBPh-CPhos,BuOAc,0.153,120,1.6,0.1,-0.8,-1.9,PENDING,PENDING,0.0,37.48932738299632,10.43455789909247,1.939641596449431e-09,0.27042129707008156,0.008853446665461106,0.29117326907008156
KOPiv,tBPh-CPhos,BuOAc,0.153,105,1.6,0.1,-0.8,-1.9,PENDING,PENDING,0.0,22.203723671474418,7.904842996433815,3.73345362246802e-23,0.27107796217509156,0.00538170489134057,0.29182993417509157
KOPiv,tBPh-CPhos,BuOAc,0.153,90,1.6,0.1,-0.8,-1.9,PENDING,PENDING,0.0,4.768849373543944,6.170871405981183,3.17340598881215e-54,0.2713803735706154,0.0035770122512988355,0.2921323455706154
KOPiv,tBPh-CPhos,BuOAc,0.1,120,1.6,0.1,-0.8,-1.9,PENDING,PENDING,0.0,35.78719981611422,10.535513953918265,1.0114330482286637e-09,0.2785422763723241,0.008400926655159237,0.2992942483723241
KOPiv,tBPh-CPhos,BuOAc,0.1,105,1.6,0.1,-0.8,-1.9,PENDING,PENDING,0.0,19.918978301331553,7.576716008364376,1.9061339576652656e-26,0.279221430683663,0.004526893767329476,0.299973402683663
KOPiv,tBPh-CPhos,BuOAc,0.057,120,1.6,0.1,-0.8,-1.9,PENDING,PENDING,0.0,34.1411162678687,11.044989310724487,2.4310464618015673e-09,0.2849105091690484,0.00874074094561543,0.30566248116904843
KOPiv,tBPh-CPhos,BuOAc,0.057,105,1.6,0.1,-0.8,-1.9,PENDING,PENDING,0.0,18.041134099184973,7.988534020243834,5.251967294168812e-25,0.2856060027858949,0.005128621090590013,0.3063579747858949
KOPiv,tBPh-CPhos,BuOAc,0.057,90,1.6,0.1,-0.8,-1.9,PENDING,PENDING,0.0,0.3148991434126138,5.419138629087482,4.0328636354711996e-76,0.2859222773033431,0.0031186822882236075,0.3066742493033431
KOPiv,tBPh-CPhos,BuCN,0.153,120,-1.6,-2.1,-1.8,-0.9,PENDING,PENDING,0.0,50.55581469368899,8.861780470668606,2.0526261906178533e-08,0.26629260755911655,0.01220454600778778,0.28704457955911655
KOPiv,tBPh-CPhos,BuCN,0.153,105,-1.6,-2.1,-1.8,-0.9,PENDING,PENDING,0.0,34.23189580445469,8.230887597130229,8.130695305996476e-16,0.26686626345171366,0.01019775579104969,0.28761823545171367
KOPiv,tBPh-CPhos,BuCN,0.153,90,-1.6,-2.1,-1.8,-0.9,PENDING,PENDING,0.0,13.804222096399528,8.195716845219836,3.5322447562505926e-26,0.26709406041574574,0.009543518673895933,0.28784603241574575
KOPiv,tBPh-CPhos,BuCN,0.1,120,-1.6,-2.1,-1.8,-0.9,PENDING,PENDING,0.0,48.64630180886847,9.170643648415426,1.8763673408515494e-08,0.2743943334825616,0.01200942838649334,0.2951463054825616
KOPiv,tBPh-CPhos,BuCN,0.1,105,-1.6,-2.1,-1.8,-0.9,PENDING,PENDING,0.0,31.6691128758008,8.296906556758234,1.0612569394838057e-16,0.2749904116406674,0.00993782132215695,0.2957423836406674
KOPiv,tBPh-CPhos,BuCN,0.1,90,-1.6,-2.1,-1.8,-0.9,PENDING,PENDING,0.0,10.906615779820523,7.869324420147649,4.633111804380321e-30,0.27522642133481634,0.009238920943118461,0.29597839333481635
KOPiv,tBPh-CPhos,BuCN,0.057,120,-1.6,-2.1,-1.8,-0.9,PENDING,PENDING,0.0,46.62644943105429,9.836685313851657,5.496860295015765e-08,0.2807555367598962,0.012293195638265765,0.3015075087598962
KOPiv,tBPh-CPhos,BuCN,0.057,105,-1.6,-2.1,-1.8,-0.9,PENDING,PENDING,0.0,29.372366620814333,8.829502591636725,8.020324540460286e-16,0.2813681691883435,0.010281314595431659,0.3021201411883435
KOPiv,tBPh-CPhos,BuCN,0.057,90,-1.6,-2.1,-1.8,-0.9,PENDING,PENDING,0.0,8.693212894955277,8.27538317002514,1.2566977093645177e-28,0.2816100381112223,0.00962221736892635,0.3023620101112223
KOPiv,X-Phos,p-Xylene,0.153,105,5.7,-2.2,0.0,1.3,PENDING,PENDING,0.0,22.285929582128745,13.459692468381007,9.324722316979697e-09,0.029573320074470097,0.015153784372968387,0.050327072661625206
KOPiv,X-Phos,p-Xylene,0.153,90,5.7,-2.2,0.0,1.3,PENDING,PENDING,0.0,12.913167550207417,14.912820688344109,6.848301988697053e-09,0.030285288453401116,0.015973850737680415,0.05104027435350651
KOPiv,X-Phos,p-Xylene,0.1,120,5.7,-2.2,0.0,1.3,PENDING,PENDING,0.0,28.487050282475572,13.855041515617584,3.3191330175985295e-07,0.03688986608704774,0.015023086468393522,0.05764205660514391
KOPiv,X-Phos,p-Xylene,0.1,105,5.7,-2.2,0.0,1.3,PENDING,PENDING,0.0,20.015813790597768,13.01266734774469,8.770717257927355e-10,0.037566242131954655,0.015085891237369007,0.058318407972945345
KOPiv,X-Phos,p-Xylene,0.1,90,5.7,-2.2,0.0,1.3,PENDING,PENDING,0.0,10.56718087615064,14.385506944354328,6.100043551566347e-10,0.03829227045510931,0.015914624794570623,0.05904463805813068
KOPiv,X-Phos,p-Xylene,0.057,120,5.7,-2.2,0.0,1.3,PENDING,PENDING,0.0,26.773369453403017,14.07192798092959,2.6669484211821706e-07,0.04350027656888824,0.015159080443565781,0.06425228522607154
KOPiv,X-Phos,p-Xylene,0.057,105,5.7,-2.2,0.0,1.3,PENDING,PENDING,0.0,18.1483930581916,13.057359350044973,3.9842174560617137e-10,0.04419652371153879,0.015227917982144732,0.06494852824438072
KOPiv,X-Phos,p-Xylene,0.057,90,5.7,-2.2,0.0,1.3,PENDING,PENDING,0.0,8.762729246193274,14.347733437724907,2.3909825352894977e-10,0.04493093655929592,0.01606645637011092,0.0656829859341275
KOPiv,X-Phos,DMAc,0.153,105,-4.3,3.0,-3.4,0.5,PENDING,PENDING,0.0,66.46241720166448,6.833558678907296,6.906316430082106e-07,0.028307069075111754,0.003761612903814532,0.049059041075111755
KOPiv,X-Phos,DMAc,0.153,90,-4.3,3.0,-3.4,0.5,PENDING,PENDING,0.0,47.15450791584594,9.798635026813859,6.61137694854481e-08,0.028795602090210842,0.0069180902678927896,0.04954757409021121
KOPiv,X-Phos,DMAc,0.1,105,-4.3,3.0,-3.4,0.5,PENDING,PENDING,0.0,62.53270742075255,6.664567686045533,1.2531391370385628e-08,0.0363102669187174,0.003570643048339844,0.0570622389187174
KOPiv,X-Phos,DMAc,0.1,90,-4.3,3.0,-3.4,0.5,PENDING,PENDING,0.0,43.328856179753686,9.75082428913974,5.533417369666835e-09,0.03681578514591853,0.006834777261364329,0.05756775714591853
KOPiv,X-Phos,DMAc,0.057,105,-4.3,3.0,-3.4,0.5,PENDING,PENDING,0.0,58.71628186072348,7.1013633645372325,4.172995816176545e-09,0.04297130878663731,0.0038041535841658396,0.0637232807866373
KOPiv,X-Phos,DMAc,0.057,90,-4.3,3.0,-3.4,0.5,PENDING,PENDING,0.0,39.90231079836172,10.18745779688002,3.3620306295504918e-09,0.04348508977120959,0.007007252186452176,0.06423706177120958
KOPiv,X-Phos,BuOAc,0.153,120,1.6,0.1,-0.8,-1.9,PENDING,PENDING,0.0,40.75602442543327,12.167843233788924,1.414212977416414e-06,0.040076594932488614,0.011525756688957653,0.06082856706660561
KOPiv,X-Phos,BuOAc,0.153,105,1.6,0.1,-0.8,-1.9,PENDING,PENDING,0.0,30.417186538452768,11.824308912523664,4.199914628534714e-09,0.040752107474905076,0.011858503172708774,0.06150407970435532
KOPiv,X-Phos,BuOAc,0.153,90,1.6,0.1,-0.8,-1.9,PENDING,PENDING,0.0,17.614969180163108,12.817855779521638,1.3679761365255216e-10,0.041470363695453254,0.013098009487817181,0.06222233828670134
KOPiv,X-Phos,BuOAc,0.1,120,1.6,0.1,-0.8,-1.9,PENDING,PENDING,0.0,38.271557343059335,12.073624039072325,3.8215898639479825e-07,0.04815833210054595,0.011472430103551395,0.06891030410226653
KOPiv,X-Phos,BuOAc,0.1,105,1.6,0.1,-0.8,-1.9,PENDING,PENDING,0.0,27.5454242500032,11.53675829280597,3.30140576775348e-10,0.04886179198239844,0.011807120653238252,0.06961376398594041
KOPiv,X-Phos,BuOAc,0.1,90,1.6,0.1,-0.8,-1.9,PENDING,PENDING,0.0,14.687699481395713,12.389816227991522,5.552886627008974e-12,0.04959462412958332,0.013051918535726393,0.07034659620994643
KOPiv,X-Phos,BuOAc,0.057,120,1.6,0.1,-0.8,-1.9,PENDING,PENDING,0.0,35.99218451232831,12.376072742410955,2.825391558577175e-07,0.05484888974363729,0.011645981795026558,0.07560086174371022
KOPiv,X-Phos,BuOAc,0.057,105,1.6,0.1,-0.8,-1.9,PENDING,PENDING,0.0,25.09173959371486,11.705785479339022,1.5221069058129519e-10,0.055572620485407995,0.011978969378932634,0.07632459248557613
KOPiv,X-Phos,BuOAc,0.057,90,1.6,0.1,-0.8,-1.9,PENDING,PENDING,0.0,12.37579409949949,12.477426805197144,2.081471759031939e-12,0.05631380616409991,0.013223742142411758,0.07706577817014106
KOPiv,X-Phos,BuCN,0.153,120,-1.6,-2.1,-1.8,-0.9,PENDING,PENDING,0.0,52.994643486268366,9.484321288027687,7.129557040323304e-07,0.03596247896060972,0.010263436998827603,0.05671445098932766
KOPiv,X-Phos,BuCN,0.153,105,-1.6,-2.1,-1.8,-0.9,PENDING,PENDING,0.0,42.068451187179214,10.418652295309991,2.650020950950249e-08,0.036546408075111225,0.010518039579921513,0.05729838012152121
KOPiv,X-Phos,BuCN,0.153,90,-1.6,-2.1,-1.8,-0.9,PENDING,PENDING,0.0,26.968772164998775,12.302220147498627,3.1574814778641896e-09,0.03718109487673739,0.011771746999620882,0.05793306783333926
KOPiv,X-Phos,BuCN,0.1,120,-1.6,-2.1,-1.8,-0.9,PENDING,PENDING,0.0,50.128249742787574,9.449388930108201,1.2298848250270544e-07,0.04401081841770167,0.01028245076225272,0.06476279041793612
KOPiv,X-Phos,BuCN,0.1,105,-1.6,-2.1,-1.8,-0.9,PENDING,PENDING,0.0,38.796015047537004,10.290138122074989,2.506497002868198e-09,0.04462274763320447,0.0105422872564571,0.06537471963365875
KOPiv,X-Phos,BuCN,0.1,90,-1.6,-2.1,-1.8,-0.9,PENDING,PENDING,0.0,23.68700463320868,12.082442401594383,2.720380809349225e-10,0.04527245798517336,0.011798608557960177,0.06602443000701978
KOPiv,X-Phos,BuCN,0.057,120,-1.6,-2.1,-1.8,-0.9,PENDING,PENDING,0.0,47.369866258209015,9.881558595884524,9.750631162452294e-08,0.05068424885147522,0.010498907932764217,0.07143622085148274
KOPiv,X-Phos,BuCN,0.057,105,-1.6,-2.1,-1.8,-0.9,PENDING,PENDING,0.0,35.85353513865952,10.585827109520537,1.2711318228318236e-09,0.051316698509500325,0.010761408779588255,0.07206867050951675
KOPiv,X-Phos,BuCN,0.057,90,-1.6,-2.1,-1.8,-0.9,PENDING,PENDING,0.0,20.964613615375754,12.29976107475246,1.332390340190587e-10,0.051975116480832965,0.012017149460032723,0.0727270884821851
KOPiv,PPhtBu2,p-Xylene,0.153,120,5.7,-2.2,0.0,1.3,PENDING,PENDING,0.0,-5.056015054110965,23.1343147061355,1.3663275837874373e-05,0.042063886262244235,0.016365073539091377,0.06281609474921705
KOPiv,PPhtBu2,p-Xylene,0.153,105,5.7,-2.2,0.0,1.3,PENDING,PENDING,0.0,-7.5569715177337216,24.364398771791482,2.6593438094084983e-05,0.04293191093995653,0.016510987503432568,0.0636841031753933
KOPiv,PPhtBu2,p-Xylene,0.153,90,5.7,-2.2,0.0,1.3,PENDING,PENDING,0.0,-8.102200795725423,27.383618590496656,0.00025401089253190845,0.04384038304139812,0.017447425995024825,0.06459280334158758
KOPiv,PPhtBu2,p-Xylene,0.1,120,5.7,-2.2,0.0,1.3,PENDING,PENDING,0.0,-5.484131423463239,23.290877902035827,1.4598627053034983e-05,0.050170801650008784,0.016690928307155864,0.07092281205872354
KOPiv,PPhtBu2,p-Xylene,0.1,105,5.7,-2.2,0.0,1.3,PENDING,PENDING,0.0,-8.09796806056712,24.477660065962226,2.649812908202926e-05,0.051063930143209715,0.016822089835809417,0.07181593740744331
KOPiv,PPhtBu2,p-Xylene,0.1,90,5.7,-2.2,0.0,1.3,PENDING,PENDING,0.0,-8.721492349282087,27.43691549283123,0.00023839104424662905,0.051983061525620475,0.017728495143427076,0.0727351134818462
KOPiv,PPhtBu2,p-Xylene,0.057,120,5.7,-2.2,0.0,1.3,PENDING,PENDING,0.0,-5.641451298296403,23.676410390394818,2.058015999190484e-05,0.05684887839995177,0.017589346924959295,0.0776008691337927
KOPiv,PPhtBu2,p-Xylene,0.057,105,5.7,-2.2,0.0,1.3,PENDING,PENDING,0.0,-8.331443680635829,24.795060275944977,3.361738542477445e-05,0.05775965576533849,0.017703570867131948,0.07851164464259368
KOPiv,PPhtBu2,p-Xylene,0.057,90,5.7,-2.2,0.0,1.3,PENDING,PENDING,0.0,-9.020083390004373,27.6405017864086,0.0002602562780817108,0.05868450142366248,0.01855963305573349,0.0794365103890254
KOPiv,PPhtBu2,DMAc,0.153,105,-4.3,3.0,-3.4,0.5,PENDING,PENDING,0.0,-2.2722600908005965,12.591909604597774,3.91611749202317e-16,0.03815724383838704,0.004123441110349092,0.05890921583838704
KOPiv,PPhtBu2,DMAc,0.153,90,-4.3,3.0,-3.4,0.5,PENDING,PENDING,0.0,-3.9590411803544967,21.02590719914604,1.5871461894056637e-06,0.03886829804438804,0.0075116514694872315,0.05962027004438804
KOPiv,PPhtBu2,DMAc,0.1,120,-4.3,3.0,-3.4,0.5,PENDING,PENDING,0.0,0.40376647094292295,6.99797704101302,2.0809839403317813e-46,0.04566683278401713,0.004297314021433669,0.06641880478401713
KOPiv,PPhtBu2,DMAc,0.1,105,-4.3,3.0,-3.4,0.5,PENDING,PENDING,0.0,-3.0545276807293504,13.104821013321306,3.385499332676813e-15,0.046338384395432995,0.005617538383309078,0.067090356395433
KOPiv,PPhtBu2,DMAc,0.1,90,-4.3,3.0,-3.4,0.5,PENDING,PENDING,0.0,-4.845094806966941,21.228968410855227,1.6495939772093881e-06,0.0470597057068281,0.008405538444978248,0.06781167770682811
KOPiv,PPhtBu2,DMAc,0.057,120,-4.3,3.0,-3.4,0.5,PENDING,PENDING,0.0,0.09094053479253361,9.153747682258247,5.100065634413236e-28,0.05240830788938816,0.007188034704759397,0.07316027988938817
KOPiv,PPhtBu2,DMAc,0.057,105,-4.3,3.0,-3.4,0.5,PENDING,PENDING,0.0,-3.4871252013424296,14.192271372820395,3.1792697844924774e-13,0.05309807491271218,0.008032219913863443,0.07385004691271219
KOPiv,PPhtBu2,DMAc,0.057,90,-4.3,3.0,-3.4,0.5,PENDING,PENDING,0.0,-5.369861905548461,21.705987490950253,2.6251803724893473e-06,0.05382506677182398,0.010169213563100023,0.07457703877182413
KOPiv,PPhtBu2,BuOAc,0.153,120,1.6,0.1,-0.8,-1.9,PENDING,PENDING,0.0,-5.174586068448946,19.0462209651758,5.776771078287917e-08,0.053982589390707506,0.013639306656286224,0.07473456144077678
KOPiv,PPhtBu2,BuOAc,0.153,105,1.6,0.1,-0.8,-1.9,PENDING,PENDING,0.0,-8.149740816455264,20.997478914372568,5.205762223712809e-07,0.05488286885285587,0.01401288950334666,0.07563484093537773
KOPiv,PPhtBu2,BuOAc,0.153,90,1.6,0.1,-0.8,-1.9,PENDING,PENDING,0.0,-9.097385031834634,25.221717776073543,4.201855128855409e-05,0.05579953118871542,0.015268107577180536,0.076551503946618
KOPiv,PPhtBu2,BuOAc,0.1,120,1.6,0.1,-0.8,-1.9,PENDING,PENDING,0.0,-5.679952490777744,19.307898626286075,7.768339207398919e-08,0.062208425697297696,0.014005908871705365,0.08296039770084214
KOPiv,PPhtBu2,BuOAc,0.1,105,1.6,0.1,-0.8,-1.9,PENDING,PENDING,0.0,-8.786081549424722,21.18909800158728,5.749996793401606e-07,0.06313439410777877,0.014350415162528765,0.08388636611365674
KOPiv,PPhtBu2,BuOAc,0.1,90,1.6,0.1,-0.8,-1.9,PENDING,PENDING,0.0,-9.822284896933006,25.3164471895758,3.975880261169703e-05,0.06406176153406398,0.015557496730517777,0.08481373360113888
KOPiv,PPhtBu2,BuOAc,0.057,120,1.6,0.1,-0.8,-1.9,PENDING,PENDING,0.0,-5.887390778163159,19.901396952739383,1.9178552489385525e-07,0.0689626621442408,0.015039827651850553,0.08971463414716929
KOPiv,PPhtBu2,BuOAc,0.057,105,1.6,0.1,-0.8,-1.9,PENDING,PENDING,0.0,-9.08230389414912,21.659255028755865,9.98738285275545e-07,0.06990651479721709,0.015344384224546391,0.09065848680148034
KOPiv,PPhtBu2,BuOAc,0.057,90,1.6,0.1,-0.8,-1.9,PENDING,PENDING,0.0,-10.192182272562384,25.59734906983122,4.699397723177863e-05,0.07083948137893527,0.016465696882951984,0.09159145341607308
KOPiv,PPhtBu2,BuCN,0.153,120,-1.6,-2.1,-1.8,-0.9,PENDING,PENDING,0.0,-3.8448349960022306,15.023910742996472,5.471809834796347e-12,0.04870219473709266,0.01146574164449975,0.06945416673833762
KOPiv,PPhtBu2,BuCN,0.153,105,-1.6,-2.1,-1.8,-0.9,PENDING,PENDING,0.0,-6.940076122188167,17.973240114826893,4.112200897084351e-09,0.04951177183913883,0.011799798194900185,0.07026374384159254
KOPiv,PPhtBu2,BuCN,0.153,90,-1.6,-2.1,-1.8,-0.9,PENDING,PENDING,0.0,-8.085940690947254,23.540039300963773,1.0824071652866356e-05,0.05035203513069817,0.01315793606785167,0.07110400720540394
KOPiv,PPhtBu2,BuCN,0.1,120,-1.6,-2.1,-1.8,-0.9,PENDING,PENDING,0.0,-4.392756555707891,15.434927378220102,1.610681189383551e-11,0.05690410844111899,0.012084212260539342,0.07765608044123662
KOPiv,PPhtBu2,BuCN,0.1,105,-1.6,-2.1,-1.8,-0.9,PENDING,PENDING,0.0,-7.630136204594265,18.259985122139785,5.901263109378578e-09,0.0577392857747911,0.012384504679414285,0.0784912577750086
KOPiv,PPhtBu2,BuCN,0.1,90,-1.6,-2.1,-1.8,-0.9,PENDING,PENDING,0.0,-8.87153682228115,23.678730364519453,1.055027177732299e-05,0.05859025680982934,0.013665046027600563,0.07934222881695746
KOPiv,PPhtBu2,BuCN,0.057,120,-1.6,-2.1,-1.8,-0.9,PENDING,PENDING,0.0,-4.632912995616337,16.313252505180202,1.8642352115457356e-10,0.06365190812852273,0.013391470179673478,0.08440388012881929
KOPiv,PPhtBu2,BuCN,0.057,105,-1.6,-2.1,-1.8,-0.9,PENDING,PENDING,0.0,-7.9700308263089,18.908352545809848,1.8788608808827742e-08,0.06450522705791409,0.0136483204974942,0.0852571990583511
KOPiv,PPhtBu2,BuCN,0.057,90,-1.6,-2.1,-1.8,-0.9,PENDING,PENDING,0.0,-9.29317249101706,24.034084748664696,1.3740587453607719e-05,0.06536200909154527,0.01480863460680182,0.08611398109885975
KOPiv,PPhMe2,p-Xylene,0.153,120,5.7,-2.2,0.0,1.3,PENDING,PENDING,0.0,0.49824099339645755,19.076458948842017,3.3129129689815847e-07,0.027816172289805555,0.01250040233022893,0.04856829188545469
KOPiv,PPhMe2,p-Xylene,0.153,105,5.7,-2.2,0.0,1.3,PENDING,PENDING,0.0,0.055952524947862514,15.83769361376103,3.607938094778548e-10,0.028311104088457273,0.011549638956329704,0.049063102810612824
KOPiv,PPhMe2,p-Xylene,0.153,90,5.7,-2.2,0.0,1.3,PENDING,PENDING,0.0,0.6499313479915827,14.464157558760837,7.203477557662521e-12,0.028888659361154395,0.01134961783260376,0.049640645867800225
KOPiv,PPhMe2,p-Xylene,0.1,120,5.7,-2.2,0.0,1.3,PENDING,PENDING,0.0,0.242521110835348,18.858134445702557,2.1674531698363271e-07,0.036818558506872254,0.01266524581552045,0.05757053753538744
KOPiv,PPhMe2,p-Xylene,0.1,105,5.7,-2.2,0.0,1.3,PENDING,PENDING,0.0,-0.32042203176959205,15.646737817686642,1.82301058217699e-10,0.03734460257618449,0.011747841630696797,0.05809657541713418
KOPiv,PPhMe2,p-Xylene,0.1,90,5.7,-2.2,0.0,1.3,PENDING,PENDING,0.0,0.15970531081494244,14.490605498831655,6.197546029138892e-12,0.03793329308006167,0.011571049762615833,0.05868526550013818
KOPiv,PPhMe2,p-Xylene,0.057,120,5.7,-2.2,0.0,1.3,PENDING,PENDING,0.0,0.17347049046830776,19.04874252531501,2.884292559326362e-07,0.044258280574357795,0.013438142978675937,0.06501025426811588
KOPiv,PPhMe2,p-Xylene,0.057,105,5.7,-2.2,0.0,1.3,PENDING,PENDING,0.0,-0.4990433988795502,15.993263215906326,4.339600518978572e-10,0.044809161783583636,0.012596817185432523,0.06556113400406123
KOPiv,PPhMe2,p-Xylene,0.057,90,5.7,-2.2,0.0,1.3,PENDING,PENDING,0.0,-0.12492210779599944,15.095501618026413,3.92198228612585e-11,0.045405775488336714,0.012461714897717049,0.06615774760991285
KOPiv,PPhMe2,DMAc,0.153,105,-4.3,3.0,-3.4,0.5,PENDING,PENDING,0.0,0.4958270681831287,8.771385284250627,3.872946440830633e-30,0.02317995417727213,0.003335545777231236,0.04393192617727213
KOPiv,PPhMe2,DMAc,0.153,90,-4.3,3.0,-3.4,0.5,PENDING,PENDING,0.0,0.7399867182159525,12.969765654855347,1.8061856664244303e-14,0.023547722409279492,0.005909064880751639,0.04429969440927952
KOPiv,PPhMe2,DMAc,0.1,120,-4.3,3.0,-3.4,0.5,PENDING,PENDING,0.0,1.0764697172875302,6.787552666988934,1.4257887047828115e-48,0.03197396783143404,0.0037974844540659878,0.05272593983143404
KOPiv,PPhMe2,DMAc,0.1,105,-4.3,3.0,-3.4,0.5,PENDING,PENDING,0.0,-0.12364182148379399,9.558357481065988,6.235580551949507e-26,0.03226202390266851,0.004712293228297278,0.05301399590266851
KOPiv,PPhMe2,DMAc,0.1,90,-4.3,3.0,-3.4,0.5,PENDING,PENDING,0.0,-0.026092072613661088,13.549233910720114,1.5340631463717837e-13,0.03264055857668066,0.006798397092475973,0.05339253057668067
KOPiv,PPhMe2,DMAc,0.057,120,-4.3,3.0,-3.4,0.5,PENDING,PENDING,0.0,0.929488661399283,8.845755567810686,2.028813225020386e-29,0.039480434771185416,0.0062123577552489085,0.060232406771185416
KOPiv,PPhMe2,DMAc,0.057,105,-4.3,3.0,-3.4,0.5,PENDING,PENDING,0.0,-0.4402364307363378,11.023279221048211,5.631893812389012e-20,0.03979406176247542,0.006815712135043348,0.06054603376247542
KOPiv,PPhMe2,DMAc,0.057,90,-4.3,3.0,-3.4,0.5,PENDING,PENDING,0.0,-0.4986455746775462,14.59530666189202,6.433769970580794e-12,0.04018055034983903,0.008411484775092671,0.06093252234983927
KOPiv,PPhMe2,BuOAc,0.153,120,1.6,0.1,-0.8,-1.9,PENDING,PENDING,0.0,-0.18712406897188671,14.98552214270238,2.7015793985807457e-11,0.04068548332082211,0.009168908316996339,0.06143745532083574
KOPiv,PPhMe2,BuOAc,0.153,105,1.6,0.1,-0.8,-1.9,PENDING,PENDING,0.0,-0.862610351682985,11.210020610477262,1.6415583184804819e-19,0.041205803790363114,0.008212034289992716,0.06195777579036314
KOPiv,PPhMe2,BuOAc,0.153,90,1.6,0.1,-0.8,-1.9,PENDING,PENDING,0.0,-0.4347756586387135,9.587196877417442,6.187998227535201e-26,0.041780506712899276,0.008263515719329621,0.06253247871289928
KOPiv,PPhMe2,BuOAc,0.1,120,1.6,0.1,-0.8,-1.9,PENDING,PENDING,0.0,-0.5003839935745127,14.78493048535892,1.218139151754694e-11,0.04984004997829989,0.009332620379349968,0.07059202197829992
KOPiv,PPhMe2,BuOAc,0.1,105,1.6,0.1,-0.8,-1.9,PENDING,PENDING,0.0,-1.3166316158268252,11.054872640920621,3.434897732043795e-20,0.05039283609647765,0.008418738948409154,0.07114480809647765
KOPiv,PPhMe2,BuOAc,0.1,90,1.6,0.1,-0.8,-1.9,PENDING,PENDING,0.0,-1.0201965994028406,9.797757110295635,3.6108256544932798e-25,0.050978676865458,0.00849251643672211,0.07173064886545799
KOPiv,PPhMe2,BuOAc,0.057,120,1.6,0.1,-0.8,-1.9,PENDING,PENDING,0.0,-0.5974772343746295,15.160201311847565,3.860226463862558e-11,0.057378654859814256,0.010296317570777341,0.07813062685981428
KOPiv,PPhMe2,BuOAc,0.057,105,1.6,0.1,-0.8,-1.9,PENDING,PENDING,0.0,-1.5434168985740229,11.7094544357743,3.230852454392302e-18,0.057957404745449546,0.009498360593635484,0.07870937674544953
KOPiv,PPhMe2,BuOAc,0.057,90,1.6,0.1,-0.8,-1.9,PENDING,PENDING,0.0,-1.3720873166044179,10.89027968773027,8.757493194036625e-21,0.05855129341678072,0.009599199618743144,0.0793032654167807
KOPiv,PPhMe2,BuCN,0.153,120,-1.6,-2.1,-1.8,-0.9,PENDING,PENDING,0.0,-0.11962620922142975,12.221461964525483,2.1216721191265575e-16,0.034135447247838666,0.005995391751937097,0.054887419247838666
KOPiv,PPhMe2,BuCN,0.153,105,-1.6,-2.1,-1.8,-0.9,PENDING,PENDING,0.0,-0.8087347057485985,8.116950685619367,8.866308658091063e-36,0.03454825194342548,0.003367980448254738,0.05530022394342548
KOPiv,PPhMe2,BuCN,0.1,120,-1.6,-2.1,-1.8,-0.9,PENDING,PENDING,0.0,-0.47790860273785185,12.331766367173726,3.098877432687292e-16,0.04326256063623062,0.006788130450441351,0.06401453263623062
KOPiv,PPhMe2,BuCN,0.1,105,-1.6,-2.1,-1.8,-0.9,PENDING,PENDING,0.0,-1.3240225922538684,8.482145496407457,3.145037644296015e-33,0.043707976305033036,0.0046947434725823625,0.06445994830503304
KOPiv,PPhMe2,BuCN,0.1,90,-1.6,-2.1,-1.8,-0.9,PENDING,PENDING,0.0,-0.9844401948455115,6.616577358364622,4.555239403249232e-53,0.04421111913606209,0.003847090507032549,0.06496309113606209
KOPiv,PPhMe2,BuCN,0.057,120,-1.6,-2.1,-1.8,-0.9,PENDING,PENDING,0.0,-0.5924368118193151,13.096948294059146,1.466995360618743e-14,0.05080045457160002,0.008382481840452203,0.07155242657160002
KOPiv,PPhMe2,BuCN,0.057,105,-1.6,-2.1,-1.8,-0.9,PENDING,PENDING,0.0,-1.586266961966416,9.763814037626657,1.341233087783182e-25,0.05127269073855189,0.0068433222297962495,0.07202466273855189
KOPiv,PPhMe2,BuCN,0.057,90,-1.6,-2.1,-1.8,-0.9,PENDING,PENDING,0.0,-1.3882735313225858,8.63090332540879,3.4394063092802795e-32,0.05178439947869535,0.006356339044789338,0.07253637147869535
KOPiv,PPh3,p-Xylene,0.153,105,5.7,-2.2,0.0,1.3,PENDING,PENDING,0.0,16.807490006691367,8.737163828061314,9.454635190467792e-22,0.026988167639797764,0.012792226562942032,0.04774042982046618
KOPiv,PPh3,p-Xylene,0.153,90,5.7,-2.2,0.0,1.3,PENDING,PENDING,0.0,3.6087969101096142,10.005755964668241,3.5363436336443002e-22,0.027334723628298904,0.012773785401833817,0.04808694837871226
KOPiv,PPh3,p-Xylene,0.1,120,5.7,-2.2,0.0,1.3,PENDING,PENDING,0.0,27.468018578129183,10.24407672363666,1.1482126968790697e-12,0.03516030636095266,0.012661398250799016,0.05591229157916805
KOPiv,PPh3,p-Xylene,0.1,105,5.7,-2.2,0.0,1.3,PENDING,PENDING,0.0,14.97559834313611,7.657841598588719,5.450942608450156e-29,0.035474740302600394,0.012212902559735077,0.056226717376381456
KOPiv,PPh3,p-Xylene,0.1,90,5.7,-2.2,0.0,1.3,PENDING,PENDING,0.0,1.5084638164862803,8.667885540267209,3.0981218808770708e-30,0.03583506122067538,0.012138697775915757,0.05658703699347085
KOPiv,PPh3,p-Xylene,0.057,120,5.7,-2.2,0.0,1.3,PENDING,PENDING,0.0,26.217286351458092,10.576845994953944,2.5262944703580667e-12,0.04214001971976507,0.012879915434132928,0.06289199300127792
KOPiv,PPh3,p-Xylene,0.057,105,5.7,-2.2,0.0,1.3,PENDING,PENDING,0.0,13.5241261118911,7.522924709431272,6.050957490079351e-31,0.042478604112807884,0.012386331295812805,0.06323057648825123
KOPiv,PPh3,p-Xylene,0.057,90,5.7,-2.2,0.0,1.3,PENDING,PENDING,0.0,0.036843380034220274,8.26482832522383,5.014136888205379e-34,0.04284960539616547,0.012280806853379284,0.06360157764393169
KOPiv,PPh3,DMAc,0.153,90,-4.3,3.0,-3.4,0.5,PENDING,PENDING,0.0,36.88525005285451,5.9085075784282965,4.762506363977456e-27,0.02089121653850108,0.002853969651037898,0.04164318853850108
KOPiv,PPh3,DMAc,0.1,120,-4.3,3.0,-3.4,0.5,PENDING,PENDING,0.0,78.97481199804612,4.429997055069423,1.115883206480975e-06,0.029303532174943622,0.003578036438843441,0.05005550417494362
KOPiv,PPh3,DMAc,0.1,105,-4.3,3.0,-3.4,0.5,PENDING,PENDING,0.0,60.57735790197179,4.554830531021764,1.827608214891843e-18,0.029335044243867625,0.003476845982436932,0.050087016243867626
KOPiv,PPh3,DMAc,0.1,90,-4.3,3.0,-3.4,0.5,PENDING,PENDING,0.0,33.42329727519847,5.831805752172545,1.274229974664045e-30,0.029446075345942416,0.004127377404592987,0.050198047345942416
KOPiv,PPh3,DMAc,0.057,120,-4.3,3.0,-3.4,0.5,PENDING,PENDING,0.0,76.11868116748775,5.380677763340549,5.977713060434538e-06,0.03635835408712347,0.005972003260866557,0.05711032608712347
KOPiv,PPh3,DMAc,0.057,105,-4.3,3.0,-3.4,0.5,PENDING,PENDING,0.0,57.30495418304643,5.48608889359094,3.208489405073594e-15,0.03641598558943658,0.005856860939925283,0.05716795758943658
KOPiv,PPh3,DMAc,0.057,90,-4.3,3.0,-3.4,0.5,PENDING,PENDING,0.0,30.41086356337301,6.504702097495378,4.256923805762088e-27,0.0365387551231392,0.006241589378468181,0.0572907271231392
KOPiv,PPh3,BuOAc,0.153,120,1.6,0.1,-0.8,-1.9,PENDING,PENDING,0.0,40.03448279216175,9.418284142884215,1.5592013711048795e-10,0.03905003453765758,0.007165942496220799,0.05980200653765758
KOPiv,PPh3,BuOAc,0.153,105,1.6,0.1,-0.8,-1.9,PENDING,PENDING,0.0,24.75698501067021,7.504602584943157,5.556353850264777e-24,0.03935916842795079,0.0064031138227480236,0.06011114042795079
KOPiv,PPh3,BuOAc,0.153,90,1.6,0.1,-0.8,-1.9,PENDING,PENDING,0.0,6.840854398542316,6.871631522324658,2.634518820254886e-42,0.03970318334311312,0.006237699238067101,0.06045515534311312
KOPiv,PPh3,BuOAc,0.1,120,1.6,0.1,-0.8,-1.9,PENDING,PENDING,0.0,38.2691368002816,9.45102488060518,5.168745065450487e-11,0.04763867558437659,0.005166849624335462,0.06839064758437659
KOPiv,PPh3,BuOAc,0.1,105,1.6,0.1,-0.8,-1.9,PENDING,PENDING,0.0,22.388875064188397,6.8331918325917025,2.763499268743702e-30,0.047979111038304934,0.0037795527938895277,0.06873108303830494
KOPiv,PPh3,BuOAc,0.1,90,1.6,0.1,-0.8,-1.9,PENDING,PENDING,0.0,4.141090002129221,5.232419795985393,1.5822567593028417e-75,0.04833722568833951,0.003241908321083196,0.06908919768833952
KOPiv,PPh3,BuOAc,0.057,120,1.6,0.1,-0.8,-1.9,PENDING,PENDING,0.0,36.53788677982035,9.963199866543535,1.6079817229156535e-10,0.05470219905940803,0.004748504666837145,0.07545417105940802
KOPiv,PPh3,BuOAc,0.057,105,1.6,0.1,-0.8,-1.9,PENDING,PENDING,0.0,20.40510605464084,7.002520833365483,2.5440510703789472e-30,0.05506750340943081,0.002909138764101911,0.07581947540943082
KOPiv,PPh3,BuCN,0.153,120,-1.6,-2.1,-1.8,-0.9,PENDING,PENDING,0.0,53.42308331781358,7.005646903886777,1.805351916569149e-11,0.03326125539905754,0.008399550751977751,0.054013227399137005
KOPiv,PPh3,BuCN,0.153,105,-1.6,-2.1,-1.8,-0.9,PENDING,PENDING,0.0,37.11754756542246,7.022019128741742,1.6658249406921623e-19,0.033462906472171094,0.007989480404502277,0.054214878472177624
KOPiv,PPh3,BuCN,0.153,90,-1.6,-2.1,-1.8,-0.9,PENDING,PENDING,0.0,16.055473586512846,8.024960840298752,6.363389789056861e-26,0.033717411608140097,0.00800651646048219,0.054469383608145884
KOPiv,PPh3,BuCN,0.1,120,-1.6,-2.1,-1.8,-0.9,PENDING,PENDING,0.0,51.44407622961667,7.385142689401731,3.127079095987697e-11,0.041823449786097255,0.007907463253267402,0.06257542178609726
KOPiv,PPh3,BuCN,0.1,105,-1.6,-2.1,-1.8,-0.9,PENDING,PENDING,0.0,34.46118830672485,6.92272093833378,1.3409071060721834e-21,0.04205629178750974,0.007362632430126878,0.06280826378750974
KOPiv,PPh3,BuCN,0.1,90,-1.6,-2.1,-1.8,-0.9,PENDING,PENDING,0.0,13.063970161701786,7.364485900689679,1.5444999742917398e-32,0.042324946571251285,0.007286479179626276,0.06307691857125128
KOPiv,PPh3,BuCN,0.057,120,-1.6,-2.1,-1.8,-0.9,PENDING,PENDING,0.0,49.32512372343176,8.216328623256317,5.112173676583996e-10,0.04888154869409243,0.008426975927837591,0.06963352069409241
KOPiv,PPh3,BuCN,0.057,105,-1.6,-2.1,-1.8,-0.9,PENDING,PENDING,0.0,32.03913416406172,7.416161324001104,2.5168068216875712e-20,0.0491397662449654,0.00783122775249177,0.06989173824496539
KOPiv,PPh3,BuCN,0.057,90,-1.6,-2.1,-1.8,-0.9,PENDING,PENDING,0.0,10.740419879587105,7.497947274078113,4.725748707156649e-33,0.04941976080277584,0.007705610810466305,0.07017173280277583
KOPiv,PPh2Me,p-Xylene,0.153,120,5.7,-2.2,0.0,1.3,PENDING,PENDING,0.0,-1.361237289765178,16.371037340093107,8.100555836029805e-10,0.024015963333220203,0.008519852696728189,0.044767935446068885
KOPiv,PPh2Me,p-Xylene,0.153,105,5.7,-2.2,0.0,1.3,PENDING,PENDING,0.0,-3.1330875818692547,15.660960171835374,5.620748233336411e-11,0.025135029725125144,0.008345662245269583,0.04588700175256015
KOPiv,PPh2Me,p-Xylene,0.153,90,5.7,-2.2,0.0,1.3,PENDING,PENDING,0.0,-3.3640267262746484,16.178235404128365,2.185005214781315e-10,0.02631462989138947,0.00923358739421022,0.04706660218302805
KOPiv,PPh2Me,p-Xylene,0.1,120,5.7,-2.2,0.0,1.3,PENDING,PENDING,0.0,-1.9175027762956383,16.67477227986813,1.3745766346889288e-09,0.0321683849734246,0.009039508642449717,0.05292035697693229
KOPiv,PPh2Me,p-Xylene,0.1,105,5.7,-2.2,0.0,1.3,PENDING,PENDING,0.0,-3.8405236893615253,15.963860226154525,9.914870388192802e-11,0.033312043109215914,0.008813514807733248,0.05406401510980169
KOPiv,PPh2Me,p-Xylene,0.1,90,5.7,-2.2,0.0,1.3,PENDING,PENDING,0.0,-4.172066853958807,16.458283983637525,3.2985053012716923e-10,0.03450180872484723,0.009598215029591966,0.05525378073162114
KOPiv,PPh2Me,p-Xylene,0.057,120,5.7,-2.2,0.0,1.3,PENDING,PENDING,0.0,-2.2056917278332513,17.378107930662175,6.10803478429124e-09,0.03890585527307548,0.01041630423881702,0.05965782728185725
KOPiv,PPh2Me,p-Xylene,0.057,105,5.7,-2.2,0.0,1.3,PENDING,PENDING,0.0,-4.243723845552559,16.69088831930979,5.801356540216267e-10,0.0400654185840598,0.010176464336691065,0.06081739058590737
KOPiv,PPh2Me,p-Xylene,0.057,90,5.7,-2.2,0.0,1.3,PENDING,PENDING,0.0,-4.661686634559764,17.163021732044644,1.5440868403042877e-09,0.04125925471175703,0.010829564759216431,0.062011226720956256
KOPiv,PPh2Me,DMAc,0.153,105,-4.3,3.0,-3.4,0.5,PENDING,PENDING,0.0,2.298308895530546,9.277486576796154,3.349113857334433e-26,0.022449093363470923,0.0034425801162652897,0.043201065363470924
KOPiv,PPh2Me,DMAc,0.153,90,-4.3,3.0,-3.4,0.5,PENDING,PENDING,0.0,1.4614377705258264,13.869276730584572,1.2538095997057281e-12,0.023392655610990354,0.006051941911181504,0.04414462761099047
KOPiv,PPh2Me,DMAc,0.1,120,-4.3,3.0,-3.4,0.5,PENDING,PENDING,0.0,3.5413562525163016,6.8180498785298305,6.868993617635726e-46,0.029768895019820135,0.003975030850010647,0.050520867019820136
KOPiv,PPh2Me,DMAc,0.1,105,-4.3,3.0,-3.4,0.5,PENDING,PENDING,0.0,1.3095165844348386,9.953747520715797,2.1404567446302705e-23,0.03066664861525982,0.004804764452024026,0.05141862061525982
KOPiv,PPh2Me,DMAc,0.1,90,-4.3,3.0,-3.4,0.5,PENDING,PENDING,0.0,0.32727919127157534,14.25101930487689,2.885098184106626e-12,0.03162053814568218,0.006845423995779987,0.05237251014568219
KOPiv,PPh2Me,DMAc,0.057,120,-4.3,3.0,-3.4,0.5,PENDING,PENDING,0.0,3.1109512637330816,8.925366843313958,9.605576681934879e-28,0.03655054040754646,0.006565331842270224,0.05730251240754646
KOPiv,PPh2Me,DMAc,0.057,105,-4.3,3.0,-3.4,0.5,PENDING,PENDING,0.0,0.6840686398514393,11.334629335160523,1.4046256871892095e-18,0.037465358916880534,0.007040081452292006,0.058217330916880534
KOPiv,PPh2Me,DMAc,0.057,90,-4.3,3.0,-3.4,0.5,PENDING,PENDING,0.0,-0.44358332864127803,15.11895038565817,3.645384528830685e-11,0.03842444802569377,0.008524225496322714,0.05917642002569606
KOPiv,PPh2Me,BuOAc,0.153,120,1.6,0.1,-0.8,-1.9,PENDING,PENDING,0.0,-1.3998237155222988,13.252777791544862,1.8699088439528127e-14,0.03397845698434966,0.008279395407788536,0.05473042898437267
KOPiv,PPh2Me,BuOAc,0.153,105,1.6,0.1,-0.8,-1.9,PENDING,PENDING,0.0,-3.566814564912953,14.580344900210514,1.3274435124828383e-12,0.03512861337050721,0.009614605998895331,0.05588058537534637
KOPiv,PPh2Me,BuOAc,0.153,90,1.6,0.1,-0.8,-1.9,PENDING,PENDING,0.0,-4.1423981512211405,16.700750641275928,6.186270767093392e-10,0.03632581405748221,0.011546794846202886,0.05707778689342468
KOPiv,PPh2Me,BuOAc,0.1,120,1.6,0.1,-0.8,-1.9,PENDING,PENDING,0.0,-2.0500591425817447,13.683254392033568,8.670228982233757e-14,0.04226065412719393,0.00878159369110204,0.06301262612719437
KOPiv,PPh2Me,BuOAc,0.1,105,1.6,0.1,-0.8,-1.9,PENDING,PENDING,0.0,-4.394427441630256,14.91728996667388,2.918003636566578e-12,0.04343606274231798,0.00997430766482328,0.06418803474240933
KOPiv,PPh2Me,BuOAc,0.1,90,1.6,0.1,-0.8,-1.9,PENDING,PENDING,0.0,-5.085967377885105,16.948926517427687,7.908234116396325e-10,0.04464340581803477,0.01178075900096858,0.06539537784647215
KOPiv,PPh2Me,BuOAc,0.057,120,1.6,0.1,-0.8,-1.9,PENDING,PENDING,0.0,-2.3996830111853775,14.629170418333326,2.836334271572058e-12,0.04909229584955313,0.010132298550207596,0.069844267849557
KOPiv,PPh2Me,BuOAc,0.057,105,1.6,0.1,-0.8,-1.9,PENDING,PENDING,0.0,-4.880320889520249,15.704936767620056,2.9691209426612814e-11,0.05028393164031529,0.011117291713219126,0.07103590364045355
KOPiv,PPh2Me,BuOAc,0.057,90,1.6,0.1,-0.8,-1.9,PENDING,PENDING,0.0,-5.672984813006153,17.58470831654875,2.7745286962195566e-09,0.05149505674575472,0.012713886665971152,0.07224702875979896
KOPiv,PPh2Me,BuCN,0.153,120,-1.6,-2.1,-1.8,-0.9,PENDING,PENDING,0.0,-0.2790055404997567,11.448249437042808,1.4530874019593956e-18,0.029763659239489093,0.00761539254517883,0.050515631239507156
KOPiv,PPh2Me,BuCN,0.153,105,-1.6,-2.1,-1.8,-0.9,PENDING,PENDING,0.0,-2.392959624798152,13.274208184425985,1.142010746791988e-14,0.03081549315868712,0.008221643128591367,0.051567465158909906
KOPiv,PPh2Me,BuCN,0.153,90,-1.6,-2.1,-1.8,-0.9,PENDING,PENDING,0.0,-2.9924773118031105,15.913236318735416,1.2325701206743492e-10,0.031922246331955256,0.009676528134850839,0.0526742183756829
KOPiv,PPh2Me,BuCN,0.1,120,-1.6,-2.1,-1.8,-0.9,PENDING,PENDING,0.0,-0.9744034249788385,11.990254085947461,2.9575183964065945e-17,0.03801452687101354,0.008275966793833599,0.05876649887101423
KOPiv,PPh2Me,BuCN,0.1,105,-1.6,-2.1,-1.8,-0.9,PENDING,PENDING,0.0,-3.2833588749828095,13.679592969483105,4.246030666148255e-14,0.039091521474055965,0.008762995765928793,0.05984349347406124
KOPiv,PPh2Me,BuCN,0.1,90,-1.6,-2.1,-1.8,-0.9,PENDING,PENDING,0.0,-4.011208995107218,16.19617015256366,1.755492105667439e-10,0.04020856024974075,0.010072667112994626,0.06096053225087315
KOPiv,PPh2Me,BuCN,0.057,120,-1.6,-2.1,-1.8,-0.9,PENDING,PENDING,0.0,-1.3512880377560208,13.122155634834238,1.0440141487600628e-14,0.0448282119339268,0.00974371980333757,0.06558018393393854
KOPiv,PPh2Me,BuCN,0.057,105,-1.6,-2.1,-1.8,-0.9,PENDING,PENDING,0.0,-3.8171286398843343,14.57767188504042,1.158363024733803e-12,0.045921798259779566,0.01010245518088507,0.06667377025980978
KOPiv,PPh2Me,BuCN,0.057,90,-1.6,-2.1,-1.8,-0.9,PENDING,PENDING,0.0,-4.66329968134702,16.882464970484545,7.911641837189279e-10,0.04704317074420363,0.0112134498676177,0.06779514274551493
KOPiv,PCy3 HBF4,p-Xylene,0.153,120,5.7,-2.2,0.0,1.3,PENDING,PENDING,0.0,4.789860573419677,10.805133760863837,8.652464545826032e-19,0.027609563324822492,0.004052818490445129,0.04836153532482249
KOPiv,PCy3 HBF4,p-Xylene,0.153,90,5.7,-2.2,0.0,1.3,PENDING,PENDING,0.0,-2.408919713619305,10.553062933432626,1.8422723708599676e-22,0.028461633229852984,0.004077105329816891,0.049213605229852984
KOPiv,PCy3 HBF4,p-Xylene,0.1,120,5.7,-2.2,0.0,1.3,PENDING,PENDING,0.0,4.143566586594417,11.466823962978463,4.848347180783265e-17,0.035542298946705186,0.00566425904324777,0.05629427094670519
KOPiv,PCy3 HBF4,p-Xylene,0.1,105,5.7,-2.2,0.0,1.3,PENDING,PENDING,0.0,-0.3849524889334006,6.558476389217478,2.310577048611872e-53,0.03596262791399593,0.004289580347632986,0.05671459991399593
KOPiv,PCy3 HBF4,p-Xylene,0.1,90,5.7,-2.2,0.0,1.3,PENDING,PENDING,0.0,-3.37460662252721,10.759260634600123,4.824698823895939e-22,0.03643142564271329,0.0055002548924498185,0.05718339764271329
KOPiv,PCy3 HBF4,p-Xylene,0.057,120,5.7,-2.2,0.0,1.3,PENDING,PENDING,0.0,3.7464197439857507,12.669274867714382,2.7429008282845476e-14,0.04209876524557978,0.008132807894825317,0.06285073724557978
KOPiv,PCy3 HBF4,p-Xylene,0.057,105,5.7,-2.2,0.0,1.3,PENDING,PENDING,0.0,-0.8924662907412397,8.499589669052929,7.803757389390552e-33,0.04253913495768303,0.00719670318242999,0.06329110695768303
KOPiv,PCy3 HBF4,p-Xylene,0.057,90,5.7,-2.2,0.0,1.3,PENDING,PENDING,0.0,-3.9729153349154025,11.711306304604298,5.079026751597013e-19,0.04301680729974754,0.007935667996049221,0.06376877929974754
KOPiv,PCy3 HBF4,DMAc,0.153,105,-4.3,3.0,-3.4,0.5,PENDING,PENDING,0.0,18.799233035606015,10.102051298673725,6.508020703751932e-16,0.026597026466503623,0.0038431339016063016,0.047348998466503624
KOPiv,PCy3 HBF4,DMAc,0.153,90,-4.3,3.0,-3.4,0.5,PENDING,PENDING,0.0,11.492714349827304,15.924670817298265,3.960854762215353e-08,0.02682177773343361,0.006947622466669151,0.047573749733437275
KOPiv,PCy3 HBF4,DMAc,0.1,120,-4.3,3.0,-3.4,0.5,PENDING,PENDING,0.0,24.222987679607073,6.6622798035499375,2.257693451803279e-30,0.03440534886930671,0.0041074764813716375,0.05515732086930671
KOPiv,PCy3 HBF4,DMAc,0.1,105,-4.3,3.0,-3.4,0.5,PENDING,PENDING,0.0,17.388685974431446,10.498920425690422,2.6884515355529168e-15,0.03459198333647108,0.005205409154311397,0.05534395533647108
KOPiv,PCy3 HBF4,DMAc,0.1,90,-4.3,3.0,-3.4,0.5,PENDING,PENDING,0.0,9.919105773058021,15.98699613489663,2.524679177192198e-08,0.03482878898698728,0.007718474194798341,0.05558076098698759
KOPiv,PCy3 HBF4,DMAc,0.057,120,-4.3,3.0,-3.4,0.5,PENDING,PENDING,0.0,23.266739277847464,8.524009564476,1.2582087499467765e-19,0.040995919316235405,0.006828010434667349,0.061747891316235405
KOPiv,PCy3 HBF4,DMAc,0.057,105,-4.3,3.0,-3.4,0.5,PENDING,PENDING,0.0,16.24473403799192,11.5034812809237,2.8648602653210293e-13,0.041203568692595366,0.007483461365129292,0.061955540692595366
KOPiv,PCy3 HBF4,DMAc,0.057,90,-4.3,3.0,-3.4,0.5,PENDING,PENDING,0.0,8.708782471973127,16.433017423441584,4.1392577469645894e-08,0.04145046050828716,0.009365519342229851,0.06220243250830813
KOPiv,PCy3 HBF4,BuOAc,0.153,120,1.6,0.1,-0.8,-1.9,PENDING,PENDING,0.0,8.740114260889655,11.592931929051753,2.8466040594755568e-15,0.03943332222663817,0.009948041344715592,0.06018529422777167
KOPiv,PCy3 HBF4,BuOAc,0.153,105,1.6,0.1,-0.8,-1.9,PENDING,PENDING,0.0,3.385058892750319,8.82589042268575,3.469986600607933e-28,0.039847673511734336,0.009654246352539881,0.06059964551198776
KOPiv,PCy3 HBF4,BuOAc,0.153,90,1.6,0.1,-0.8,-1.9,PENDING,PENDING,0.0,-0.9334284439376148,11.704054569282144,4.9451857228757875e-18,0.04029907774422527,0.010515530900327105,0.061051049749724605
KOPiv,PCy3 HBF4,BuOAc,0.1,120,1.6,0.1,-0.8,-1.9,PENDING,PENDING,0.0,7.9208516977275885,12.10057536252985,2.3962243276938027e-14,0.04747843249250685,0.010236709671777354,0.06823040449252632
KOPiv,PCy3 HBF4,BuOAc,0.1,105,1.6,0.1,-0.8,-1.9,PENDING,PENDING,0.0,2.3375790874325197,9.25943964865323,2.8091158389996535e-26,0.04791853406092438,0.009887233749702809,0.06867050606092696
KOPiv,PCy3 HBF4,BuOAc,0.1,90,1.6,0.1,-0.8,-1.9,PENDING,PENDING,0.0,-2.128789866595543,11.710705097024608,2.0877662452699242e-18,0.04838192770818797,0.0106667572203019,0.06913389970825963
KOPiv,PCy3 HBF4,BuOAc,0.057,120,1.6,0.1,-0.8,-1.9,PENDING,PENDING,0.0,7.345757994868787,13.102849820602914,1.5237945906859961e-12,0.054105281888474785,0.011372418273573517,0.07485725388851312
KOPiv,PCy3 HBF4,BuOAc,0.057,105,1.6,0.1,-0.8,-1.9,PENDING,PENDING,0.0,1.6250914195186432,10.428742498020975,2.568098819905678e-21,0.054565807293404725,0.011013302365073434,0.07531777929341091
KOPiv,PCy3 HBF4,BuOAc,0.057,90,1.6,0.1,-0.8,-1.9,PENDING,PENDING,0.0,-2.9265627422291196,12.392842248425534,8.235283164883736e-17,0.055038316145119996,0.011680816012624428,0.07579028814519473
KOPiv,PCy3 HBF4,BuCN,0.153,120,-1.6,-2.1,-1.8,-0.9,PENDING,PENDING,0.0,13.530982317629716,10.039317797611414,4.776578363117295e-18,0.035019149910238107,0.00837518459293991,0.055771121910254726
KOPiv,PCy3 HBF4,BuCN,0.153,105,-1.6,-2.1,-1.8,-0.9,PENDING,PENDING,0.0,7.738387882715006,9.487803737210868,1.3857701303517062e-22,0.035341788905725535,0.008086445808613937,0.056093760905727784
KOPiv,PCy3 HBF4,BuCN,0.153,90,-1.6,-2.1,-1.8,-0.9,PENDING,PENDING,0.0,2.441593382494581,13.32168979109906,2.3682269094612544e-13,0.03571049756050933,0.009128907226219922,0.05646246956094626
KOPiv,PCy3 HBF4,BuCN,0.1,120,-1.6,-2.1,-1.8,-0.9,PENDING,PENDING,0.0,12.606481661663025,10.66442894562724,1.8439647319181903e-16,0.04303881990324948,0.00907961124977784,0.06379079190325081
KOPiv,PCy3 HBF4,BuCN,0.1,105,-1.6,-2.1,-1.8,-0.9,PENDING,PENDING,0.0,6.559540695961697,9.93330464259506,3.175975728996859e-21,0.04338719233415097,0.008750989631528764,0.06413916433415111
KOPiv,PCy3 HBF4,BuCN,0.1,90,-1.6,-2.1,-1.8,-0.9,PENDING,PENDING,0.0,1.1059073424110188,13.375591792386194,1.3921951330209419e-13,0.04376800321676672,0.009659320727790984,0.06451997521678336
KOPiv,PCy3 HBF4,BuCN,0.057,120,-1.6,-2.1,-1.8,-0.9,PENDING,PENDING,0.0,11.90447044103779,11.831306976794185,8.364123434367684e-14,0.04965339334930603,0.010572917327395008,0.07040536534932702
KOPiv,PCy3 HBF4,BuCN,0.057,105,-1.6,-2.1,-1.8,-0.9,PENDING,PENDING,0.0,5.70103980289694,11.016606752409482,8.254514989816853e-18,0.050022516490802534,0.010248294674013716,0.07077448849080609
KOPiv,PCy3 HBF4,BuCN,0.057,90,-1.6,-2.1,-1.8,-0.9,PENDING,PENDING,0.0,0.16556671198905093,13.959118694009799,8.907400074462834e-13,0.05041285760392353,0.010997797630488566,0.0711648296040028
KOPiv,P(fur)3,p-Xylene,0.153,120,5.7,-2.2,0.0,1.3,PENDING,PENDING,0.0,29.220681904046202,8.35287709058741,1.3911183043707832e-17,0.03688855796087971,0.0042818943705101595,0.05764052996087971
KOPiv,P(fur)3,p-Xylene,0.153,105,5.7,-2.2,0.0,1.3,PENDING,PENDING,0.0,17.318009709765494,7.014651851211969,1.8458616283208505e-32,0.037116142619107104,0.003969856533940216,0.057868114619107104
KOPiv,P(fur)3,p-Xylene,0.153,90,5.7,-2.2,0.0,1.3,PENDING,PENDING,0.0,4.291106111827304,9.669800047121244,2.487103537121134e-23,0.03736149897220249,0.004551943743988198,0.05811347097220249
KOPiv,P(fur)3,p-Xylene,0.1,120,5.7,-2.2,0.0,1.3,PENDING,PENDING,0.0,27.964659726689856,7.886049481816915,3.4704231926172203e-20,0.04483296808212241,0.002995182044812887,0.0655849400821224
KOPiv,P(fur)3,p-Xylene,0.1,105,5.7,-2.2,0.0,1.3,PENDING,PENDING,0.0,15.605073633228724,5.41496399711077,2.7300785214513734e-55,0.04508788820266784,0.002422304863051861,0.06583986020266784
KOPiv,P(fur)3,p-Xylene,0.1,90,5.7,-2.2,0.0,1.3,PENDING,PENDING,0.0,2.282426457480817,8.281065618659921,1.7742455918560727e-32,0.04534734971356056,0.0032002146434912874,0.06609932171356056
KOPiv,P(fur)3,p-Xylene,0.057,120,5.7,-2.2,0.0,1.3,PENDING,PENDING,0.0,26.812767465736528,8.269398885015109,4.897315694424215e-19,0.05136230211284903,0.002695865535572404,0.07211427411284903
KOPiv,P(fur)3,p-Xylene,0.057,90,5.7,-2.2,0.0,1.3,PENDING,PENDING,0.0,0.8736290129945132,7.8526223937541975,6.56993534198509e-37,0.05191271064518361,0.0027762217318005964,0.07266468264518361
KOPiv,P(fur)3,DMAc,0.153,105,-4.3,3.0,-3.4,0.5,PENDING,PENDING,0.0,63.63762796510266,4.558857586152004,5.891172183194282e-16,0.03309648399026824,0.00136566298831481,0.05384845599026824
KOPiv,P(fur)3,DMAc,0.1,120,-4.3,3.0,-3.4,0.5,PENDING,PENDING,0.0,79.77639956913302,3.5260134212443757,3.915409803697174e-09,0.041169522486876706,0.0013696024239508715,0.061921494486876706
KOPiv,P(fur)3,DMAc,0.1,105,-4.3,3.0,-3.4,0.5,PENDING,PENDING,0.0,60.660191859985844,4.391994989604852,1.1849571778136288e-19,0.04113059992490554,0.0010868178222677644,0.06188257192490554
KOPiv,P(fur)3,DMAc,0.1,90,-4.3,3.0,-3.4,0.5,PENDING,PENDING,0.0,33.3041981094292,3.9044841152352876,5.304498805520192e-66,0.04112115050281892,0.0013809500216477514,0.06187312250281892
KOPiv,P(fur)3,DMAc,0.057,105,-4.3,3.0,-3.4,0.5,PENDING,PENDING,0.0,57.55205431045867,4.9085513385981585,2.047027689486802e-18,0.047759160771776145,0.0013678786297181263,0.06851113277177615
KOPiv,P(fur)3,BuOAc,0.153,120,1.6,0.1,-0.8,-1.9,PENDING,PENDING,0.0,40.52782826730133,8.090149519206102,1.248324099977053e-13,0.04881201166195123,0.008109490600333915,0.06956398366195124
KOPiv,P(fur)3,BuOAc,0.153,105,1.6,0.1,-0.8,-1.9,PENDING,PENDING,0.0,25.282358755779338,7.369277509871146,1.7246378617958553e-24,0.04905602541422088,0.008207587215096238,0.06980799741422089
KOPiv,P(fur)3,BuOAc,0.153,90,1.6,0.1,-0.8,-1.9,PENDING,PENDING,0.0,7.510226477256513,7.889933512382973,4.31689771385228e-32,0.04929045862997825,0.008600974713142188,0.07004243062997825
KOPiv,P(fur)3,BuOAc,0.1,120,1.6,0.1,-0.8,-1.9,PENDING,PENDING,0.0,38.913052003312245,8.064746079715338,2.231866035470939e-14,0.05686575047718545,0.00799918987592953,0.07761772247718546
KOPiv,P(fur)3,BuOAc,0.1,105,1.6,0.1,-0.8,-1.9,PENDING,PENDING,0.0,23.052707386932298,6.674010742602227,3.731561290238042e-31,0.057137947887730335,0.00807328178127761,0.07788991988773034
KOPiv,P(fur)3,BuOAc,0.1,90,1.6,0.1,-0.8,-1.9,PENDING,PENDING,0.0,4.9153536173270425,6.674306392529093,1.6491349020896602e-46,0.05738712681189318,0.00843380838461492,0.07813909881189318
KOPiv,P(fur)3,BuOAc,0.057,120,1.6,0.1,-0.8,-1.9,PENDING,PENDING,0.0,37.300268761331694,8.630906148927108,2.53210994469008e-13,0.06346071952109393,0.008173247211538327,0.08421269152109392
KOPiv,P(fur)3,BuOAc,0.057,105,1.6,0.1,-0.8,-1.9,PENDING,PENDING,0.0,21.176456492050352,6.812183770710189,2.326831097992198e-31,0.06375695814299917,0.008211612854627988,0.08450893014299918
KOPiv,P(fur)3,BuOAc,0.057,90,1.6,0.1,-0.8,-1.9,PENDING,PENDING,0.0,3.0410716237927495,6.485205293469897,5.1454559446437306e-51,0.06401998832535005,0.008549904538901518,0.08477196032535006
KOPiv,P(fur)3,BuCN,0.153,105,-1.6,-2.1,-1.8,-0.9,PENDING,PENDING,0.0,37.4270662251988,6.531928516026328,4.323585650198188e-22,0.04509191413137891,0.002408089738187183,0.06584388613137891
KOPiv,P(fur)3,BuCN,0.153,90,-1.6,-2.1,-1.8,-0.9,PENDING,PENDING,0.0,16.441011371728074,8.085702689855708,2.428216351978322e-25,0.04521787242419045,0.003516326674273393,0.06596984442419046
KOPiv,P(fur)3,BuCN,0.1,120,-1.6,-2.1,-1.8,-0.9,PENDING,PENDING,0.0,52.08158105849497,5.372417947277653,1.9041090405074428e-19,0.05299010361916244,0.002486362979031232,0.07374207561916243
KOPiv,P(fur)3,BuCN,0.1,105,-1.6,-2.1,-1.8,-0.9,PENDING,PENDING,0.0,34.91791504754985,6.332650492259957,3.694801396043412e-25,0.05314889731573698,0.0028346209757318455,0.07390086931573697
KOPiv,P(fur)3,BuCN,0.1,90,-1.6,-2.1,-1.8,-0.9,PENDING,PENDING,0.0,13.538811913582467,7.455258086609975,1.8169746553797817e-31,0.05328976005687927,0.003734586608504355,0.07404173205687928
KOPiv,P(fur)3,BuCN,0.057,120,-1.6,-2.1,-1.8,-0.9,PENDING,PENDING,0.0,50.10181979449976,6.394322071973941,3.036506429637848e-15,0.05956922387926118,0.003462098921846374,0.08032119587926118
KOPiv,P(fur)3,BuCN,0.057,105,-1.6,-2.1,-1.8,-0.9,PENDING,PENDING,0.0,32.62019741532258,6.773915857645878,1.1536585496319614e-23,0.059752864165945684,0.0036436408497616786,0.08050483616594568
KOPiv,P(fur)3,BuCN,0.057,90,-1.6,-2.1,-1.8,-0.9,PENDING,PENDING,0.0,11.28934424807045,7.566674530847741,4.123815954992311e-32,0.05990866210969089,0.004346212343715218,0.08066063410969089
KOPiv,JackiePhos,p-Xylene,0.153,120,5.7,-2.2,0.0,1.3,PENDING,PENDING,0.0,30.32703928752944,12.295937159120609,1.6418155884732863e-08,0.3727273805168576,0.028625599475805622,0.3934793525168576
KOPiv,JackiePhos,p-Xylene,0.153,105,5.7,-2.2,0.0,1.3,PENDING,PENDING,0.0,19.31572843448982,10.48186827317278,1.056775935603093e-14,0.37359794099831745,0.026874220006115227,0.39434991299831745
KOPiv,JackiePhos,p-Xylene,0.153,90,5.7,-2.2,0.0,1.3,PENDING,PENDING,0.0,7.028929747988933,11.011492864007929,2.278715668281528e-17,0.3740459240525845,0.026301878833328143,0.39479789605258453
KOPiv,JackiePhos,p-Xylene,0.1,120,5.7,-2.2,0.0,1.3,PENDING,PENDING,0.0,29.022683922805296,12.030025790222824,3.8804404477569555e-09,0.3791329163245385,0.026766906458172382,0.3998848883245385
KOPiv,JackiePhos,p-Xylene,0.1,105,5.7,-2.2,0.0,1.3,PENDING,PENDING,0.0,17.601354155991814,9.585693215462562,5.341144724146134e-18,0.38001852203537667,0.024863004889339298,0.4007704940353767
KOPiv,JackiePhos,p-Xylene,0.1,90,5.7,-2.2,0.0,1.3,PENDING,PENDING,0.0,5.071579062170301,9.81454644414065,2.380699910867248e-22,0.3804721450368648,0.024229972289244592,0.4012241170368648
KOPiv,JackiePhos,p-Xylene,0.057,120,5.7,-2.2,0.0,1.3,PENDING,PENDING,0.0,27.81837040200752,12.262991201265157,4.302582244144781e-09,0.38399665813269246,0.02629840170043339,0.40474863013269247
KOPiv,JackiePhos,p-Xylene,0.057,105,5.7,-2.2,0.0,1.3,PENDING,PENDING,0.0,16.20966902046953,9.440995886116646,4.3526367440319125e-19,0.3848925498274314,0.02434850825696635,0.4056445218274314
KOPiv,JackiePhos,p-Xylene,0.057,90,5.7,-2.2,0.0,1.3,PENDING,PENDING,0.0,3.658980186523319,9.451013508823674,1.1856556188981128e-24,0.3853500086793653,0.023696808927659022,0.4061019806793653
KOPiv,JackiePhos,DMAc,0.153,120,-4.3,3.0,-3.4,0.5,PENDING,PENDING,0.0,80.04066648976891,9.08827359603809,0.04764141241473968,0.3719168942075529,0.03323806211457372,0.3926688662075529
KOPiv,JackiePhos,DMAc,0.153,105,-4.3,3.0,-3.4,0.5,PENDING,PENDING,0.0,63.09376916102126,9.203161771517399,6.888113582137066e-05,0.37266196197552093,0.03229230482914988,0.39341393397552094
KOPiv,JackiePhos,DMAc,0.153,90,-4.3,3.0,-3.4,0.5,PENDING,PENDING,0.0,37.81169345715822,9.568432104439589,6.505818292495525e-11,0.3729866812205209,0.03232376188731093,0.39373865322052093
KOPiv,JackiePhos,DMAc,0.1,120,-4.3,3.0,-3.4,0.5,PENDING,PENDING,0.0,77.78323061046342,9.05716202214781,0.022366717176545287,0.3783503778105788,0.03172821945074738,0.3991023498105788
KOPiv,JackiePhos,DMAc,0.1,105,-4.3,3.0,-3.4,0.5,PENDING,PENDING,0.0,60.094211293606776,9.166177287426473,1.4233405347803063e-05,0.37911036615003646,0.030726736803735177,0.39986233815003647
KOPiv,JackiePhos,DMAc,0.1,90,-4.3,3.0,-3.4,0.5,PENDING,PENDING,0.0,34.49559870624037,9.379992703189531,2.1568906312627004e-12,0.3794405544979027,0.03075703632122425,0.4001925264979027
KOPiv,JackiePhos,DMAc,0.057,120,-4.3,3.0,-3.4,0.5,PENDING,PENDING,0.0,75.03318138275657,9.350927970395949,0.011674037891571634,0.38323951663727107,0.03135664307168096,0.4039914886372711
KOPiv,JackiePhos,DMAc,0.057,105,-4.3,3.0,-3.4,0.5,PENDING,PENDING,0.0,56.99568179718611,9.445113519243762,5.577277164214205e-06,0.3840099861992381,0.03033915288473459,0.4047619581992381
KOPiv,JackiePhos,DMAc,0.057,90,-4.3,3.0,-3.4,0.5,PENDING,PENDING,0.0,31.604272005838645,9.660177177657392,1.0933750220799671e-12,0.38434415021170554,0.030369582124666443,0.40509612221170554
KOPiv,JackiePhos,BuOAc,0.153,120,1.6,0.1,-0.8,-1.9,PENDING,PENDING,0.0,40.95872646804418,11.9163143879151,8.833403959717532e-07,0.38103473122669995,0.03372474611976035,0.40178670322669996
KOPiv,JackiePhos,BuOAc,0.153,105,1.6,0.1,-0.8,-1.9,PENDING,PENDING,0.0,26.77439102570717,10.59166016239452,3.962627555451009e-12,0.38191292764751184,0.032541933958607265,0.40266489964751184
KOPiv,JackiePhos,BuOAc,0.153,90,1.6,0.1,-0.8,-1.9,PENDING,PENDING,0.0,10.002039302265676,10.003818300067147,1.5089818801766505e-19,0.3823576707748032,0.0323298042358037,0.4031096427748032
KOPiv,JackiePhos,BuOAc,0.1,120,1.6,0.1,-0.8,-1.9,PENDING,PENDING,0.0,39.27699597229408,11.899850628466881,3.9788213277199855e-07,0.38749951423631934,0.032211666833602076,0.40825148623631935
KOPiv,JackiePhos,BuOAc,0.1,105,1.6,0.1,-0.8,-1.9,PENDING,PENDING,0.0,24.543462234457074,10.140047569624176,7.576645427901759e-14,0.3883928062623767,0.030956265853875342,0.4091447782623767
KOPiv,JackiePhos,BuOAc,0.1,90,1.6,0.1,-0.8,-1.9,PENDING,PENDING,0.0,7.473775020099023,9.06156914972057,9.604455076414415e-25,0.38884314476046455,0.030724912591747422,0.40959511676046456
KOPiv,JackiePhos,BuOAc,0.057,120,1.6,0.1,-0.8,-1.9,PENDING,PENDING,0.0,37.610053723077975,12.24778290157392,4.2867341987930326e-07,0.3924020565011427,0.03183521589396623,0.4131540285011427
KOPiv,JackiePhos,BuOAc,0.057,105,1.6,0.1,-0.8,-1.9,PENDING,PENDING,0.0,22.64373894768982,10.220116040137334,2.841117998711104e-14,0.39330569912773916,0.0305574472975691,0.41405767112773917
KOPiv,JackiePhos,BuOAc,0.057,90,1.6,0.1,-0.8,-1.9,PENDING,PENDING,0.0,5.6057788985332735,8.905303448318534,1.5520383228634766e-26,0.3937598652362081,0.030319592138951114,0.4145118372362081
KOPiv,JackiePhos,BuCN,0.153,120,-1.6,-2.1,-1.8,-0.9,PENDING,PENDING,0.0,53.66864952429424,10.096942369188529,4.968901569984234e-06,0.37839699601740084,0.03215080272042273,0.39914896801740085
KOPiv,JackiePhos,BuCN,0.153,105,-1.6,-2.1,-1.8,-0.9,PENDING,PENDING,0.0,38.358925030002936,10.093245363665616,9.004464630509602e-10,0.3792300282007399,0.030893898941215463,0.39998200020073993
KOPiv,JackiePhos,BuCN,0.153,90,-1.6,-2.1,-1.8,-0.9,PENDING,PENDING,0.0,18.57252211240162,10.530411126067957,8.028100604329281e-15,0.37963251951097465,0.030658363586570255,0.40038449151097466
KOPiv,JackiePhos,BuCN,0.1,120,-1.6,-2.1,-1.8,-0.9,PENDING,PENDING,0.0,51.772417934279815,10.262503212705571,2.895016544279149e-06,0.38485286026164156,0.03058000728603002,0.40560483226164157
KOPiv,JackiePhos,BuCN,0.1,105,-1.6,-2.1,-1.8,-0.9,PENDING,PENDING,0.0,35.84052820810117,9.956003423813165,9.759062871239162e-11,0.38570099857801265,0.029240933661066677,0.40645297057801266
KOPiv,JackiePhos,BuCN,0.1,90,-1.6,-2.1,-1.8,-0.9,PENDING,PENDING,0.0,15.743183006274567,10.032102673243752,3.089550192486892e-17,0.3861090917451244,0.028984171889000983,0.40686106374512443
KOPiv,JackiePhos,BuCN,0.057,120,-1.6,-2.1,-1.8,-0.9,PENDING,PENDING,0.0,49.733058747743186,10.76603135401031,3.5248466792107936e-06,0.38975086397735137,0.030201255566326968,0.4105028359773514
KOPiv,JackiePhos,BuCN,0.057,105,-1.6,-2.1,-1.8,-0.9,PENDING,PENDING,0.0,33.52572071068732,10.215090763292142,6.517267904918736e-11,0.3906094383347767,0.028838082174168642,0.4113614103347767
KOPiv,JackiePhos,BuCN,0.057,90,-1.6,-2.1,-1.8,-0.9,PENDING,PENDING,0.0,13.511178750750258,10.09071569661595,6.935726706514645e-18,0.3910214466066323,0.02857481767930144,0.4117734186066323
KOPiv,GorlosPhos HBF4,p-Xylene,0.153,120,5.7,-2.2,0.0,1.3,PENDING,PENDING,0.0,11.571465008884005,18.52482187499027,3.4328124126658036e-06,0.04087005338253533,0.01985256506877144,0.061627254962988647
KOPiv,GorlosPhos HBF4,p-Xylene,0.153,105,5.7,-2.2,0.0,1.3,PENDING,PENDING,0.0,3.6388830971704706,18.71751443947728,4.731348104614581e-07,0.04172967262823624,0.02009889105254235,0.06248684909733195
KOPiv,GorlosPhos HBF4,p-Xylene,0.153,90,5.7,-2.2,0.0,1.3,PENDING,PENDING,0.0,-3.7522240048817785,20.424072888049288,7.460646474280249e-07,0.04262747552956344,0.02098402079946179,0.06338690863857238
KOPiv,GorlosPhos HBF4,p-Xylene,0.1,120,5.7,-2.2,0.0,1.3,PENDING,PENDING,0.0,10.232881070735615,18.17398462889643,1.4194018554118155e-06,0.0486520345907042,0.01895952454263137,0.06940458504072182
KOPiv,GorlosPhos HBF4,p-Xylene,0.1,105,5.7,-2.2,0.0,1.3,PENDING,PENDING,0.0,2.0282432967112136,18.265279880607476,1.3839959046900788e-07,0.04953726098803789,0.019215730916295033,0.07028982591375281
KOPiv,GorlosPhos HBF4,p-Xylene,0.1,90,5.7,-2.2,0.0,1.3,PENDING,PENDING,0.0,-5.481652425295472,19.982036364846316,2.4362526804527503e-07,0.050447915648615095,0.0201431749318447,0.07120091324539495
KOPiv,GorlosPhos HBF4,p-Xylene,0.057,120,5.7,-2.2,0.0,1.3,PENDING,PENDING,0.0,9.188237805077776,18.168055088445342,1.0359248458188275e-06,0.05506520393189064,0.01879661120673562,0.07581729161731053
KOPiv,GorlosPhos HBF4,p-Xylene,0.057,105,5.7,-2.2,0.0,1.3,PENDING,PENDING,0.0,0.8514559063144027,18.167891582230688,8.05068863234858e-08,0.05596858877193834,0.019052461054737437,0.07672068161581412
KOPiv,GorlosPhos HBF4,p-Xylene,0.057,90,5.7,-2.2,0.0,1.3,PENDING,PENDING,0.0,-6.666198912532096,19.8644991317034,1.4487672500955902e-07,0.056886906743878154,0.0199932424727972,0.07763911693373671
KOPiv,GorlosPhos HBF4,DMAc,0.153,120,-4.3,3.0,-3.4,0.5,PENDING,PENDING,0.0,42.90905206439393,13.938192297651973,6.891236031330455e-05,0.041565068966850534,0.017332922730507204,0.062317731957046686
KOPiv,GorlosPhos HBF4,DMAc,0.153,105,-4.3,3.0,-3.4,0.5,PENDING,PENDING,0.0,31.34601177975197,15.264013737502252,1.138466731529891e-05,0.04219063936336715,0.017720643197269983,0.06294345322520527
KOPiv,GorlosPhos HBF4,DMAc,0.153,90,-4.3,3.0,-3.4,0.5,PENDING,PENDING,0.0,16.638794034503817,17.945209690112588,6.3884341638913015e-06,0.042849326966963704,0.01877289957627008,0.06360300386255019
KOPiv,GorlosPhos HBF4,DMAc,0.1,120,-4.3,3.0,-3.4,0.5,PENDING,PENDING,0.0,40.702811511849326,13.302609556601544,1.2171566098849928e-05,0.049419476970181286,0.01636167976342486,0.07017148025360782
KOPiv,GorlosPhos HBF4,DMAc,0.1,105,-4.3,3.0,-3.4,0.5,PENDING,PENDING,0.0,28.746757464169896,14.778119818116508,2.1662564722898907e-06,0.05007043746599645,0.016776204297659768,0.07082245335267191
KOPiv,GorlosPhos HBF4,DMAc,0.1,90,-4.3,3.0,-3.4,0.5,PENDING,PENDING,0.0,13.942855061425862,17.641567826337308,1.9052434602033418e-06,0.050741179277632616,0.01789421477935342,0.07149328181391962
KOPiv,GorlosPhos HBF4,DMAc,0.057,120,-4.3,3.0,-3.4,0.5,PENDING,PENDING,0.0,38.590675902308575,13.163175192715938,4.322315962908984e-06,0.05588883045331389,0.016173557403470627,0.07664080585359927
KOPiv,GorlosPhos HBF4,DMAc,0.057,105,-4.3,3.0,-3.4,0.5,PENDING,PENDING,0.0,26.450161055871533,14.692194260495643,8.149822401621032e-07,0.056558667368452546,0.01659458620993247,0.07731064460265465
KOPiv,GorlosPhos HBF4,DMAc,0.057,90,-4.3,3.0,-3.4,0.5,PENDING,PENDING,0.0,11.766813346523726,17.64384131085238,9.950526682617296e-07,0.057237446980521654,0.01773550816150524,0.07798943922831746
KOPiv,GorlosPhos HBF4,BuOAc,0.153,120,1.6,0.1,-0.8,-1.9,PENDING,PENDING,0.0,17.525995694079995,17.402790847899826,3.85930090832776e-06,0.0550719536671375,0.021316149208502402,0.07582491745801902
KOPiv,GorlosPhos HBF4,BuOAc,0.153,105,1.6,0.1,-0.8,-1.9,PENDING,PENDING,0.0,7.654838545237915,17.749270974776913,3.330183715847914e-07,0.05595689602836381,0.021610101695357264,0.07670990404986898
KOPiv,GorlosPhos HBF4,BuOAc,0.153,90,1.6,0.1,-0.8,-1.9,PENDING,PENDING,0.0,-2.3053861692044393,19.352711939851087,2.265639107882381e-07,0.05684401344300927,0.02246996214519612,0.07759756607953275
KOPiv,GorlosPhos HBF4,BuOAc,0.1,120,1.6,0.1,-0.8,-1.9,PENDING,PENDING,0.0,15.865416076647321,17.049118487959042,1.3685195846384007e-06,0.06298446589414344,0.020507594596415355,0.08373653891459931
KOPiv,GorlosPhos HBF4,BuOAc,0.1,105,1.6,0.1,-0.8,-1.9,PENDING,PENDING,0.0,5.660241451639305,17.332174086787973,8.366442699863031e-08,0.06389548949181117,0.020807381753912002,0.0846475711722742
KOPiv,GorlosPhos HBF4,BuOAc,0.1,90,1.6,0.1,-0.8,-1.9,PENDING,PENDING,0.0,-4.426809328159656,18.947143022113906,6.115258354900651e-08,0.0647952282685951,0.02169808267781231,0.08554739990928775
KOPiv,GorlosPhos HBF4,BuOAc,0.057,120,1.6,0.1,-0.8,-1.9,PENDING,PENDING,0.0,14.489769338967958,17.046547714718834,8.865878868839674e-07,0.06947250215780605,0.020353051903203953,0.0902244937323163
KOPiv,GorlosPhos HBF4,BuOAc,0.057,105,1.6,0.1,-0.8,-1.9,PENDING,PENDING,0.0,4.131729941548286,17.26170528565045,4.373253076288716e-08,0.07040193542074677,0.020649293114867046,0.09115392914279442
KOPiv,GorlosPhos HBF4,BuOAc,0.057,90,1.6,0.1,-0.8,-1.9,PENDING,PENDING,0.0,-5.92996122512114,18.865782181850744,3.3135757542743936e-08,0.07130927908018247,0.021548561939661606,0.09206129559621715
KOPiv,GorlosPhos HBF4,BuCN,0.153,120,-1.6,-2.1,-1.8,-0.9,PENDING,PENDING,0.0,25.38479794485075,15.815692869975704,3.9320098871285396e-06,0.05016801709573711,0.019111614857391265,0.07092046264669255
KOPiv,GorlosPhos HBF4,BuCN,0.153,105,-1.6,-2.1,-1.8,-0.9,PENDING,PENDING,0.0,14.825132133212376,16.7753065367972,6.280174298496793e-07,0.050962104791313204,0.01936522991433342,0.07171457204353163
KOPiv,GorlosPhos HBF4,BuCN,0.153,90,-1.6,-2.1,-1.8,-0.9,PENDING,PENDING,0.0,3.1905923299300163,18.94657018773313,5.911297162698892e-07,0.051770145567238135,0.02024475133735898,0.0725229684674236
KOPiv,GorlosPhos HBF4,BuCN,0.1,120,-1.6,-2.1,-1.8,-0.9,PENDING,PENDING,0.0,23.519836637610062,15.42631710186153,1.1033429618297522e-06,0.05805618557650147,0.01829356433906227,0.07880818953053147
KOPiv,GorlosPhos HBF4,BuCN,0.1,105,-1.6,-2.1,-1.8,-0.9,PENDING,PENDING,0.0,12.59750284418596,16.38763648182594,1.4856504960896026e-07,0.05887627800934193,0.01855586970991259,0.07962828507329517
KOPiv,GorlosPhos HBF4,BuCN,0.1,90,-1.6,-2.1,-1.8,-0.9,PENDING,PENDING,0.0,0.8416582334010911,18.613627565858646,1.7345796369215063e-07,0.05969696767906477,0.019474318837634296,0.08044901691678819
KOPiv,GorlosPhos HBF4,BuCN,0.057,120,-1.6,-2.1,-1.8,-0.9,PENDING,PENDING,0.0,21.88498700265006,15.429672631350451,6.290305880459107e-07,0.0645352112915734,0.01818574398649122,0.08528718819552424
KOPiv,GorlosPhos HBF4,BuCN,0.057,105,-1.6,-2.1,-1.8,-0.9,PENDING,PENDING,0.0,10.794265934514378,16.347804190294333,7.3188287476492e-08,0.06537399896187596,0.018446304982569623,0.08612597648757069
KOPiv,GorlosPhos HBF4,BuCN,0.057,90,-1.6,-2.1,-1.8,-0.9,PENDING,PENDING,0.0,-0.9063910233207615,18.57912874362226,9.563015350352974e-08,0.06620259673180878,0.01937515845788451,0.086954582999054
KOPiv,CgMe-PPh,p-Xylene,0.153,120,5.7,-2.2,0.0,1.3,PENDING,PENDING,0.0,40.90773325172387,12.222805873506598,1.6978835781561986e-06,0.056896615300992985,0.01409305846958575,0.07764858734433908
KOPiv,CgMe-PPh,p-Xylene,0.153,105,5.7,-2.2,0.0,1.3,PENDING,PENDING,0.0,29.146926350510967,11.497445669307686,7.083740636848791e-10,0.05780278065587368,0.014132617556276506,0.07855475268854033
KOPiv,CgMe-PPh,p-Xylene,0.153,90,5.7,-2.2,0.0,1.3,PENDING,PENDING,0.0,15.31308742953974,13.113721320664219,1.1374784513558665e-10,0.05871256921940039,0.014903664394337227,0.0794645413470412
KOPiv,CgMe-PPh,p-Xylene,0.1,120,5.7,-2.2,0.0,1.3,PENDING,PENDING,0.0,39.534378590013624,11.937919296321507,4.899696183349347e-07,0.06499959061433355,0.013952841043450988,0.08575156261519414
KOPiv,CgMe-PPh,p-Xylene,0.1,105,5.7,-2.2,0.0,1.3,PENDING,PENDING,0.0,27.373382365656745,10.771418871058678,1.3510148790782955e-11,0.0659340670668304,0.013986267795208085,0.08668603906744596
KOPiv,CgMe-PPh,p-Xylene,0.1,90,5.7,-2.2,0.0,1.3,PENDING,PENDING,0.0,13.315707799579116,12.278460525402256,1.5637136766097756e-12,0.0668582660349279,0.014758660204813947,0.08761023803837278
KOPiv,CgMe-PPh,p-Xylene,0.057,120,5.7,-2.2,0.0,1.3,PENDING,PENDING,0.0,38.17602531663143,12.161875234887106,4.5104528421072734e-07,0.07164842778182305,0.01405358404838617,0.09240039978187292
KOPiv,CgMe-PPh,p-Xylene,0.057,105,5.7,-2.2,0.0,1.3,PENDING,PENDING,0.0,25.847612108096047,10.692422235301985,3.4233134796759553e-12,0.07260268990065184,0.01408597029286845,0.09335466190068663
KOPiv,CgMe-PPh,p-Xylene,0.057,90,5.7,-2.2,0.0,1.3,PENDING,PENDING,0.0,11.80432112795658,12.071502293277323,2.4708498963295816e-13,0.07353537832333149,0.014863558143222738,0.09428735032358289
KOPiv,CgMe-PPh,DMAc,0.153,105,-4.3,3.0,-3.4,0.5,PENDING,PENDING,0.0,77.10390107996388,6.958199097320935,0.00101774797308774,0.05296998332418914,0.003674765157243589,0.07372195532418914
KOPiv,CgMe-PPh,DMAc,0.153,90,-4.3,3.0,-3.4,0.5,PENDING,PENDING,0.0,49.58510730477349,9.60280299060572,1.4570814121369279e-07,0.053665755410597066,0.006581979973163263,0.07441772741059707
KOPiv,CgMe-PPh,DMAc,0.1,120,-4.3,3.0,-3.4,0.5,PENDING,PENDING,0.0,92.81318792941019,3.968008706060174,0.06209283035260893,0.06043435293271285,0.001407257189704256,0.08118632493271286
KOPiv,CgMe-PPh,DMAc,0.1,105,-4.3,3.0,-3.4,0.5,PENDING,PENDING,0.0,74.06544123597695,6.755988423925942,0.00010993149251697508,0.06112882959732442,0.003472081674869789,0.08188080159732442
KOPiv,CgMe-PPh,DMAc,0.1,90,-4.3,3.0,-3.4,0.5,PENDING,PENDING,0.0,46.29499404593803,9.399953941665483,9.743334693183075e-09,0.061839857724354644,0.0064680445876255715,0.08259182972435464
KOPiv,CgMe-PPh,DMAc,0.057,105,-4.3,3.0,-3.4,0.5,PENDING,PENDING,0.0,70.77840898359695,7.080469280203581,3.229414694923163e-05,0.06784721966302532,0.003691264436217255,0.08859919166302532
KOPiv,CgMe-PPh,DMAc,0.057,90,-4.3,3.0,-3.4,0.5,PENDING,PENDING,0.0,43.3051790502757,9.683312209412989,4.225810636984764e-09,0.0685677089662759,0.0066257991365672635,0.0893196809662759
KOPiv,CgMe-PPh,BuOAc,0.153,120,1.6,0.1,-0.8,-1.9,PENDING,PENDING,0.0,53.24648137973909,10.951725255811622,2.4906786915152176e-05,0.06943210290765335,0.011873868168705571,0.09018407490765337
KOPiv,CgMe-PPh,BuOAc,0.153,105,1.6,0.1,-0.8,-1.9,PENDING,PENDING,0.0,38.298554385620896,10.539820799648485,4.576400261741409e-09,0.07037538444632391,0.012163851548751665,0.09112735644632397
KOPiv,CgMe-PPh,BuOAc,0.153,90,1.6,0.1,-0.8,-1.9,PENDING,PENDING,0.0,19.781819182040493,11.325629904201735,1.2302406374327615e-12,0.0712943033575752,0.013243127142825202,0.09204627535757853
KOPiv,CgMe-PPh,BuOAc,0.1,120,1.6,0.1,-0.8,-1.9,PENDING,PENDING,0.0,51.49119048724731,10.847437599451533,9.404343589985992e-06,0.07765683018506314,0.01172834507918859,0.09840880218506315
KOPiv,CgMe-PPh,BuOAc,0.1,105,1.6,0.1,-0.8,-1.9,PENDING,PENDING,0.0,36.02222274398769,10.083975296970632,1.9200647136856064e-10,0.07862927280314848,0.012007443110163711,0.09938124480314846
KOPiv,CgMe-PPh,BuOAc,0.1,90,1.6,0.1,-0.8,-1.9,PENDING,PENDING,0.0,17.24218240978741,10.601148699667588,4.471311198893496e-15,0.07956297206651289,0.013085468005187218,0.10031494406651291
KOPiv,CgMe-PPh,BuOAc,0.057,120,1.6,0.1,-0.8,-1.9,PENDING,PENDING,0.0,49.63736678217739,11.180810876171943,8.255465297031327e-06,0.0843809755638979,0.011824535734846747,0.1051329475638979
KOPiv,CgMe-PPh,BuOAc,0.057,105,1.6,0.1,-0.8,-1.9,PENDING,PENDING,0.0,33.96987140882057,10.169949366462015,7.175808811018485e-11,0.08537355758250734,0.01209457410376353,0.10612552958250734
KOPiv,CgMe-PPh,BuOAc,0.057,90,1.6,0.1,-0.8,-1.9,PENDING,PENDING,0.0,15.270650396311831,10.524613784838014,6.074586342200351e-16,0.08631584548175264,0.013171753730981553,0.10706781748175265
KOPiv,CgMe-PPh,BuCN,0.153,120,-1.6,-2.1,-1.8,-0.9,PENDING,PENDING,0.0,67.14862334550918,8.438154014036591,0.0001061414938017995,0.06395885311509796,0.009958024000910051,0.08471082511509795
KOPiv,CgMe-PPh,BuCN,0.153,105,-1.6,-2.1,-1.8,-0.9,PENDING,PENDING,0.0,50.94579102505685,9.63274286115742,3.4783697260586504e-07,0.06480287934255233,0.010169588420937205,0.08555485134255233
KOPiv,CgMe-PPh,BuCN,0.153,90,-1.6,-2.1,-1.8,-0.9,PENDING,PENDING,0.0,29.194350226557038,11.488261275300962,7.042316247865385e-10,0.06563856415512065,0.011299637633350325,0.08639053615512067
KOPiv,CgMe-PPh,BuCN,0.1,120,-1.6,-2.1,-1.8,-0.9,PENDING,PENDING,0.0,65.16517521518996,8.471448847953486,4.0541348251984274e-05,0.07215239248724871,0.009926253182546486,0.0929043644872487
KOPiv,CgMe-PPh,BuCN,0.1,105,-1.6,-2.1,-1.8,-0.9,PENDING,PENDING,0.0,48.38211775169347,9.431199906956637,4.0352091458058506e-08,0.07302554385894934,0.01012844748527864,0.09377751585894933
KOPiv,CgMe-PPh,BuCN,0.1,90,-1.6,-2.1,-1.8,-0.9,PENDING,PENDING,0.0,26.362886538833,11.082326891024296,2.7390415699256028e-11,0.07387622949311794,0.011252221478356687,0.09462820149311793
KOPiv,CgMe-PPh,BuCN,0.057,120,-1.6,-2.1,-1.8,-0.9,PENDING,PENDING,0.0,62.90394096411126,8.983813179349768,3.954865623303225e-05,0.07886590903416917,0.010111689250327797,0.09961788103416916
KOPiv,CgMe-PPh,BuCN,0.057,105,-1.6,-2.1,-1.8,-0.9,PENDING,PENDING,0.0,45.89766515765869,9.677002610544404,2.074438412291288e-08,0.07975958462280902,0.010308309290788072,0.10051155662280903
KOPiv,CgMe-PPh,BuCN,0.057,90,-1.6,-2.1,-1.8,-0.9,PENDING,PENDING,0.0,24.02463968965303,11.16563327195427,9.023088031511042e-12,0.08061929233440991,0.011427461206005586,0.1013712643344099
KOPiv,BrettPhos,p-Xylene,0.153,120,5.7,-2.2,0.0,1.3,PENDING,PENDING,0.0,29.797301168856645,9.72012812842391,3.8381336479330663e-13,0.11617805492909708,0.01324735445898053,0.1369300269290971
KOPiv,BrettPhos,p-Xylene,0.153,105,5.7,-2.2,0.0,1.3,PENDING,PENDING,0.0,17.965472426048095,8.002551808825384,5.747011032458956e-25,0.11711491557665706,0.012652820608165997,0.13786688757665705
KOPiv,BrettPhos,p-Xylene,0.153,90,5.7,-2.2,0.0,1.3,PENDING,PENDING,0.0,4.915549576241812,9.545569748401126,1.2970736634648267e-23,0.11790396579213422,0.012457684734644944,0.13865593779213423
KOPiv,BrettPhos,p-Xylene,0.1,120,5.7,-2.2,0.0,1.3,PENDING,PENDING,0.0,28.44098849264943,9.401763793825522,1.902530144729494e-14,0.12490052032790314,0.013288396583597487,0.14565249232790314
KOPiv,BrettPhos,p-Xylene,0.1,105,5.7,-2.2,0.0,1.3,PENDING,PENDING,0.0,16.159905812691385,6.804122062019152,2.6639804618102396e-35,0.1258695770100426,0.012680247384855807,0.1466215490100426
KOPiv,BrettPhos,p-Xylene,0.1,90,5.7,-2.2,0.0,1.3,PENDING,PENDING,0.0,2.8375385664097266,8.207307812985862,1.1134098115056558e-32,0.12667327342781842,0.01247010820626567,0.14742524542781843
KOPiv,BrettPhos,p-Xylene,0.057,120,5.7,-2.2,0.0,1.3,PENDING,PENDING,0.0,27.200175644891218,9.748922789210022,5.997063780086126e-14,0.13192614852818307,0.013594671229325716,0.15267812052818308
KOPiv,BrettPhos,p-Xylene,0.057,105,5.7,-2.2,0.0,1.3,PENDING,PENDING,0.0,14.718172963836395,6.653799071656614,4.889585784606471e-38,0.13291728812649514,0.012992248229209129,0.15366926012649515
KOPiv,BrettPhos,p-Xylene,0.057,90,5.7,-2.2,0.0,1.3,PENDING,PENDING,0.0,1.3706863344999327,7.839013169798472,1.113057151943019e-36,0.1337300719343731,0.01279185129953751,0.15448204393437312
KOPiv,BrettPhos,DMAc,0.153,120,-4.3,3.0,-3.4,0.5,PENDING,PENDING,0.0,82.75075441230237,4.814866030306753,0.00023707608177318557,0.11244243868105205,0.011438985182666964,0.13319441068105206
KOPiv,BrettPhos,DMAc,0.153,105,-4.3,3.0,-3.4,0.5,PENDING,PENDING,0.0,64.93763903892719,5.375298840722685,3.460706086943701e-11,0.11309884173664278,0.011241490065331906,0.1338508137366428
KOPiv,BrettPhos,DMAc,0.153,90,-4.3,3.0,-3.4,0.5,PENDING,PENDING,0.0,38.055385617238755,5.8742647764938685,2.0719754033603468e-26,0.11363050202207399,0.01134620986891337,0.13438247402207398
KOPiv,BrettPhos,DMAc,0.1,120,-4.3,3.0,-3.4,0.5,PENDING,PENDING,0.0,80.44712788510344,4.819455324414235,3.184069878157448e-05,0.12121295664881285,0.011589953279993457,0.14196492864881285
KOPiv,BrettPhos,DMAc,0.1,105,-4.3,3.0,-3.4,0.5,PENDING,PENDING,0.0,61.80040070083752,5.426820670882236,9.277257934527581e-13,0.12190161959524648,0.011391066907478594,0.1426535915952465
KOPiv,BrettPhos,DMAc,0.1,90,-4.3,3.0,-3.4,0.5,PENDING,PENDING,0.0,34.56190539310106,5.672160851690625,3.0876822291393975e-31,0.12244788031624318,0.011489766239185791,0.1431998523162432
KOPiv,BrettPhos,DMAc,0.057,120,-4.3,3.0,-3.4,0.5,PENDING,PENDING,0.0,77.57959237011588,5.402392510495036,2.3054296494582575e-05,0.1283016500205435,0.011884936438582846,0.1490536220205435
KOPiv,BrettPhos,DMAc,0.057,105,-4.3,3.0,-3.4,0.5,PENDING,PENDING,0.0,58.53101395995485,5.974909818987943,2.034171364984762e-12,0.12901377426727814,0.011690003761582211,0.14976574626727815
KOPiv,BrettPhos,DMAc,0.057,90,-4.3,3.0,-3.4,0.5,PENDING,PENDING,0.0,31.52555563206659,6.2314271721543,1.700467959206604e-28,0.12957004390720656,0.011800826250545281,0.15032201590720656
KOPiv,BrettPhos,BuOAc,0.153,120,1.6,0.1,-0.8,-1.9,PENDING,PENDING,0.0,41.145016193864834,9.078099044122556,6.934029593892761e-11,0.13009116698646903,0.011443927058240863,0.15084313898646903
KOPiv,BrettPhos,BuOAc,0.153,105,1.6,0.1,-0.8,-1.9,PENDING,PENDING,0.0,26.002265163165234,7.628499673821425,1.4834999976095578e-22,0.13107584622763963,0.011007823724309576,0.15182781822763963
KOPiv,BrettPhos,BuOAc,0.153,90,1.6,0.1,-0.8,-1.9,PENDING,PENDING,0.0,8.189691325234026,7.164056622159755,5.235390992265492e-38,0.1318725858898784,0.010984821523821403,0.15262455788987841
KOPiv,BrettPhos,BuOAc,0.1,120,1.6,0.1,-0.8,-1.9,PENDING,PENDING,0.0,39.40159783003704,9.101778065840731,2.1053281436392285e-11,0.13896062186721764,0.011432955763060795,0.15971259386721764
KOPiv,BrettPhos,BuOAc,0.1,105,1.6,0.1,-0.8,-1.9,PENDING,PENDING,0.0,23.656169097537795,7.035081516872774,8.388796245211834e-28,0.1399787773057593,0.01096880942001536,0.1607307493057593
KOPiv,BrettPhos,BuOAc,0.1,90,1.6,0.1,-0.8,-1.9,PENDING,PENDING,0.0,5.507660197297568,5.829054981561977,1.2895455211287817e-59,0.1407904865722675,0.010918214571308791,0.1615424585722675
KOPiv,BrettPhos,BuOAc,0.057,120,1.6,0.1,-0.8,-1.9,PENDING,PENDING,0.0,37.67566430619826,9.612929941639665,7.275083419380814e-11,0.14607149758504975,0.011711538480138683,0.16682346958504976
KOPiv,BrettPhos,BuOAc,0.057,105,1.6,0.1,-0.8,-1.9,PENDING,PENDING,0.0,21.67877751850735,7.218106339104519,8.657419361399495e-28,0.14711212262063128,0.011240736947175178,0.1678640946206313
KOPiv,BrettPhos,BuOAc,0.057,90,1.6,0.1,-0.8,-1.9,PENDING,PENDING,0.0,3.5627114774847364,5.67890275728557,3.300714466560725e-65,0.14793296531239863,0.011188711043572866,0.16868493731239864
KOPiv,BrettPhos,BuCN,0.153,120,-1.6,-2.1,-1.8,-0.9,PENDING,PENDING,0.0,54.63684341243069,6.625465986665499,4.307133550234419e-12,0.1244750401858836,0.012271069898815322,0.1452270121858836
KOPiv,BrettPhos,BuCN,0.153,105,-1.6,-2.1,-1.8,-0.9,PENDING,PENDING,0.0,38.37379182897282,7.200318237603027,5.890891070110447e-18,0.1253423767927,0.011770197702950366,0.1460943487927
KOPiv,BrettPhos,BuCN,0.153,90,-1.6,-2.1,-1.8,-0.9,PENDING,PENDING,0.0,17.368322860687236,8.103822000883476,1.0212447846158693e-24,0.1260401472547674,0.011607720161293737,0.1467921192547674
KOPiv,BrettPhos,BuCN,0.1,120,-1.6,-2.1,-1.8,-0.9,PENDING,PENDING,0.0,52.679002002902976,6.966604174774557,6.579698464736136e-12,0.13331131200544277,0.01247441306695519,0.15406328400544278
KOPiv,BrettPhos,BuCN,0.1,105,-1.6,-2.1,-1.8,-0.9,PENDING,PENDING,0.0,35.732535380360176,7.10215828424835,7.084219051628108e-20,0.13421194859102886,0.011965089825023178,0.15496392059102887
KOPiv,BrettPhos,BuCN,0.1,90,-1.6,-2.1,-1.8,-0.9,PENDING,PENDING,0.0,14.378995237284094,7.530922426609211,2.596175921917029e-30,0.13492478010104725,0.011787043669822821,0.15567675210104726
KOPiv,BrettPhos,BuCN,0.057,120,-1.6,-2.1,-1.8,-0.9,PENDING,PENDING,0.0,50.561123542307655,7.7777349343624955,1.4196949623991975e-10,0.14041205632826642,0.012859221093941352,0.16116402832826643
KOPiv,BrettPhos,BuCN,0.057,105,-1.6,-2.1,-1.8,-0.9,PENDING,PENDING,0.0,33.312820374776514,7.543403739997997,4.984549147800433e-19,0.14133573381416584,0.012355674569027633,0.16208770581416584
KOPiv,BrettPhos,BuCN,0.057,90,-1.6,-2.1,-1.8,-0.9,PENDING,PENDING,0.0,12.048577734265834,7.692124805541056,1.2484992353030658e-30,0.1420582659474045,0.01218698960052933,0.1628102379474045
KOAc,tBPh-CPhos,p-Xylene,0.153,120,5.7,-2.2,0.0,1.3,PENDING,PENDING,0.0,12.061811138550825,9.772777613477983,1.4543447885850783e-19,0.2581082502994777,0.02508555980625546,0.2788602222994777
KOAc,tBPh-CPhos,p-Xylene,0.153,105,5.7,-2.2,0.0,1.3,PENDING,PENDING,0.0,4.527504182698877,9.999135007500731,8.152006055200365e-22,0.2588619881394493,0.02447648756973269,0.2796139601394493
KOAc,tBPh-CPhos,p-Xylene,0.153,90,5.7,-2.2,0.0,1.3,PENDING,PENDING,0.0,-1.9066425760967043,11.559754862787079,8.830930180453503e-19,0.25928756402143505,0.02449101936629292,0.28003953602143505
KOAc,tBPh-CPhos,p-Xylene,0.1,120,5.7,-2.2,0.0,1.3,PENDING,PENDING,0.0,11.273572624599197,10.23658708219796,2.996777426981445e-18,0.2661035980109112,0.02507911262236151,0.2868555700109112
KOAc,tBPh-CPhos,p-Xylene,0.1,105,5.7,-2.2,0.0,1.3,PENDING,PENDING,0.0,3.484483506510088,9.959830900163263,2.0121435456755307e-22,0.26687893813997643,0.02446181201558453,0.28763091013997644
KOAc,tBPh-CPhos,p-Xylene,0.1,90,5.7,-2.2,0.0,1.3,PENDING,PENDING,0.0,-3.1259645371248013,11.083303575216208,9.219693890882607e-21,0.2673123206216126,0.024468364724785304,0.2880642926216126
KOAc,tBPh-CPhos,p-Xylene,0.057,120,5.7,-2.2,0.0,1.3,PENDING,PENDING,0.0,10.711279413375646,11.228600962391482,1.4456355518285429e-15,0.27238945771432543,0.025290079982809063,0.29314142971432544
KOAc,tBPh-CPhos,p-Xylene,0.057,105,5.7,-2.2,0.0,1.3,PENDING,PENDING,0.0,2.793253102580831,10.56695808424067,2.399565683599527e-20,0.27318021770815726,0.024677321335921234,0.29393218970815727
KOAc,tBPh-CPhos,p-Xylene,0.057,90,5.7,-2.2,0.0,1.3,PENDING,PENDING,0.0,-3.8956559270584066,11.306985300216684,2.802382257204988e-20,0.2736186430916103,0.024688084477022008,0.29437061509161033
KOAc,tBPh-CPhos,DMAc,0.153,120,-4.3,3.0,-3.4,0.5,PENDING,PENDING,0.0,48.52530373126773,8.434695951589111,7.926088108189668e-10,0.25943618514628186,0.021579625146499862,0.28018815714628187
KOAc,tBPh-CPhos,DMAc,0.153,105,-4.3,3.0,-3.4,0.5,PENDING,PENDING,0.0,33.096577856801915,8.467593757756317,1.7248584539442403e-15,0.259978180988012,0.021245712020101296,0.280730152988012
KOAc,tBPh-CPhos,DMAc,0.153,90,-4.3,3.0,-3.4,0.5,PENDING,PENDING,0.0,15.433054012766549,8.791507081468378,3.6721970083913214e-22,0.26018786418676043,0.02159790894571111,0.28093983618676044
KOAc,tBPh-CPhos,DMAc,0.1,120,-4.3,3.0,-3.4,0.5,PENDING,PENDING,0.0,46.80326145845939,8.837933140627536,1.4026033354811947e-09,0.26748605701690265,0.021542317357498182,0.28823802901690265
KOAc,tBPh-CPhos,DMAc,0.1,105,-4.3,3.0,-3.4,0.5,PENDING,PENDING,0.0,30.97345288830482,8.892608320813464,5.496190275041763e-15,0.2680496487644881,0.021205014363640997,0.2888016207644881
KOAc,tBPh-CPhos,DMAc,0.1,90,-4.3,3.0,-3.4,0.5,PENDING,PENDING,0.0,13.125133296750963,9.203792797685898,2.1903712031771516e-21,0.26826691313032114,0.021555251415739635,0.28901888513032115
KOAc,tBPh-CPhos,DMAc,0.057,120,-4.3,3.0,-3.4,0.5,PENDING,PENDING,0.0,44.975442733945044,9.688979442042159,1.2289345358199135e-08,0.27381879719031643,0.021692125819617162,0.29457076919031644
KOAc,tBPh-CPhos,DMAc,0.057,105,-4.3,3.0,-3.4,0.5,PENDING,PENDING,0.0,29.077537768885794,9.743350946253043,2.515431085853897e-13,0.2743983971309285,0.021359971671755473,0.2951503691309285
KOAc,tBPh-CPhos,DMAc,0.057,90,-4.3,3.0,-3.4,0.5,PENDING,PENDING,0.0,11.362618290040885,10.116756225226842,1.2849187254223063e-18,0.2746209975598844,0.021717067789915265,0.2953729695598844
KOAc,tBPh-CPhos,BuOAc,0.153,120,1.6,0.1,-0.8,-1.9,PENDING,PENDING,0.0,19.510769951705534,10.853968365557721,9.790203799335687e-14,0.27048806448735496,0.021304193182319443,0.29124003648735497
KOAc,tBPh-CPhos,BuOAc,0.153,105,1.6,0.1,-0.8,-1.9,PENDING,PENDING,0.0,8.772298939849389,10.444950734485557,1.6848396884588368e-18,0.27126573736234605,0.0205930020735838,0.29201770936234606
KOAc,tBPh-CPhos,BuOAc,0.153,90,1.6,0.1,-0.8,-1.9,PENDING,PENDING,0.0,-1.3710771195764835,10.65237439717816,1.1694361519421918e-21,0.2716893799748492,0.020619431534460893,0.2924413519748492
KOAc,tBPh-CPhos,BuOAc,0.1,120,1.6,0.1,-0.8,-1.9,PENDING,PENDING,0.0,18.393448802219048,11.278002369495868,3.9454341870480295e-13,0.2785936131267758,0.021230384946986956,0.2993455851267758
KOAc,tBPh-CPhos,BuOAc,0.1,105,1.6,0.1,-0.8,-1.9,PENDING,PENDING,0.0,7.323356272410479,10.582698196500594,1.3837235406275568e-18,0.2793933215295932,0.02050343220047103,0.3001452935295932
KOAc,tBPh-CPhos,BuOAc,0.1,90,1.6,0.1,-0.8,-1.9,PENDING,PENDING,0.0,-3.019501598213715,10.437703546522505,3.4988375257526884e-23,0.2798247767518632,0.020517162156561256,0.3005767487518632
KOAc,tBPh-CPhos,BuOAc,0.057,120,1.6,0.1,-0.8,-1.9,PENDING,PENDING,0.0,17.457788444311298,12.083903933547507,8.028911509334984e-12,0.28494816716171134,0.021419570679407363,0.30570013916171135
KOAc,tBPh-CPhos,BuOAc,0.057,105,1.6,0.1,-0.8,-1.9,PENDING,PENDING,0.0,6.264504155165646,11.199242100229592,4.347700815654548e-17,0.2857634983416085,0.020696229028875128,0.30651547034160853
KOAc,tBPh-CPhos,BuOAc,0.057,90,1.6,0.1,-0.8,-1.9,PENDING,PENDING,0.0,-4.103401446649251,10.858191171979065,5.936321138937318e-22,0.2861999356297179,0.020713074191631254,0.3069519076297179
KOAc,tBPh-CPhos,BuCN,0.153,120,-1.6,-2.1,-1.8,-0.9,PENDING,PENDING,0.0,28.464724933829647,10.376716624007027,4.4818874217271825e-12,0.266770753754825,0.02226185320894758,0.287522725754825
KOAc,tBPh-CPhos,BuCN,0.153,105,-1.6,-2.1,-1.8,-0.9,PENDING,PENDING,0.0,16.047518074950165,10.390277930079462,4.712893387454476e-16,0.26746656263343005,0.021632456622908053,0.28821853463343006
KOAc,tBPh-CPhos,BuCN,0.153,90,-1.6,-2.1,-1.8,-0.9,PENDING,PENDING,0.0,3.3363984942883853,10.742940851154238,1.57903798546738e-19,0.26781522860429696,0.021688683013788665,0.28856720060429697
KOAc,tBPh-CPhos,BuCN,0.1,120,-1.6,-2.1,-1.8,-0.9,PENDING,PENDING,0.0,27.139474136581683,10.855687639202976,1.6869859032901644e-11,0.2748570280926113,0.022249553058201896,0.2956090000926113
KOAc,tBPh-CPhos,BuCN,0.1,105,-1.6,-2.1,-1.8,-0.9,PENDING,PENDING,0.0,14.356990779702073,10.684789530672608,8.226254254681445e-16,0.27557481122924277,0.02161033514166071,0.2963267832292428
KOAc,tBPh-CPhos,BuCN,0.1,90,-1.6,-2.1,-1.8,-0.9,PENDING,PENDING,0.0,1.4441261395511482,10.794599548466001,4.659457122031907e-20,0.2759312979260946,0.021657306207784565,0.2966832699260946
KOAc,tBPh-CPhos,BuCN,0.057,120,-1.6,-2.1,-1.8,-0.9,PENDING,PENDING,0.0,25.90875959928041,11.674765467976068,2.159970515734315e-10,0.2812031931352725,0.022452340195025906,0.3019551651352725
KOAc,tBPh-CPhos,BuCN,0.057,105,-1.6,-2.1,-1.8,-0.9,PENDING,PENDING,0.0,13.013428981838581,11.362887090607861,1.581579010122637e-14,0.2819368068303661,0.021818031268701053,0.3026887788303661
KOAc,tBPh-CPhos,BuCN,0.057,90,-1.6,-2.1,-1.8,-0.9,PENDING,PENDING,0.0,0.12337401547502225,11.352732965906345,1.0232456810000743e-18,0.2822984849552175,0.021869589475396474,0.3030504569552175
KOAc,X-Phos,p-Xylene,0.153,105,5.7,-2.2,0.0,1.3,PENDING,PENDING,0.0,14.860713014101933,13.460747668183082,2.826035644136885e-10,0.02918299195603609,0.01538804332484454,0.04993737369539812
KOAc,X-Phos,p-Xylene,0.153,90,5.7,-2.2,0.0,1.3,PENDING,PENDING,0.0,10.989049956831927,14.5555887370539,1.1883644235957711e-09,0.030043700324188127,0.015038225940160334,0.050797092861742506
KOAc,X-Phos,p-Xylene,0.1,120,5.7,-2.2,0.0,1.3,PENDING,PENDING,0.0,17.541876097265522,13.95693644737188,4.2257658775050324e-09,0.036360132488416574,0.016745605385181724,0.057113497144495186
KOAc,X-Phos,p-Xylene,0.1,105,5.7,-2.2,0.0,1.3,PENDING,PENDING,0.0,13.299487287347146,13.435150331605229,1.199422202332069e-10,0.03718236559277005,0.01568658360723473,0.057934755791316545
KOAc,X-Phos,p-Xylene,0.1,90,5.7,-2.2,0.0,1.3,PENDING,PENDING,0.0,9.36860545388464,14.307642966261959,2.8059698755692545e-10,0.038055712926084936,0.015354026023345202,0.058807914822940136
KOAc,X-Phos,p-Xylene,0.057,120,5.7,-2.2,0.0,1.3,PENDING,PENDING,0.0,16.440005279619434,14.54536448618351,1.1942675563566333e-08,0.04296950659118488,0.017284469250899912,0.06372195220126445
KOAc,X-Phos,p-Xylene,0.057,105,5.7,-2.2,0.0,1.3,PENDING,PENDING,0.0,12.066384533850712,13.849784317982943,2.4726126890882294e-10,0.04381044351229031,0.01627965161374418,0.06456255078121914
KOAc,X-Phos,p-Xylene,0.057,90,5.7,-2.2,0.0,1.3,PENDING,PENDING,0.0,8.119276487509328,14.541176406382341,3.161571390346016e-10,0.04469094530567157,0.015986809719091725,0.06544299245716478
KOAc,X-Phos,DMAc,0.153,120,-4.3,3.0,-3.4,0.5,PENDING,PENDING,0.0,55.71799650338699,9.338227641540009,2.1411707804372827e-06,0.028738975114082563,0.007030226830166057,0.049490947114083486
KOAc,X-Phos,DMAc,0.153,105,-4.3,3.0,-3.4,0.5,PENDING,PENDING,0.0,47.30934006989207,7.139883356197716,9.079212255689528e-14,0.029304856222127765,0.0038827346712065466,0.050056828222127765
KOAc,X-Phos,DMAc,0.1,120,-4.3,3.0,-3.4,0.5,PENDING,PENDING,0.0,53.08954341900389,9.511278631333727,8.116418541748102e-07,0.036734561625666975,0.007437634276628169,0.05748653362566698
KOAc,X-Phos,DMAc,0.1,105,-4.3,3.0,-3.4,0.5,PENDING,PENDING,0.0,44.3708773124576,7.583249052636117,1.3306368469159616e-13,0.03732679311477591,0.0046438865389485965,0.05807876511477591
KOAc,X-Phos,DMAc,0.1,90,-4.3,3.0,-3.4,0.5,PENDING,PENDING,0.0,32.28736206370887,6.216556578076033,4.936844482311818e-28,0.037968863408787606,0.003277044580309197,0.05872083540878761
KOAc,X-Phos,DMAc,0.057,120,-4.3,3.0,-3.4,0.5,PENDING,PENDING,0.0,50.490253657651365,10.16703639759486,1.19617352809706e-06,0.04336781094377246,0.008305941046995627,0.06411978294377246
KOAc,X-Phos,DMAc,0.057,105,-4.3,3.0,-3.4,0.5,PENDING,PENDING,0.0,41.610775924516325,8.608103688597485,8.379675475170931e-12,0.04397951803120244,0.0060127869405939985,0.06473149003120243
KOAc,X-Phos,DMAc,0.057,90,-4.3,3.0,-3.4,0.5,PENDING,PENDING,0.0,29.685623268048353,7.810706188547702,1.1715467425211196e-19,0.044629634549379585,0.005149647797235071,0.06538160654937958
KOAc,X-Phos,BuOAc,0.153,120,1.6,0.1,-0.8,-1.9,PENDING,PENDING,0.0,26.732734514168182,13.338831129067243,4.919912548169217e-08,0.03912710361634184,0.013038420451671301,0.05987908134895174
KOAc,X-Phos,BuOAc,0.153,105,1.6,0.1,-0.8,-1.9,PENDING,PENDING,0.0,20.705152998890185,12.566007136336419,2.9270505395151043e-10,0.03994960779217171,0.011897430653917315,0.06070158015833566
KOAc,X-Phos,BuOAc,0.153,90,1.6,0.1,-0.8,-1.9,PENDING,PENDING,0.0,14.127591686277846,12.725000113889068,1.5037264747185996e-11,0.04081836743813263,0.011688669683431786,0.06157033958208466
KOAc,X-Phos,BuOAc,0.1,120,1.6,0.1,-0.8,-1.9,PENDING,PENDING,0.0,24.94534292373269,13.556490804262376,3.8706792325154154e-08,0.04721922208652736,0.013313062443292386,0.06797119448844559
KOAc,X-Phos,BuOAc,0.1,105,1.6,0.1,-0.8,-1.9,PENDING,PENDING,0.0,18.663347634004516,12.659071588038296,1.3727870878854106e-10,0.048068600008549435,0.01220802983708668,0.06882057202622568
KOAc,X-Phos,BuOAc,0.1,90,1.6,0.1,-0.8,-1.9,PENDING,PENDING,0.0,12.038075510259262,12.6544660986203,3.5393243735740925e-12,0.04895020145882896,0.01201394102112543,0.06970217346526864
KOAc,X-Phos,BuOAc,0.057,120,1.6,0.1,-0.8,-1.9,PENDING,PENDING,0.0,23.396011704447346,14.107540276302068,7.44801155789295e-08,0.05391076482568408,0.013913688698324522,0.07466273692373997
KOAc,X-Phos,BuOAc,0.057,105,1.6,0.1,-0.8,-1.9,PENDING,PENDING,0.0,16.970425233007475,13.148674673310353,2.9619338575235186e-10,0.05477922442171978,0.012881275575015155,0.07553119642643917
KOAc,X-Phos,BuOAc,0.057,90,1.6,0.1,-0.8,-1.9,PENDING,PENDING,0.0,10.38062660271207,13.075191421763483,7.295207384542873e-12,0.055667936113841326,0.01272893252122851,0.0764199081157864
KOAc,X-Phos,BuCN,0.153,120,-1.6,-2.1,-1.8,-0.9,PENDING,PENDING,0.0,35.90537742069337,12.163715173240348,1.6186752758191643e-07,0.035467883242119025,0.012822826665965655,0.0562198708227126
KOAc,X-Phos,BuCN,0.153,105,-1.6,-2.1,-1.8,-0.9,PENDING,PENDING,0.0,29.05981533597992,11.274759685119983,2.996831038426271e-10,0.03620051394909403,0.011423198727080577,0.056952486608448864
KOAc,X-Phos,BuCN,0.153,90,-1.6,-2.1,-1.8,-0.9,PENDING,PENDING,0.0,20.628843572943055,11.154150980280157,9.52809784374869e-13,0.03698536379032076,0.010932684455021737,0.05773733591502346
KOAc,X-Phos,BuCN,0.1,120,-1.6,-2.1,-1.8,-0.9,PENDING,PENDING,0.0,33.81272614425308,12.4126882757399,1.1571331941485402e-07,0.0435286581841158,0.01315736622175496,0.06428063147565569
KOAc,X-Phos,BuCN,0.1,105,-1.6,-2.1,-1.8,-0.9,PENDING,PENDING,0.0,26.688073053679915,11.49553109661364,1.732242635659594e-10,0.04428810028085079,0.011813339896934396,0.06504007231805672
KOAc,X-Phos,BuCN,0.1,90,-1.6,-2.1,-1.8,-0.9,PENDING,PENDING,0.0,18.230837054102494,11.297823430470695,3.901592740752674e-13,0.04508596895399894,0.011354973489956073,0.06583794096022157
KOAc,X-Phos,BuCN,0.057,120,-1.6,-2.1,-1.8,-0.9,PENDING,PENDING,0.0,31.896749609866795,13.001258503679146,2.047172761621072e-07,0.05020144729241239,0.013780412088577365,0.07095341962061315
KOAc,X-Phos,BuCN,0.057,105,-1.6,-2.1,-1.8,-0.9,PENDING,PENDING,0.0,24.618911726171728,12.108169185162616,4.928592414252858e-10,0.05098021982475571,0.01253043674079465,0.07173219183549473
KOAc,X-Phos,BuCN,0.057,90,-1.6,-2.1,-1.8,-0.9,PENDING,PENDING,0.0,16.241277129865686,11.942001483184693,2.1347906406424882e-12,0.05178560618887129,0.012138108150929985,0.0725375781910786
KOAc,PPhtBu2,p-Xylene,0.153,120,5.7,-2.2,0.0,1.3,PENDING,PENDING,0.0,-6.945073549542144,26.04823607878156,0.0001198181793277491,0.04462916517740766,0.023970024174975325,0.06540434549979457
KOAc,PPhtBu2,p-Xylene,0.153,105,5.7,-2.2,0.0,1.3,PENDING,PENDING,0.0,-8.531241099068794,26.89739848856503,0.00016973777641937334,0.04562816388960291,0.023985911386972866,0.06640048891886993
KOAc,PPhtBu2,p-Xylene,0.153,90,5.7,-2.2,0.0,1.3,PENDING,PENDING,0.0,-8.030364751894666,29.084865009521547,0.0007298848633929354,0.04665488829302511,0.02452744292113166,0.06742904599723223
KOAc,PPhtBu2,p-Xylene,0.1,120,5.7,-2.2,0.0,1.3,PENDING,PENDING,0.0,-7.241848208817061,26.16981975459849,0.00012464037549353955,0.052713029659359166,0.02427264346589655,0.07347344129803174
KOAc,PPhtBu2,p-Xylene,0.1,105,5.7,-2.2,0.0,1.3,PENDING,PENDING,0.0,-8.914226306538644,26.986416823958745,0.00016961371937731324,0.05373664611502543,0.02427811089986634,0.074495896495154
KOAc,PPhtBu2,p-Xylene,0.1,90,5.7,-2.2,0.0,1.3,PENDING,PENDING,0.0,-8.478372938180044,29.12831930044557,0.0007015597455586522,0.05477371073417293,0.02480208715169592,0.07553375690780391
KOAc,PPhtBu2,p-Xylene,0.057,120,5.7,-2.2,0.0,1.3,PENDING,PENDING,0.0,-7.289477158302873,26.457039959297376,0.00015261551228138099,0.05935967065918077,0.024992123083940405,0.08011617922406428
KOAc,PPhtBu2,p-Xylene,0.057,105,5.7,-2.2,0.0,1.3,PENDING,PENDING,0.0,-9.02285025765503,27.22793451840563,0.00019706445734792152,0.06040014358519276,0.024989038958267637,0.08115599290101322
KOAc,PPhtBu2,p-Xylene,0.057,90,5.7,-2.2,0.0,1.3,PENDING,PENDING,0.0,-8.64773615016896,29.292610336791775,0.0007512486341576911,0.06144244609428685,0.025492467723645575,0.08219873291704445
KOAc,PPhtBu2,DMAc,0.153,120,-4.3,3.0,-3.4,0.5,PENDING,PENDING,0.0,-2.6530206675292938,17.837988972505407,1.3588557967712283e-08,0.04162310483464746,0.018414327990436002,0.06237675318663685
KOAc,PPhtBu2,DMAc,0.153,105,-4.3,3.0,-3.4,0.5,PENDING,PENDING,0.0,-5.463917533588464,20.083070569143423,2.8547184457768493e-07,0.042396340752984624,0.01857007106999567,0.06314991863923544
KOAc,PPhtBu2,DMAc,0.153,90,-4.3,3.0,-3.4,0.5,PENDING,PENDING,0.0,-6.334085572740818,24.689396319208186,4.495061007286135e-05,0.04321265555590187,0.019363563267492143,0.06396706076979723
KOAc,PPhtBu2,DMAc,0.1,120,-4.3,3.0,-3.4,0.5,PENDING,PENDING,0.0,-3.1628510329397557,18.15264036898155,2.1282215417326864e-08,0.04975412018108677,0.01880570056848801,0.07050648903484279
KOAc,PPhtBu2,DMAc,0.1,105,-4.3,3.0,-3.4,0.5,PENDING,PENDING,0.0,-6.093673991065074,20.32814716268753,3.4580279869999345e-07,0.050552012657316084,0.018951780980167077,0.07130436297373692
KOAc,PPhtBu2,DMAc,0.1,90,-4.3,3.0,-3.4,0.5,PENDING,PENDING,0.0,-7.042734752562545,24.830687173952818,4.434820129119274e-05,0.051378518792946394,0.01972213775691138,0.0721311007609196
KOAc,PPhtBu2,DMAc,0.057,120,-4.3,3.0,-3.4,0.5,PENDING,PENDING,0.0,-3.3890942045433157,18.83214352267363,6.889433413907336e-08,0.05645461954952885,0.019699898995253477,0.07720679238650839
KOAc,PPhtBu2,DMAc,0.057,105,-4.3,3.0,-3.4,0.5,PENDING,PENDING,0.0,-6.40170879551701,20.86895549139176,6.880056759350782e-07,0.05727014737573842,0.0198335657718002,0.07802230900339509
KOAc,PPhtBu2,DMAc,0.057,90,-4.3,3.0,-3.4,0.5,PENDING,PENDING,0.0,-7.418407669060251,25.16067751860311,5.460108416755491e-05,0.05810233737539879,0.020568182887920495,0.07885461252572823
KOAc,PPhtBu2,BuOAc,0.153,120,1.6,0.1,-0.8,-1.9,PENDING,PENDING,0.0,-7.358893860218323,23.483620263105983,1.192180240477508e-05,0.05620061663418523,0.02208664641039963,0.07695396433347991
KOAc,PPhtBu2,BuOAc,0.153,105,1.6,0.1,-0.8,-1.9,PENDING,PENDING,0.0,-9.463261130418836,24.683346473337178,2.443315961639565e-05,0.05723122731197334,0.022259183484049764,0.0779844834693145
KOAc,PPhtBu2,BuOAc,0.153,90,1.6,0.1,-0.8,-1.9,PENDING,PENDING,0.0,-9.379837857822807,27.53777513664477,0.00022956223764747895,0.058266286893398196,0.022979750579301596,0.07901997162171787
KOAc,PPhtBu2,BuOAc,0.1,120,1.6,0.1,-0.8,-1.9,PENDING,PENDING,0.0,-7.729800830384384,23.65520698849283,1.3089495823519432e-05,0.06440313719690105,0.022340853067699454,0.08515547116950169
KOAc,PPhtBu2,BuOAc,0.1,105,1.6,0.1,-0.8,-1.9,PENDING,PENDING,0.0,-9.934394988837859,24.815527461926543,2.5114634913232575e-05,0.06545894759127602,0.022497225688267248,0.08621125363969605
KOAc,PPhtBu2,BuOAc,0.1,90,1.6,0.1,-0.8,-1.9,PENDING,PENDING,0.0,-9.922872097559846,27.610217160893747,0.0002209626518014764,0.0665044097391908,0.023195632967220662,0.08725684600406051
KOAc,PPhtBu2,BuOAc,0.057,120,1.6,0.1,-0.8,-1.9,PENDING,PENDING,0.0,-7.827627472970228,24.041602207117126,1.8661203878247187e-05,0.07112633946016908,0.023057466198764,0.09187848771192135
KOAc,PPhtBu2,BuOAc,0.057,105,1.6,0.1,-0.8,-1.9,PENDING,PENDING,0.0,-10.100931906961975,25.138614348929874,3.237397331331475e-05,0.07219925778063846,0.02319692186296947,0.09295139042548413
KOAc,PPhtBu2,BuOAc,0.057,90,1.6,0.1,-0.8,-1.9,PENDING,PENDING,0.0,-10.154119468985535,27.82476674135519,0.0002456671913809022,0.07324989180513304,0.023865821840123144,0.09400208712416738
KOAc,PPhtBu2,BuCN,0.153,120,-1.6,-2.1,-1.8,-0.9,PENDING,PENDING,0.0,-6.544844547040327,21.293379615907593,1.1709418464921588e-06,0.05140387385550253,0.021515214564902033,0.07215807584468878
KOAc,PPhtBu2,BuCN,0.153,105,-1.6,-2.1,-1.8,-0.9,PENDING,PENDING,0.0,-8.877904421106365,22.865335422568307,4.457382984299332e-06,0.052344891548193745,0.02159252910217745,0.07309884473310224
KOAc,PPhtBu2,BuCN,0.153,90,-1.6,-2.1,-1.8,-0.9,PENDING,PENDING,0.0,-9.047666220743906,26.36874181242141,0.00010589567551496032,0.05330224664695791,0.02222714303915466,0.07405672542078029
KOAc,PPhtBu2,BuCN,0.1,120,-1.6,-2.1,-1.8,-0.9,PENDING,PENDING,0.0,-6.962190327875767,21.518746181216706,1.410792900128484e-06,0.05958208194662911,0.021866170624311565,0.08033468554351843
KOAc,PPhtBu2,BuCN,0.1,105,-1.6,-2.1,-1.8,-0.9,PENDING,PENDING,0.0,-9.403787337434153,23.042178195242798,4.817497988880335e-06,0.06054822578384397,0.02193071455820484,0.08130074961433863
KOAc,PPhtBu2,BuCN,0.1,90,-1.6,-2.1,-1.8,-0.9,PENDING,PENDING,0.0,-9.649486563119801,26.470127231814256,0.0001030036497021347,0.061516019475711906,0.02254321551485373,0.08226871200835874
KOAc,PPhtBu2,BuCN,0.057,120,-1.6,-2.1,-1.8,-0.9,PENDING,PENDING,0.0,-7.097068184517745,22.008194716868186,2.500800255148599e-06,0.06629638451097994,0.022658291565807002,0.08704867923224505
KOAc,PPhtBu2,BuCN,0.057,105,-1.6,-2.1,-1.8,-0.9,PENDING,PENDING,0.0,-9.613204232500877,23.445798860278938,7.092426042459632e-06,0.06727990789862397,0.02271088418907473,0.08803215884688562
KOAc,PPhtBu2,BuCN,0.057,90,-1.6,-2.1,-1.8,-0.9,PENDING,PENDING,0.0,-9.926682470907899,26.73058581501559,0.00011916319760819742,0.06825315285204231,0.02329598083611309,0.08900548810434333
KOAc,PPhMe2,p-Xylene,0.153,120,5.7,-2.2,0.0,1.3,PENDING,PENDING,0.0,-0.09935835805019977,18.0531444607621,4.811304196120726e-08,0.03558523026421148,0.01829820424278421,0.05634248081089348
KOAc,PPhMe2,p-Xylene,0.153,105,5.7,-2.2,0.0,1.3,PENDING,PENDING,0.0,0.13177339719340253,15.48667901383322,1.4082308280400952e-10,0.0362744566137861,0.01773709805555298,0.05702953513747015
KOAc,PPhMe2,p-Xylene,0.153,90,5.7,-2.2,0.0,1.3,PENDING,PENDING,0.0,1.3626672488215554,16.56599206170985,3.7117141408520718e-09,0.03699863580367417,0.017685992528602233,0.05775317413320326
KOAc,PPhMe2,p-Xylene,0.1,120,5.7,-2.2,0.0,1.3,PENDING,PENDING,0.0,-0.20333105170697507,17.298806596543113,1.049447480414763e-08,0.044543515139244295,0.01810244040074996,0.0652961752536159
KOAc,PPhMe2,p-Xylene,0.1,105,5.7,-2.2,0.0,1.3,PENDING,PENDING,0.0,-0.05770200539221548,14.526972739837905,6.31386974241071e-12,0.04526251808685142,0.01753193758881105,0.06601483566804059
KOAc,PPhMe2,p-Xylene,0.1,90,5.7,-2.2,0.0,1.3,PENDING,PENDING,0.0,1.0714893201594151,15.922542982825863,6.861791199362964e-10,0.04599716070249097,0.01748161121106503,0.06674940806639823
KOAc,PPhMe2,p-Xylene,0.057,120,5.7,-2.2,0.0,1.3,PENDING,PENDING,0.0,-0.16384105916620584,17.129993401718945,7.433877570800405e-09,0.05190539470470205,0.018468301508950714,0.0726575430292823
KOAc,PPhMe2,p-Xylene,0.057,105,5.7,-2.2,0.0,1.3,PENDING,PENDING,0.0,-0.10230881029184502,14.318305933903947,2.958215912053291e-12,0.052646663129500504,0.017908616739348713,0.07339871745127524
KOAc,PPhMe2,p-Xylene,0.057,90,5.7,-2.2,0.0,1.3,PENDING,PENDING,0.0,0.9326206269001389,15.907821975705286,6.239303129990792e-10,0.053388041512643605,0.017868701175738497,0.07414007875808593
KOAc,PPhMe2,DMAc,0.153,120,-4.3,3.0,-3.4,0.5,PENDING,PENDING,0.0,-0.3395120523769428,15.525973872329288,1.28421788055957e-10,0.032331838363036935,0.014819089903413197,0.05308443358297013
KOAc,PPhMe2,DMAc,0.153,105,-4.3,3.0,-3.4,0.5,PENDING,PENDING,0.0,-1.248045108043467,16.34650038703605,7.96602947019538e-10,0.03277890277838244,0.014869555013537369,0.05353145626578395
KOAc,PPhMe2,DMAc,0.153,90,-4.3,3.0,-3.4,0.5,PENDING,PENDING,0.0,-0.7594198574074085,18.953026382864046,1.8767828540789276e-07,0.03327896818233486,0.015454860379494733,0.054031858309476585
KOAc,PPhMe2,DMAc,0.1,120,-4.3,3.0,-3.4,0.5,PENDING,PENDING,0.0,-0.6671612353962324,15.367448653084521,7.003928857467996e-11,0.04133644170161485,0.01469789031257742,0.06208845167141706
KOAc,PPhMe2,DMAc,0.1,105,-4.3,3.0,-3.4,0.5,PENDING,PENDING,0.0,-1.7045820199973498,16.153201170038994,4.036303609508707e-10,0.04181332881802507,0.014743863684406186,0.06256533565935711
KOAc,PPhMe2,DMAc,0.1,90,-4.3,3.0,-3.4,0.5,PENDING,PENDING,0.0,-1.3318128048885356,18.862289682445372,1.3601321461956725e-07,0.04232375744468679,0.015333443218858829,0.06307579527026737
KOAc,PPhMe2,DMAc,0.057,120,-4.3,3.0,-3.4,0.5,PENDING,PENDING,0.0,-0.7594187508232473,15.758685351851662,2.065300722483127e-10,0.048754079601177995,0.015188343415137414,0.06950605884049879
KOAc,PPhMe2,DMAc,0.057,105,-4.3,3.0,-3.4,0.5,PENDING,PENDING,0.0,-1.9104006374679265,16.45748837430664,8.095664015305813e-10,0.049254171304436385,0.015225833554994548,0.07000614982291248
KOAc,PPhMe2,DMAc,0.057,90,-4.3,3.0,-3.4,0.5,PENDING,PENDING,0.0,-1.6510247263241205,19.144922163073343,1.9679447403765785e-07,0.04977191391947929,0.01580207645543031,0.07052389906204454
KOAc,PPhMe2,BuOAc,0.153,120,1.6,0.1,-0.8,-1.9,PENDING,PENDING,0.0,-0.847052209220923,14.572747393589966,5.015397295896203e-12,0.04821559107573923,0.015865104875117778,0.06896758609927306
KOAc,PPhMe2,BuOAc,0.153,105,1.6,0.1,-0.8,-1.9,PENDING,PENDING,0.0,-0.9417270628439383,11.63441865342269,3.0951463682594964e-18,0.04893509475399629,0.015464902823783135,0.069687077171747
KOAc,PPhMe2,BuOAc,0.153,90,1.6,0.1,-0.8,-1.9,PENDING,PENDING,0.0,0.014207857204141305,13.581469273639271,1.7969680576408602e-13,0.04965878289187843,0.015633285985563954,0.07041076553943382
KOAc,PPhMe2,BuOAc,0.1,120,1.6,0.1,-0.8,-1.9,PENDING,PENDING,0.0,-1.003946127952421,13.573442669966733,9.790494942524664e-14,0.057323824364324746,0.01548128331851741,0.07807579702014272
KOAc,PPhMe2,BuOAc,0.1,105,1.6,0.1,-0.8,-1.9,PENDING,PENDING,0.0,-1.1964360455677294,10.219972905654016,2.4950127197929088e-23,0.05807418427492097,0.015064127478171823,0.078826156500363
KOAc,PPhMe2,BuOAc,0.1,90,1.6,0.1,-0.8,-1.9,PENDING,PENDING,0.0,-0.356616884257825,12.760255936798826,3.2824924610512508e-15,0.05880824153300428,0.015236971674694195,0.07956021377570324
KOAc,PPhMe2,BuOAc,0.057,120,1.6,0.1,-0.8,-1.9,PENDING,PENDING,0.0,-0.9968371799953992,13.383065599266713,4.281117485903979e-14,0.06478090238409472,0.015774431169760263,0.08553287446468051
KOAc,PPhMe2,BuOAc,0.057,105,1.6,0.1,-0.8,-1.9,PENDING,PENDING,0.0,-1.2845961131965709,9.926497352347663,1.1145511963629844e-24,0.0655541579793303,0.015360811148663753,0.08630613000419579
KOAc,PPhMe2,BuOAc,0.057,90,1.6,0.1,-0.8,-1.9,PENDING,PENDING,0.0,-0.5501150414032523,12.774071117933959,3.1135908729737445e-15,0.06629491933599185,0.01553896462452572,0.08704689136377579
KOAc,PPhMe2,BuCN,0.153,120,-1.6,-2.1,-1.8,-0.9,PENDING,PENDING,0.0,-1.2089898789810825,14.9080154339161,1.3040831624965878e-11,0.04224504213374317,0.01572159643319922,0.06299712301647907
KOAc,PPhMe2,BuCN,0.153,105,-1.6,-2.1,-1.8,-0.9,PENDING,PENDING,0.0,-1.4874852256309303,12.764418074660414,1.6306906030450634e-15,0.042861819073120005,0.015018504341606244,0.06361382787286744
KOAc,PPhMe2,BuCN,0.153,90,-1.6,-2.1,-1.8,-0.9,PENDING,PENDING,0.0,-0.5881441738783053,14.151414487882075,1.247181882606693e-12,0.04350251074977229,0.014859564993272097,0.06425450679971845
KOAc,PPhMe2,BuCN,0.1,120,-1.6,-2.1,-1.8,-0.9,PENDING,PENDING,0.0,-1.4205686693806072,14.245163713250287,1.1513760216273318e-12,0.05132419986787928,0.015547158209485315,0.07207617736825109
KOAc,PPhMe2,BuCN,0.1,105,-1.6,-2.1,-1.8,-0.9,PENDING,PENDING,0.0,-1.810328136690682,11.921984890432475,1.0521469553176614e-17,0.05197175039085229,0.014833126858953697,0.07272372372041512
KOAc,PPhMe2,BuCN,0.1,90,-1.6,-2.1,-1.8,-0.9,PENDING,PENDING,0.0,-1.030226269439158,13.678013492525277,1.501664113236905e-13,0.05262296224334934,0.014674794801655485,0.07337493502761296
KOAc,PPhMe2,BuCN,0.057,120,-1.6,-2.1,-1.8,-0.9,PENDING,PENDING,0.0,-1.44200268318831,14.282739713276955,1.3102634860362414e-12,0.058775288326697005,0.015983047230140168,0.07952726129968353
KOAc,PPhMe2,BuCN,0.057,105,-1.6,-2.1,-1.8,-0.9,PENDING,PENDING,0.0,-1.9371807504834386,11.95281835123153,1.1651850491207577e-17,0.05944618849540271,0.015289629937119954,0.08019816070871498
KOAc,PPhMe2,BuCN,0.057,90,-1.6,-2.1,-1.8,-0.9,PENDING,PENDING,0.0,-1.2691730322731445,13.905221521210178,3.339932170532186e-13,0.060104511214695906,0.015148752307478145,0.08085648334036022
KOAc,PPh3,p-Xylene,0.153,120,5.7,-2.2,0.0,1.3,PENDING,PENDING,0.0,13.07195820303727,8.463104111772166,4.848968236858029e-25,0.026081288391470878,0.013487706455574898,0.0468341407687868
KOAc,PPh3,p-Xylene,0.153,105,5.7,-2.2,0.0,1.3,PENDING,PENDING,0.0,5.32998504932862,9.12273930939139,1.6907172092000603e-25,0.026443839197512087,0.01325263500323916,0.0471964176356624
KOAc,PPh3,p-Xylene,0.153,90,5.7,-2.2,0.0,1.3,PENDING,PENDING,0.0,-1.4015644817997988,11.157227182091438,7.060525866259597e-20,0.02687392862087215,0.013270368910257499,0.04762644360316269
KOAc,PPh3,p-Xylene,0.1,120,5.7,-2.2,0.0,1.3,PENDING,PENDING,0.0,12.248756609565266,8.932830841939342,4.920884143045618e-23,0.03451127362263941,0.013430656497442975,0.055263302991537186
KOAc,PPh3,p-Xylene,0.1,105,5.7,-2.2,0.0,1.3,PENDING,PENDING,0.0,4.250752557375524,8.933014742178257,4.301340548094564e-27,0.03490366585862194,0.013152002013926696,0.055655670685086776
KOAc,PPh3,p-Xylene,0.1,90,5.7,-2.2,0.0,1.3,PENDING,PENDING,0.0,-2.6541213235830767,10.484118251581856,7.708644203626454e-23,0.03534748769273101,0.01313452387570655,0.056099486969791126
KOAc,PPh3,p-Xylene,0.057,120,5.7,-2.2,0.0,1.3,PENDING,PENDING,0.0,11.65144156805204,10.029718285368096,8.34483142370877e-19,0.041471565820207466,0.014110329623954452,0.06222355299568216
KOAc,PPh3,p-Xylene,0.057,105,5.7,-2.2,0.0,1.3,PENDING,PENDING,0.0,3.525920059473183,9.501639163304779,1.806757772470664e-24,0.04188839476931167,0.01380938718571735,0.06264037479961054
KOAc,PPh3,p-Xylene,0.057,90,5.7,-2.2,0.0,1.3,PENDING,PENDING,0.0,-3.451707857582015,10.574728630940696,8.447513315047365e-23,0.042343299446992194,0.013774404743948934,0.06309527787232676
KOAc,PPh3,DMAc,0.1,120,-4.3,3.0,-3.4,0.5,PENDING,PENDING,0.0,48.183406355542736,5.232713227944804,1.517797872894094e-23,0.03014880706144843,0.004027172746617444,0.05090077906144843
KOAc,PPh3,DMAc,0.1,105,-4.3,3.0,-3.4,0.5,PENDING,PENDING,0.0,31.575289859119067,4.896850578379393,6.808876129345248e-45,0.030238281229171785,0.00380703179657521,0.050990253229171785
KOAc,PPh3,DMAc,0.1,90,-4.3,3.0,-3.4,0.5,PENDING,PENDING,0.0,12.950607916429524,5.5394914063642124,3.630057858503716e-56,0.030406201874832298,0.003968790782270655,0.0511581738748323
KOAc,PPh3,DMAc,0.057,120,-4.3,3.0,-3.4,0.5,PENDING,PENDING,0.0,46.28944103697677,6.782907695512833,1.2550459515073772e-15,0.03717692681347985,0.006789440182164382,0.05792889881347985
KOAc,PPh3,DMAc,0.057,105,-4.3,3.0,-3.4,0.5,PENDING,PENDING,0.0,29.662462891253384,6.510800546206504,1.356782607322353e-27,0.037294515648917656,0.00663531812739416,0.058046487648917656
KOAc,PPh3,DMAc,0.057,90,-4.3,3.0,-3.4,0.5,PENDING,PENDING,0.0,11.204276067421084,7.104243311091152,2.976464928556186e-36,0.03747637717480628,0.006737862128310155,0.05822834917480628
KOAc,PPh3,BuOAc,0.153,120,1.6,0.1,-0.8,-1.9,PENDING,PENDING,0.0,20.681947133675774,9.53103739279297,5.710049950177516e-17,0.037972405047163114,0.008924653494284254,0.05872437704719369
KOAc,PPh3,BuOAc,0.153,105,1.6,0.1,-0.8,-1.9,PENDING,PENDING,0.0,9.600482863776222,9.435901613339562,5.677165856930468e-22,0.03835330165197463,0.008643266230381632,0.059105273651979505
KOAc,PPh3,BuOAc,0.153,90,1.6,0.1,-0.8,-1.9,PENDING,PENDING,0.0,-0.9753909352633343,10.045469506968466,5.3650834532468494e-24,0.038777205853146327,0.008680418322018595,0.05952917785315058
KOAc,PPh3,BuOAc,0.1,120,1.6,0.1,-0.8,-1.9,PENDING,PENDING,0.0,19.52052034996116,9.968601030759393,4.80724025773156e-16,0.046533204403151486,0.008157222001628573,0.06728517640315147
KOAc,PPh3,BuOAc,0.1,105,1.6,0.1,-0.8,-1.9,PENDING,PENDING,0.0,8.106972466134959,9.460118026299114,1.5340110333135215e-22,0.04694502920265551,0.007757011463116267,0.06769700120265551
KOAc,PPh3,BuOAc,0.1,90,1.6,0.1,-0.8,-1.9,PENDING,PENDING,0.0,-2.6640380156384076,9.628375284971883,8.366106962189066e-27,0.04738303599366345,0.00772535715747694,0.06813500799366345
KOAc,PPh3,BuOAc,0.057,120,1.6,0.1,-0.8,-1.9,PENDING,PENDING,0.0,18.539125346662146,10.861152061208546,5.109970724401552e-14,0.053578422311491014,0.008692317752055107,0.07433039431149102
KOAc,PPh3,BuOAc,0.057,105,1.6,0.1,-0.8,-1.9,PENDING,PENDING,0.0,7.009288578616484,10.057374865565986,1.4812923335150657e-20,0.05401563102704807,0.008243432086039046,0.07476760302704807
KOAc,PPh3,BuOAc,0.057,90,1.6,0.1,-0.8,-1.9,PENDING,PENDING,0.0,-3.7759461423181087,9.933147902477202,8.615212699433474e-26,0.054465190757118115,0.00817414200856914,0.07521716275711812
KOAc,PPh3,BuCN,0.153,120,-1.6,-2.1,-1.8,-0.9,PENDING,PENDING,0.0,29.73588690837745,8.49766775826621,8.188270856494523e-17,0.032677464603209,0.00975872195176847,0.05342943663994107
KOAc,PPh3,BuCN,0.153,105,-1.6,-2.1,-1.8,-0.9,PENDING,PENDING,0.0,16.83565523416955,8.720433712702071,8.157679485590271e-22,0.03294970443131376,0.009554186753354416,0.05370167644658266
KOAc,PPh3,BuCN,0.153,90,-1.6,-2.1,-1.8,-0.9,PENDING,PENDING,0.0,3.5674410320069825,9.464482643825358,1.2479809732697765e-24,0.03328050598388606,0.009578116380899454,0.05403247799743362
KOAc,PPh3,BuCN,0.1,120,-1.6,-2.1,-1.8,-0.9,PENDING,PENDING,0.0,28.361543603580404,9.077983814884407,1.9757514118603876e-15,0.04121222194633961,0.009783985183977367,0.06196419394651679
KOAc,PPh3,BuCN,0.1,105,-1.6,-2.1,-1.8,-0.9,PENDING,PENDING,0.0,15.099433090746208,9.004516390546769,2.3780153333177684e-21,0.041515496939759304,0.00952378706808358,0.06226746893980277
KOAc,PPh3,BuCN,0.1,90,-1.6,-2.1,-1.8,-0.9,PENDING,PENDING,0.0,1.636773472466583,9.40813617209388,7.60610982706048e-26,0.04186062120129549,0.009501640647755953,0.06261259320132595
KOAc,PPh3,BuCN,0.057,120,-1.6,-2.1,-1.8,-0.9,PENDING,PENDING,0.0,27.07860323025139,10.079447355836601,3.612801951433463e-13,0.04825005597955318,0.010731584635041,0.06900202797965518
KOAc,PPh3,BuCN,0.057,105,-1.6,-2.1,-1.8,-0.9,PENDING,PENDING,0.0,13.719756752819668,9.779234891395047,7.195064108454525e-19,0.04857949170130859,0.010448085666652826,0.06933146370133296
KOAc,PPh3,BuCN,0.057,90,-1.6,-2.1,-1.8,-0.9,PENDING,PENDING,0.0,0.29744349751076626,9.97384706462521,9.389050721006771e-24,0.04893688040035134,0.010405894982328709,0.0696888524003672
KOAc,PPh2Me,p-Xylene,0.153,120,5.7,-2.2,0.0,1.3,PENDING,PENDING,0.0,-0.3184613885865488,10.521778846996613,9.712379333154414e-22,0.02149511081143471,0.00634335190453662,0.04224708281144721
KOAc,PPh2Me,p-Xylene,0.153,105,5.7,-2.2,0.0,1.3,PENDING,PENDING,0.0,-0.8849409659830698,7.690044806892132,1.0318503351368998e-39,0.02281210454638531,0.0035663152754302936,0.04356407654638531
KOAc,PPh2Me,p-Xylene,0.1,120,5.7,-2.2,0.0,1.3,PENDING,PENDING,0.0,-0.7481322080830992,11.18357810328959,1.4800801368509605e-19,0.029641679070763385,0.007654225519967403,0.050393651070788935
KOAc,PPh2Me,p-Xylene,0.1,105,5.7,-2.2,0.0,1.3,PENDING,PENDING,0.0,-1.432482255079794,8.589049690709846,1.6288156811935636e-32,0.03098180386809357,0.005493406129139411,0.05173377586809357
KOAc,PPh2Me,p-Xylene,0.1,90,5.7,-2.2,0.0,1.3,PENDING,PENDING,0.0,-0.7265699391737073,6.816618851336152,7.178247501582278e-50,0.032383103275278186,0.0044850613801334085,0.053135075275278186
KOAc,PPh2Me,p-Xylene,0.057,120,5.7,-2.2,0.0,1.3,PENDING,PENDING,0.0,-0.9681412136488525,12.51548970274459,6.134549210642487e-16,0.036386810343804754,0.009828556571514813,0.05713878234870642
KOAc,PPh2Me,p-Xylene,0.057,105,5.7,-2.2,0.0,1.3,PENDING,PENDING,0.0,-1.7501616137319154,10.302410760973354,3.245923713821663e-23,0.037740042219163605,0.00822706079375116,0.05849201421916426
KOAc,PPh2Me,p-Xylene,0.057,90,5.7,-2.2,0.0,1.3,PENDING,PENDING,0.0,-1.1187949403453317,9.00244950755085,1.419474343003217e-29,0.03914234914732633,0.007565869293258471,0.05989432114732633
KOAc,PPh2Me,DMAc,0.153,120,-4.3,3.0,-3.4,0.5,PENDING,PENDING,0.0,3.837955561125888,11.86449529987228,4.2857237528064846e-16,0.020446356145951097,0.005892094893155474,0.041198328145952194
KOAc,PPh2Me,DMAc,0.153,105,-4.3,3.0,-3.4,0.5,PENDING,PENDING,0.0,2.594655969752484,8.361642944211365,1.0732750255239865e-31,0.02151332171442434,0.003341623289845835,0.04226529371442434
KOAc,PPh2Me,DMAc,0.1,120,-4.3,3.0,-3.4,0.5,PENDING,PENDING,0.0,3.1648889005409977,12.388555002981208,4.7222379558156786e-15,0.02863455363259844,0.007134122469297305,0.04938652563260064
KOAc,PPh2Me,DMAc,0.1,105,-4.3,3.0,-3.4,0.5,PENDING,PENDING,0.0,1.7473698030510363,9.157323408616534,3.8971363112357724e-27,0.029724903392073565,0.00517296823650073,0.050476875392073565
KOAc,PPh2Me,DMAc,0.1,90,-4.3,3.0,-3.4,0.5,PENDING,PENDING,0.0,1.5479522986723708,6.818843415189826,1.0437093521785395e-47,0.030881952848272207,0.004306914611903064,0.05163392484827221
KOAc,PPh2Me,DMAc,0.057,120,-4.3,3.0,-3.4,0.5,PENDING,PENDING,0.0,2.752788165838826,13.478692190936089,5.405105364236668e-13,0.03542057510400885,0.009208828479581918,0.056172547104772
KOAc,PPh2Me,DMAc,0.057,105,-4.3,3.0,-3.4,0.5,PENDING,PENDING,0.0,1.1832244446000217,10.705104448705534,1.8004000372397422e-20,0.036525337418646706,0.00777295396624467,0.057277309418646796
KOAc,PPh2Me,DMAc,0.057,90,-4.3,3.0,-3.4,0.5,PENDING,PENDING,0.0,0.8732559603075849,8.9767980516107,1.2079580884055868e-28,0.037684548473035734,0.007220062426028298,0.05843652047303573
KOAc,PPh2Me,BuOAc,0.153,105,1.6,0.1,-0.8,-1.9,PENDING,PENDING,0.0,-1.3257350156944625,7.0612112709543995,3.8534985575209777e-47,0.032079612596290205,0.003393018072214029,0.052831584596290206
KOAc,PPh2Me,BuOAc,0.153,90,1.6,0.1,-0.8,-1.9,PENDING,PENDING,0.0,-0.9474358035962638,8.930343547210471,6.234752643802289e-30,0.033500669060638116,0.006037334216670201,0.05425264106063812
KOAc,PPh2Me,BuOAc,0.1,120,1.6,0.1,-0.8,-1.9,PENDING,PENDING,0.0,-0.8407809866421694,6.820430721603158,6.328350692988385e-50,0.03901251122880143,0.004388923681010986,0.05976448322880143
KOAc,PPh2Me,BuOAc,0.1,105,1.6,0.1,-0.8,-1.9,PENDING,PENDING,0.0,-1.9899276889022808,7.998506679838777,1.2935476970216056e-37,0.04038528665783624,0.0050724242956305095,0.061137258657836244
KOAc,PPh2Me,BuOAc,0.1,90,1.6,0.1,-0.8,-1.9,PENDING,PENDING,0.0,-1.701508693388547,9.648489420986106,3.1161289833929037e-26,0.041814449466202344,0.00701295331017223,0.06256642146620234
KOAc,PPh2Me,BuOAc,0.057,120,1.6,0.1,-0.8,-1.9,PENDING,PENDING,0.0,-1.1363302089014482,8.998918703734434,1.3199648210507838e-29,0.04586457284288401,0.007388538766009258,0.06661654484288401
KOAc,PPh2Me,BuOAc,0.057,105,1.6,0.1,-0.8,-1.9,PENDING,PENDING,0.0,-2.3963068901387423,9.7734327280055,6.211210258509715e-26,0.047250638545200487,0.007733731484155445,0.06800261054520049
KOAc,PPh2Me,BuOAc,0.057,90,1.6,0.1,-0.8,-1.9,PENDING,PENDING,0.0,-2.188267305711264,11.122956658165664,2.802514028667376e-20,0.04867962775803959,0.009064927541860758,0.0694315997580396
KOAc,PPh2Me,BuCN,0.153,120,-1.6,-2.1,-1.8,-0.9,PENDING,PENDING,0.0,0.3405610421352989,8.880762282543824,1.581747088121494e-29,0.027080488290306834,0.007613060085671024,0.04783246029049901
KOAc,PPh2Me,BuCN,0.153,105,-1.6,-2.1,-1.8,-0.9,PENDING,PENDING,0.0,-0.7198093165895756,8.562081395459062,2.8146119885285454e-32,0.028332803371363596,0.006784702228796626,0.04908477537136381
KOAc,PPh2Me,BuCN,0.153,90,-1.6,-2.1,-1.8,-0.9,PENDING,PENDING,0.0,-0.4231461967376582,8.83907338998945,3.19994619007395e-30,0.029660528431426914,0.007077945898924101,0.05041250043142742
KOAc,PPh2Me,BuCN,0.1,120,-1.6,-2.1,-1.8,-0.9,PENDING,PENDING,0.0,-0.23768458081551103,9.65739541672207,1.731207738911555e-25,0.035329456963723624,0.008619688744760311,0.056081428963772516
KOAc,PPh2Me,BuCN,0.1,105,-1.6,-2.1,-1.8,-0.9,PENDING,PENDING,0.0,-1.4507934931444133,9.32232588588827,7.367510177106443e-28,0.03660544285246835,0.007825529823996365,0.05735741485246847
KOAc,PPh2Me,BuCN,0.1,90,-1.6,-2.1,-1.8,-0.9,PENDING,PENDING,0.0,-1.253100310814272,9.566905986797291,1.9512116317911965e-26,0.03794161300370315,0.008006743777981377,0.058693585003703266
KOAc,PPh2Me,BuCN,0.057,120,-1.6,-2.1,-1.8,-0.9,PENDING,PENDING,0.0,-0.5691119890739031,11.171470497484236,1.566442780243699e-19,0.042158354367765195,0.010442481011486138,0.06291032636916402
KOAc,PPh2Me,BuCN,0.057,105,-1.6,-2.1,-1.8,-0.9,PENDING,PENDING,0.0,-1.9094819772408265,10.817118026466165,2.9686303705421333e-21,0.04344806281484909,0.009752702494966388,0.06420003481488187
KOAc,PPh2Me,BuCN,0.057,90,-1.6,-2.1,-1.8,-0.9,PENDING,PENDING,0.0,-1.8041336278537052,11.041357687028254,2.040603074904087e-20,0.04478493544056672,0.009864257938989653,0.06553690744058847
KOAc,PCy3 HBF4,p-Xylene,0.153,120,5.7,-2.2,0.0,1.3,PENDING,PENDING,0.0,1.599473421335329,16.408295046046685,2.8124993853256995e-09,0.023600385575711577,0.01268231215986765,0.04435310760605098
KOAc,PCy3 HBF4,p-Xylene,0.153,105,5.7,-2.2,0.0,1.3,PENDING,PENDING,0.0,-0.22467504452311005,11.868786721741799,2.4026504988442553e-17,0.02410939467954791,0.011074630040400164,0.044861429774996804
KOAc,PCy3 HBF4,p-Xylene,0.153,90,5.7,-2.2,0.0,1.3,PENDING,PENDING,0.0,-0.48762539940338456,10.581359563256584,1.4066488407291505e-21,0.024704283955775716,0.01044425726241098,0.045456270745926404
KOAc,PCy3 HBF4,p-Xylene,0.1,120,5.7,-2.2,0.0,1.3,PENDING,PENDING,0.0,1.2137250726519575,16.605969790342375,3.846938910022825e-09,0.031506433249281235,0.01266094000142216,0.05225845626996105
KOAc,PCy3 HBF4,p-Xylene,0.1,105,5.7,-2.2,0.0,1.3,PENDING,PENDING,0.0,-0.7297294920994197,11.853965327528417,1.512702937571703e-17,0.03203958672803911,0.010981143283655941,0.05279156034780279
KOAc,PCy3 HBF4,p-Xylene,0.1,90,5.7,-2.2,0.0,1.3,PENDING,PENDING,0.0,-1.0899454137731475,10.165187895721303,1.610769195159542e-23,0.03264553198047636,0.01027450575528139,0.053397504167943755
KOAc,PCy3 HBF4,p-Xylene,0.057,120,5.7,-2.2,0.0,1.3,PENDING,PENDING,0.0,1.033939899554806,17.180601153117205,1.2682151979621502e-08,0.03806078349456269,0.0135492870874163,0.058812775770952945
KOAc,PCy3 HBF4,p-Xylene,0.057,105,5.7,-2.2,0.0,1.3,PENDING,PENDING,0.0,-1.003956472315842,12.54403972211626,6.989175747514137e-16,0.03861308640362982,0.011954512791707245,0.05936505917048745
KOAc,PCy3 HBF4,p-Xylene,0.057,90,5.7,-2.2,0.0,1.3,PENDING,PENDING,0.0,-1.454452865994483,10.745088044893139,2.4166781773775258e-21,0.03922688344064888,0.011275764614497412,0.059978855544373474
KOAc,PCy3 HBF4,DMAc,0.153,105,-4.3,3.0,-3.4,0.5,PENDING,PENDING,0.0,11.300865760914242,13.514965821916444,5.7270198919487685e-11,0.02401631213033867,0.010664628118146231,0.0447683152714386
KOAc,PCy3 HBF4,DMAc,0.153,90,-4.3,3.0,-3.4,0.5,PENDING,PENDING,0.0,6.6649637125797305,15.029031799449871,6.625929067953632e-10,0.024374535660817653,0.010785030246240699,0.04512654119788042
KOAc,PCy3 HBF4,DMAc,0.1,120,-4.3,3.0,-3.4,0.5,PENDING,PENDING,0.0,15.45298193439507,14.558441536159473,8.16509037090554e-09,0.03168761751889347,0.011391238942057305,0.05243959426020945
KOAc,PCy3 HBF4,DMAc,0.1,105,-4.3,3.0,-3.4,0.5,PENDING,PENDING,0.0,10.242717647027131,13.543199394096304,3.6859076006354685e-11,0.031985850018476786,0.010450735566866091,0.05273782245386358
KOAc,PCy3 HBF4,DMAc,0.1,90,-4.3,3.0,-3.4,0.5,PENDING,PENDING,0.0,5.4932365509797165,14.885821976653968,2.6464038732095463e-10,0.032355216246882534,0.010514715601400685,0.05310718867458309
KOAc,PCy3 HBF4,DMAc,0.057,120,-4.3,3.0,-3.4,0.5,PENDING,PENDING,0.0,14.765366820425477,15.1975462987277,2.8140864694473946e-08,0.03827473231036255,0.01220005049018553,0.05902670584412069
KOAc,PCy3 HBF4,DMAc,0.057,105,-4.3,3.0,-3.4,0.5,PENDING,PENDING,0.0,9.436078184691745,14.097378212454492,1.5233221213548106e-10,0.0385930518288998,0.011285508852789575,0.05934502397509019
KOAc,PCy3 HBF4,DMAc,0.057,90,-4.3,3.0,-3.4,0.5,PENDING,PENDING,0.0,4.635976993017284,15.263436627087891,5.261630797044039e-10,0.03897122304235797,0.01131474886051761,0.05972319517348103
KOAc,PCy3 HBF4,BuOAc,0.153,120,1.6,0.1,-0.8,-1.9,PENDING,PENDING,0.0,4.418518932929818,15.598059875196064,1.1685184701816104e-09,0.03482111892988227,0.008089529330826165,0.0555730909298859
KOAc,PCy3 HBF4,BuOAc,0.153,105,1.6,0.1,-0.8,-1.9,PENDING,PENDING,0.0,1.5805644400240055,10.15624188798794,2.0431667602354749e-22,0.035343691101317534,0.00554540612559259,0.056095663101317535
KOAc,PCy3 HBF4,BuOAc,0.153,90,1.6,0.1,-0.8,-1.9,PENDING,PENDING,0.0,0.07163775899982383,6.661397225986814,2.4458671151764988e-51,0.03593377925352381,0.004497536983622417,0.05668575125352381
KOAc,PCy3 HBF4,BuOAc,0.1,120,1.6,0.1,-0.8,-1.9,PENDING,PENDING,0.0,3.879100100511529,15.711906301267593,1.2548831193278371e-09,0.04283849173039742,0.007243328286645562,0.06359046373039742
KOAc,PCy3 HBF4,BuOAc,0.1,105,1.6,0.1,-0.8,-1.9,PENDING,PENDING,0.0,0.8948201906490176,9.931684244034127,1.120247105153112e-23,0.04338540832847535,0.003987754486453593,0.06413738032847535
KOAc,PCy3 HBF4,BuOAc,0.057,120,1.6,0.1,-0.8,-1.9,PENDING,PENDING,0.0,3.5462665408931286,16.24116156848103,4.011236691529323e-09,0.04946787535652219,0.008114995589760155,0.07021984735652219
KOAc,PCy3 HBF4,BuOAc,0.057,105,1.6,0.1,-0.8,-1.9,PENDING,PENDING,0.0,0.45327692801294717,10.614116036180436,4.389106392983239e-21,0.05003453022535853,0.005300586257733593,0.07078650222535854
KOAc,PCy3 HBF4,BuOAc,0.057,90,1.6,0.1,-0.8,-1.9,PENDING,PENDING,0.0,-1.2443902803689753,6.473428631645047,1.267186328800912e-55,0.05064368862508823,0.003870733105198362,0.07139566062508823
KOAc,PCy3 HBF4,BuCN,0.153,120,-1.6,-2.1,-1.8,-0.9,PENDING,PENDING,0.0,7.595758025290909,15.246625603219927,1.7571040521101556e-09,0.030898465721660426,0.01130122217581341,0.0516504432692478
KOAc,PCy3 HBF4,BuCN,0.153,105,-1.6,-2.1,-1.8,-0.9,PENDING,PENDING,0.0,4.052785373622282,11.431254221442257,3.6122386255198246e-17,0.03133294053596636,0.009677699642631408,0.05208491259827521
KOAc,PCy3 HBF4,BuCN,0.153,90,-1.6,-2.1,-1.8,-0.9,PENDING,PENDING,0.0,1.5793051851111137,10.067258713723557,8.666653598681245e-23,0.03184118506573928,0.009085987629861432,0.05259315707102515
KOAc,PCy3 HBF4,BuCN,0.1,120,-1.6,-2.1,-1.8,-0.9,PENDING,PENDING,0.0,6.950656198634675,15.399243517337094,1.9901211063750252e-09,0.038891307288803884,0.011023158014599303,0.05964327934897789
KOAc,PCy3 HBF4,BuCN,0.1,105,-1.6,-2.1,-1.8,-0.9,PENDING,PENDING,0.0,3.241109320821195,11.321842524869822,9.509206375905135e-18,0.039350237542001565,0.009261227593354586,0.06010220954206033
KOAc,PCy3 HBF4,BuCN,0.1,90,-1.6,-2.1,-1.8,-0.9,PENDING,PENDING,0.0,0.6573744002399273,9.562087616491967,1.5481195103619245e-25,0.0398696547764369,0.008551240682754934,0.06062162677643768
KOAc,PCy3 HBF4,BuCN,0.057,120,-1.6,-2.1,-1.8,-0.9,PENDING,PENDING,0.0,6.50638037740422,15.96085746358666,6.529274316752821e-09,0.045506680792627804,0.011801074853246586,0.06625865281218636
KOAc,PCy3 HBF4,BuCN,0.057,105,-1.6,-2.1,-1.8,-0.9,PENDING,PENDING,0.0,2.6820645181171443,11.939511870921415,2.9378064890214277e-16,0.0459855526666033,0.010121221315123326,0.06673752466663482
KOAc,PCy3 HBF4,BuCN,0.057,90,-1.6,-2.1,-1.8,-0.9,PENDING,PENDING,0.0,0.02142263330835803,10.108993233904533,2.784241522733092e-23,0.04651335638322437,0.00943288064295443,0.067265328383225
KOAc,P(fur)3,p-Xylene,0.153,105,5.7,-2.2,0.0,1.3,PENDING,PENDING,0.0,6.356890752276481,7.871551425205215,5.393269421826077e-33,0.036040203611558644,0.003110769372797013,0.056792175611558644
KOAc,P(fur)3,p-Xylene,0.153,90,5.7,-2.2,0.0,1.3,PENDING,PENDING,0.0,-0.05910578901295693,11.172876296957357,2.406630774854928e-19,0.0365091896879811,0.005285372554277356,0.0572611616879811
KOAc,P(fur)3,p-Xylene,0.1,120,5.7,-2.2,0.0,1.3,PENDING,PENDING,0.0,12.97523362127142,6.153300259966272,6.9257003873790115e-46,0.04352641839919018,0.0033736967010178026,0.06427839039919017
KOAc,P(fur)3,p-Xylene,0.1,105,5.7,-2.2,0.0,1.3,PENDING,PENDING,0.0,5.362031076783516,7.6583612835820505,1.85204453842887e-35,0.04399034534375343,0.004089123299698202,0.06474231734375344
KOAc,P(fur)3,p-Xylene,0.1,90,5.7,-2.2,0.0,1.3,PENDING,PENDING,0.0,-1.251800064182639,10.50749700252388,3.5889387694031113e-22,0.04447277650728809,0.0058287644096629695,0.0652247485072881
KOAc,P(fur)3,p-Xylene,0.057,120,5.7,-2.2,0.0,1.3,PENDING,PENDING,0.0,12.461888118484636,7.758575416746513,7.155456518860996e-30,0.05005021564979152,0.005420483744024474,0.07080218764979151
KOAc,P(fur)3,p-Xylene,0.057,105,5.7,-2.2,0.0,1.3,PENDING,PENDING,0.0,4.697415298650682,8.340284941828873,1.4386904978898184e-30,0.05053506446894417,0.005818683079803561,0.07128703646894417
KOAc,P(fur)3,p-Xylene,0.057,90,5.7,-2.2,0.0,1.3,PENDING,PENDING,0.0,-2.018347314766981,10.59203700716177,3.777375592086381e-22,0.051027679801474955,0.0070980141089626745,0.07177965180147496
KOAc,P(fur)3,DMAc,0.153,105,-4.3,3.0,-3.4,0.5,PENDING,PENDING,0.0,35.61011064963926,5.8135964022835065,6.135650269181982e-29,0.034148995867009826,0.0027533791422265277,0.05490096786700983
KOAc,P(fur)3,DMAc,0.153,90,-4.3,3.0,-3.4,0.5,PENDING,PENDING,0.0,17.262320981209317,6.917273395668388,2.2619240854571022e-33,0.034335084397349114,0.004390263737309324,0.055087056397349114
KOAc,P(fur)3,DMAc,0.1,120,-4.3,3.0,-3.4,0.5,PENDING,PENDING,0.0,49.825866791923396,5.2554308219967885,5.110355814902861e-22,0.04197165040537099,0.0030755113758217036,0.062723622405371
KOAc,P(fur)3,DMAc,0.1,105,-4.3,3.0,-3.4,0.5,PENDING,PENDING,0.0,33.513871322877314,6.3079431533116965,2.2924778182183455e-26,0.04214890960972291,0.003640963339025005,0.0629008816097229
KOAc,P(fur)3,DMAc,0.1,90,-4.3,3.0,-3.4,0.5,PENDING,PENDING,0.0,14.942005985300183,7.280378237276029,6.499852792928787e-32,0.04234855240147895,0.004946222283843019,0.06310052440147895
KOAc,P(fur)3,DMAc,0.057,120,-4.3,3.0,-3.4,0.5,PENDING,PENDING,0.0,48.003875709757715,6.647972348671345,2.7109421885430223e-15,0.04854079147655854,0.004746814244391679,0.06929276347655855
KOAc,P(fur)3,DMAc,0.057,105,-4.3,3.0,-3.4,0.5,PENDING,PENDING,0.0,31.613901425627553,7.4082592080588165,1.3389715812513124e-20,0.04874078917116024,0.005088462472023904,0.06949276117116024
KOAc,P(fur)3,DMAc,0.057,90,-4.3,3.0,-3.4,0.5,PENDING,PENDING,0.0,13.161409141873769,8.300286638781767,6.410776514944707e-26,0.04895262696913619,0.0060705048185789815,0.0697045989691362
KOAc,P(fur)3,BuOAc,0.153,120,1.6,0.1,-0.8,-1.9,PENDING,PENDING,0.0,21.663419850778254,8.325659643113099,2.6985873877933755e-21,0.04715341644919387,0.008495645721913463,0.06790538844919387
KOAc,P(fur)3,BuOAc,0.153,105,1.6,0.1,-0.8,-1.9,PENDING,PENDING,0.0,10.976142866294204,9.467693232108724,3.1702348650508766e-21,0.04761163786765119,0.008982324894004889,0.0683636098676512
KOAc,P(fur)3,BuOAc,0.153,90,1.6,0.1,-0.8,-1.9,PENDING,PENDING,0.0,0.6728014152619224,10.964011128862817,9.10648759069453e-20,0.04807570806057307,0.00995036229102957,0.06882768006057627
KOAc,P(fur)3,BuOAc,0.1,120,1.6,0.1,-0.8,-1.9,PENDING,PENDING,0.0,20.608282869538137,8.83956181208435,1.5651806122115867e-19,0.055185814415685805,0.008863174274534522,0.0759377864156858
KOAc,P(fur)3,BuOAc,0.1,105,1.6,0.1,-0.8,-1.9,PENDING,PENDING,0.0,9.570696528825778,9.505765960213303,1.0990449087889382e-21,0.055671591114316056,0.009295078295483398,0.07642356311431606
KOAc,P(fur)3,BuOAc,0.1,90,1.6,0.1,-0.8,-1.9,PENDING,PENDING,0.0,-0.9579394817207678,10.605655572837776,1.1321412300702472e-21,0.05614973350123191,0.010190030172502904,0.07690170550123193
KOAc,P(fur)3,BuOAc,0.057,120,1.6,0.1,-0.8,-1.9,PENDING,PENDING,0.0,19.706769306161434,9.86269058507743,2.709103510427071e-16,0.061776342796054165,0.009686230266553473,0.08252831479605416
KOAc,P(fur)3,BuOAc,0.057,105,1.6,0.1,-0.8,-1.9,PENDING,PENDING,0.0,8.527133032819748,10.094980634509218,8.357897314978897e-20,0.06228370991276288,0.010044870574778072,0.08303568191276287
KOAc,P(fur)3,BuOAc,0.057,90,1.6,0.1,-0.8,-1.9,PENDING,PENDING,0.0,-2.047970115946942,10.864245792133012,3.9022630212069554e-21,0.0627727428447099,0.01085130706109271,0.08352471484470993
KOAc,P(fur)3,BuCN,0.153,120,-1.6,-2.1,-1.8,-0.9,PENDING,PENDING,0.0,30.883918808195087,7.550416635236901,2.799969365709425e-20,0.043783071034197,0.005439302242014508,0.06453504303419699
KOAc,P(fur)3,BuCN,0.153,105,-1.6,-2.1,-1.8,-0.9,PENDING,PENDING,0.0,18.362332953781582,8.963080861311173,4.9054380346315007e-20,0.04413331532531325,0.006068750538200709,0.06488528732531325
KOAc,P(fur)3,BuCN,0.153,90,-1.6,-2.1,-1.8,-0.9,PENDING,PENDING,0.0,5.324700888220164,10.414256527279049,6.511443790259863e-20,0.044492792464775076,0.007301708503067723,0.06524476446477508
KOAc,P(fur)3,BuCN,0.1,120,-1.6,-2.1,-1.8,-0.9,PENDING,PENDING,0.0,29.62215351788955,8.173531954009535,4.132740592732167e-18,0.05179047366454676,0.006333763158281953,0.07254244566454676
KOAc,P(fur)3,BuCN,0.1,105,-1.6,-2.1,-1.8,-0.9,PENDING,PENDING,0.0,16.711181978189035,9.203473702755188,8.619692743326493e-20,0.052168176195856446,0.006837249064570328,0.07292014819585645
KOAc,P(fur)3,BuCN,0.1,90,-1.6,-2.1,-1.8,-0.9,PENDING,PENDING,0.0,3.4407576473074535,10.329786369147046,5.773992491492367e-21,0.052541765330919164,0.007897281054966553,0.07329373733091916
KOAc,P(fur)3,BuCN,0.057,120,-1.6,-2.1,-1.8,-0.9,PENDING,PENDING,0.0,28.41861135873342,9.258470932450422,7.265487978496114e-15,0.05836388339090122,0.007631056577262676,0.07911585539090121
KOAc,P(fur)3,BuCN,0.057,105,-1.6,-2.1,-1.8,-0.9,PENDING,PENDING,0.0,15.377475780185286,9.909485379464034,9.009537481118522e-18,0.0587636931214949,0.00800772459064096,0.07951566512149491
KOAc,P(fur)3,BuCN,0.057,90,-1.6,-2.1,-1.8,-0.9,PENDING,PENDING,0.0,2.1098630754631564,10.781179807691908,7.436813236481362e-20,0.05914887315435204,0.008897456625062368,0.07990084515435204
KOAc,JackiePhos,p-Xylene,0.153,120,5.7,-2.2,0.0,1.3,PENDING,PENDING,0.0,15.579266660444455,10.11849707070902,5.0109035893730216e-17,0.373117927329063,0.028745582484870757,0.393869899329063
KOAc,JackiePhos,p-Xylene,0.153,105,5.7,-2.2,0.0,1.3,PENDING,PENDING,0.0,8.979328350091329,9.351221661989493,1.2488711662764229e-22,0.3740594193517863,0.02698014617009593,0.39481139135178633
KOAc,JackiePhos,p-Xylene,0.153,90,5.7,-2.2,0.0,1.3,PENDING,PENDING,0.0,3.0247340039355954,10.082665158772224,4.145056381797074e-22,0.3745775306818814,0.026390662511630372,0.3953295026818814
KOAc,JackiePhos,p-Xylene,0.1,120,5.7,-2.2,0.0,1.3,PENDING,PENDING,0.0,14.810151559105522,10.351038943676205,1.3361889686919743e-16,0.3795141356657329,0.0269215477038274,0.4002661076657329
KOAc,JackiePhos,p-Xylene,0.1,105,5.7,-2.2,0.0,1.3,PENDING,PENDING,0.0,7.986673288547625,8.890126920671413,2.2092545221705157e-25,0.3804705233258202,0.025005084452175023,0.4012224953258202
KOAc,JackiePhos,p-Xylene,0.1,90,5.7,-2.2,0.0,1.3,PENDING,PENDING,0.0,1.8808342090922103,8.996521857691572,5.511278699990473e-28,0.3809941442446104,0.024353992520754087,0.40174611624461043
KOAc,JackiePhos,p-Xylene,0.057,120,5.7,-2.2,0.0,1.3,PENDING,PENDING,0.0,14.224440252810718,11.16674488766275,1.2684289203459578e-14,0.3843691039299749,0.026499353622098664,0.4051210759299749
KOAc,JackiePhos,p-Xylene,0.057,105,5.7,-2.2,0.0,1.3,PENDING,PENDING,0.0,7.277291203592711,9.267189073587394,8.071964317906058e-24,0.385335521197678,0.02454005196687791,0.406087493197678
KOAc,JackiePhos,p-Xylene,0.057,90,5.7,-2.2,0.0,1.3,PENDING,PENDING,0.0,1.1004872238883117,8.899006739083054,5.405263977658001e-29,0.3858627419512346,0.023870786674339277,0.4066147139512346
KOAc,JackiePhos,DMAc,0.153,120,-4.3,3.0,-3.4,0.5,PENDING,PENDING,0.0,50.65822449643244,9.346399610993721,1.208112921639111e-07,0.373038688995175,0.03335167573059549,0.393790660995175
KOAc,JackiePhos,DMAc,0.153,105,-4.3,3.0,-3.4,0.5,PENDING,PENDING,0.0,35.91514702597977,9.217593067175983,2.6574105582818615e-12,0.3738539764952228,0.03237428225480246,0.3946059484952228
KOAc,JackiePhos,DMAc,0.153,90,-4.3,3.0,-3.4,0.5,PENDING,PENDING,0.0,18.69782903387773,9.454436961367312,5.126712041103387e-18,0.37424649867210524,0.03237376457874741,0.39499847067210525
KOAc,JackiePhos,DMAc,0.1,120,-4.3,3.0,-3.4,0.5,PENDING,PENDING,0.0,48.92478361446429,9.597826169293102,9.748822935330707e-08,0.3794627885693186,0.031849381269403745,0.4002147605693186
KOAc,JackiePhos,DMAc,0.1,105,-4.3,3.0,-3.4,0.5,PENDING,PENDING,0.0,33.795715073971685,9.418307685455437,1.551219522309856e-12,0.38029285187245176,0.030814690327575407,0.40104482387245177
KOAc,JackiePhos,DMAc,0.1,90,-4.3,3.0,-3.4,0.5,PENDING,PENDING,0.0,16.408803677879725,9.60534799518673,2.0828528482930405e-18,0.3806907178226242,0.030811125522636002,0.4014426898226242
KOAc,JackiePhos,DMAc,0.057,120,-4.3,3.0,-3.4,0.5,PENDING,PENDING,0.0,47.07267090168574,10.295932445471284,2.8393337961275634e-07,0.38434166597810693,0.03150024748436054,0.40509363797810694
KOAc,JackiePhos,DMAc,0.057,105,-4.3,3.0,-3.4,0.5,PENDING,PENDING,0.0,31.87433793390143,10.07325285673655,1.1036915196318294e-11,0.3851819605667085,0.03044970811606611,0.4059339325667085
KOAc,JackiePhos,DMAc,0.057,90,-4.3,3.0,-3.4,0.5,PENDING,PENDING,0.0,14.623852191459298,10.295437921381486,7.828438945632984e-17,0.3855835782468784,0.03044563934157841,0.4063355502468784
KOAc,JackiePhos,BuOAc,0.153,120,1.6,0.1,-0.8,-1.9,PENDING,PENDING,0.0,22.851095007890486,11.667403748522938,3.579556446038543e-11,0.38121963961119254,0.033733037839234564,0.40197161161119255
KOAc,JackiePhos,BuOAc,0.153,105,1.6,0.1,-0.8,-1.9,PENDING,PENDING,0.0,13.054676638444576,11.029035627700225,2.488328103688378e-15,0.3821686875550827,0.03254099410597316,0.4029206595550827
KOAc,JackiePhos,BuOAc,0.153,90,1.6,0.1,-0.8,-1.9,PENDING,PENDING,0.0,3.4187328734216855,10.888943522861329,5.150194385411962e-19,0.38268392812480867,0.032322277966563916,0.4034359001248087
KOAc,JackiePhos,BuOAc,0.1,120,1.6,0.1,-0.8,-1.9,PENDING,PENDING,0.0,21.746218162126862,11.902849794059186,4.7285059881250847e-11,0.3876751415762668,0.03222924098581297,0.4084271135762668
KOAc,JackiePhos,BuOAc,0.1,105,1.6,0.1,-0.8,-1.9,PENDING,PENDING,0.0,11.646290318078092,10.86975220154196,3.270911986332986e-16,0.38863913366242775,0.030964001756895707,0.40939110566242776
KOAc,JackiePhos,BuOAc,0.1,90,1.6,0.1,-0.8,-1.9,PENDING,PENDING,0.0,1.8328955988861502,10.291543747322688,9.150785015497574e-22,0.3891598372511672,0.0307253783799325,0.4099118092511672
KOAc,JackiePhos,BuOAc,0.057,120,1.6,0.1,-0.8,-1.9,PENDING,PENDING,0.0,20.785024977069753,12.536578551091115,2.7626793019174626e-10,0.39256933110024994,0.03187898417923048,0.41332130310024995
KOAc,JackiePhos,BuOAc,0.057,105,1.6,0.1,-0.8,-1.9,PENDING,PENDING,0.0,10.564663417655776,11.238947344636822,1.3806002080286874e-15,0.3935434162526704,0.030591945001527676,0.4142953882526704
KOAc,JackiePhos,BuOAc,0.057,90,1.6,0.1,-0.8,-1.9,PENDING,PENDING,0.0,0.7315527138623388,10.41176567558019,9.638639410552649e-22,0.39406770873717734,0.030346550273688697,0.41481968073717734
KOAc,JackiePhos,BuCN,0.153,120,-1.6,-2.1,-1.8,-0.9,PENDING,PENDING,0.0,31.490903359068852,10.991882847628979,4.317711304068731e-10,0.3788202527754754,0.032334228880203514,0.3995722247754754
KOAc,JackiePhos,BuCN,0.153,105,-1.6,-2.1,-1.8,-0.9,PENDING,PENDING,0.0,19.956336624450365,10.732498534450542,7.001248000811437e-14,0.379724529938511,0.03106483875662315,0.40047650193851103
KOAc,JackiePhos,BuCN,0.153,90,-1.6,-2.1,-1.8,-0.9,PENDING,PENDING,0.0,7.744357176025616,10.830822803135138,1.1731094023307069e-17,0.38019738611990683,0.030813287000424624,0.40094935811990684
KOAc,JackiePhos,BuCN,0.1,120,-1.6,-2.1,-1.8,-0.9,PENDING,PENDING,0.0,30.170788204939416,11.294307907438025,6.119759575562061e-10,0.38526681946242536,0.030779828354654287,0.40601879146242537
KOAc,JackiePhos,BuCN,0.1,105,-1.6,-2.1,-1.8,-0.9,PENDING,PENDING,0.0,18.295571952236806,10.75583834503919,2.3986872771704066e-14,0.38618605182046095,0.029428258547404877,0.40693802382046096
KOAc,JackiePhos,BuCN,0.1,90,-1.6,-2.1,-1.8,-0.9,PENDING,PENDING,0.0,5.901823060938856,10.545563249427495,3.086118709052536e-19,0.38666437806073206,0.0291544068202034,0.40741635006073207
KOAc,JackiePhos,BuCN,0.057,120,-1.6,-2.1,-1.8,-0.9,PENDING,PENDING,0.0,28.914185059323355,11.964822244398478,2.988279517474695e-09,0.3901559925243404,0.030428593007931798,0.4109079645243404
KOAc,JackiePhos,BuCN,0.057,105,-1.6,-2.1,-1.8,-0.9,PENDING,PENDING,0.0,16.92797087376816,11.226400611200472,1.1388897353893837e-13,0.39108540252695556,0.029053796800143406,0.41183737452695557
KOAc,JackiePhos,BuCN,0.057,90,-1.6,-2.1,-1.8,-0.9,PENDING,PENDING,0.0,4.561740156187817,10.855547855558802,1.039165594370617e-18,0.3915674060965466,0.028773135681180187,0.4123193780965466
KOAc,GorlosPhos HBF4,p-Xylene,0.153,120,5.7,-2.2,0.0,1.3,PENDING,PENDING,0.0,-0.9658751160106718,16.922449720621024,3.5078682309595522e-09,0.041447667023317175,0.020111513891449464,0.062205156875150755
KOAc,GorlosPhos HBF4,p-Xylene,0.153,105,5.7,-2.2,0.0,1.3,PENDING,PENDING,0.0,-5.805906056340966,17.913980959493912,5.38025854429585e-09,0.042442253422540106,0.020341203451699784,0.06319953100376499
KOAc,GorlosPhos HBF4,p-Xylene,0.153,90,5.7,-2.2,0.0,1.3,PENDING,PENDING,0.0,-8.680445207924812,20.166607979701254,1.315186929678232e-07,0.04347299831272739,0.021212009887721976,0.06423231681041616
KOAc,GorlosPhos HBF4,p-Xylene,0.1,120,5.7,-2.2,0.0,1.3,PENDING,PENDING,0.0,-1.9492744252538863,16.634459041945487,1.232005970881862e-09,0.049213202927620533,0.019316371169952492,0.06996586539487099
KOAc,GorlosPhos HBF4,p-Xylene,0.1,105,5.7,-2.2,0.0,1.3,PENDING,PENDING,0.0,-6.955180052813873,17.54045278184999,1.580309068355123e-09,0.05023286596413638,0.019551477790749044,0.07098551267626488
KOAc,GorlosPhos HBF4,p-Xylene,0.1,90,5.7,-2.2,0.0,1.3,PENDING,PENDING,0.0,-9.899972916978498,19.788742632034968,4.976659481693033e-08,0.051275989738581,0.020457416312431587,0.0720290625692689
KOAc,GorlosPhos HBF4,p-Xylene,0.057,120,5.7,-2.2,0.0,1.3,PENDING,PENDING,0.0,-2.570860882103954,16.765476967900426,1.3302205852241457e-09,0.05560966901887117,0.019308022061991385,0.07636180933840547
KOAc,GorlosPhos HBF4,p-Xylene,0.057,105,5.7,-2.2,0.0,1.3,PENDING,PENDING,0.0,-7.667847440659187,17.556540413066642,1.2637792741831254e-09,0.056646593819608786,0.019538685503035468,0.07739873144070354
KOAc,GorlosPhos HBF4,p-Xylene,0.057,90,5.7,-2.2,0.0,1.3,PENDING,PENDING,0.0,-10.647173544083515,19.745786051092733,3.6994797062666144e-08,0.05769656060573488,0.02044870177390112,0.07844883071322035
KOAc,GorlosPhos HBF4,DMAc,0.153,120,-4.3,3.0,-3.4,0.5,PENDING,PENDING,0.0,19.72518508935428,10.692411536579986,4.7592891648814687e-14,0.04353819065556743,0.017710336699850882,0.06429077526160046
KOAc,GorlosPhos HBF4,DMAc,0.153,105,-4.3,3.0,-3.4,0.5,PENDING,PENDING,0.0,10.408254025369757,12.999872887394305,5.55063222261829e-12,0.044296147379666286,0.018000179408015335,0.06504878503359841
KOAc,GorlosPhos HBF4,DMAc,0.153,90,-4.3,3.0,-3.4,0.5,PENDING,PENDING,0.0,1.3486428572088442,16.836854271211667,6.7953224247556356e-09,0.045079481367259096,0.01896562149373458,0.06583269717994422
KOAc,GorlosPhos HBF4,DMAc,0.1,120,-4.3,3.0,-3.4,0.5,PENDING,PENDING,0.0,17.85067400142843,9.568372996193057,5.848996517791574e-18,0.05137603687547953,0.0167526233165215,0.07212803848433914
KOAc,GorlosPhos HBF4,DMAc,0.1,105,-4.3,3.0,-3.4,0.5,PENDING,PENDING,0.0,8.308675122818627,12.284269725427515,7.517566220393842e-14,0.05215889488271015,0.017061308695133944,0.07291090193223514
KOAc,GorlosPhos HBF4,DMAc,0.1,90,-4.3,3.0,-3.4,0.5,PENDING,PENDING,0.0,-0.7599529658075923,16.521549402231596,1.4846963285740912e-09,0.05295385111242994,0.018086447536216004,0.07370591547402208
KOAc,GorlosPhos HBF4,DMAc,0.057,120,-4.3,3.0,-3.4,0.5,PENDING,PENDING,0.0,16.316950113153496,9.37179382936932,2.644859455968528e-19,0.05782334393257137,0.016664003606653745,0.07857531988009242
KOAc,GorlosPhos HBF4,DMAc,0.057,105,-4.3,3.0,-3.4,0.5,PENDING,PENDING,0.0,6.6950658672706425,12.214137821243467,1.9143745517706373e-14,0.05862423887670731,0.01697484774188432,0.07937621578240242
KOAc,GorlosPhos HBF4,DMAc,0.057,90,-4.3,3.0,-3.4,0.5,PENDING,PENDING,0.0,-2.28080687619234,16.60276401730993,1.003026076522016e-09,0.05942652008603241,0.018015343161724564,0.0801785079976524
KOAc,GorlosPhos HBF4,BuOAc,0.153,120,1.6,0.1,-0.8,-1.9,PENDING,PENDING,0.0,2.364203961285547,15.920401462596251,1.1533899183694388e-09,0.05526317331018907,0.02131112155519926,0.07601609838837617
KOAc,GorlosPhos HBF4,BuOAc,0.153,105,1.6,0.1,-0.8,-1.9,PENDING,PENDING,0.0,-4.350030528328286,17.023631058003556,1.2513309641205632e-09,0.05628286215251296,0.021631043133585576,0.07703582370783281
KOAc,GorlosPhos HBF4,BuOAc,0.153,90,1.6,0.1,-0.8,-1.9,PENDING,PENDING,0.0,-9.256775530964369,19.30238639983182,2.5844194376734677e-08,0.05730422423891723,0.022525950405260606,0.07805770852885088
KOAc,GorlosPhos HBF4,BuOAc,0.1,120,1.6,0.1,-0.8,-1.9,PENDING,PENDING,0.0,1.0795814900673477,15.52322015108223,2.350464207071895e-10,0.06315947255571339,0.020522306630062166,0.08391154312640468
KOAc,GorlosPhos HBF4,BuOAc,0.1,105,1.6,0.1,-0.8,-1.9,PENDING,PENDING,0.0,-5.83724598519364,16.61235383578923,2.52573022053039e-10,0.06420469638352967,0.020846889661201726,0.08495677480728031
KOAc,GorlosPhos HBF4,BuOAc,0.1,90,1.6,0.1,-0.8,-1.9,PENDING,PENDING,0.0,-10.80746318631791,18.950803395316395,8.17868329474237e-09,0.06523818843683933,0.02177200913626968,0.08599035474036469
KOAc,GorlosPhos HBF4,BuOAc,0.057,120,1.6,0.1,-0.8,-1.9,PENDING,PENDING,0.0,0.18333867445968366,15.585616097404612,1.9058077551389735e-10,0.06963225388811645,0.020463985487318294,0.09038424717173672
KOAc,GorlosPhos HBF4,BuOAc,0.057,105,1.6,0.1,-0.8,-1.9,PENDING,PENDING,0.0,-6.8270589767602345,16.607598781044974,1.6748778884627752e-10,0.0706949801268566,0.02078188423579078,0.09144697551779052
KOAc,GorlosPhos HBF4,BuOAc,0.057,90,1.6,0.1,-0.8,-1.9,PENDING,PENDING,0.0,-11.79913592926028,18.935574939038126,5.742945015527927e-09,0.07173523320467662,0.02171017668776647,0.09248725268477212
KOAc,GorlosPhos HBF4,BuCN,0.153,120,-1.6,-2.1,-1.8,-0.9,PENDING,PENDING,0.0,7.251151078776733,14.139098464839016,6.101722588651656e-11,0.05081116335175429,0.01973672567606603,0.07156382990624781
KOAc,GorlosPhos HBF4,BuCN,0.153,105,-1.6,-2.1,-1.8,-0.9,PENDING,PENDING,0.0,-0.38652017760738033,15.71341584920813,2.1341499333457028e-10,0.051741364048609,0.01996916380192286,0.07249402630360263
KOAc,GorlosPhos HBF4,BuCN,0.153,90,-1.6,-2.1,-1.8,-0.9,PENDING,PENDING,0.0,-6.651768428879521,18.527934850079337,1.3950405792176634e-08,0.052683177068824034,0.020820401619032328,0.07343624197643292
KOAc,GorlosPhos HBF4,BuCN,0.1,120,-1.6,-2.1,-1.8,-0.9,PENDING,PENDING,0.0,5.757184652498967,13.596711268466356,4.351612267830061e-12,0.058683075991363166,0.018955346386754883,0.07943510520699731
KOAc,GorlosPhos HBF4,BuCN,0.1,105,-1.6,-2.1,-1.8,-0.9,PENDING,PENDING,0.0,-2.096588124117826,15.249585999939132,2.5703403484201447e-11,0.05963873892351213,0.019192688729789156,0.08039076939976221
KOAc,GorlosPhos HBF4,BuCN,0.1,90,-1.6,-2.1,-1.8,-0.9,PENDING,PENDING,0.0,-8.409937823472404,18.209760658965806,4.074239515759666e-09,0.06059271331435991,0.02007797471373429,0.08134479938946937
KOAc,GorlosPhos HBF4,BuCN,0.057,120,-1.6,-2.1,-1.8,-0.9,PENDING,PENDING,0.0,4.6456122002826135,13.616777463488669,2.6009453354142345e-12,0.06514516828122302,0.018944038571511123,0.08589715139629438
KOAc,GorlosPhos HBF4,BuCN,0.057,105,-1.6,-2.1,-1.8,-0.9,PENDING,PENDING,0.0,-3.3004388130989817,15.241966889049015,1.4433237351250198e-11,0.0661186115100888,0.019176474579666196,0.08687059499648267
KOAc,GorlosPhos HBF4,BuCN,0.057,90,-1.6,-2.1,-1.8,-0.9,PENDING,PENDING,0.0,-9.586224662842099,18.232795783882366,2.851367591905695e-09,0.06707965822723941,0.020065936373741128,0.08783165546386086
KOAc,CgMe-PPh,p-Xylene,0.153,120,5.7,-2.2,0.0,1.3,PENDING,PENDING,0.0,24.874805762697257,11.445297631763827,4.9075047471404483e-11,0.05919179370140657,0.020337959183747607,0.0799439627832232
KOAc,CgMe-PPh,p-Xylene,0.153,105,5.7,-2.2,0.0,1.3,PENDING,PENDING,0.0,17.400627440243937,12.13895132746294,9.708885957446315e-12,0.06024102547930823,0.020269784435339163,0.08099314506496037
KOAc,CgMe-PPh,p-Xylene,0.153,90,5.7,-2.2,0.0,1.3,PENDING,PENDING,0.0,9.89859930492722,13.98170094591007,1.3213870091747184e-10,0.061281520171240236,0.020695886975238713,0.0820336657138349
KOAc,CgMe-PPh,p-Xylene,0.1,120,5.7,-2.2,0.0,1.3,PENDING,PENDING,0.0,24.028571238522176,11.686304043893044,7.6723172244172e-11,0.06729428230758037,0.02038542231932782,0.08804628809629407
KOAc,CgMe-PPh,p-Xylene,0.1,105,5.7,-2.2,0.0,1.3,PENDING,PENDING,0.0,16.319896878169757,11.968056436224742,2.5062674810706375e-12,0.06837098544715214,0.020309941791707472,0.08912298168159981
KOAc,CgMe-PPh,p-Xylene,0.1,90,5.7,-2.2,0.0,1.3,PENDING,PENDING,0.0,8.665912105267747,13.49934367307437,1.402363201467444e-11,0.06942479353470066,0.020728073037802684,0.0901767951412079
KOAc,CgMe-PPh,p-Xylene,0.057,120,5.7,-2.2,0.0,1.3,PENDING,PENDING,0.0,23.299890917123584,12.417419464693323,6.920416644073932e-10,0.07392962549040319,0.02067395429749156,0.0946816071756675
KOAc,CgMe-PPh,p-Xylene,0.057,105,5.7,-2.2,0.0,1.3,PENDING,PENDING,0.0,15.477874776247377,12.336150726352956,7.053593872004694e-12,0.0750249437780781,0.02059629632488644,0.09577692256166936
KOAc,CgMe-PPh,p-Xylene,0.057,90,5.7,-2.2,0.0,1.3,PENDING,PENDING,0.0,7.778778605749,13.568225118154995,1.1320977465674775e-11,0.07608607434016806,0.021012707287551103,0.09683805486861963
KOAc,CgMe-PPh,DMAc,0.153,120,-4.3,3.0,-3.4,0.5,PENDING,PENDING,0.0,63.66302199127886,8.518086509443714,2.0122084695618325e-05,0.05626164003360452,0.015570454082809493,0.07701361314322777
KOAc,CgMe-PPh,DMAc,0.153,105,-4.3,3.0,-3.4,0.5,PENDING,PENDING,0.0,48.30808450446801,9.266339277093385,2.1474603421384294e-08,0.05706558547483787,0.015645323330888927,0.07781755843682815
KOAc,CgMe-PPh,DMAc,0.153,90,-4.3,3.0,-3.4,0.5,PENDING,PENDING,0.0,29.27314932722568,10.632236640862597,2.506499561313474e-11,0.05787710927565491,0.016296459598307198,0.07862908347140646
KOAc,CgMe-PPh,DMAc,0.1,120,-4.3,3.0,-3.4,0.5,PENDING,PENDING,0.0,61.8664664289488,8.713171989182301,1.2195175874089815e-05,0.06439696973461626,0.015585215820768232,0.08514894179736598
KOAc,CgMe-PPh,DMAc,0.1,105,-4.3,3.0,-3.4,0.5,PENDING,PENDING,0.0,46.143024829134625,9.464086133258583,1.1230796714273454e-08,0.06522860662426372,0.01565760919043071,0.08598057867788199
KOAc,CgMe-PPh,DMAc,0.1,90,-4.3,3.0,-3.4,0.5,PENDING,PENDING,0.0,26.963932203910698,10.823240689149504,1.3049819411674196e-11,0.06605375386040213,0.016306481262698444,0.08680572600694653
KOAc,CgMe-PPh,DMAc,0.057,120,-4.3,3.0,-3.4,0.5,PENDING,PENDING,0.0,59.82807470689833,9.426869373886587,2.2506858454506473e-05,0.07107599242445282,0.01583655030253146,0.0918279644331142
KOAc,CgMe-PPh,DMAc,0.057,105,-4.3,3.0,-3.4,0.5,PENDING,PENDING,0.0,44.05438653078468,10.117755453518567,3.094411333029036e-08,0.07192733518336021,0.01590958007235724,0.09267930719073891
KOAc,CgMe-PPh,DMAc,0.057,90,-4.3,3.0,-3.4,0.5,PENDING,PENDING,0.0,25.05769825688033,11.47120442722275,6.065325478888315e-11,0.07276074653063247,0.016560733557775386,0.09351271855331185
KOAc,CgMe-PPh,BuOAc,0.153,120,1.6,0.1,-0.8,-1.9,PENDING,PENDING,0.0,33.56179367049492,12.025077385664412,3.710108361183354e-08,0.07134515818351789,0.018661759029739548,0.09209713159386486
KOAc,CgMe-PPh,BuOAc,0.153,105,1.6,0.1,-0.8,-1.9,PENDING,PENDING,0.0,22.978761183071907,12.409809584998303,5.707276944533866e-10,0.07243082692462484,0.01878473350699539,0.09318280016447764
KOAc,CgMe-PPh,BuOAc,0.153,90,1.6,0.1,-0.8,-1.9,PENDING,PENDING,0.0,11.692904679865752,13.401808438050812,4.751374083749647e-11,0.07348086240916692,0.019414598155259734,0.0942328366605952
KOAc,CgMe-PPh,BuOAc,0.1,120,1.6,0.1,-0.8,-1.9,PENDING,PENDING,0.0,32.38499017488931,12.251696784065965,3.911413745486062e-08,0.07957121056726893,0.01863912907619669,0.10032318268697002
KOAc,CgMe-PPh,BuOAc,0.1,105,1.6,0.1,-0.8,-1.9,PENDING,PENDING,0.0,21.498560933372985,12.371930282855164,2.2924543346474352e-10,0.08068513440298954,0.01875026806260792,0.10143710650583061
KOAc,CgMe-PPh,BuOAc,0.1,90,1.6,0.1,-0.8,-1.9,PENDING,PENDING,0.0,10.045149697490093,13.111939539424215,6.989063016108388e-12,0.08174871134608237,0.019370091367180608,0.10250068355430264
KOAc,CgMe-PPh,BuOAc,0.057,120,1.6,0.1,-0.8,-1.9,PENDING,PENDING,0.0,31.26585051618376,12.861096227297041,1.1159837714973198e-07,0.08628409555726192,0.018875731191369143,0.10703606757966491
KOAc,CgMe-PPh,BuOAc,0.057,105,1.6,0.1,-0.8,-1.9,PENDING,PENDING,0.0,20.27306318455915,12.753159861441185,4.361373490886832e-10,0.08741695879274038,0.01897827764991545,0.1081689308116565
KOAc,CgMe-PPh,BuOAc,0.057,90,1.6,0.1,-0.8,-1.9,PENDING,PENDING,0.0,8.832758771308367,13.306418896206878,7.55896191802514e-12,0.08848788699385668,0.019592057901792456,0.10923985903474495
KOAc,CgMe-PPh,BuCN,0.153,120,-1.6,-2.1,-1.8,-0.9,PENDING,PENDING,0.0,43.17685357244285,11.127005919073678,3.6634998339078197e-07,0.0663929483474522,0.018373530474760393,0.08714492412593519
KOAc,CgMe-PPh,BuCN,0.153,105,-1.6,-2.1,-1.8,-0.9,PENDING,PENDING,0.0,30.88314366261993,11.833389606217896,5.508488166420344e-09,0.06738076777285082,0.018371716743957482,0.08813274263081931
KOAc,CgMe-PPh,BuCN,0.153,90,-1.6,-2.1,-1.8,-0.9,PENDING,PENDING,0.0,16.916779601303407,12.987671845079333,1.6951802384335898e-10,0.06834613461028569,0.018875515583956483,0.0890981109685435
KOAc,CgMe-PPh,BuCN,0.1,120,-1.6,-2.1,-1.8,-0.9,PENDING,PENDING,0.0,41.7852136869653,11.399950082600455,3.7490005659451527e-07,0.07458881601636289,0.018422403191392923,0.09534078839567113
KOAc,CgMe-PPh,BuCN,0.1,105,-1.6,-2.1,-1.8,-0.9,PENDING,PENDING,0.0,29.15741310189259,11.924182411510943,2.9819065674065492e-09,0.07560482496454915,0.01841211491748664,0.09635679723912778
KOAc,CgMe-PPh,BuCN,0.1,90,-1.6,-2.1,-1.8,-0.9,PENDING,PENDING,0.0,15.025190552479282,12.897024028844323,4.604925717424088e-11,0.07658386709882534,0.018906867440416954,0.09733583955082462
KOAc,CgMe-PPh,BuCN,0.057,120,-1.6,-2.1,-1.8,-0.9,PENDING,PENDING,0.0,40.35639129301666,12.042630140998572,9.0119743658962e-07,0.0812892815176562,0.01869689251111864,0.10204125359550126
KOAc,CgMe-PPh,BuCN,0.057,105,-1.6,-2.1,-1.8,-0.9,PENDING,PENDING,0.0,27.63471062802875,12.386634174297301,5.692408644568323e-09,0.08232459182612506,0.018682880527120537,0.10307656388113497
KOAc,CgMe-PPh,BuCN,0.057,90,-1.6,-2.1,-1.8,-0.9,PENDING,PENDING,0.0,13.568599835127698,13.228608402367392,6.862845265489731e-11,0.08331140249326659,0.01917532743401861,0.10406337458861242
KOAc,BrettPhos,p-Xylene,0.153,120,5.7,-2.2,0.0,1.3,PENDING,PENDING,0.0,14.3236000942529,7.299715514700487,3.4431477735290504e-32,0.11683892077591962,0.014264696382902165,0.13759089277591963
KOAc,BrettPhos,p-Xylene,0.153,105,5.7,-2.2,0.0,1.3,PENDING,PENDING,0.0,7.055194953852805,8.317812726219271,2.589781319004845e-29,0.11794631415556515,0.013585650801631476,0.13869828615556515
KOAc,BrettPhos,p-Xylene,0.153,90,5.7,-2.2,0.0,1.3,PENDING,PENDING,0.0,0.6397044227811115,10.582270494476548,3.9554743572645424e-21,0.11890278793467889,0.013289759466771576,0.13965475993467888
KOAc,BrettPhos,p-Xylene,0.1,120,5.7,-2.2,0.0,1.3,PENDING,PENDING,0.0,13.52186295268479,7.851503813538756,1.5005260787800705e-28,0.12554215165693902,0.014547790470406398,0.14629412365693903
KOAc,BrettPhos,p-Xylene,0.1,105,5.7,-2.2,0.0,1.3,PENDING,PENDING,0.0,5.997022744460793,8.103898804654035,1.8751821161263413e-31,0.1266807712185272,0.01386264933562875,0.1474327432185272
KOAc,BrettPhos,p-Xylene,0.1,90,5.7,-2.2,0.0,1.3,PENDING,PENDING,0.0,-0.5947703113721268,9.85919122408795,1.112083442286679e-24,0.12765100380551445,0.013552638649234611,0.14840297580551445
KOAc,BrettPhos,p-Xylene,0.057,120,5.7,-2.2,0.0,1.3,PENDING,PENDING,0.0,12.933416749707769,9.10218908915726,6.380437409634465e-22,0.13254691839857463,0.015162785226770276,0.15329889039857464
KOAc,BrettPhos,p-Xylene,0.057,105,5.7,-2.2,0.0,1.3,PENDING,PENDING,0.0,5.270558341966819,8.728440073874163,9.707724126976678e-28,0.13370599683948578,0.014494780411370317,0.1544579688394858
KOAc,BrettPhos,p-Xylene,0.057,90,5.7,-2.2,0.0,1.3,PENDING,PENDING,0.0,-1.4036238759483979,9.95253476960225,1.3012431042578891e-24,0.1346838347407634,0.014197238330376463,0.1554358067407634
KOAc,BrettPhos,DMAc,0.153,120,-4.3,3.0,-3.4,0.5,PENDING,PENDING,0.0,51.90400238514756,5.40714740039923,2.3883328397595124e-19,0.11486885524532713,0.012792903589090961,0.13562082724532712
KOAc,BrettPhos,DMAc,0.153,105,-4.3,3.0,-3.4,0.5,PENDING,PENDING,0.0,36.17606342288281,5.793381062290835,1.1853674217271623e-28,0.1156909258196613,0.012299719505504457,0.1364428978196613
KOAc,BrettPhos,DMAc,0.153,90,-4.3,3.0,-3.4,0.5,PENDING,PENDING,0.0,17.926566064603016,6.322032272261157,5.5166242206132466e-39,0.11637469855534058,0.01210315321353663,0.13712667055534059
KOAc,BrettPhos,DMAc,0.1,120,-4.3,3.0,-3.4,0.5,PENDING,PENDING,0.0,50.118437847944065,6.017786819185552,5.274270402649639e-17,0.1236200317320978,0.01300932666260769,0.1443720037320978
KOAc,BrettPhos,DMAc,0.1,105,-4.3,3.0,-3.4,0.5,PENDING,PENDING,0.0,33.986001022353406,6.352514341418683,1.1128219014837064e-25,0.12447352221060107,0.012516447016292474,0.14522549421060107
KOAc,BrettPhos,DMAc,0.1,90,-4.3,3.0,-3.4,0.5,PENDING,PENDING,0.0,15.552020050496644,6.815439861418801,1.1304625825741218e-35,0.12517113137305808,0.012316270120870105,0.14592310337305808
KOAc,BrettPhos,DMAc,0.057,120,-4.3,3.0,-3.4,0.5,PENDING,PENDING,0.0,48.1925702239321,7.246461488865049,5.173539270124741e-13,0.13067791716243748,0.013514269704017852,0.1514298891624375
KOAc,BrettPhos,DMAc,0.057,105,-4.3,3.0,-3.4,0.5,PENDING,PENDING,0.0,32.00743967796622,7.4882827239308805,5.543183820451306e-20,0.13155343253530982,0.01303721108161931,0.15230540453530983
KOAc,BrettPhos,DMAc,0.057,90,-4.3,3.0,-3.4,0.5,PENDING,PENDING,0.0,13.72440044368974,7.980598397447377,1.4448275475988849e-27,0.13225992284071997,0.012856111222548067,0.15301189484071998
KOAc,BrettPhos,BuOAc,0.153,120,1.6,0.1,-0.8,-1.9,PENDING,PENDING,0.0,22.19206417955422,9.230726963277991,2.2163004545417326e-17,0.13026860440137733,0.012151291298609757,0.15102057640137734
KOAc,BrettPhos,BuOAc,0.153,105,1.6,0.1,-0.8,-1.9,PENDING,PENDING,0.0,11.593957919311713,9.46945278145824,6.0143246922520956e-21,0.13142356072229816,0.011671977302074803,0.15217553272229817
KOAc,BrettPhos,BuOAc,0.153,90,1.6,0.1,-0.8,-1.9,PENDING,PENDING,0.0,1.310166443346052,10.14596449992732,1.423342138280887e-22,0.13239014981019576,0.011608072206798704,0.15314212181019576
KOAc,BrettPhos,BuOAc,0.1,120,1.6,0.1,-0.8,-1.9,PENDING,PENDING,0.0,21.04503048499034,9.678640300671066,2.322050957201424e-16,0.1391193554773522,0.012279374062573362,0.15987132747735222
KOAc,BrettPhos,BuOAc,0.1,105,1.6,0.1,-0.8,-1.9,PENDING,PENDING,0.0,10.11132871153334,9.498288015818583,1.77169877642851e-21,0.14030676499141786,0.011773556292832032,0.16105873699141787
KOAc,BrettPhos,BuOAc,0.1,90,1.6,0.1,-0.8,-1.9,PENDING,PENDING,0.0,-0.37269763982643056,9.74757426650811,4.1355668690763053e-25,0.14128737197180463,0.011679964747692527,0.16203934397180464
KOAc,BrettPhos,BuOAc,0.057,120,1.6,0.1,-0.8,-1.9,PENDING,PENDING,0.0,20.060306312130912,10.58469528435284,3.3331822815099815e-14,0.14621195413461818,0.012824457912335423,0.1669639261346182
KOAc,BrettPhos,BuOAc,0.057,105,1.6,0.1,-0.8,-1.9,PENDING,PENDING,0.0,8.99789683853881,10.079164246139282,1.126953988058838e-19,0.14742017031373914,0.012319614623664812,0.16817214231373914
KOAc,BrettPhos,BuOAc,0.057,90,1.6,0.1,-0.8,-1.9,PENDING,PENDING,0.0,-1.5103682694913836,10.042819881256241,3.023062884530317e-24,0.1484083497959987,0.012222618881595268,0.1691603217959987
KOAc,BrettPhos,BuCN,0.153,120,-1.6,-2.1,-1.8,-0.9,PENDING,PENDING,0.0,31.408208472287996,8.46473769472751,3.274115549546658e-16,0.12522121337912046,0.014082311601008974,0.14597318537912046
KOAc,BrettPhos,BuCN,0.153,105,-1.6,-2.1,-1.8,-0.9,PENDING,PENDING,0.0,19.001937466388444,9.048420803837082,2.0952405160304892e-19,0.1262612933016991,0.013502582418007732,0.14701326530169911
KOAc,BrettPhos,BuCN,0.153,90,-1.6,-2.1,-1.8,-0.9,PENDING,PENDING,0.0,6.0061330119337875,9.791698647060596,4.859793227468363e-22,0.1271280591348868,0.013232149514868216,0.14788003113488682
KOAc,BrettPhos,BuCN,0.1,120,-1.6,-2.1,-1.8,-0.9,PENDING,PENDING,0.0,30.041927353635856,9.011626760228499,5.519526020618383e-15,0.1340387366556935,0.014356070284815845,0.1547907086556935
KOAc,BrettPhos,BuCN,0.1,105,-1.6,-2.1,-1.8,-0.9,PENDING,PENDING,0.0,17.26513945370702,9.291326281198804,3.289953802849868e-19,0.13511110287775857,0.01376762086222995,0.15586307487775858
KOAc,BrettPhos,BuCN,0.1,90,-1.6,-2.1,-1.8,-0.9,PENDING,PENDING,0.0,4.0669000109832965,9.716151023284338,3.1832140681067244e-23,0.13599198685074856,0.013482508854836851,0.15674395885074857
KOAc,BrettPhos,BuCN,0.057,120,-1.6,-2.1,-1.8,-0.9,PENDING,PENDING,0.0,28.74594428229636,9.97342937890844,7.004771827533996e-13,0.14111816796741372,0.014916362258930331,0.16187013996741373
KOAc,BrettPhos,BuCN,0.057,105,-1.6,-2.1,-1.8,-0.9,PENDING,PENDING,0.0,15.855212152126692,9.991509222011459,2.5272837703417642e-17,0.1422118857900071,0.014338282924094774,0.1629638577900071
KOAc,BrettPhos,BuCN,0.057,90,-1.6,-2.1,-1.8,-0.9,PENDING,PENDING,0.0,2.685605979085498,10.222375609098863,1.0931679251059072e-21,0.1431009336685657,0.014063878491948085,0.1638529056685657
CsOPiv,tBPh-CPhos,p-Xylene,0.153,120,5.7,-2.2,0.0,1.3,PENDING,PENDING,0.0,11.369424900292913,13.23413368680218,2.2278061358699258e-11,0.3475225246990626,0.01875633738745644,0.3682744966990626
CsOPiv,tBPh-CPhos,p-Xylene,0.153,105,5.7,-2.2,0.0,1.3,PENDING,PENDING,0.0,14.195570302934332,12.966070400317523,3.7934911787917234e-11,0.34879950189267417,0.018698541313958927,0.3695514738926742
CsOPiv,tBPh-CPhos,p-Xylene,0.153,90,5.7,-2.2,0.0,1.3,PENDING,PENDING,0.0,18.08591335567808,13.396455727610444,1.1061511821045748e-09,0.34957654667052823,0.01955464425447795,0.37032851867052824
CsOPiv,tBPh-CPhos,p-Xylene,0.1,120,5.7,-2.2,0.0,1.3,PENDING,PENDING,0.0,11.850488307109858,12.926106751054396,9.234826799672473e-12,0.3556342813564587,0.018681106285140966,0.3763862533564587
CsOPiv,tBPh-CPhos,p-Xylene,0.1,105,5.7,-2.2,0.0,1.3,PENDING,PENDING,0.0,14.581545179984172,12.65533137485097,1.4829865798829057e-11,0.3569338287405033,0.01861619876027027,0.3776858007405033
CsOPiv,tBPh-CPhos,p-Xylene,0.1,90,5.7,-2.2,0.0,1.3,PENDING,PENDING,0.0,18.297746507866698,13.017909577469513,3.7820862278081096e-10,0.35771909051559736,0.019468144735678834,0.37847106251559737
CsOPiv,tBPh-CPhos,p-Xylene,0.057,120,5.7,-2.2,0.0,1.3,PENDING,PENDING,0.0,12.244992167924817,13.197374459802193,3.0942911679604953e-11,0.36187622387124374,0.018774945944618367,0.38262819587124375
CsOPiv,tBPh-CPhos,p-Xylene,0.057,105,5.7,-2.2,0.0,1.3,PENDING,PENDING,0.0,14.827645235381421,12.94173405411779,4.862956233856302e-11,0.3631900011167625,0.01870916928240438,0.3839419731167625
CsOPiv,tBPh-CPhos,p-Xylene,0.057,90,5.7,-2.2,0.0,1.3,PENDING,PENDING,0.0,18.324086704638862,13.310092858612874,9.562471590795916e-10,0.3639790188940536,0.01956252496530637,0.3847309908940536
CsOPiv,tBPh-CPhos,DMAc,0.153,105,-4.3,3.0,-3.4,0.5,PENDING,PENDING,0.0,11.82486024661255,8.119378203175755,8.523673236638783e-28,0.35064953860277726,0.004569978967246026,0.37140151060277726
CsOPiv,tBPh-CPhos,DMAc,0.153,90,-4.3,3.0,-3.4,0.5,PENDING,PENDING,0.0,11.731522908077276,12.808054417447513,5.4812929765433874e-12,0.35121310061037125,0.008596059703765965,0.37196507261037126
CsOPiv,tBPh-CPhos,DMAc,0.1,105,-4.3,3.0,-3.4,0.5,PENDING,PENDING,0.0,11.712943522323762,7.435364542641808,6.788760270301357e-33,0.3588411120278846,0.00437209661377772,0.3795930840278846
CsOPiv,tBPh-CPhos,DMAc,0.1,90,-4.3,3.0,-3.4,0.5,PENDING,PENDING,0.0,11.322580896594083,12.303811917898047,5.273387589326981e-13,0.3594140003363985,0.008488175023461669,0.3801659723363985
CsOPiv,tBPh-CPhos,DMAc,0.057,105,-4.3,3.0,-3.4,0.5,PENDING,PENDING,0.0,11.673741422265334,7.624353397245329,2.1397847863891853e-31,0.36515585738567236,0.004551259756027903,0.38590782938567236
CsOPiv,tBPh-CPhos,DMAc,0.057,90,-4.3,3.0,-3.4,0.5,PENDING,PENDING,0.0,11.018274035647327,12.395449194456267,6.573629072440799e-13,0.3657307159440002,0.008602999673576578,0.3864826879440002
CsOPiv,tBPh-CPhos,BuOAc,0.153,120,1.6,0.1,-0.8,-1.9,PENDING,PENDING,0.0,11.996925923992748,9.225461806595098,8.331506053443411e-22,0.36152417690501826,0.013992080467741013,0.38227614890501826
CsOPiv,tBPh-CPhos,BuOAc,0.153,105,1.6,0.1,-0.8,-1.9,PENDING,PENDING,0.0,14.071733998476397,9.046166517317205,1.2125330986566165e-21,0.3628385288486218,0.01391454382003315,0.3835905008486218
CsOPiv,tBPh-CPhos,BuOAc,0.153,90,1.6,0.1,-0.8,-1.9,PENDING,PENDING,0.0,17.46228176613836,9.33025949569149,5.601887853657745e-19,0.3636201445055687,0.015040311688304771,0.3843721165055687
CsOPiv,tBPh-CPhos,BuOAc,0.1,120,1.6,0.1,-0.8,-1.9,PENDING,PENDING,0.0,12.461949754845337,8.869284133808044,3.0751533942386334e-23,0.369750886761694,0.013884677845686205,0.390502858761694
CsOPiv,tBPh-CPhos,BuOAc,0.1,105,1.6,0.1,-0.8,-1.9,PENDING,PENDING,0.0,14.403549823896958,8.679339872289882,3.266766012678821e-23,0.3710883303943855,0.013792381611698202,0.3918403023943855
CsOPiv,tBPh-CPhos,BuOAc,0.1,90,1.6,0.1,-0.8,-1.9,PENDING,PENDING,0.0,17.58953407293666,8.802203606891872,4.402981177482816e-21,0.37187826036946126,0.014912342225099082,0.39263023236946126
CsOPiv,tBPh-CPhos,BuOAc,0.057,120,1.6,0.1,-0.8,-1.9,PENDING,PENDING,0.0,12.834024451957513,9.349845365474476,6.749742853079771e-21,0.37606134372435596,0.013978577763629726,0.39681331572435596
CsOPiv,tBPh-CPhos,BuOAc,0.057,105,1.6,0.1,-0.8,-1.9,PENDING,PENDING,0.0,14.596245212477946,9.175660102821487,7.672476498880209e-21,0.37741306968898103,0.01388231233253376,0.39816504168898104
CsOPiv,tBPh-CPhos,BuOAc,0.057,90,1.6,0.1,-0.8,-1.9,PENDING,PENDING,0.0,17.52516593923369,9.315769982375453,5.251009116427791e-19,0.3782064380121156,0.015000173876413838,0.3989584100121156
CsOPiv,tBPh-CPhos,BuCN,0.153,120,-1.6,-2.1,-1.8,-0.9,PENDING,PENDING,0.0,11.96837202256769,9.212330915317565,7.074132511426109e-22,0.35745470709655514,0.012785161506499344,0.37820667909655514
CsOPiv,tBPh-CPhos,BuCN,0.153,105,-1.6,-2.1,-1.8,-0.9,PENDING,PENDING,0.0,12.816883960844455,9.908039054064876,8.99440893454397e-19,0.3586850199806726,0.012799296604843058,0.3794369919806726
CsOPiv,tBPh-CPhos,BuCN,0.153,90,-1.6,-2.1,-1.8,-0.9,PENDING,PENDING,0.0,15.226008930996286,11.157216363890914,2.4403387438423425e-14,0.35939095183645464,0.014096713106238105,0.38014292383645465
CsOPiv,tBPh-CPhos,BuCN,0.1,120,-1.6,-2.1,-1.8,-0.9,PENDING,PENDING,0.0,12.368102048892837,8.904776709897508,4.1181270773769076e-23,0.3656618380962112,0.012735291314890682,0.38641381009621123
CsOPiv,tBPh-CPhos,BuCN,0.1,105,-1.6,-2.1,-1.8,-0.9,PENDING,PENDING,0.0,13.021306925902925,9.5730890331087,6.374622569090921e-20,0.36691520196016114,0.012738253667961087,0.38766717396016115
CsOPiv,tBPh-CPhos,BuCN,0.1,90,-1.6,-2.1,-1.8,-0.9,PENDING,PENDING,0.0,15.189080937407752,10.723215779639887,1.9701112337546598e-15,0.36762953954256694,0.014028889028407909,0.38838151154256695
CsOPiv,tBPh-CPhos,BuCN,0.057,120,-1.6,-2.1,-1.8,-0.9,PENDING,PENDING,0.0,12.703459686086449,9.315323252623358,4.235441785483381e-21,0.3719666282441868,0.012859718379837027,0.3927186002441868
CsOPiv,tBPh-CPhos,BuCN,0.057,105,-1.6,-2.1,-1.8,-0.9,PENDING,PENDING,0.0,13.153625441366408,9.921498864410724,1.3593434839649859e-18,0.3732343955152475,0.012859918314434404,0.3939863675152475
CsOPiv,tBPh-CPhos,BuCN,0.057,90,-1.6,-2.1,-1.8,-0.9,PENDING,PENDING,0.0,15.055509392103902,11.047338889729431,1.181471550739467e-14,0.3739521615771225,0.014146633184653142,0.39470413357712253
CsOPiv,X-Phos,p-Xylene,0.153,120,5.7,-2.2,0.0,1.3,PENDING,PENDING,0.0,5.53784396000162,13.051956054711464,4.438681868507662e-13,0.11055422495459931,0.01454153431365746,0.1313061969545993
CsOPiv,X-Phos,p-Xylene,0.153,105,5.7,-2.2,0.0,1.3,PENDING,PENDING,0.0,8.105319637485945,11.19356343096008,1.6975125293621742e-16,0.11193751723288442,0.013859462079234991,0.13268948923288443
CsOPiv,X-Phos,p-Xylene,0.153,90,5.7,-2.2,0.0,1.3,PENDING,PENDING,0.0,13.161449784389008,13.310190477042045,7.359625770328063e-11,0.11325026406275618,0.014182035086095533,0.13400223606275619
CsOPiv,X-Phos,p-Xylene,0.1,120,5.7,-2.2,0.0,1.3,PENDING,PENDING,0.0,5.6806036635533985,13.221043216603274,9.683216255446344e-13,0.11866105339825737,0.014764404609161313,0.13941302539825737
CsOPiv,X-Phos,p-Xylene,0.1,105,5.7,-2.2,0.0,1.3,PENDING,PENDING,0.0,8.18629081982931,11.503784327757604,1.1614586935185145e-15,0.12007225648687044,0.014104836912754897,0.14082422848687043
CsOPiv,X-Phos,p-Xylene,0.1,90,5.7,-2.2,0.0,1.3,PENDING,PENDING,0.0,13.112808327114266,13.45472030692175,1.1652545174600912e-10,0.12139823147901847,0.01443044401009581,0.14215020347901847
CsOPiv,X-Phos,p-Xylene,0.057,120,5.7,-2.2,0.0,1.3,PENDING,PENDING,0.0,5.920804771506656,13.895227537778279,1.3916866056349433e-11,0.1252606541001063,0.015352620233692839,0.14601262610010632
CsOPiv,X-Phos,p-Xylene,0.057,105,5.7,-2.2,0.0,1.3,PENDING,PENDING,0.0,8.33765438836718,12.405011610192835,1.347538825760994e-13,0.1266898067670512,0.014736489186977267,0.1474417787670512
CsOPiv,X-Phos,p-Xylene,0.057,90,5.7,-2.2,0.0,1.3,PENDING,PENDING,0.0,13.06958082146954,14.147640440109251,9.594297491878734e-10,0.12802146811659254,0.015070390045240656,0.14877344011659255
CsOPiv,X-Phos,DMAc,0.153,120,-4.3,3.0,-3.4,0.5,PENDING,PENDING,0.0,12.281336726208961,12.81846195834851,7.750000929616384e-12,0.11142178266811358,0.012782667753629115,0.13217375466811357
CsOPiv,X-Phos,DMAc,0.153,105,-4.3,3.0,-3.4,0.5,PENDING,PENDING,0.0,11.454422379062434,12.246713984644481,4.4284101078988197e-13,0.11258046482771962,0.012228876272303343,0.1333324368277196
CsOPiv,X-Phos,DMAc,0.153,90,-4.3,3.0,-3.4,0.5,PENDING,PENDING,0.0,12.839605746318211,14.913745976357859,6.658972592595908e-09,0.11366604179903972,0.01270137308956212,0.13441801379903973
CsOPiv,X-Phos,DMAc,0.1,120,-4.3,3.0,-3.4,0.5,PENDING,PENDING,0.0,11.923865976214799,12.771715574242112,5.292358680092461e-12,0.11955723155358843,0.012913641706094938,0.14030920355358842
CsOPiv,X-Phos,DMAc,0.1,105,-4.3,3.0,-3.4,0.5,PENDING,PENDING,0.0,10.885064509283225,12.160859946822496,2.107317105551211e-13,0.1207439307887141,0.01238351937895969,0.1414959027887141
CsOPiv,X-Phos,DMAc,0.1,90,-4.3,3.0,-3.4,0.5,PENDING,PENDING,0.0,12.102601778685663,14.788351456753144,3.5690861345451664e-09,0.1218430482545952,0.012865715295924108,0.1425950202545952
CsOPiv,X-Phos,DMAc,0.057,120,-4.3,3.0,-3.4,0.5,PENDING,PENDING,0.0,11.715585520923279,13.152166468266842,1.989599564239172e-11,0.1261843259339032,0.013353465185290701,0.1469362979339032
CsOPiv,X-Phos,DMAc,0.057,105,-4.3,3.0,-3.4,0.5,PENDING,PENDING,0.0,10.512679303627994,12.566259327719099,1.01712683539192e-12,0.12738972262749454,0.012864653888608137,0.14814169462749455
CsOPiv,X-Phos,DMAc,0.057,90,-4.3,3.0,-3.4,0.5,PENDING,PENDING,0.0,11.555604350672693,15.103236796434608,6.269246500248666e-09,0.12849533655135742,0.013360898181278428,0.14924730855135743
CsOPiv,X-Phos,BuOAc,0.153,120,1.6,0.1,-0.8,-1.9,PENDING,PENDING,0.0,5.983514631202816,9.130741042315302,3.9482015617079885e-25,0.12280713092252471,0.004255729747102336,0.14355910292252472
CsOPiv,X-Phos,BuOAc,0.153,90,1.6,0.1,-0.8,-1.9,PENDING,PENDING,0.0,12.582705103303272,9.112815644797347,4.890934915671309e-22,0.12556684574320728,0.0042616218803718095,0.1463188177432073
CsOPiv,X-Phos,BuOAc,0.1,120,1.6,0.1,-0.8,-1.9,PENDING,PENDING,0.0,6.050691108127502,9.506782256915177,2.863941651784611e-23,0.13104308357680386,0.005174446651054843,0.15179505557680387
CsOPiv,X-Phos,BuOAc,0.1,105,1.6,0.1,-0.8,-1.9,PENDING,PENDING,0.0,7.801168783750242,6.343676255446182,2.47531758236523e-48,0.1324975401525862,0.0035497689716697868,0.1532495121525862
CsOPiv,X-Phos,BuOAc,0.1,90,1.6,0.1,-0.8,-1.9,PENDING,PENDING,0.0,12.41436290043711,9.43241133611641,9.66887758097465e-21,0.13384498302850317,0.005213442052535986,0.15459695502850318
CsOPiv,X-Phos,BuOAc,0.057,120,1.6,0.1,-0.8,-1.9,PENDING,PENDING,0.0,6.237932037236963,10.554414560772823,4.417638826999973e-19,0.13772991995038536,0.0068108606220998085,0.15848189195038537
CsOPiv,X-Phos,BuOAc,0.057,105,1.6,0.1,-0.8,-1.9,PENDING,PENDING,0.0,7.89640050633119,8.092504954983708,2.3785683915361722e-30,0.13920292466035317,0.005714205090012236,0.15995489666035317
CsOPiv,X-Phos,BuOAc,0.057,90,1.6,0.1,-0.8,-1.9,PENDING,PENDING,0.0,12.28017585333121,10.535943379974935,6.017964516615401e-17,0.14055560722866225,0.0069113970276768,0.16130757922866226
CsOPiv,X-Phos,BuCN,0.153,120,-1.6,-2.1,-1.8,-0.9,PENDING,PENDING,0.0,7.301204628716498,10.975457385830328,2.2157867969137295e-17,0.11874396371634985,0.009688611548764759,0.13949593571634986
CsOPiv,X-Phos,BuCN,0.153,105,-1.6,-2.1,-1.8,-0.9,PENDING,PENDING,0.0,8.36048974500861,8.960240883521454,8.019914985441919e-25,0.12007732407265326,0.008655966575823194,0.14082929607265326
CsOPiv,X-Phos,BuCN,0.153,90,-1.6,-2.1,-1.8,-0.9,PENDING,PENDING,0.0,12.203959027623794,11.548147419536196,2.427783788128981e-14,0.1213258909965581,0.009135445964600903,0.1420778629965581
CsOPiv,X-Phos,BuCN,0.1,120,-1.6,-2.1,-1.8,-0.9,PENDING,PENDING,0.0,7.240213386575075,11.214226531907151,1.0062847170868505e-16,0.12694699802154452,0.010094274541640429,0.14769897002154453
CsOPiv,X-Phos,BuCN,0.1,105,-1.6,-2.1,-1.8,-0.9,PENDING,PENDING,0.0,8.172903989633067,9.356587634449594,5.601581273146696e-23,0.12830908010446765,0.009124458357471532,0.14906105210446766
CsOPiv,X-Phos,BuCN,0.1,90,-1.6,-2.1,-1.8,-0.9,PENDING,PENDING,0.0,11.854464129540682,11.70930567981683,4.404055712430123e-14,0.1295711208090628,0.009591054838376417,0.1503230928090628
CsOPiv,X-Phos,BuCN,0.057,120,-1.6,-2.1,-1.8,-0.9,PENDING,PENDING,0.0,7.312996360337337,11.965352719687976,8.039923530282907e-15,0.1336146401533875,0.010933940271586373,0.1543666121533875
CsOPiv,X-Phos,BuCN,0.057,105,-1.6,-2.1,-1.8,-0.9,PENDING,PENDING,0.0,8.124460667049,10.38756744519289,6.203378331424552e-19,0.13499540034928112,0.010070241088840743,0.15574737234928113
CsOPiv,X-Phos,BuCN,0.057,90,-1.6,-2.1,-1.8,-0.9,PENDING,PENDING,0.0,11.59075346591551,12.462025398782783,1.2310862815341513e-12,0.13626321561940802,0.010525792923234772,0.15701518761940803
CsOPiv,PPhtBu2,p-Xylene,0.153,120,5.7,-2.2,0.0,1.3,PENDING,PENDING,0.0,-0.12121286249783125,31.714819338801334,0.007040362452319385,0.13425078839572388,0.02606152439035041,0.1550027604013892
CsOPiv,PPhtBu2,p-Xylene,0.153,105,5.7,-2.2,0.0,1.3,PENDING,PENDING,0.0,0.7888459467476139,31.93927210741309,0.008526640450704295,0.13584915055999108,0.026037819709732807,0.15660112256370898
CsOPiv,PPhtBu2,p-Xylene,0.153,90,5.7,-2.2,0.0,1.3,PENDING,PENDING,0.0,3.193602959868027,32.79417399504314,0.01513905833258436,0.13729763070940476,0.026553344606782842,0.15804960271501364
CsOPiv,PPhtBu2,p-Xylene,0.1,120,5.7,-2.2,0.0,1.3,PENDING,PENDING,0.0,-0.04529867674539645,31.727133901109692,0.007137027218210218,0.142434456604909,0.02613498441977449,0.1631864286057609
CsOPiv,PPhtBu2,p-Xylene,0.1,105,5.7,-2.2,0.0,1.3,PENDING,PENDING,0.0,0.8131274662495365,31.94509332134855,0.008569203113036147,0.1440588843718064,0.026101474051510386,0.1648108563723424
CsOPiv,PPhtBu2,p-Xylene,0.1,90,5.7,-2.2,0.0,1.3,PENDING,PENDING,0.0,3.1572519170296083,32.78922977761174,0.01505506491124367,0.14551864980879892,0.026605355290491597,0.1662706218096353
CsOPiv,PPhtBu2,p-Xylene,0.057,120,5.7,-2.2,0.0,1.3,PENDING,PENDING,0.0,0.13944280200793457,31.824489488134684,0.0075744338096090935,0.14900955759765905,0.026632171197154192,0.16976152959802612
CsOPiv,PPhtBu2,p-Xylene,0.057,105,5.7,-2.2,0.0,1.3,PENDING,PENDING,0.0,0.9459235818611305,32.03368577964424,0.008997086352772715,0.15064956913969357,0.02659196635573719,0.17140154113992082
CsOPiv,PPhtBu2,p-Xylene,0.057,90,5.7,-2.2,0.0,1.3,PENDING,PENDING,0.0,3.2218455475276926,32.85939844934034,0.015527624973117493,0.15211374261533764,0.027081730194205355,0.1728657146156896
CsOPiv,PPhtBu2,DMAc,0.153,120,-4.3,3.0,-3.4,0.5,PENDING,PENDING,0.0,-1.5531684137540474,29.424052463204198,0.002139427005250036,0.1318222126890854,0.021444666986788298,0.152574184689087
CsOPiv,PPhtBu2,DMAc,0.153,105,-4.3,3.0,-3.4,0.5,PENDING,PENDING,0.0,-1.800842832752103,29.90555019092,0.002614621115660465,0.13320103937432645,0.02155488495131085,0.1539530113743278
CsOPiv,PPhtBu2,DMAc,0.153,90,-4.3,3.0,-3.4,0.5,PENDING,PENDING,0.0,-0.28649636720032134,31.31561550031896,0.005879581366800987,0.13444343369445766,0.022283079736307568,0.15519540569446275
CsOPiv,PPhtBu2,DMAc,0.1,120,-4.3,3.0,-3.4,0.5,PENDING,PENDING,0.0,-1.618388978385351,29.46228926111323,0.0021612813608370453,0.1400571218746466,0.021607309931582695,0.16080909387464679
CsOPiv,PPhtBu2,DMAc,0.1,105,-4.3,3.0,-3.4,0.5,PENDING,PENDING,0.0,-1.9440772766376604,29.93203344019579,0.002598903353337942,0.14146197756082407,0.021709376099363457,0.1622139495608242
CsOPiv,PPhtBu2,DMAc,0.1,90,-4.3,3.0,-3.4,0.5,PENDING,PENDING,0.0,-0.5029686280579462,31.32490430327597,0.00575269216398569,0.14271541455767345,0.02242408389437042,0.16346738655767393
CsOPiv,PPhtBu2,DMAc,0.057,120,-4.3,3.0,-3.4,0.5,PENDING,PENDING,0.0,-1.5276393050731407,29.61195263221878,0.002353558214735485,0.1466879213765703,0.022237777885283538,0.1674398933765704
CsOPiv,PPhtBu2,DMAc,0.057,105,-4.3,3.0,-3.4,0.5,PENDING,PENDING,0.0,-1.917433282837159,30.064072408473102,0.002775597909390283,0.14810903991286176,0.02233141381373204,0.16886101191286182
CsOPiv,PPhtBu2,DMAc,0.057,90,-4.3,3.0,-3.4,0.5,PENDING,PENDING,0.0,-0.5493364259640536,31.423785527304773,0.005957847565471228,0.1493672312320774,0.023023762874779998,0.17011920323207763
CsOPiv,PPhtBu2,BuOAc,0.153,120,1.6,0.1,-0.8,-1.9,PENDING,PENDING,0.0,-1.2292426006034844,30.7535461297738,0.00413599222743135,0.14758774626103216,0.023792125201510268,0.16833971826103458
CsOPiv,PPhtBu2,BuOAc,0.153,105,1.6,0.1,-0.8,-1.9,PENDING,PENDING,0.0,-0.5874019697136248,31.043786872857996,0.005065664653844365,0.14923620527460155,0.023875649486171657,0.1699881772746033
CsOPiv,PPhtBu2,BuOAc,0.153,90,1.6,0.1,-0.8,-1.9,PENDING,PENDING,0.0,1.6722083247722423,32.056751418353414,0.009846477720329469,0.1507025670954114,0.02453568020409972,0.17145453909541614
CsOPiv,PPhtBu2,BuOAc,0.1,120,1.6,0.1,-0.8,-1.9,PENDING,PENDING,0.0,-1.1841465375377318,30.778310284188997,0.004204173507089841,0.15589566759087636,0.023861027668915933,0.1766476395908766
CsOPiv,PPhtBu2,BuOAc,0.1,105,1.6,0.1,-0.8,-1.9,PENDING,PENDING,0.0,-0.6025756540916234,31.060688263436752,0.005092571822810789,0.15757088320827817,0.02393060234577298,0.1783228552082783
CsOPiv,PPhtBu2,BuOAc,0.1,90,1.6,0.1,-0.8,-1.9,PENDING,PENDING,0.0,1.5904502857558143,32.05967991682384,0.009767491431631345,0.15904863220144239,0.02457493819070773,0.1798006042014428
CsOPiv,PPhtBu2,BuOAc,0.057,120,1.6,0.1,-0.8,-1.9,PENDING,PENDING,0.0,-1.0154483837720072,30.898104919966027,0.004520283003108118,0.16254413803005274,0.024393346871467887,0.18329611003005283
CsOPiv,PPhtBu2,BuOAc,0.057,105,1.6,0.1,-0.8,-1.9,PENDING,PENDING,0.0,-0.49116374877376856,31.169426185857123,0.0054016512356670765,0.16423507354340083,0.024450821495765048,0.1849870455434009
CsOPiv,PPhtBu2,BuOAc,0.057,90,1.6,0.1,-0.8,-1.9,PENDING,PENDING,0.0,1.6291625548420043,32.144849641532936,0.010126185620753597,0.1657171007518194,0.025073786401732443,0.18646907275181956
CsOPiv,PPhtBu2,BuCN,0.153,120,-1.6,-2.1,-1.8,-0.9,PENDING,PENDING,0.0,-1.901125099851992,30.17666174016565,0.002931513444324213,0.14234227041330966,0.023324240661398765,0.163094242413314
CsOPiv,PPhtBu2,BuCN,0.153,105,-1.6,-2.1,-1.8,-0.9,PENDING,PENDING,0.0,-1.5196165824047405,30.54056604178963,0.0036312840617395287,0.1438981106665321,0.023312787231535837,0.16465008266653472
CsOPiv,PPhtBu2,BuCN,0.153,90,-1.6,-2.1,-1.8,-0.9,PENDING,PENDING,0.0,0.5664059142897777,31.70041449352714,0.007578298463719102,0.1452861279641675,0.023883830054234924,0.16603809996417349
CsOPiv,PPhtBu2,BuCN,0.1,120,-1.6,-2.1,-1.8,-0.9,PENDING,PENDING,0.0,-1.8879594944331473,30.208907002703118,0.0029806910532938283,0.15062512862265176,0.023456969191731413,0.1713771006226522
CsOPiv,PPhtBu2,BuCN,0.1,105,-1.6,-2.1,-1.8,-0.9,PENDING,PENDING,0.0,-1.573595788644667,30.56351738818618,0.0036440810686518,0.1522076044774238,0.023433608517295593,0.17295957647742405
CsOPiv,PPhtBu2,BuCN,0.1,90,-1.6,-2.1,-1.8,-0.9,PENDING,PENDING,0.0,0.44222497398413196,31.707603236501974,0.007491834977409184,0.15360701414619093,0.023988964064722822,0.17435898614619152
CsOPiv,PPhtBu2,BuCN,0.057,120,-1.6,-2.1,-1.8,-0.9,PENDING,PENDING,0.0,-1.7378721927926932,30.342195136308412,0.003230118686477275,0.1572662119688771,0.024037138449597924,0.17801818396887734
CsOPiv,PPhtBu2,BuCN,0.057,105,-1.6,-2.1,-1.8,-0.9,PENDING,PENDING,0.0,-1.4842162733976245,30.68327029737551,0.0038860222995899807,0.15886468417718927,0.024005431204090266,0.1796166561771894
CsOPiv,PPhtBu2,BuCN,0.057,90,-1.6,-2.1,-1.8,-0.9,PENDING,PENDING,0.0,0.4569780465983122,31.799871153683398,0.0077800881891470774,0.16026864046624412,0.0245414008656159,0.1810206124662444
CsOPiv,PPhMe2,p-Xylene,0.153,120,5.7,-2.2,0.0,1.3,PENDING,PENDING,0.0,0.3524417286417112,23.202602882582838,4.4842009668672996e-05,0.12852109062942513,0.015201860538747159,0.14927306262942514
CsOPiv,PPhMe2,p-Xylene,0.153,105,5.7,-2.2,0.0,1.3,PENDING,PENDING,0.0,1.5633784332965384,18.77119922217089,2.7905134674795456e-07,0.12986720388510642,0.01422340329694815,0.15061917588510643
CsOPiv,PPhMe2,p-Xylene,0.153,90,5.7,-2.2,0.0,1.3,PENDING,PENDING,0.0,4.188393692564425,16.564559568951406,1.0606450961275246e-08,0.13105143985651813,0.014013993677785086,0.15180341185651813
CsOPiv,PPhMe2,p-Xylene,0.1,120,5.7,-2.2,0.0,1.3,PENDING,PENDING,0.0,0.4661594269370468,22.69984939889296,2.86505737924701e-05,0.13757660864954602,0.013960839781235475,0.15832858064954602
CsOPiv,PPhMe2,p-Xylene,0.1,105,5.7,-2.2,0.0,1.3,PENDING,PENDING,0.0,1.6038435454892728,17.932850176463905,6.699838934785476e-08,0.1389542008652665,0.012854863063030329,0.1597061728652665
CsOPiv,PPhMe2,p-Xylene,0.1,90,5.7,-2.2,0.0,1.3,PENDING,PENDING,0.0,4.145402265898376,15.517305140509514,8.453854940945929e-10,0.1401501654475704,0.012602702555643839,0.1609021374475704
CsOPiv,PPhMe2,p-Xylene,0.057,120,5.7,-2.2,0.0,1.3,PENDING,PENDING,0.0,0.683285710717648,22.55826555189982,2.614056961838763e-05,0.14484861875646524,0.013615628175004526,0.16560059075646524
CsOPiv,PPhMe2,p-Xylene,0.057,105,5.7,-2.2,0.0,1.3,PENDING,PENDING,0.0,1.7530844520054174,17.68111058368962,4.3998905713217275e-08,0.14624668874344765,0.012458236029175672,0.16699866074344766
CsOPiv,PPhMe2,p-Xylene,0.057,90,5.7,-2.2,0.0,1.3,PENDING,PENDING,0.0,4.209373658603631,15.21872284426208,3.8712195051697176e-10,0.14744836263682762,0.012196533110164417,0.16820033463682763
CsOPiv,PPhMe2,DMAc,0.153,120,-4.3,3.0,-3.4,0.5,PENDING,PENDING,0.0,-3.5919930560823126,21.60864130724713,3.5761600515263477e-06,0.12587247210146785,0.010661779731974092,0.14662444410146785
CsOPiv,PPhMe2,DMAc,0.153,105,-4.3,3.0,-3.4,0.5,PENDING,PENDING,0.0,-3.508225109495907,17.5504231324624,5.56655476381549e-09,0.12698371009863052,0.010331462511694473,0.14773568209863053
CsOPiv,PPhMe2,DMAc,0.153,90,-4.3,3.0,-3.4,0.5,PENDING,PENDING,0.0,-1.5142849627745285,15.976423591777328,2.7276419192589117e-10,0.1279489841623897,0.010991151264694176,0.1487009561623897
CsOPiv,PPhMe2,DMAc,0.1,120,-4.3,3.0,-3.4,0.5,PENDING,PENDING,0.0,-3.623173646810546,21.196196780180973,2.144149820471518e-06,0.13497910166097637,0.009221568734255092,0.15573107366097638
CsOPiv,PPhMe2,DMAc,0.1,105,-4.3,3.0,-3.4,0.5,PENDING,PENDING,0.0,-3.6412975719978675,16.792897963432566,9.425402471333663e-10,0.1361217702193791,0.00878362146346357,0.1568737422193791
CsOPiv,PPhMe2,DMAc,0.1,90,-4.3,3.0,-3.4,0.5,PENDING,PENDING,0.0,-1.7444216313805185,15.001524827596237,1.3742552602901003e-11,0.13709854340662392,0.009517127060629984,0.15785051540662393
CsOPiv,PPhMe2,DMAc,0.057,120,-4.3,3.0,-3.4,0.5,PENDING,PENDING,0.0,-3.4813122880780725,21.160795933640326,2.124228872318594e-06,0.14230912324573353,0.008947456374168838,0.16306109524573353
CsOPiv,PPhMe2,DMAc,0.057,105,-4.3,3.0,-3.4,0.5,PENDING,PENDING,0.0,-3.581561622913185,16.64548474633846,6.712221341214479e-10,0.14347307617163163,0.008452294037021536,0.16422504817163164
CsOPiv,PPhMe2,DMAc,0.057,90,-4.3,3.0,-3.4,0.5,PENDING,PENDING,0.0,-1.778549315286753,14.784325952107979,6.577741637614804e-12,0.14445599694667605,0.009197553747449782,0.16520796894667605
CsOPiv,PPhMe2,BuOAc,0.153,120,1.6,0.1,-0.8,-1.9,PENDING,PENDING,0.0,-1.222562549038095,21.168409506045023,3.7348403250824966e-06,0.14304742981686144,0.011967066212067666,0.16379940181686145
CsOPiv,PPhMe2,BuOAc,0.153,105,1.6,0.1,-0.8,-1.9,PENDING,PENDING,0.0,-0.282708388174413,15.545031270359724,1.3899318236906043e-10,0.14444710386314902,0.010975468793504596,0.16519907586314903
CsOPiv,PPhMe2,BuOAc,0.153,90,1.6,0.1,-0.8,-1.9,PENDING,PENDING,0.0,2.2352597014376876,12.365193750109833,2.2772322931137875e-15,0.14564335583458204,0.01095465831304922,0.16639532783458205
CsOPiv,PPhMe2,BuOAc,0.1,120,1.6,0.1,-0.8,-1.9,PENDING,PENDING,0.0,-1.1386657160683242,20.57455723571293,1.8086677294813539e-06,0.15225813678471578,0.010263996383709983,0.1730101087847158
CsOPiv,PPhMe2,BuOAc,0.1,105,1.6,0.1,-0.8,-1.9,PENDING,PENDING,0.0,-0.2849111952434846,14.400395543773017,3.6196562654257324e-12,0.15369051899393568,0.009032952660959132,0.1744424909939357
CsOPiv,PPhMe2,BuOAc,0.1,90,1.6,0.1,-0.8,-1.9,PENDING,PENDING,0.0,2.1395954133637964,10.702334113922614,4.0699409695782234e-20,0.15489853755869085,0.00897351009782639,0.17565050955869085
CsOPiv,PPhMe2,BuOAc,0.057,120,1.6,0.1,-0.8,-1.9,PENDING,PENDING,0.0,-0.9320471829056878,20.415857103773345,1.5475989305931606e-06,0.1596203170749329,0.009707405070256855,0.1803722890749329
CsOPiv,PPhMe2,BuOAc,0.057,105,1.6,0.1,-0.8,-1.9,PENDING,PENDING,0.0,-0.15375353578256679,14.056782362146999,1.0940975447600836e-12,0.16107359168253743,0.008356617256970364,0.18182556368253744
CsOPiv,PPhMe2,BuOAc,0.057,90,1.6,0.1,-0.8,-1.9,PENDING,PENDING,0.0,2.178335008358843,10.202979953674076,5.638991641844096e-22,0.16228720193832674,0.008284331591493091,0.18303917393832675
CsOPiv,PPhMe2,BuCN,0.153,120,-1.6,-2.1,-1.8,-0.9,PENDING,PENDING,0.0,-2.659576523951955,20.143551020801908,6.731659256668272e-07,0.13662562177637366,0.00958910117027799,0.15737759377637367
CsOPiv,PPhMe2,BuCN,0.153,105,-1.6,-2.1,-1.8,-0.9,PENDING,PENDING,0.0,-2.0043478086176876,13.549588809300127,4.9939811894662907e-14,0.13791962093700472,0.007687068796872405,0.15867159293700472
CsOPiv,PPhMe2,BuCN,0.153,90,-1.6,-2.1,-1.8,-0.9,PENDING,PENDING,0.0,0.3949054491489008,9.131981380929314,5.517374499881845e-28,0.13903212215869534,0.006938060322410031,0.15978409415869535
CsOPiv,PPhMe2,BuCN,0.1,120,-1.6,-2.1,-1.8,-0.9,PENDING,PENDING,0.0,-2.613577923824291,19.535540683774695,2.7612240667726293e-07,0.14580691509975727,0.007615999482695969,0.16655888709975727
CsOPiv,PPhMe2,BuCN,0.1,105,-1.6,-2.1,-1.8,-0.9,PENDING,PENDING,0.0,-2.0548123653029933,12.194625071626449,4.717357750016495e-17,0.1471335194023887,0.00491429900089873,0.1678854914023887
CsOPiv,PPhMe2,BuCN,0.1,90,-1.6,-2.1,-1.8,-0.9,PENDING,PENDING,0.0,0.24473889687470063,6.561341099751391,1.1178900485357552e-52,0.14825788921611227,0.0035487350044396885,0.16900986121611228
CsOPiv,PPhMe2,BuCN,0.057,120,-1.6,-2.1,-1.8,-0.9,PENDING,PENDING,0.0,-2.4229410054394975,19.39773028625982,2.351234223575285e-07,0.1531648144841668,0.007051038315822401,0.1739167864841668
CsOPiv,PPhMe2,BuCN,0.057,105,-1.6,-2.1,-1.8,-0.9,PENDING,PENDING,0.0,-1.9447080005908148,11.8164239044767,4.830928600723113e-18,0.15451277094259067,0.003910787510300099,0.17526474294259067
CsOPiv,PPh3,p-Xylene,0.153,120,5.7,-2.2,0.0,1.3,PENDING,PENDING,0.0,12.43167061415021,12.936117706432844,1.317094453848537e-11,0.12006458542270353,0.021683139379116662,0.14081655742283686
CsOPiv,PPh3,p-Xylene,0.153,105,5.7,-2.2,0.0,1.3,PENDING,PENDING,0.0,15.23897080227383,12.504143763946146,1.1963357545085214e-11,0.12113837414680553,0.021446430352358076,0.14189034614686286
CsOPiv,PPh3,p-Xylene,0.153,90,5.7,-2.2,0.0,1.3,PENDING,PENDING,0.0,19.02148909734335,12.908265885222297,3.8217962934604944e-10,0.12207616655636967,0.021483280203954094,0.1428281385564156
CsOPiv,PPh3,p-Xylene,0.1,120,5.7,-2.2,0.0,1.3,PENDING,PENDING,0.0,12.857930771693182,12.552967579762702,3.7523155672678094e-12,0.1285918437696092,0.021395306221984288,0.14934381576961356
CsOPiv,PPh3,p-Xylene,0.1,105,5.7,-2.2,0.0,1.3,PENDING,PENDING,0.0,15.576288830199973,12.09897103255736,2.8044459785948667e-12,0.12969633010353918,0.021124220776613266,0.1504483021035407
CsOPiv,PPh3,p-Xylene,0.1,90,5.7,-2.2,0.0,1.3,PENDING,PENDING,0.0,19.196835036151,12.435085576986026,8.270607534081207e-11,0.13064827654432185,0.021134509341946037,0.15140024854432296
CsOPiv,PPh3,p-Xylene,0.057,120,5.7,-2.2,0.0,1.3,PENDING,PENDING,0.0,13.199066885738308,12.801204939888528,1.2042108224516767e-11,0.13545741576311296,0.02158752902986717,0.1562093877631136
CsOPiv,PPh3,p-Xylene,0.057,105,5.7,-2.2,0.0,1.3,PENDING,PENDING,0.0,15.772546402937602,12.35482138894521,9.003346517184623e-12,0.13658303640884067,0.021293540639818632,0.15733500840884088
CsOPiv,PPh3,p-Xylene,0.057,90,5.7,-2.2,0.0,1.3,PENDING,PENDING,0.0,19.18213334380593,12.694614261151631,2.0384503671831075e-10,0.1375436416730205,0.021288446383025954,0.15829561367302067
CsOPiv,PPh3,DMAc,0.153,120,-4.3,3.0,-3.4,0.5,PENDING,PENDING,0.0,15.105981133128166,9.261055190850914,2.9165079007647084e-20,0.11640071625894244,0.017845741401235057,0.13715268825894245
CsOPiv,PPh3,DMAc,0.153,105,-4.3,3.0,-3.4,0.5,PENDING,PENDING,0.0,12.933947378291444,9.860879156046009,6.82317073973346e-19,0.11719926862117697,0.017730823562705937,0.13795124062117697
CsOPiv,PPh3,DMAc,0.153,90,-4.3,3.0,-3.4,0.5,PENDING,PENDING,0.0,12.561698307720329,12.889394298730242,1.1858321677666274e-11,0.11788332333427325,0.017857351791527063,0.13863529533427324
CsOPiv,PPh3,DMAc,0.1,120,-4.3,3.0,-3.4,0.5,PENDING,PENDING,0.0,15.184802941020237,8.759780681161045,1.967693696606116e-22,0.12498433484820878,0.017983718904885412,0.1457363068482088
CsOPiv,PPh3,DMAc,0.1,105,-4.3,3.0,-3.4,0.5,PENDING,PENDING,0.0,12.711076793708559,9.159188631887565,9.03622955191927e-22,0.12581394623759107,0.017852945003402513,0.14656591823759108
CsOPiv,PPh3,DMAc,0.1,90,-4.3,3.0,-3.4,0.5,PENDING,PENDING,0.0,12.081106676116027,12.288338247253954,7.789469794573466e-13,0.12651223676762707,0.017962925012126624,0.14726420876762708
CsOPiv,PPh3,DMAc,0.057,120,-4.3,3.0,-3.4,0.5,PENDING,PENDING,0.0,15.273878499431556,8.957188544287368,1.7681145696221503e-21,0.13191636103891557,0.01855341927739321,0.15266833303891558
CsOPiv,PPh3,DMAc,0.057,105,-4.3,3.0,-3.4,0.5,PENDING,PENDING,0.0,12.576081579139696,9.194819514813762,1.124825130899524e-21,0.1327687945607064,0.01841238300600014,0.1535207665607064
CsOPiv,PPh3,DMAc,0.057,90,-4.3,3.0,-3.4,0.5,PENDING,PENDING,0.0,11.713519300928875,12.315679380665076,7.037475565240267e-13,0.13347691337226683,0.018514353214446486,0.15422888537226684
CsOPiv,PPh3,BuOAc,0.153,120,1.6,0.1,-0.8,-1.9,PENDING,PENDING,0.0,13.180825460756072,9.266369133056088,4.29922376058976e-21,0.13388546563921516,0.018294421689600753,0.15463743763921517
CsOPiv,PPh3,BuOAc,0.153,105,1.6,0.1,-0.8,-1.9,PENDING,PENDING,0.0,15.212921764566161,8.608279934914126,3.683680355882078e-23,0.13500533995997513,0.01802129958931256,0.15575731195997514
CsOPiv,PPh3,BuOAc,0.153,90,1.6,0.1,-0.8,-1.9,PENDING,PENDING,0.0,18.468036170355845,8.625143364176614,1.8214341447401786e-21,0.13595295956952572,0.018052415059541523,0.15670493156952572
CsOPiv,PPh3,BuOAc,0.1,120,1.6,0.1,-0.8,-1.9,PENDING,PENDING,0.0,13.573178484328492,8.800031951576983,4.974407366850492e-23,0.14254949055570804,0.017706142615481195,0.16330146255570804
CsOPiv,PPh3,BuOAc,0.1,105,1.6,0.1,-0.8,-1.9,PENDING,PENDING,0.0,15.48184495138124,8.076037032116206,6.071106686138665e-26,0.1437011198070434,0.017376897775104472,0.1644530918070434
CsOPiv,PPh3,BuOAc,0.1,90,1.6,0.1,-0.8,-1.9,PENDING,PENDING,0.0,18.55149038118257,7.904488781891166,3.272433851290166e-25,0.14466317237050424,0.01736923466460965,0.16541514437050425
CsOPiv,PPh3,BuOAc,0.057,120,1.6,0.1,-0.8,-1.9,PENDING,PENDING,0.0,13.876039016200831,9.231896434065142,6.2961151559526575e-21,0.14949491196054157,0.01773317910514854,0.17024688396054158
CsOPiv,PPh3,BuOAc,0.057,105,1.6,0.1,-0.8,-1.9,PENDING,PENDING,0.0,15.611491698830877,8.532396833358964,2.4262587942963772e-23,0.15066808704142215,0.017366475768884115,0.17142005904142216
CsOPiv,PPh3,BuOAc,0.057,90,1.6,0.1,-0.8,-1.9,PENDING,PENDING,0.0,18.436686618951462,8.394579523172467,1.3624510167903818e-22,0.1516388770703295,0.017335035302643412,0.1723908490703295
CsOPiv,PPh3,BuCN,0.153,120,-1.6,-2.1,-1.8,-0.9,PENDING,PENDING,0.0,13.207041564121564,10.314923586389774,2.764928550785928e-17,0.12814000057772745,0.019037262467834062,0.14889197257772746
CsOPiv,PPh3,BuCN,0.153,105,-1.6,-2.1,-1.8,-0.9,PENDING,PENDING,0.0,13.966011437870293,10.14103428764802,1.4940683358905322e-17,0.12915155185411206,0.0187830186441574,0.14990352385411207
CsOPiv,PPh3,BuCN,0.153,90,-1.6,-2.1,-1.8,-0.9,PENDING,PENDING,0.0,16.188570679962343,10.805641834140784,6.79641401691099e-15,0.13000856750598547,0.018791224336371624,0.15076053950598547
CsOPiv,PPh3,BuCN,0.1,120,-1.6,-2.1,-1.8,-0.9,PENDING,PENDING,0.0,13.514166052797293,9.947292476830143,2.305478089544235e-18,0.13677675639504883,0.01879764990831406,0.15752872839504883
CsOPiv,PPh3,BuCN,0.1,105,-1.6,-2.1,-1.8,-0.9,PENDING,PENDING,0.0,14.091233689156068,9.686834253749241,4.717297975772081e-19,0.13781996117188045,0.018504023784163968,0.15857193317188045
CsOPiv,PPh3,BuCN,0.1,90,-1.6,-2.1,-1.8,-0.9,PENDING,PENDING,0.0,16.09713493547825,10.242017667220761,1.824921621327485e-16,0.1386914691741202,0.01848045410453528,0.1594434411741202
CsOPiv,PPh3,BuCN,0.057,120,-1.6,-2.1,-1.8,-0.9,PENDING,PENDING,0.0,13.764730983078309,10.251139242336919,2.7995443611016014e-17,0.14371592931229493,0.01906219344318029,0.16446790131229494
CsOPiv,PPh3,BuCN,0.057,105,-1.6,-2.1,-1.8,-0.9,PENDING,PENDING,0.0,14.148912953282645,9.953264391730473,4.251582040928639e-18,0.14478117733756896,0.018743277085587547,0.16553314933756896
CsOPiv,PPh3,BuCN,0.057,90,-1.6,-2.1,-1.8,-0.9,PENDING,PENDING,0.0,15.908062682688774,10.513654058390154,9.336553457880716e-16,0.14566188049290538,0.018702214567553412,0.16641385249290538
CsOPiv,PPh2Me,p-Xylene,0.153,120,5.7,-2.2,0.0,1.3,PENDING,PENDING,0.0,-0.21102063987581943,21.38810864276652,6.1695392046186325e-06,0.11261154692201547,0.012484762905135637,0.13336351892201548
CsOPiv,PPh2Me,p-Xylene,0.153,105,5.7,-2.2,0.0,1.3,PENDING,PENDING,0.0,0.988635986892664,16.996298814236134,8.437986130231145e-09,0.11447921978668567,0.010862300805066233,0.13523119178668566
CsOPiv,PPh2Me,p-Xylene,0.153,90,5.7,-2.2,0.0,1.3,PENDING,PENDING,0.0,3.774248187118708,14.619012964721158,5.392448426927586e-11,0.11623739625257039,0.010118358750651013,0.13698936825257038
CsOPiv,PPh2Me,p-Xylene,0.1,120,5.7,-2.2,0.0,1.3,PENDING,PENDING,0.0,-0.17112178753385976,21.2511422816096,5.3113828317463425e-06,0.12084901554577106,0.012018054662644256,0.14160098754577105
CsOPiv,PPh2Me,p-Xylene,0.1,105,5.7,-2.2,0.0,1.3,PENDING,PENDING,0.0,0.9553639848789857,16.719355529527682,4.521624158197384e-09,0.1227421456199817,0.010258837569924597,0.1434941176199817
CsOPiv,PPh2Me,p-Xylene,0.1,90,5.7,-2.2,0.0,1.3,PENDING,PENDING,0.0,3.6634433877523733,14.228121560867502,1.4193893038426388e-11,0.12451091263712363,0.009404627658053845,0.14526288463712364
CsOPiv,PPh2Me,p-Xylene,0.057,120,5.7,-2.2,0.0,1.3,PENDING,PENDING,0.0,-0.009618424910225798,21.455171946748774,6.986069806306952e-06,0.12750791518539087,0.01256223634991346,0.14825988718539088
CsOPiv,PPh2Me,p-Xylene,0.057,105,5.7,-2.2,0.0,1.3,PENDING,PENDING,0.0,1.048701236780225,17.000325087708248,8.697902092788097e-09,0.12941478745267077,0.010856762774248208,0.15016675945267077
CsOPiv,PPh2Me,p-Xylene,0.057,90,5.7,-2.2,0.0,1.3,PENDING,PENDING,0.0,3.6737743620745604,14.57919334574821,4.534572034988666e-11,0.1311857803898208,0.010029860272697824,0.1519377523898208
CsOPiv,PPh2Me,DMAc,0.153,120,-4.3,3.0,-3.4,0.5,PENDING,PENDING,0.0,-2.5282393538392647,20.935481179850665,2.0256263134006396e-06,0.1121118857518791,0.011669678932362211,0.1328638577518791
CsOPiv,PPh2Me,DMAc,0.153,105,-4.3,3.0,-3.4,0.5,PENDING,PENDING,0.0,-2.4372704172154194,16.494129046394352,7.208974645264941e-10,0.1137390193927477,0.010257716882861511,0.1344909913927477
CsOPiv,PPh2Me,DMAc,0.153,90,-4.3,3.0,-3.4,0.5,PENDING,PENDING,0.0,-0.4012652240918797,14.256878525061541,2.032119397322488e-12,0.11526087730149229,0.009711358787519908,0.1360128493014923
CsOPiv,PPh2Me,DMAc,0.1,120,-4.3,3.0,-3.4,0.5,PENDING,PENDING,0.0,-2.648381129564516,20.797114267689164,1.644150123498932e-06,0.12039570715632364,0.011283536913300701,0.14114767915632365
CsOPiv,PPh2Me,DMAc,0.1,105,-4.3,3.0,-3.4,0.5,PENDING,PENDING,0.0,-2.666959715884989,16.19731870908558,3.061148432461586e-10,0.12204833880856977,0.009760999325973232,0.14280031080856978
CsOPiv,PPh2Me,DMAc,0.1,90,-4.3,3.0,-3.4,0.5,PENDING,PENDING,0.0,-0.7275825024653031,13.833627119579312,3.361226234449674e-13,0.1235807132271767,0.009131926702503101,0.1443326852271767
CsOPiv,PPh2Me,DMAc,0.057,120,-4.3,3.0,-3.4,0.5,PENDING,PENDING,0.0,-2.5856497161756202,20.997662483003825,2.160857428088328e-06,0.12709844564426437,0.011852763737784489,0.14785041764426438
CsOPiv,PPh2Me,DMAc,0.057,105,-4.3,3.0,-3.4,0.5,PENDING,PENDING,0.0,-2.693219472772274,16.468634865681732,6.110918712972389e-10,0.12876579465633,0.010385643903078735,0.14951776665633001
CsOPiv,PPh2Me,DMAc,0.057,90,-4.3,3.0,-3.4,0.5,PENDING,PENDING,0.0,-0.8489224684383956,14.168173108621934,1.1598614898505584e-12,0.1303012116416436,0.009781405644406663,0.1510531836416436
CsOPiv,PPh2Me,BuOAc,0.153,120,1.6,0.1,-0.8,-1.9,PENDING,PENDING,0.0,-1.5469827526030322,19.39657416746838,3.0216852461291474e-07,0.12400789549168592,0.009228184811119925,0.14475986749168593
CsOPiv,PPh2Me,BuOAc,0.153,105,1.6,0.1,-0.8,-1.9,PENDING,PENDING,0.0,-0.6472517138168072,13.95119262831342,5.601579378534714e-13,0.12592631935348225,0.008481202028090069,0.14667829135348226
CsOPiv,PPh2Me,BuOAc,0.153,90,1.6,0.1,-0.8,-1.9,PENDING,PENDING,0.0,2.0008612611105683,10.714091206866192,3.9642722679656537e-20,0.12771377798875339,0.008953606252247339,0.1484657499887534
CsOPiv,PPh2Me,BuOAc,0.1,120,1.6,0.1,-0.8,-1.9,PENDING,PENDING,0.0,-1.5451474840517818,19.22974408810076,2.3257353917864766e-07,0.13238096902264324,0.008535098768332791,0.15313294102264324
CsOPiv,PPh2Me,BuOAc,0.1,105,1.6,0.1,-0.8,-1.9,PENDING,PENDING,0.0,-0.7316733619884879,13.549728178775608,1.032073694664501e-13,0.1343255481582748,0.0076092337264684964,0.1550775201582748
CsOPiv,PPh2Me,BuOAc,0.1,90,1.6,0.1,-0.8,-1.9,PENDING,PENDING,0.0,1.8297264293617346,10.048147781931828,9.215862690021754e-23,0.1361235720377717,0.008034649533093147,0.1568755440377717
CsOPiv,PPh2Me,BuOAc,0.057,120,1.6,0.1,-0.8,-1.9,PENDING,PENDING,0.0,-1.4022205017904419,19.474037746069307,3.5492184935664633e-07,0.13913182722627496,0.009237448655431356,0.15988379922627496
CsOPiv,PPh2Me,BuOAc,0.057,105,1.6,0.1,-0.8,-1.9,PENDING,PENDING,0.0,-0.6642922079535118,13.914344443035903,4.800554896805383e-13,0.14109034297335316,0.008316713209510794,0.16184231497335316
CsOPiv,PPh2Me,BuOAc,0.057,90,1.6,0.1,-0.8,-1.9,PENDING,PENDING,0.0,1.8078941974174931,10.557979597097725,9.227316693479292e-21,0.14289021661966383,0.008654154030203937,0.16364218861966384
CsOPiv,PPh2Me,BuCN,0.153,120,-1.6,-2.1,-1.8,-0.9,PENDING,PENDING,0.0,-2.6434719194760135,18.64754495828738,6.278329976062345e-08,0.11971758179768359,0.007679870764684197,0.14046955379768358
CsOPiv,PPh2Me,BuCN,0.153,105,-1.6,-2.1,-1.8,-0.9,PENDING,PENDING,0.0,-2.0256737712319364,11.971721331594706,1.2303529036734746e-17,0.12153467957016523,0.00532806242767117,0.14228665157016523
CsOPiv,PPh2Me,BuCN,0.153,90,-1.6,-2.1,-1.8,-0.9,PENDING,PENDING,0.0,0.47689442169957985,6.954289405684612,6.665373024599655e-47,0.12323105505801762,0.00435847717293782,0.14398302705801763
CsOPiv,PPh2Me,BuCN,0.1,120,-1.6,-2.1,-1.8,-0.9,PENDING,PENDING,0.0,-2.679239692132004,18.45276602416741,4.373593937191685e-08,0.12805846580590854,0.0068298772954598136,0.14881043780590855
CsOPiv,PPh2Me,BuCN,0.1,105,-1.6,-2.1,-1.8,-0.9,PENDING,PENDING,0.0,-2.1583518079654027,11.439963877802967,3.102182543677896e-19,0.1299014772191327,0.003806010386823164,0.1506534492191327
CsOPiv,PPh2Me,BuCN,0.057,120,-1.6,-2.1,-1.8,-0.9,PENDING,PENDING,0.0,-2.5542537583928357,18.700916312776755,7.091957028628494e-08,0.13479273816159082,0.007660745556158405,0.15554471016159083
CsOPiv,PPh2Me,BuCN,0.057,105,-1.6,-2.1,-1.8,-0.9,PENDING,PENDING,0.0,-2.1141516694095515,11.87067981356519,6.055292285610782e-18,0.13665008557690667,0.005055510970321647,0.15740205757690667
CsOPiv,PPh2Me,BuCN,0.057,90,-1.6,-2.1,-1.8,-0.9,PENDING,PENDING,0.0,0.20255132881339222,6.599005870638653,3.8254746050296395e-52,0.13835941183747605,0.0037536366794452955,0.15911138383747606
CsOPiv,PCy3 HBF4,p-Xylene,0.153,120,5.7,-2.2,0.0,1.3,PENDING,PENDING,0.0,4.7452341801424645,25.564869417703672,0.0006133260050884166,0.11804668619477053,0.020269503761184547,0.1387986581947812
CsOPiv,PCy3 HBF4,p-Xylene,0.153,105,5.7,-2.2,0.0,1.3,PENDING,PENDING,0.0,7.04839433665197,24.834627083708213,0.0005558336572277136,0.1192157005067121,0.01964880107047723,0.1399676725067135
CsOPiv,PCy3 HBF4,p-Xylene,0.153,90,5.7,-2.2,0.0,1.3,PENDING,PENDING,0.0,10.605440939393063,25.080827039151448,0.0011689689603156979,0.12026430029227052,0.019696893653373553,0.14101627229227157
CsOPiv,PCy3 HBF4,p-Xylene,0.1,120,5.7,-2.2,0.0,1.3,PENDING,PENDING,0.0,4.985495599253138,25.531861967644346,0.0006244148413218926,0.1260739783628093,0.020277146758644574,0.14682595036280993
CsOPiv,PCy3 HBF4,p-Xylene,0.1,105,5.7,-2.2,0.0,1.3,PENDING,PENDING,0.0,7.220230088185247,24.778691116828604,0.0005511128214064458,0.12726917067102372,0.01962641970694383,0.1480211426710238
CsOPiv,PCy3 HBF4,p-Xylene,0.1,90,5.7,-2.2,0.0,1.3,PENDING,PENDING,0.0,10.677131564165379,24.991189340017442,0.0011192485318352284,0.1283299598473117,0.01964352058488556,0.14908193184731175
CsOPiv,PCy3 HBF4,p-Xylene,0.057,120,5.7,-2.2,0.0,1.3,PENDING,PENDING,0.0,5.26280120762862,25.67213716803963,0.0007144883996203378,0.1325492108516533,0.020825280335787878,0.15330118285165356
CsOPiv,PCy3 HBF4,p-Xylene,0.057,105,5.7,-2.2,0.0,1.3,PENDING,PENDING,0.0,7.411511527776689,24.91718207601146,0.0006241492245620314,0.13376180128058512,0.020172512655362483,0.15451377328058516
CsOPiv,PCy3 HBF4,p-Xylene,0.057,90,5.7,-2.2,0.0,1.3,PENDING,PENDING,0.0,10.750394497523462,25.110028499676222,0.0012179442780091282,0.13482931788218244,0.020172846779691923,0.15558128988218245
CsOPiv,PCy3 HBF4,DMAc,0.153,120,-4.3,3.0,-3.4,0.5,PENDING,PENDING,0.0,5.1380960177008035,24.779401397774883,0.0003864370263370045,0.11868133210022913,0.019806120092605628,0.13943330410023175
CsOPiv,PCy3 HBF4,DMAc,0.153,105,-4.3,3.0,-3.4,0.5,PENDING,PENDING,0.0,5.029831451859007,24.688268467100045,0.00035574421980676205,0.11962150294937446,0.019648125266147214,0.14037347494937566
CsOPiv,PCy3 HBF4,DMAc,0.153,90,-4.3,3.0,-3.4,0.5,PENDING,PENDING,0.0,6.487690619485626,25.60756887378052,0.000835543306481501,0.12043929287341455,0.02009504695272308,0.1411912648734175
CsOPiv,PCy3 HBF4,DMAc,0.1,120,-4.3,3.0,-3.4,0.5,PENDING,PENDING,0.0,5.12408009717571,24.732707309979347,0.00037310044191339684,0.1267524735936218,0.01979677280657868,0.14750444559362194
CsOPiv,PCy3 HBF4,DMAc,0.1,105,-4.3,3.0,-3.4,0.5,PENDING,PENDING,0.0,4.884173582189437,24.599109555976145,0.00032551603128754426,0.12771884850930326,0.019611403698486667,0.14847082050930333
CsOPiv,PCy3 HBF4,DMAc,0.1,90,-4.3,3.0,-3.4,0.5,PENDING,PENDING,0.0,6.2132858294106015,25.487506082859834,0.0007412008568139627,0.12854876572116092,0.020031956479813366,0.14930073772116104
CsOPiv,PCy3 HBF4,DMAc,0.057,120,-4.3,3.0,-3.4,0.5,PENDING,PENDING,0.0,5.209791575254918,24.853800542742935,0.0004119920076689921,0.1332641134617172,0.020292336469537518,0.15401608546171724
CsOPiv,PCy3 HBF4,DMAc,0.057,105,-4.3,3.0,-3.4,0.5,PENDING,PENDING,0.0,4.859262721057913,24.69054599958373,0.00034591677601073737,0.13424870897255214,0.02009118186185847,0.15500068097255215
CsOPiv,PCy3 HBF4,DMAc,0.057,90,-4.3,3.0,-3.4,0.5,PENDING,PENDING,0.0,6.066695667209263,25.55103659396451,0.000753541180598942,0.1350861275398315,0.020486142686282554,0.15583809953983155
CsOPiv,PCy3 HBF4,BuOAc,0.153,120,1.6,0.1,-0.8,-1.9,PENDING,PENDING,0.0,4.618536702951513,24.834686955287154,0.00036728286363684,0.1312402793771929,0.019271768002338523,0.1519922513771929
CsOPiv,PCy3 HBF4,BuOAc,0.153,105,1.6,0.1,-0.8,-1.9,PENDING,PENDING,0.0,6.492419936824323,24.064932831817355,0.00029361541503421153,0.1324493262248835,0.01873697929151332,0.15320129822488351
CsOPiv,PCy3 HBF4,BuOAc,0.153,90,1.6,0.1,-0.8,-1.9,PENDING,PENDING,0.0,9.704260126174916,24.22377305322134,0.0005783597180534505,0.13350619055014715,0.018875501462862335,0.15425816255014715
CsOPiv,PCy3 HBF4,BuOAc,0.1,120,1.6,0.1,-0.8,-1.9,PENDING,PENDING,0.0,4.813754956161411,24.795280480142587,0.0003695061113436109,0.13938762158081347,0.01906394262499139,0.16013959358081348
CsOPiv,PCy3 HBF4,BuOAc,0.1,105,1.6,0.1,-0.8,-1.9,PENDING,PENDING,0.0,6.602134186779274,23.993401915693813,0.0002840299449007712,0.14062350306983967,0.01848333563010881,0.16137547506983968
CsOPiv,PCy3 HBF4,BuOAc,0.1,90,1.6,0.1,-0.8,-1.9,PENDING,PENDING,0.0,9.701708960528016,24.111712903410307,0.0005352724113939864,0.1416926961112428,0.018585091620098852,0.1624446681112428
CsOPiv,PCy3 HBF4,BuOAc,0.057,120,1.6,0.1,-0.8,-1.9,PENDING,PENDING,0.0,5.055135459114947,24.93605109919105,0.0004246743844172583,0.14593328553428883,0.01946212178671484,0.16668525753428884
CsOPiv,PCy3 HBF4,BuOAc,0.057,105,1.6,0.1,-0.8,-1.9,PENDING,PENDING,0.0,6.746308028649501,24.127291889944694,0.0003216401929483281,0.14718679407284135,0.01886640318506868,0.16793876607284136
CsOPiv,PCy3 HBF4,BuOAc,0.057,90,1.6,0.1,-0.8,-1.9,PENDING,PENDING,0.0,9.719488803774908,24.225671122705958,0.0005806317552068344,0.148262727526209,0.018944159210780926,0.169014699526209
CsOPiv,PCy3 HBF4,BuCN,0.153,120,-1.6,-2.1,-1.8,-0.9,PENDING,PENDING,0.0,4.1552661378976445,24.843717010674784,0.00034121617343055907,0.1267903779147891,0.019914369599785976,0.14754234991478926
CsOPiv,PCy3 HBF4,BuCN,0.153,105,-1.6,-2.1,-1.8,-0.9,PENDING,PENDING,0.0,5.448234698195325,24.29626117655618,0.0002887763516915146,0.12790598492126376,0.019372849887514355,0.1486579569212638
CsOPiv,PCy3 HBF4,BuCN,0.153,90,-1.6,-2.1,-1.8,-0.9,PENDING,PENDING,0.0,8.203749957856626,24.652567913089502,0.0005980917357907064,0.12887977049271276,0.01946228130257705,0.1496317424927128
CsOPiv,PCy3 HBF4,BuCN,0.1,120,-1.6,-2.1,-1.8,-0.9,PENDING,PENDING,0.0,4.292183820746498,24.80746961473712,0.0003405623706588907,0.13491165109491024,0.019838699602127443,0.15566362309491025
CsOPiv,PCy3 HBF4,BuCN,0.1,105,-1.6,-2.1,-1.8,-0.9,PENDING,PENDING,0.0,5.482821223999686,24.224468803374123,0.0002756216659550075,0.1360540035798324,0.019260067839019634,0.15680597557983242
CsOPiv,PCy3 HBF4,BuCN,0.1,90,-1.6,-2.1,-1.8,-0.9,PENDING,PENDING,0.0,8.117808931729527,24.541630482948094,0.0005469379311587013,0.13704016651901693,0.019315327848522086,0.15779213851901694
CsOPiv,PCy3 HBF4,BuCN,0.057,120,-1.6,-2.1,-1.8,-0.9,PENDING,PENDING,0.0,4.494727935955034,24.941626142523592,0.00038740069320694626,0.14144570876352855,0.020301576462991775,0.16219768076352856
CsOPiv,PCy3 HBF4,BuCN,0.057,105,-1.6,-2.1,-1.8,-0.9,PENDING,PENDING,0.0,5.581421308349515,24.344049517546736,0.00030618517174858546,0.1426059907411164,0.01971251044023664,0.16335796274111639
CsOPiv,PCy3 HBF4,BuCN,0.057,90,-1.6,-2.1,-1.8,-0.9,PENDING,PENDING,0.0,8.08783874982003,24.638982381946324,0.0005811388392244488,0.14359924643056157,0.01974725829300328,0.16435121843056158
CsOPiv,P(fur)3,p-Xylene,0.153,120,5.7,-2.2,0.0,1.3,PENDING,PENDING,0.0,13.283041002673277,11.152534182606459,5.986655049762644e-15,0.11599011898718836,0.010626043045852062,0.13674209098718837
CsOPiv,P(fur)3,p-Xylene,0.153,105,5.7,-2.2,0.0,1.3,PENDING,PENDING,0.0,16.17890921640788,11.482024858499173,2.472344359942252e-13,0.11711440354105822,0.010700621161809786,0.1378663755410582
CsOPiv,P(fur)3,p-Xylene,0.153,90,5.7,-2.2,0.0,1.3,PENDING,PENDING,0.0,19.981673036353595,12.607295963163699,2.3030542935894362e-10,0.11814581232622544,0.011416089649756007,0.13889778432622543
CsOPiv,P(fur)3,p-Xylene,0.1,120,5.7,-2.2,0.0,1.3,PENDING,PENDING,0.0,13.75651866604443,10.637279295058992,3.817238535398882e-16,0.12399398065445197,0.010120796210805869,0.14474595265445198
CsOPiv,P(fur)3,p-Xylene,0.1,105,5.7,-2.2,0.0,1.3,PENDING,PENDING,0.0,16.559162522994455,10.990408374418545,2.5241872717870964e-14,0.12514707684095588,0.010185494161266765,0.1458990488409559
CsOPiv,P(fur)3,p-Xylene,0.1,90,5.7,-2.2,0.0,1.3,PENDING,PENDING,0.0,20.190830235965308,12.098701127013225,4.122322342393533e-11,0.1261940498708754,0.010918090201625914,0.1469460218708754
CsOPiv,P(fur)3,p-Xylene,0.057,120,5.7,-2.2,0.0,1.3,PENDING,PENDING,0.0,14.125639114672856,10.932244739739556,3.1020304571784255e-15,0.1304794417078263,0.010290260777060481,0.1512314137078263
CsOPiv,P(fur)3,p-Xylene,0.057,105,5.7,-2.2,0.0,1.3,PENDING,PENDING,0.0,16.779497424812913,11.260719560124127,1.2265875426566812e-13,0.13165149720532376,0.010334750195541354,0.15240346920532377
CsOPiv,P(fur)3,p-Xylene,0.057,90,5.7,-2.2,0.0,1.3,PENDING,PENDING,0.0,20.19316167944695,12.35221417520556,1.0559865177318542e-10,0.13270663061053606,0.011050384684420515,0.15345860261053607
CsOPiv,P(fur)3,DMAc,0.153,120,-4.3,3.0,-3.4,0.5,PENDING,PENDING,0.0,16.067874706660128,8.71571661993035,3.2804502742374475e-22,0.11472566100935343,0.01045467944756051,0.13547763300935342
CsOPiv,P(fur)3,DMAc,0.153,105,-4.3,3.0,-3.4,0.5,PENDING,PENDING,0.0,13.92770767206789,9.794826639407193,9.898383936208909e-19,0.11557652716802648,0.01052317631827806,0.13632849916802647
CsOPiv,P(fur)3,DMAc,0.153,90,-4.3,3.0,-3.4,0.5,PENDING,PENDING,0.0,13.527102555787156,13.013342163483419,3.1517666402242314e-11,0.11634234656991232,0.011046086649457842,0.13709431856991233
CsOPiv,P(fur)3,DMAc,0.1,120,-4.3,3.0,-3.4,0.5,PENDING,PENDING,0.0,16.198016515047573,8.127043968388998,3.0918391765770383e-25,0.12278857783409178,0.01015003935600247,0.14354054983409179
CsOPiv,P(fur)3,DMAc,0.1,105,-4.3,3.0,-3.4,0.5,PENDING,PENDING,0.0,13.74661330425121,9.038808239445551,7.929378646886853e-22,0.12366805889510157,0.0102293444808459,0.14442003089510158
CsOPiv,P(fur)3,DMAc,0.1,90,-4.3,3.0,-3.4,0.5,PENDING,PENDING,0.0,13.07489988284206,12.386736586358303,2.1449927828464504e-12,0.12444891348973953,0.010767191932135893,0.14520088548973953
CsOPiv,P(fur)3,DMAc,0.057,120,-4.3,3.0,-3.4,0.5,PENDING,PENDING,0.0,16.31863422014569,8.305743010321683,3.639766270950447e-24,0.12933063726593758,0.010318683225605604,0.15008260926593758
CsOPiv,P(fur)3,DMAc,0.057,105,-4.3,3.0,-3.4,0.5,PENDING,PENDING,0.0,13.63572644178205,9.032651940269504,6.601003692098049e-22,0.13023032016149172,0.010394544082684825,0.15098229216149173
CsOPiv,P(fur)3,DMAc,0.057,90,-4.3,3.0,-3.4,0.5,PENDING,PENDING,0.0,12.721230015781384,12.382991226531972,1.7147508580501417e-12,0.1310202387948444,0.01093320689201298,0.1517722107948444
CsOPiv,P(fur)3,BuOAc,0.153,120,1.6,0.1,-0.8,-1.9,PENDING,PENDING,0.0,14.175136096429984,6.235329614811034,1.4308541921669263e-43,0.12889356825554107,0.003442108183456792,0.14964554025554108
CsOPiv,P(fur)3,BuOAc,0.153,105,1.6,0.1,-0.8,-1.9,PENDING,PENDING,0.0,16.281968609663373,7.043119489488003,5.624903096900607e-33,0.1300687209786439,0.004352199724361035,0.1508206929786439
CsOPiv,P(fur)3,BuOAc,0.153,90,1.6,0.1,-0.8,-1.9,PENDING,PENDING,0.0,19.53642089581061,8.315263183717065,1.9991107388764756e-22,0.13112626161181465,0.006299965332572802,0.15187823361181466
CsOPiv,P(fur)3,BuOAc,0.1,105,1.6,0.1,-0.8,-1.9,PENDING,PENDING,0.0,16.597578812830733,6.283110404230984,1.1491568950933964e-40,0.1382144594300024,0.0032571021184989884,0.15896643143000241
CsOPiv,P(fur)3,BuOAc,0.1,90,1.6,0.1,-0.8,-1.9,PENDING,PENDING,0.0,19.65569454774407,7.525694471152195,6.007376268421906e-27,0.1392887560055205,0.005574442511546077,0.1600407280055205
CsOPiv,P(fur)3,BuOAc,0.057,120,1.6,0.1,-0.8,-1.9,PENDING,PENDING,0.0,14.95206766245903,6.042779408942426,1.814941183562512e-45,0.14356649841844504,0.0030198476724694395,0.16431847041844505
CsOPiv,P(fur)3,BuOAc,0.057,105,1.6,0.1,-0.8,-1.9,PENDING,PENDING,0.0,16.751711450589863,6.840545837489195,1.7573865203329332e-34,0.14479078471118698,0.003959977321015978,0.16554275671118698
CsOPiv,P(fur)3,BuOAc,0.057,90,1.6,0.1,-0.8,-1.9,PENDING,PENDING,0.0,19.557266573574807,8.016206811197131,5.3389111014375144e-24,0.14587294072170282,0.005998871254895431,0.16662491272170282
CsOPiv,P(fur)3,BuCN,0.153,120,-1.6,-2.1,-1.8,-0.9,PENDING,PENDING,0.0,14.194730327677217,8.51508191163456,3.6446185380015214e-24,0.12509603168351413,0.008489584557501541,0.14584800368351414
CsOPiv,P(fur)3,BuCN,0.153,105,-1.6,-2.1,-1.8,-0.9,PENDING,PENDING,0.0,15.018089063064512,9.304575265078812,4.000644888913658e-20,0.12615888134862202,0.008719910781607769,0.14691085334862203
CsOPiv,P(fur)3,BuCN,0.153,90,-1.6,-2.1,-1.8,-0.9,PENDING,PENDING,0.0,17.232690627014044,10.701327837466673,8.030207232875689e-15,0.12710871751040623,0.009596161896583376,0.14786068951040623
CsOPiv,P(fur)3,BuCN,0.1,120,-1.6,-2.1,-1.8,-0.9,PENDING,PENDING,0.0,14.555248961920675,7.9741228593607225,4.093449730891369e-27,0.13318840243964492,0.00822324771999046,0.15394037443964492
CsOPiv,P(fur)3,BuCN,0.1,105,-1.6,-2.1,-1.8,-0.9,PENDING,PENDING,0.0,15.189541569978989,8.744476954476763,1.6712920171861535e-22,0.13428098731470234,0.008451197352185169,0.15503295931470235
CsOPiv,P(fur)3,BuCN,0.1,90,-1.6,-2.1,-1.8,-0.9,PENDING,PENDING,0.0,17.175359248347227,10.099692838862694,1.6764718657161365e-16,0.13524722109763226,0.009335997888285584,0.15599919309763227
CsOPiv,P(fur)3,BuCN,0.057,120,-1.6,-2.1,-1.8,-0.9,PENDING,PENDING,0.0,14.836567252103904,8.342123447351621,9.197976817391793e-25,0.1397303105717566,0.008636728514837587,0.16048228257175662
CsOPiv,P(fur)3,BuCN,0.057,105,-1.6,-2.1,-1.8,-0.9,PENDING,PENDING,0.0,15.272409384388729,9.013506410799383,3.1316435915650627e-21,0.14084253578630715,0.008834542622074336,0.16159450778630716
CsOPiv,P(fur)3,BuCN,0.057,90,-1.6,-2.1,-1.8,-0.9,PENDING,PENDING,0.0,17.002443372636918,10.350352573814032,7.785379776970616e-16,0.14181740441326962,0.009677308529833853,0.16256937641326963
CsOPiv,JackiePhos,p-Xylene,0.153,120,5.7,-2.2,0.0,1.3,PENDING,PENDING,0.0,12.374602743168385,13.900999626473112,3.3527003681891854e-10,0.4395575240111559,0.024902012557185414,0.4603094960111559
CsOPiv,JackiePhos,p-Xylene,0.153,105,5.7,-2.2,0.0,1.3,PENDING,PENDING,0.0,15.39588996279044,13.195945130163686,1.5630940273473114e-10,0.4408043733600313,0.023518586534718208,0.4615563453600313
CsOPiv,JackiePhos,p-Xylene,0.153,90,5.7,-2.2,0.0,1.3,PENDING,PENDING,0.0,19.45602213454895,13.483242316172227,2.7191589093206567e-09,0.44153227458078503,0.02355020546851516,0.46228424658078504
CsOPiv,JackiePhos,p-Xylene,0.1,120,5.7,-2.2,0.0,1.3,PENDING,PENDING,0.0,12.777959556624648,13.458231474407388,9.967067020533085e-11,0.4460231389188253,0.022671587910992577,0.4667751109188253
CsOPiv,JackiePhos,p-Xylene,0.1,105,5.7,-2.2,0.0,1.3,PENDING,PENDING,0.0,15.711480497752408,12.68912323974728,3.131884193513202e-11,0.4472852530165463,0.021125273144011934,0.4680372250165463
CsOPiv,JackiePhos,p-Xylene,0.1,90,5.7,-2.2,0.0,1.3,PENDING,PENDING,0.0,19.617858003193135,12.916729158860418,5.311141449062275e-10,0.4480187282339607,0.02115372422641088,0.4687707002339607
CsOPiv,JackiePhos,p-Xylene,0.057,120,5.7,-2.2,0.0,1.3,PENDING,PENDING,0.0,13.108140579191561,13.60587733728848,1.899284826466217e-10,0.4508517983704945,0.022088709468467922,0.4716037703704945
CsOPiv,JackiePhos,p-Xylene,0.057,105,5.7,-2.2,0.0,1.3,PENDING,PENDING,0.0,15.898574621363851,12.8238203072262,5.64492110072555e-11,0.45212362096096903,0.020490278796521426,0.47287559296096904
CsOPiv,JackiePhos,p-Xylene,0.057,90,5.7,-2.2,0.0,1.3,PENDING,PENDING,0.0,19.599783218414746,13.060529405485012,8.286788749081963e-10,0.4528604021709942,0.020516757527291447,0.4736123741709942
CsOPiv,JackiePhos,DMAc,0.153,120,-4.3,3.0,-3.4,0.5,PENDING,PENDING,0.0,13.769528088519797,8.910441701003363,2.0925964374164779e-22,0.44000825867810534,0.013323529502735115,0.46076023067810534
CsOPiv,JackiePhos,DMAc,0.153,105,-4.3,3.0,-3.4,0.5,PENDING,PENDING,0.0,11.731850930067742,7.457349050707415,1.0671975992149485e-32,0.4411323916027413,0.01192188495472298,0.4618843636027413
CsOPiv,JackiePhos,DMAc,0.153,90,-4.3,3.0,-3.4,0.5,PENDING,PENDING,0.0,11.876490779305241,10.994379214583024,8.436017947817114e-16,0.441735065406879,0.013314056363711883,0.462487037406879
CsOPiv,JackiePhos,DMAc,0.1,120,-4.3,3.0,-3.4,0.5,PENDING,PENDING,0.0,13.776057277216228,8.023713269474774,2.9378150403905113e-27,0.44650727298044834,0.00820440955400064,0.46725924498044835
CsOPiv,JackiePhos,DMAc,0.1,105,-4.3,3.0,-3.4,0.5,PENDING,PENDING,0.0,11.42777870827027,5.753437840124452,5.497198323314914e-54,0.4476466807956846,0.005622518111046588,0.4683986527956846
CsOPiv,JackiePhos,DMAc,0.1,90,-4.3,3.0,-3.4,0.5,PENDING,PENDING,0.0,11.345366778974501,9.88391393180397,1.9102834298095072e-19,0.44825465263096165,0.008184641103439423,0.46900662463096165
CsOPiv,JackiePhos,DMAc,0.057,120,-4.3,3.0,-3.4,0.5,PENDING,PENDING,0.0,13.837876274797306,7.981931615097887,1.7223948915375244e-27,0.4513616011845877,0.006288702778828402,0.4721135731845877
CsOPiv,JackiePhos,DMAc,0.057,90,-4.3,3.0,-3.4,0.5,PENDING,PENDING,0.0,10.96163539092046,9.672073673939293,2.0969613245454556e-20,0.4531223313457041,0.0062613858900013196,0.47387430334570413
CsOPiv,JackiePhos,BuOAc,0.153,120,1.6,0.1,-0.8,-1.9,PENDING,PENDING,0.0,12.754886328896804,10.653414615081626,1.928868997281913e-16,0.4485985803218666,0.02439623424779363,0.4693505523218666
CsOPiv,JackiePhos,BuOAc,0.153,105,1.6,0.1,-0.8,-1.9,PENDING,PENDING,0.0,14.972075229046185,9.569354883767648,4.008828398744155e-19,0.44985798802598187,0.023352539528220917,0.4706099600259819
CsOPiv,JackiePhos,BuOAc,0.153,90,1.6,0.1,-0.8,-1.9,PENDING,PENDING,0.0,18.543658340111715,9.578002042082206,1.1890923806335824e-17,0.4505852150467241,0.02374786245268231,0.4713371870467241
CsOPiv,JackiePhos,BuOAc,0.1,120,1.6,0.1,-0.8,-1.9,PENDING,PENDING,0.0,13.110416427572115,10.100094783694303,5.2517088637908925e-18,0.4551261859737591,0.022100571391790554,0.4758781579737591
CsOPiv,JackiePhos,BuOAc,0.1,105,1.6,0.1,-0.8,-1.9,PENDING,PENDING,0.0,15.20274551006034,8.86152319091171,6.025113943121061e-22,0.45640095495491084,0.020928368084204806,0.47715292695491085
CsOPiv,JackiePhos,BuOAc,0.1,90,1.6,0.1,-0.8,-1.9,PENDING,PENDING,0.0,18.59868076332543,8.725907686771828,6.034079411621308e-21,0.45713369839029205,0.02136534570215934,0.47788567039029206
CsOPiv,JackiePhos,BuOAc,0.057,120,1.6,0.1,-0.8,-1.9,PENDING,PENDING,0.0,13.398143766645378,10.339351586270135,3.8541984030586256e-17,0.4599938123751318,0.02149064548333076,0.4807457843751318
CsOPiv,JackiePhos,BuOAc,0.057,105,1.6,0.1,-0.8,-1.9,PENDING,PENDING,0.0,15.319080570010547,9.085084798116934,6.712429429383659e-21,0.46127835481584145,0.02027557309544222,0.48203032681584146
CsOPiv,JackiePhos,BuOAc,0.057,90,1.6,0.1,-0.8,-1.9,PENDING,PENDING,0.0,18.479415093571774,8.98101927167336,6.565943440142642e-20,0.46201438253485416,0.02072422817452031,0.48276635453485417
CsOPiv,JackiePhos,BuCN,0.153,120,-1.6,-2.1,-1.8,-0.9,PENDING,PENDING,0.0,12.474106237073205,11.032183020570363,1.6522073520822896e-15,0.4460174970109494,0.02153520341217528,0.4667694690109494
CsOPiv,JackiePhos,BuCN,0.153,105,-1.6,-2.1,-1.8,-0.9,PENDING,PENDING,0.0,13.408990693183926,10.020654762962009,3.717229748982138e-18,0.44723173256076787,0.020311229088897122,0.4679837045607679
CsOPiv,JackiePhos,BuCN,0.153,90,-1.6,-2.1,-1.8,-0.9,PENDING,PENDING,0.0,16.020694081849747,10.640250268857603,2.2376324148742646e-15,0.44791629568910984,0.020740521829905045,0.46866826768910985
CsOPiv,JackiePhos,BuCN,0.1,120,-1.6,-2.1,-1.8,-0.9,PENDING,PENDING,0.0,12.732929004222827,10.49464533142877,6.553458866589743e-17,0.4525367156284418,0.018901601765390515,0.4732886876284418
CsOPiv,JackiePhos,BuCN,0.1,105,-1.6,-2.1,-1.8,-0.9,PENDING,PENDING,0.0,13.48341267061869,9.253827851197482,5.198007003849155e-21,0.4537663335761627,0.01747843658294843,0.4745183055761627
CsOPiv,JackiePhos,BuCN,0.1,90,-1.6,-2.1,-1.8,-0.9,PENDING,PENDING,0.0,15.894020409333002,9.806409764570324,6.453155818898816e-18,0.4544563999251042,0.017973341521017587,0.47520837192510423
CsOPiv,JackiePhos,BuCN,0.057,120,-1.6,-2.1,-1.8,-0.9,PENDING,PENDING,0.0,12.96436704144343,10.626505267623596,1.908215496516208e-16,0.45739988173476187,0.018198900739257038,0.4781518537347619
CsOPiv,JackiePhos,BuCN,0.057,105,-1.6,-2.1,-1.8,-0.9,PENDING,PENDING,0.0,13.523315019850262,9.309352887701438,9.244047127657609e-21,0.4586393607686703,0.01670793263801125,0.4793913327686703
CsOPiv,JackiePhos,BuCN,0.057,90,-1.6,-2.1,-1.8,-0.9,PENDING,PENDING,0.0,15.695996808161375,9.890369123064843,1.031779682132476e-17,0.45933279257544646,0.017223740801666717,0.48008476457544647
CsOPiv,GorlosPhos HBF4,p-Xylene,0.153,120,5.7,-2.2,0.0,1.3,PENDING,PENDING,0.0,3.4128464940963745,8.70949963070453,6.942479959744176e-29,0.1248499619682124,0.008081408418255207,0.1456019339682124
CsOPiv,GorlosPhos HBF4,p-Xylene,0.153,105,5.7,-2.2,0.0,1.3,PENDING,PENDING,0.0,5.6114317090590085,12.191372970372768,8.440198596352076e-15,0.1264537052784933,0.009068508196878567,0.14720567727849332
CsOPiv,GorlosPhos HBF4,p-Xylene,0.153,90,5.7,-2.2,0.0,1.3,PENDING,PENDING,0.0,9.259221486743904,17.359507219501015,2.8481613852452526e-07,0.1279513345116597,0.011480342651921186,0.1487033065116597
CsOPiv,GorlosPhos HBF4,p-Xylene,0.1,120,5.7,-2.2,0.0,1.3,PENDING,PENDING,0.0,3.5223828968894786,6.387205539519192,4.961542775456712e-52,0.13266527011703674,0.004019668302995721,0.15341724211703675
CsOPiv,GorlosPhos HBF4,p-Xylene,0.1,105,5.7,-2.2,0.0,1.3,PENDING,PENDING,0.0,5.64272746901268,10.895329313538127,3.367392639141475e-18,0.13429615239752707,0.005751864039319533,0.15504812439752708
CsOPiv,GorlosPhos HBF4,p-Xylene,0.1,90,5.7,-2.2,0.0,1.3,PENDING,PENDING,0.0,9.185083390950943,16.71030793382455,8.485378042991398e-08,0.1358088472868338,0.009109915452828849,0.1565608192868338
CsOPiv,GorlosPhos HBF4,p-Xylene,0.057,105,5.7,-2.2,0.0,1.3,PENDING,PENDING,0.0,5.712073058710224,10.572022087889716,3.2187234559388857e-19,0.14062888177309288,0.004530511420417223,0.16138085377309289
CsOPiv,GorlosPhos HBF4,p-Xylene,0.057,90,5.7,-2.2,0.0,1.3,PENDING,PENDING,0.0,9.120770393803962,16.60982276331907,6.823303821575055e-08,0.14214804467457626,0.008408053447067106,0.16290001667457626
CsOPiv,GorlosPhos HBF4,DMAc,0.153,120,-4.3,3.0,-3.4,0.5,PENDING,PENDING,0.0,3.78755895556273,17.05785640422598,2.5919981934003425e-08,0.12774264754079773,0.01536764448246975,0.14849461954079773
CsOPiv,GorlosPhos HBF4,DMAc,0.153,105,-4.3,3.0,-3.4,0.5,PENDING,PENDING,0.0,2.6708460652476944,18.075138075013413,1.216593333213984e-07,0.12911350424239332,0.015815978646274258,0.14986547624239333
CsOPiv,GorlosPhos HBF4,DMAc,0.153,90,-4.3,3.0,-3.4,0.5,PENDING,PENDING,0.0,3.576140002250309,20.679756752041246,6.697861198386808e-06,0.13036132280711926,0.017116419277976046,0.15111329480711927
CsOPiv,GorlosPhos HBF4,DMAc,0.1,120,-4.3,3.0,-3.4,0.5,PENDING,PENDING,0.0,3.523874244667237,16.522011091317953,7.551917965067045e-09,0.13564332219794506,0.013972320448002876,0.15639529419794507
CsOPiv,GorlosPhos HBF4,DMAc,0.1,105,-4.3,3.0,-3.4,0.5,PENDING,PENDING,0.0,2.231931950322924,17.560421822995927,4.0997366602082756e-08,0.13704074959634346,0.014466189697678525,0.15779272159634347
CsOPiv,GorlosPhos HBF4,DMAc,0.1,90,-4.3,3.0,-3.4,0.5,PENDING,PENDING,0.0,2.9968333867033294,20.28096304344772,3.5635699859640462e-06,0.13830199296450435,0.015887250538669403,0.15905396496450436
CsOPiv,GorlosPhos HBF4,DMAc,0.057,120,-4.3,3.0,-3.4,0.5,PENDING,PENDING,0.0,3.4234424938142674,16.408196617227997,5.628346200687556e-09,0.14201552177255783,0.013631213724426076,0.16276749377255784
CsOPiv,GorlosPhos HBF4,DMAc,0.057,105,-4.3,3.0,-3.4,0.5,PENDING,PENDING,0.0,1.993421198473822,17.435662448202923,2.9677256443094354e-08,0.14342971253926157,0.014137637243991525,0.16418168453926157
CsOPiv,GorlosPhos HBF4,DMAc,0.057,90,-4.3,3.0,-3.4,0.5,PENDING,PENDING,0.0,2.6247205548519617,20.206672465954046,2.948460382469668e-06,0.14469754066087864,0.015599916439365053,0.16544951266087865
CsOPiv,GorlosPhos HBF4,BuOAc,0.153,120,1.6,0.1,-0.8,-1.9,PENDING,PENDING,0.0,3.0409506859942645,12.15553116503915,1.265615676983217e-15,0.1405600667064092,0.01524635407925535,0.1613120387064092
CsOPiv,GorlosPhos HBF4,BuOAc,0.153,105,1.6,0.1,-0.8,-1.9,PENDING,PENDING,0.0,4.620732639351363,14.115294784652805,1.5516401332283207e-11,0.14220511581942563,0.015812985637686388,0.16295708781942564
CsOPiv,GorlosPhos HBF4,BuOAc,0.153,90,1.6,0.1,-0.8,-1.9,PENDING,PENDING,0.0,7.837419328526874,17.658962741386212,3.0281117091152133e-07,0.14369790093382456,0.01726372345279224,0.16444987293382457
CsOPiv,GorlosPhos HBF4,BuOAc,0.1,120,1.6,0.1,-0.8,-1.9,PENDING,PENDING,0.0,3.0780445761353192,10.974282746871285,7.307742636443923e-19,0.1485176459257801,0.013701278260689,0.1692696179257801
CsOPiv,GorlosPhos HBF4,BuOAc,0.1,105,1.6,0.1,-0.8,-1.9,PENDING,PENDING,0.0,4.556518362949067,13.235520476391235,5.467668118149134e-13,0.1501901416494526,0.014321425666258226,0.1709421136494526
CsOPiv,GorlosPhos HBF4,BuOAc,0.1,90,1.6,0.1,-0.8,-1.9,PENDING,PENDING,0.0,7.653808867435409,17.113569899235852,1.0829210812111983e-07,0.151697173803924,0.01591022010755704,0.172449145803924
CsOPiv,GorlosPhos HBF4,BuOAc,0.057,120,1.6,0.1,-0.8,-1.9,PENDING,PENDING,0.0,3.196080663433328,10.697529337227156,9.803441561229327e-20,0.1549092706363659,0.013303963225608714,0.1756612426363659
CsOPiv,GorlosPhos HBF4,BuOAc,0.057,105,1.6,0.1,-0.8,-1.9,PENDING,PENDING,0.0,4.5560745545283154,13.056425652063094,2.5696625092902654e-13,0.1565980094167767,0.013933059114613563,0.17734998141677671
CsOPiv,GorlosPhos HBF4,BuOAc,0.057,90,1.6,0.1,-0.8,-1.9,PENDING,PENDING,0.0,7.508621057429643,17.061066403985787,9.349149300087031e-08,0.1581111710643741,0.015564429602935331,0.17886314306437412
CsOPiv,GorlosPhos HBF4,BuCN,0.153,120,-1.6,-2.1,-1.8,-0.9,PENDING,PENDING,0.0,2.5828461324888075,13.705467658416115,1.2125543987249684e-12,0.13563149464174973,0.013611587847875778,0.15638346664174974
CsOPiv,GorlosPhos HBF4,BuCN,0.153,105,-1.6,-2.1,-1.8,-0.9,PENDING,PENDING,0.0,3.3578381144966087,15.379225361177044,4.1830954938659205e-10,0.13718445817204888,0.014069940186882788,0.1579364301720489
CsOPiv,GorlosPhos HBF4,BuCN,0.153,90,-1.6,-2.1,-1.8,-0.9,PENDING,PENDING,0.0,5.95827784218007,18.56041759914673,7.316258345252284e-07,0.1385979675885276,0.015512044231878073,0.1593499395885276
CsOPiv,GorlosPhos HBF4,BuCN,0.1,120,-1.6,-2.1,-1.8,-0.9,PENDING,PENDING,0.0,2.53036032693387,12.792452171224364,2.329645432507204e-14,0.1435631718347644,0.011950804492602999,0.16431514383476442
CsOPiv,GorlosPhos HBF4,BuCN,0.1,105,-1.6,-2.1,-1.8,-0.9,PENDING,PENDING,0.0,3.1777241162349057,14.644604657656242,4.418474277342386e-11,0.14514348770686608,0.012465244391431153,0.1658954597068661
CsOPiv,GorlosPhos HBF4,BuCN,0.1,90,-1.6,-2.1,-1.8,-0.9,PENDING,PENDING,0.0,5.648596758783338,18.06981945227303,3.052230509219179e-07,0.1465713072711269,0.014077611653021781,0.16732327927112692
CsOPiv,GorlosPhos HBF4,BuCN,0.057,120,-1.6,-2.1,-1.8,-0.9,PENDING,PENDING,0.0,2.5885832604246843,12.57626231144422,8.440581044634283e-15,0.1499454706352832,0.011554134190577645,0.17069744263528322
CsOPiv,GorlosPhos HBF4,BuCN,0.057,105,-1.6,-2.1,-1.8,-0.9,PENDING,PENDING,0.0,3.1079524036887918,14.48037213871147,2.517209649861051e-11,0.15154231600685392,0.012079167007253986,0.17229428800685392
CsOPiv,GorlosPhos HBF4,BuCN,0.057,90,-1.6,-2.1,-1.8,-0.9,PENDING,PENDING,0.0,5.433061626413256,18.006625735952138,2.569443523489174e-07,0.1529765772510744,0.013743522296032186,0.17372854925107442
CsOPiv,CgMe-PPh,p-Xylene,0.153,120,5.7,-2.2,0.0,1.3,PENDING,PENDING,0.0,19.604075031001575,15.17032123973124,1.6742223980611381e-07,0.15213589353993542,0.02227584120511604,0.17288786553993546
CsOPiv,CgMe-PPh,p-Xylene,0.153,105,5.7,-2.2,0.0,1.3,PENDING,PENDING,0.0,22.131315039864898,14.838883076998115,2.1948274534369014e-07,0.153843657455069,0.022155197131498904,0.174595629455069
CsOPiv,CgMe-PPh,p-Xylene,0.153,90,5.7,-2.2,0.0,1.3,PENDING,PENDING,0.0,25.089174311569874,15.299166824225383,1.5140130352986564e-06,0.1553447241749521,0.022562701686597127,0.1760966961749521
CsOPiv,CgMe-PPh,p-Xylene,0.1,120,5.7,-2.2,0.0,1.3,PENDING,PENDING,0.0,19.977900465042648,14.857648046914308,1.0060749299964881e-07,0.16035504491144856,0.022091590301057618,0.18110701691144857
CsOPiv,CgMe-PPh,p-Xylene,0.1,105,5.7,-2.2,0.0,1.3,PENDING,PENDING,0.0,22.41781197720755,14.512746376118328,1.237121872314861e-07,0.1620921373944622,0.0219635402407688,0.18284410939446222
CsOPiv,CgMe-PPh,p-Xylene,0.1,90,5.7,-2.2,0.0,1.3,PENDING,PENDING,0.0,25.22301451397449,14.927955288848832,8.133454102443051e-07,0.1636075932168234,0.02236866871705792,0.1843595652168234
CsOPiv,CgMe-PPh,p-Xylene,0.057,120,5.7,-2.2,0.0,1.3,PENDING,PENDING,0.0,20.231379670736022,15.045442888319002,1.6400929213210482e-07,0.16691508127878296,0.02218513432529585,0.18766705327878297
CsOPiv,CgMe-PPh,p-Xylene,0.057,105,5.7,-2.2,0.0,1.3,PENDING,PENDING,0.0,22.536797330247747,14.705504049587946,1.9459500432620837e-07,0.16866912497873413,0.022056123122158947,0.18942109697873413
CsOPiv,CgMe-PPh,p-Xylene,0.057,90,5.7,-2.2,0.0,1.3,PENDING,PENDING,0.0,25.154452556774473,15.124774179960948,1.137569374804472e-06,0.17019076835116653,0.022464328915707148,0.19094274035116654
CsOPiv,CgMe-PPh,DMAc,0.153,120,-4.3,3.0,-3.4,0.5,PENDING,PENDING,0.0,24.017597387290728,12.315773118950704,7.200925704654556e-10,0.14980621164498542,0.01848197626766678,0.17055818364498543
CsOPiv,CgMe-PPh,DMAc,0.153,105,-4.3,3.0,-3.4,0.5,PENDING,PENDING,0.0,21.768711039953885,12.807664365282323,1.1067080969869508e-09,0.15127609320671426,0.018504792217715924,0.17202806520671426
CsOPiv,CgMe-PPh,DMAc,0.153,90,-4.3,3.0,-3.4,0.5,PENDING,PENDING,0.0,20.512309373659825,15.215836281545489,2.562346126814532e-07,0.15255367887788776,0.019108562757136145,0.17330565087788777
CsOPiv,CgMe-PPh,DMAc,0.1,120,-4.3,3.0,-3.4,0.5,PENDING,PENDING,0.0,24.02841298163533,11.940152403991727,1.9762619868092764e-10,0.15806415714538746,0.01832143016039784,0.17881612914538747
CsOPiv,CgMe-PPh,DMAc,0.1,105,-4.3,3.0,-3.4,0.5,PENDING,PENDING,0.0,21.509537036232796,12.29804108980608,1.780539016682585e-10,0.1595634464068916,0.018341434577281497,0.1803154184068916
CsOPiv,CgMe-PPh,DMAc,0.1,90,-4.3,3.0,-3.4,0.5,PENDING,PENDING,0.0,20.01817031518773,14.736388189318701,7.866563513833715e-08,0.16085552116081897,0.018947576891965138,0.18160749316081898
CsOPiv,CgMe-PPh,DMAc,0.057,120,-4.3,3.0,-3.4,0.5,PENDING,PENDING,0.0,23.992990322669502,12.059708837245934,2.967846180499281e-10,0.16467123251729868,0.018408670024623083,0.18542320451729868
CsOPiv,CgMe-PPh,DMAc,0.057,105,-4.3,3.0,-3.4,0.5,PENDING,PENDING,0.0,21.274207122943864,12.31441772437581,1.6608003282041523e-10,0.16618839983519393,0.018430487518534187,0.18694037183519394
CsOPiv,CgMe-PPh,DMAc,0.057,90,-4.3,3.0,-3.4,0.5,PENDING,PENDING,0.0,19.582930921446405,14.750721502542268,6.847154497161452e-08,0.16748739535940177,0.019043524770605454,0.18823936735940178
CsOPiv,CgMe-PPh,BuOAc,0.153,120,1.6,0.1,-0.8,-1.9,PENDING,PENDING,0.0,21.015700543068913,12.44734615143783,2.2996915650648722e-10,0.16624087163842044,0.02000983680610967,0.18699284363842045
CsOPiv,CgMe-PPh,BuOAc,0.153,105,1.6,0.1,-0.8,-1.9,PENDING,PENDING,0.0,22.752967613028147,12.02775022060513,1.3357623327300213e-10,0.16800933722043115,0.020012008683145767,0.18876130922043116
CsOPiv,CgMe-PPh,BuOAc,0.153,90,1.6,0.1,-0.8,-1.9,PENDING,PENDING,0.0,25.061803242504894,12.273002495956831,1.0801596304456778e-09,0.1695322698691395,0.02058242062614143,0.1902842418691395
CsOPiv,CgMe-PPh,BuOAc,0.1,120,1.6,0.1,-0.8,-1.9,PENDING,PENDING,0.0,21.34632136171713,12.116891563252912,8.459012450530634e-11,0.17459134167219553,0.019811647828495486,0.19534331367219554
CsOPiv,CgMe-PPh,BuOAc,0.1,105,1.6,0.1,-0.8,-1.9,PENDING,PENDING,0.0,22.96350324988349,11.667265794303557,3.8226454425984433e-11,0.17639011862706666,0.01980316004655599,0.19714209062706667
CsOPiv,CgMe-PPh,BuOAc,0.1,90,1.6,0.1,-0.8,-1.9,PENDING,PENDING,0.0,25.09588047833069,11.816436615268191,2.2914287075859375e-10,0.1779277256322444,0.02036923638230094,0.1986796976322444
CsOPiv,CgMe-PPh,BuOAc,0.057,120,1.6,0.1,-0.8,-1.9,PENDING,PENDING,0.0,21.548350158830154,12.397580112559243,2.5726270400781376e-10,0.18122486839623375,0.019909262479151927,0.20197684039623376
CsOPiv,CgMe-PPh,BuOAc,0.057,105,1.6,0.1,-0.8,-1.9,PENDING,PENDING,0.0,23.00634316098368,11.954041617450692,1.1741579669839265e-10,0.1830407166769127,0.019896050615114087,0.20379268867691272
CsOPiv,CgMe-PPh,BuOAc,0.057,90,1.6,0.1,-0.8,-1.9,PENDING,PENDING,0.0,24.925903047945823,12.11504960259345,5.948629395851822e-10,0.18458441993603286,0.02046171395277464,0.20533639193603287
CsOPiv,CgMe-PPh,BuCN,0.153,120,-1.6,-2.1,-1.8,-0.9,PENDING,PENDING,0.0,21.540610997369942,13.0844000385799,2.293197446795089e-09,0.16078564519132815,0.01982441218727443,0.18153761719132816
CsOPiv,CgMe-PPh,BuCN,0.153,105,-1.6,-2.1,-1.8,-0.9,PENDING,PENDING,0.0,22.066898546721017,12.99988944128334,2.301387802093789e-09,0.162452003288031,0.019703342578767363,0.183203975288031
CsOPiv,CgMe-PPh,BuCN,0.153,90,-1.6,-2.1,-1.8,-0.9,PENDING,PENDING,0.0,23.344971829987177,13.679611313214433,2.6283281697360305e-08,0.163889314287648,0.020146039927160405,0.184641286287648
CsOPiv,CgMe-PPh,BuCN,0.1,120,-1.6,-2.1,-1.8,-0.9,PENDING,PENDING,0.0,21.783476921591475,12.795905106672484,1.0746699426250077e-09,0.16910503333784352,0.019667290977800823,0.18985700533784353
CsOPiv,CgMe-PPh,BuCN,0.1,105,-1.6,-2.1,-1.8,-0.9,PENDING,PENDING,0.0,22.139168901431514,12.655928272832291,8.256238994194659e-10,0.1708015474721012,0.019536791747355616,0.1915535194721012
CsOPiv,CgMe-PPh,BuCN,0.1,90,-1.6,-2.1,-1.8,-0.9,PENDING,PENDING,0.0,23.215698985066066,13.263993885224517,8.393198810177476e-09,0.1722536018647023,0.019975076383330632,0.1930055738647023
CsOPiv,CgMe-PPh,BuCN,0.057,120,-1.6,-2.1,-1.8,-0.9,PENDING,PENDING,0.0,21.9233296062189,13.003353168754622,2.1690710382973677e-09,0.1757283420604015,0.01977838262854887,0.1964803140604015
CsOPiv,CgMe-PPh,BuCN,0.057,105,-1.6,-2.1,-1.8,-0.9,PENDING,PENDING,0.0,22.102992806475264,12.836238943234175,1.4280507837333618e-09,0.1774423029498708,0.019646156155946594,0.1981942749498708
CsOPiv,CgMe-PPh,BuCN,0.057,90,-1.6,-2.1,-1.8,-0.9,PENDING,PENDING,0.0,22.964647401161777,13.45049038817319,1.2352157250991126e-08,0.17890084659948335,0.020086775423122552,0.19965281859948336
CsOPiv,BrettPhos,p-Xylene,0.153,120,5.7,-2.2,0.0,1.3,PENDING,PENDING,0.0,13.151263268792661,11.839812348544427,1.9475285208292336e-13,0.21501836143010175,0.012510837658154177,0.23577033343010176
CsOPiv,BrettPhos,p-Xylene,0.153,105,5.7,-2.2,0.0,1.3,PENDING,PENDING,0.0,16.310470441351562,11.322218645296795,1.220413797427363e-13,0.21691272039450785,0.011325184845216362,0.23766469239450785
CsOPiv,BrettPhos,p-Xylene,0.153,90,5.7,-2.2,0.0,1.3,PENDING,PENDING,0.0,20.40080831701065,11.63915726836051,7.329716045101331e-12,0.2184110151130923,0.01079068612829136,0.2391629871130923
CsOPiv,BrettPhos,p-Xylene,0.1,120,5.7,-2.2,0.0,1.3,PENDING,PENDING,0.0,13.60650431574446,11.398564047459685,2.8800191256560725e-14,0.22386121914405965,0.012263402495881792,0.24461319114405966
CsOPiv,BrettPhos,p-Xylene,0.1,105,5.7,-2.2,0.0,1.3,PENDING,PENDING,0.0,16.679468953807167,10.854637778114583,1.2908472612900055e-14,0.22579052055276994,0.01102286703944251,0.24654249255276994
CsOPiv,BrettPhos,p-Xylene,0.1,90,5.7,-2.2,0.0,1.3,PENDING,PENDING,0.0,20.606034422671428,11.09201954630691,6.957216829123585e-13,0.22730465536234948,0.010445599945675534,0.24805662736234949
CsOPiv,BrettPhos,p-Xylene,0.057,120,5.7,-2.2,0.0,1.3,PENDING,PENDING,0.0,13.963487839249723,11.672725448165457,1.4697163304026973e-13,0.23076893836243434,0.012569855505280076,0.25152091036243435
CsOPiv,BrettPhos,p-Xylene,0.057,105,5.7,-2.2,0.0,1.3,PENDING,PENDING,0.0,16.886881712819612,11.144214795134099,7.239078988373773e-14,0.23271571824754764,0.011351441753364494,0.2534676902475476
CsOPiv,BrettPhos,p-Xylene,0.057,90,5.7,-2.2,0.0,1.3,PENDING,PENDING,0.0,20.593407245716286,11.39434958752533,2.834726903690534e-12,0.23423569571065658,0.010793030972016424,0.25498766771065656
CsOPiv,BrettPhos,DMAc,0.153,120,-4.3,3.0,-3.4,0.5,PENDING,PENDING,0.0,15.64037407784476,7.550524428566856,2.454959189672319e-29,0.2136467495480668,0.011361771806773868,0.23439872154806682
CsOPiv,BrettPhos,DMAc,0.153,105,-4.3,3.0,-3.4,0.5,PENDING,PENDING,0.0,13.726869153263493,8.353006864961461,2.6442537068034406e-25,0.21526537401635237,0.010419908740283628,0.23601734601635238
CsOPiv,BrettPhos,DMAc,0.153,90,-4.3,3.0,-3.4,0.5,PENDING,PENDING,0.0,13.638836384364021,11.822418620789593,2.448788427486514e-13,0.21649995417356127,0.010066525369344048,0.23725192617356128
CsOPiv,BrettPhos,DMAc,0.1,120,-4.3,3.0,-3.4,0.5,PENDING,PENDING,0.0,15.751289454545235,6.877701219646937,6.593416350499934e-35,0.22254359831030285,0.011172089474121382,0.24329557031030286
CsOPiv,BrettPhos,DMAc,0.1,105,-4.3,3.0,-3.4,0.5,PENDING,PENDING,0.0,13.521055337284073,7.442142591269575,1.3877776181152197e-31,0.2241970317034705,0.010194992505300805,0.2449490037034705
CsOPiv,BrettPhos,DMAc,0.1,90,-4.3,3.0,-3.4,0.5,PENDING,PENDING,0.0,13.16687540289149,11.115769291848304,4.46619038803689e-15,0.22544719586282816,0.009817238561198333,0.24619916786282817
CsOPiv,BrettPhos,DMAc,0.057,120,-4.3,3.0,-3.4,0.5,PENDING,PENDING,0.0,15.862996073942066,7.103180902389878,9.313058249928566e-33,0.22950922586329026,0.011446522057072769,0.25026119786329026
CsOPiv,BrettPhos,DMAc,0.057,105,-4.3,3.0,-3.4,0.5,PENDING,PENDING,0.0,13.39548036801579,7.447265093997384,1.2508391851577769e-31,0.23118143982535744,0.010491578007318878,0.25193341182535745
CsOPiv,BrettPhos,DMAc,0.057,90,-4.3,3.0,-3.4,0.5,PENDING,PENDING,0.0,12.795907994128118,11.123300967478691,3.564885199898146e-15,0.23243835773681015,0.010136752322849222,0.25319032973681016
CsOPiv,BrettPhos,BuOAc,0.153,120,1.6,0.1,-0.8,-1.9,PENDING,PENDING,0.0,13.92760531389196,7.585633536975231,3.3803976193109044e-30,0.2308281898546402,0.006649382334592917,0.2515801618546402
CsOPiv,BrettPhos,BuOAc,0.153,105,1.6,0.1,-0.8,-1.9,PENDING,PENDING,0.0,16.339246894453062,6.745418943337179,9.67196368790709e-36,0.23282043508120928,0.0045240465825131205,0.25357240708120926
CsOPiv,BrettPhos,BuOAc,0.153,90,1.6,0.1,-0.8,-1.9,PENDING,PENDING,0.0,19.953656876535703,6.482218919328937,1.852378573576885e-35,0.2343529606462334,0.0035873569294383473,0.2551049326462334
CsOPiv,BrettPhos,BuOAc,0.1,120,1.6,0.1,-0.8,-1.9,PENDING,PENDING,0.0,14.35289794166144,6.970980856748667,4.220649856558987e-35,0.23983463972434932,0.0060541370294551755,0.2605866117243493
CsOPiv,BrettPhos,BuOAc,0.1,105,1.6,0.1,-0.8,-1.9,PENDING,PENDING,0.0,16.64335168867936,6.017607628239484,4.1286493601301383e-44,0.24186478673765321,0.0034734035455680793,0.2626167587376532
CsOPiv,BrettPhos,BuOAc,0.057,120,1.6,0.1,-0.8,-1.9,PENDING,PENDING,0.0,14.67371731771465,7.5139714190573095,3.0303705626937416e-30,0.24682032098588277,0.0065706319403876345,0.26757229298588275
CsOPiv,BrettPhos,BuOAc,0.057,105,1.6,0.1,-0.8,-1.9,PENDING,PENDING,0.0,16.784353224034444,6.627560141827847,1.3823770669412394e-36,0.2488669936172438,0.004264933741111786,0.2696189656172438
CsOPiv,BrettPhos,BuOAc,0.057,90,1.6,0.1,-0.8,-1.9,PENDING,PENDING,0.0,19.955201062865626,6.1554281041331596,4.078477392939328e-39,0.2504215541182675,0.0031151267308673664,0.2711735261182675
CsOPiv,BrettPhos,BuCN,0.153,120,-1.6,-2.1,-1.8,-0.9,PENDING,PENDING,0.0,13.89030826046774,8.915811349577927,2.53369589953361e-22,0.22513902910384945,0.010348892477160901,0.24589100110384945
CsOPiv,BrettPhos,BuCN,0.153,105,-1.6,-2.1,-1.8,-0.9,PENDING,PENDING,0.0,14.998526433931968,8.713354575116904,9.517247695292606e-23,0.22700457924484269,0.008873348367827886,0.2477565512448427
CsOPiv,BrettPhos,BuCN,0.153,90,-1.6,-2.1,-1.8,-0.9,PENDING,PENDING,0.0,17.559919777256038,9.329732694258796,6.129688010351105e-19,0.2284338292015339,0.008075381956285833,0.2491858012015339
CsOPiv,BrettPhos,BuCN,0.1,120,-1.6,-2.1,-1.8,-0.9,PENDING,PENDING,0.0,14.229797381064238,8.457931110170891,1.8790598507670818e-24,0.23410859874186082,0.010145951843890078,0.2548605707418608
CsOPiv,BrettPhos,BuCN,0.1,105,-1.6,-2.1,-1.8,-0.9,PENDING,PENDING,0.0,15.153941452916705,8.146991394935702,1.0483431758206226e-25,0.23601109098207163,0.00859501924477608,0.25676306298207163
CsOPiv,BrettPhos,BuCN,0.1,90,-1.6,-2.1,-1.8,-0.9,PENDING,PENDING,0.0,17.49455791474793,8.632646042748014,6.619737925643962e-22,0.23745688155219324,0.007726481968096284,0.25820885355219325
CsOPiv,BrettPhos,BuCN,0.057,120,-1.6,-2.1,-1.8,-0.9,PENDING,PENDING,0.0,14.49992658369025,8.806592692375942,1.5240044848978558e-22,0.24108563412906053,0.010534303744223752,0.26183760612906054
CsOPiv,BrettPhos,BuCN,0.057,105,-1.6,-2.1,-1.8,-0.9,PENDING,PENDING,0.0,15.222889301049737,8.454490978947671,6.005766541366162e-24,0.24300565031378718,0.009034190824782488,0.2637576223137872
CsOPiv,BrettPhos,BuCN,0.057,90,-1.6,-2.1,-1.8,-0.9,PENDING,PENDING,0.0,17.303880216561595,8.955690137325861,1.5112540368820414e-20,0.2444573717325024,0.008212076801996293,0.2652093437325024
CsOAc,tBPh-CPhos,p-Xylene,0.153,120,5.7,-2.2,0.0,1.3,PENDING,PENDING,0.0,15.37075157005236,11.561439990025974,2.142472524129693e-13,0.29568660547707026,0.022215472978238934,0.31643857747707027
CsOAc,tBPh-CPhos,p-Xylene,0.153,105,5.7,-2.2,0.0,1.3,PENDING,PENDING,0.0,7.76441523082412,10.53057239327711,1.360034714368102e-18,0.2965356636151245,0.021577794527380446,0.3172876356151245
CsOAc,tBPh-CPhos,p-Xylene,0.153,90,5.7,-2.2,0.0,1.3,PENDING,PENDING,0.0,0.7686970816185337,10.8054264986387,2.8314231064938615e-20,0.29698629089966777,0.021665996322362845,0.3177382628996678
CsOAc,tBPh-CPhos,p-Xylene,0.1,120,5.7,-2.2,0.0,1.3,PENDING,PENDING,0.0,14.529447927743119,11.739403023012317,2.920862926920133e-13,0.3037930588499069,0.022098015774559776,0.32454503084990693
CsOAc,tBPh-CPhos,p-Xylene,0.1,105,5.7,-2.2,0.0,1.3,PENDING,PENDING,0.0,6.65835623678996,10.207072513260025,3.877914690087233e-20,0.3046643700980267,0.021448277374924895,0.3254163420980267
CsOAc,tBPh-CPhos,p-Xylene,0.1,90,5.7,-2.2,0.0,1.3,PENDING,PENDING,0.0,-0.5140124253722362,9.998424289524424,5.282250508198654e-24,0.30512300537133863,0.021528533322512027,0.32587497737133864
CsOAc,tBPh-CPhos,p-Xylene,0.057,120,5.7,-2.2,0.0,1.3,PENDING,PENDING,0.0,13.877714267648276,12.389163358606835,3.4640887246838757e-12,0.31011200051302845,0.022203550342878037,0.33086397251302846
CsOAc,tBPh-CPhos,p-Xylene,0.057,105,5.7,-2.2,0.0,1.3,PENDING,PENDING,0.0,5.872158560717349,10.550558864448318,3.1273972376795606e-19,0.31099886051420883,0.021557099991346213,0.33175083251420884
CsOAc,tBPh-CPhos,p-Xylene,0.057,90,5.7,-2.2,0.0,1.3,PENDING,PENDING,0.0,-1.3674567742298578,10.026925400391118,2.9647617884287217e-24,0.3114624979547778,0.021643019909795235,0.3322144699547778
CsOAc,tBPh-CPhos,DMAc,0.153,120,-4.3,3.0,-3.4,0.5,PENDING,PENDING,0.0,52.78382276345788,10.525665863898801,8.551737491083102e-06,0.2967410444564044,0.01736656691461108,0.31749301645640443
CsOAc,tBPh-CPhos,DMAc,0.153,105,-4.3,3.0,-3.4,0.5,PENDING,PENDING,0.0,37.61053658620309,10.530332949404576,2.9542105349154893e-09,0.297377991024823,0.017089770624170192,0.318129963024823
CsOAc,tBPh-CPhos,DMAc,0.153,90,-4.3,3.0,-3.4,0.5,PENDING,PENDING,0.0,19.227860154195113,10.656088647000841,2.70481936281051e-14,0.29761316819556916,0.01768857626276497,0.31836514019556916
CsOAc,tBPh-CPhos,DMAc,0.1,120,-4.3,3.0,-3.4,0.5,PENDING,PENDING,0.0,50.9854196369313,10.671453834656024,5.112355003752077e-06,0.30490418190660085,0.01723205685625251,0.32565615390660085
CsOAc,tBPh-CPhos,DMAc,0.1,105,-4.3,3.0,-3.4,0.5,PENDING,PENDING,0.0,35.360576850153926,10.691824069824486,1.4012219458327179e-09,0.30556336247985616,0.016950154037312808,0.32631533447985617
CsOAc,tBPh-CPhos,DMAc,0.1,90,-4.3,3.0,-3.4,0.5,PENDING,PENDING,0.0,16.776578612290493,10.806623148771717,1.0539475952854584e-14,0.30580631558278504,0.017550614279424653,0.32655828758278505
CsOAc,tBPh-CPhos,DMAc,0.057,120,-4.3,3.0,-3.4,0.5,PENDING,PENDING,0.0,49.030723817177424,11.160154480351656,6.057160583041723e-06,0.31127417471421714,0.017285297327297375,0.33202614671421715
CsOAc,tBPh-CPhos,DMAc,0.057,105,-4.3,3.0,-3.4,0.5,PENDING,PENDING,0.0,33.28347310217912,11.186177087346511,2.4371784982314444e-09,0.3119494170452279,0.01700835586466292,0.3327013890452279
CsOAc,tBPh-CPhos,DMAc,0.057,90,-4.3,3.0,-3.4,0.5,PENDING,PENDING,0.0,14.83697288255278,11.376481171983302,5.942522406580083e-14,0.3121974793873572,0.017619090359839225,0.3329494513873572
CsOAc,tBPh-CPhos,BuOAc,0.153,120,1.6,0.1,-0.8,-1.9,PENDING,PENDING,0.0,23.00864821071929,12.254017284910892,3.4250325019762814e-10,0.3087968729210607,0.016637529680945378,0.32954884492106074
CsOAc,tBPh-CPhos,BuOAc,0.153,105,1.6,0.1,-0.8,-1.9,PENDING,PENDING,0.0,12.215556308155247,11.201347640961542,3.668774470142676e-15,0.3096737759726843,0.0157610589513197,0.3304257479726843
CsOAc,tBPh-CPhos,BuOAc,0.153,90,1.6,0.1,-0.8,-1.9,PENDING,PENDING,0.0,1.430796304634331,10.553619547623764,6.331089118817474e-21,0.3101233006257775,0.015873060930376163,0.3308752726257775
CsOAc,tBPh-CPhos,BuOAc,0.1,120,1.6,0.1,-0.8,-1.9,PENDING,PENDING,0.0,21.82768267863352,12.47230140574775,3.846495006476218e-10,0.31701660204260684,0.016411276831246612,0.33776857404260685
CsOAc,tBPh-CPhos,BuOAc,0.1,105,1.6,0.1,-0.8,-1.9,PENDING,PENDING,0.0,10.679649232263493,11.123173515980499,7.542588513640336e-16,0.3179162229441851,0.015505134031858742,0.3386681949441851
CsOAc,tBPh-CPhos,BuOAc,0.1,90,1.6,0.1,-0.8,-1.9,PENDING,PENDING,0.0,-0.3123032238145207,10.093302545105008,1.7055407443517197e-23,0.31837376876414336,0.015602532498368127,0.33912574076414337
CsOAc,tBPh-CPhos,BuOAc,0.057,120,1.6,0.1,-0.8,-1.9,PENDING,PENDING,0.0,20.7921308816953,13.03253461273731,1.3656517268858947e-09,0.3234044836814909,0.01649257355608579,0.3441564556814909
CsOAc,tBPh-CPhos,BuOAc,0.057,105,1.6,0.1,-0.8,-1.9,PENDING,PENDING,0.0,9.503847677188233,11.515754298877969,3.158490445651093e-15,0.32431983347766813,0.015588614966930571,0.34507180547766814
CsOAc,tBPh-CPhos,BuOAc,0.057,90,1.6,0.1,-0.8,-1.9,PENDING,PENDING,0.0,-1.5047903631569959,10.32862271956329,5.307873852377196e-23,0.32478228139321574,0.015691459967468464,0.34553425339321575
CsOAc,tBPh-CPhos,BuCN,0.153,120,-1.6,-2.1,-1.8,-0.9,PENDING,PENDING,0.0,32.29529149162055,11.720980303914828,8.098559645789023e-09,0.30479630280781467,0.0186308044238988,0.3255482748078147
CsOAc,tBPh-CPhos,BuCN,0.153,105,-1.6,-2.1,-1.8,-0.9,PENDING,PENDING,0.0,19.921919337437007,11.33636010976388,1.4157698583315756e-12,0.3055894604631845,0.0179432803199061,0.32634143246318453
CsOAc,tBPh-CPhos,BuCN,0.153,90,-1.6,-2.1,-1.8,-0.9,PENDING,PENDING,0.0,6.530973408289928,11.161818861985765,4.1821553930705426e-17,0.3059632080598942,0.018105377684829442,0.3267151800598942
CsOAc,tBPh-CPhos,BuCN,0.1,120,-1.6,-2.1,-1.8,-0.9,PENDING,PENDING,0.0,30.900635177854316,11.99610324976216,9.126047347284657e-09,0.31299645163232637,0.018510366376626744,0.3337484236323264
CsOAc,tBPh-CPhos,BuCN,0.1,105,-1.6,-2.1,-1.8,-0.9,PENDING,PENDING,0.0,18.12998532828255,11.424933039454851,6.721048952599832e-13,0.3138122568663037,0.017807224960802125,0.3345642288663037
CsOAc,tBPh-CPhos,BuCN,0.1,90,-1.6,-2.1,-1.8,-0.9,PENDING,PENDING,0.0,4.526354200051934,11.004315377970649,2.9548492793474038e-18,0.31419403135657686,0.01795959344926946,0.33494600335657687
CsOAc,tBPh-CPhos,BuCN,0.057,120,-1.6,-2.1,-1.8,-0.9,PENDING,PENDING,0.0,29.558956750122857,12.572123866575117,2.4423583180940985e-08,0.3193769510505287,0.01861372654770013,0.3401289230505287
CsOAc,tBPh-CPhos,BuCN,0.057,105,-1.6,-2.1,-1.8,-0.9,PENDING,PENDING,0.0,16.64708941259911,11.876163404960947,2.052834850872477e-12,0.32020868959722126,0.01791441908648691,0.34096066159722127
CsOAc,tBPh-CPhos,BuCN,0.057,90,-1.6,-2.1,-1.8,-0.9,PENDING,PENDING,0.0,3.0730668023115513,11.363485882299607,1.1023084789884498e-17,0.3205955499774342,0.018073183590507597,0.34134752197743423
CsOAc,X-Phos,p-Xylene,0.153,120,5.7,-2.2,0.0,1.3,PENDING,PENDING,0.0,21.214621412534967,14.63227686947562,1.0008342168855351e-07,0.06432637900533636,0.018835085581332553,0.08507836303452487
CsOAc,X-Phos,p-Xylene,0.153,105,5.7,-2.2,0.0,1.3,PENDING,PENDING,0.0,17.01676886794617,13.83948255246956,2.4177996697337058e-09,0.06522574224972869,0.01842066290072386,0.08597771981108458
CsOAc,X-Phos,p-Xylene,0.153,90,5.7,-2.2,0.0,1.3,PENDING,PENDING,0.0,12.669273909715432,14.405304258090192,1.6492360793045445e-09,0.06612791074007551,0.018641806983479097,0.08687988856983088
CsOAc,X-Phos,p-Xylene,0.1,120,5.7,-2.2,0.0,1.3,PENDING,PENDING,0.0,19.78980758731801,14.691930806249378,6.523655104292673e-08,0.0724104324008464,0.018863070198107176,0.09316240579792684
CsOAc,X-Phos,p-Xylene,0.1,105,5.7,-2.2,0.0,1.3,PENDING,PENDING,0.0,15.387464695661144,13.640979569714476,6.366988532963132e-10,0.07333711002088415,0.018457007067958126,0.09408908260251427
CsOAc,X-Phos,p-Xylene,0.1,90,5.7,-2.2,0.0,1.3,PENDING,PENDING,0.0,10.985571932220747,13.982038260543167,2.2242642218779532e-10,0.07425264756483513,0.018685282073690725,0.09500462019783655
CsOAc,X-Phos,p-Xylene,0.057,120,5.7,-2.2,0.0,1.3,PENDING,PENDING,0.0,18.607858668785894,15.111904146742894,1.0217876049967202e-07,0.07906006480345468,0.01909152704203848,0.09981203709663845
CsOAc,X-Phos,p-Xylene,0.057,105,5.7,-2.2,0.0,1.3,PENDING,PENDING,0.0,14.073628100190392,13.893666946474243,7.287224056013398e-10,0.08000591777667428,0.018702072573579028,0.10075788989330425
CsOAc,X-Phos,p-Xylene,0.057,90,5.7,-2.2,0.0,1.3,PENDING,PENDING,0.0,9.668394070568453,14.0816046852916,1.6196076556070244e-10,0.08092878804006531,0.01894694385361218,0.10168076017323546
CsOAc,X-Phos,DMAc,0.153,120,-4.3,3.0,-3.4,0.5,PENDING,PENDING,0.0,58.57334179738255,10.6185460508425,0.00012639474923931701,0.06429856358236674,0.013234477578738118,0.08505053558249542
CsOAc,X-Phos,DMAc,0.153,105,-4.3,3.0,-3.4,0.5,PENDING,PENDING,0.0,50.021663928796904,9.524194016529187,1.466821720556754e-07,0.06496691679416125,0.012846883383355505,0.08571888879418452
CsOAc,X-Phos,DMAc,0.153,90,-4.3,3.0,-3.4,0.5,PENDING,PENDING,0.0,37.194784590366595,9.010851408056315,2.2975167855745734e-12,0.06563860916194866,0.013296633620698732,0.08639058116202884
CsOAc,X-Phos,DMAc,0.1,120,-4.3,3.0,-3.4,0.5,PENDING,PENDING,0.0,55.824387501550405,10.61246010781605,3.954420532106264e-05,0.07240283969539447,0.013202669018687272,0.09315481169539602
CsOAc,X-Phos,DMAc,0.1,105,-4.3,3.0,-3.4,0.5,PENDING,PENDING,0.0,46.952584684699644,9.6644147343286,3.761494978789436e-08,0.07309883829470364,0.012831388452295062,0.09385081029470387
CsOAc,X-Phos,DMAc,0.1,90,-4.3,3.0,-3.4,0.5,PENDING,PENDING,0.0,34.160274182021475,9.309873115190323,1.1245458902843781e-12,0.07378475547833899,0.013298686045473023,0.09453672747834005
CsOAc,X-Phos,DMAc,0.057,120,-4.3,3.0,-3.4,0.5,PENDING,PENDING,0.0,53.08954256253101,11.021355273512244,2.6583053634785252e-05,0.07907891671122978,0.013356192779899929,0.09983088871122985
CsOAc,X-Phos,DMAc,0.057,105,-4.3,3.0,-3.4,0.5,PENDING,PENDING,0.0,44.053874621929495,10.256388086950055,4.8335968656399983e-08,0.0797948938306983,0.013011839989453084,0.10054686583069831
CsOAc,X-Phos,DMAc,0.057,90,-4.3,3.0,-3.4,0.5,PENDING,PENDING,0.0,31.458573643090432,10.171532275980173,1.3213809840989534e-11,0.08048898907835601,0.013508113501952362,0.10124096107835606
CsOAc,X-Phos,BuOAc,0.153,120,1.6,0.1,-0.8,-1.9,PENDING,PENDING,0.0,29.11491562779281,14.12586074175088,7.36561719503459e-07,0.07579388067769957,0.014152116938793856,0.09654585267770853
CsOAc,X-Phos,BuOAc,0.153,105,1.6,0.1,-0.8,-1.9,PENDING,PENDING,0.0,22.896880303815262,13.236507004272616,6.718311149997105e-09,0.07672428580441515,0.013828825256393965,0.09747625780441686
CsOAc,X-Phos,BuOAc,0.153,90,1.6,0.1,-0.8,-1.9,PENDING,PENDING,0.0,15.764684545560565,13.175299449257349,1.759704428790907e-10,0.07763672690538896,0.01433694499734573,0.09838869890539574
CsOAc,X-Phos,BuOAc,0.1,120,1.6,0.1,-0.8,-1.9,PENDING,PENDING,0.0,27.246358691024675,14.212844688008097,4.293269529763442e-07,0.08400049567255313,0.014160744265346224,0.10475246767255325
CsOAc,X-Phos,BuOAc,0.1,105,1.6,0.1,-0.8,-1.9,PENDING,PENDING,0.0,20.76431019031419,13.17323714111616,2.053553711383168e-09,0.08495903342305955,0.013843998824259669,0.10571100542305958
CsOAc,X-Phos,BuOAc,0.1,90,1.6,0.1,-0.8,-1.9,PENDING,PENDING,0.0,13.589649665574228,12.940848210676286,2.5054880148293896e-11,0.08588512225351808,0.0143573270914268,0.10663709425351818
CsOAc,X-Phos,BuOAc,0.057,120,1.6,0.1,-0.8,-1.9,PENDING,PENDING,0.0,25.60187941628718,14.614249674519318,5.133764940415466e-07,0.09073363746203979,0.014424204301346139,0.11148560946203978
CsOAc,X-Phos,BuOAc,0.057,105,1.6,0.1,-0.8,-1.9,PENDING,PENDING,0.0,18.973149988354585,13.496022203613526,2.2520707490982188e-09,0.09171176820723599,0.01412525172725532,0.11246374020723598
CsOAc,X-Phos,BuOAc,0.057,90,1.6,0.1,-0.8,-1.9,PENDING,PENDING,0.0,11.849860937558901,13.200312162065822,2.5408785987233737e-11,0.09264510242357751,0.014650691127400398,0.11339707442357752
CsOAc,X-Phos,BuCN,0.153,120,-1.6,-2.1,-1.8,-0.9,PENDING,PENDING,0.0,38.4985293807608,12.941901882122965,2.737759122618523e-06,0.07181940992305762,0.015837198762478112,0.09257138192955992
CsOAc,X-Phos,BuCN,0.153,105,-1.6,-2.1,-1.8,-0.9,PENDING,PENDING,0.0,31.478774977753567,12.227602195558237,2.369327285564614e-08,0.07265753395349377,0.015418425717260936,0.09340950595515977
CsOAc,X-Phos,BuCN,0.153,90,-1.6,-2.1,-1.8,-0.9,PENDING,PENDING,0.0,22.432869643051774,12.181642834386393,1.9482807612951724e-10,0.07348490285987376,0.015718202927531677,0.0942368748624038
CsOAc,X-Phos,BuCN,0.1,120,-1.6,-2.1,-1.8,-0.9,PENDING,PENDING,0.0,36.31033483150369,13.05260283905156,1.4275854276573995e-06,0.07999304125826698,0.01589373007884004,0.10074501325854461
CsOAc,X-Phos,BuCN,0.1,105,-1.6,-2.1,-1.8,-0.9,PENDING,PENDING,0.0,29.00070497423244,12.275801528478429,8.076813078032947e-09,0.08085924027865685,0.015485570757332373,0.10161121227871701
CsOAc,X-Phos,BuCN,0.1,90,-1.6,-2.1,-1.8,-0.9,PENDING,PENDING,0.0,19.93690008211307,12.139066152199716,4.163547296936556e-11,0.08170049874992168,0.015792756380106257,0.10245247075002349
CsOAc,X-Phos,BuCN,0.057,120,-1.6,-2.1,-1.8,-0.9,PENDING,PENDING,0.0,34.28414944924421,13.480878588107654,1.507609956626573e-06,0.08670765437428025,0.016133077772364255,0.10745962637431188
CsOAc,X-Phos,BuCN,0.057,105,-1.6,-2.1,-1.8,-0.9,PENDING,PENDING,0.0,26.817180958497026,12.689242239875426,9.194328709151675e-09,0.08759370298935282,0.01574504838188971,0.10834567498935935
CsOAc,X-Phos,BuCN,0.057,90,-1.6,-2.1,-1.8,-0.9,PENDING,PENDING,0.0,17.853928521358256,12.564969949599645,6.374856068245224e-11,0.0884426339852628,0.01607106992862109,0.10919460598527514
CsOAc,PPhtBu2,p-Xylene,0.153,120,5.7,-2.2,0.0,1.3,PENDING,PENDING,0.0,-6.423783772987967,25.6289989824953,9.534742340130812e-05,0.08118860639527191,0.022686081902454486,0.10194059465063314
CsOAc,PPhtBu2,p-Xylene,0.153,105,5.7,-2.2,0.0,1.3,PENDING,PENDING,0.0,-7.989281503999074,26.50135655601881,0.00013998167220649485,0.08230208469902163,0.02274537235923789,0.10305407027558636
CsOAc,PPhtBu2,p-Xylene,0.153,90,5.7,-2.2,0.0,1.3,PENDING,PENDING,0.0,-7.518369347419586,28.780376414553576,0.0006604022254505636,0.08337668801356703,0.02337271087112314,0.1041286802042644
CsOAc,PPhtBu2,p-Xylene,0.1,120,5.7,-2.2,0.0,1.3,PENDING,PENDING,0.0,-6.731374928047877,25.74674082919402,9.889803977041443e-05,0.08938784450056637,0.02283331218847951,0.11013981959748366
CsOAc,PPhtBu2,p-Xylene,0.1,105,5.7,-2.2,0.0,1.3,PENDING,PENDING,0.0,-8.38588485583574,26.58411956647462,0.00013900245240429723,0.09052681140461703,0.02288242616785362,0.11127878593148532
CsOAc,PPhtBu2,p-Xylene,0.1,90,5.7,-2.2,0.0,1.3,PENDING,PENDING,0.0,-7.98163873843253,28.815886415987283,0.0006301574284609136,0.09161210265091428,0.02349560747918656,0.11236407859738463
CsOAc,PPhtBu2,p-Xylene,0.057,120,5.7,-2.2,0.0,1.3,PENDING,PENDING,0.0,-6.790355728765981,26.039900193278054,0.0001223131213709005,0.09607169774473373,0.02343094094369332,0.11682367109584221
CsOAc,PPhtBu2,p-Xylene,0.057,105,5.7,-2.2,0.0,1.3,PENDING,PENDING,0.0,-8.508507026245702,26.828582602033443,0.00016228746259230398,0.09722768102774051,0.023470635279648402,0.1179796541148337
CsOAc,PPhtBu2,p-Xylene,0.057,90,5.7,-2.2,0.0,1.3,PENDING,PENDING,0.0,-8.166368822736317,28.978999624695422,0.0006739201989524428,0.09831819007288965,0.02406345851866152,0.11907016376932177
CsOAc,PPhtBu2,DMAc,0.153,120,-4.3,3.0,-3.4,0.5,PENDING,PENDING,0.0,-2.218257755812708,16.614781401218057,1.0583388262059461e-09,0.07771582903459011,0.016171217281914577,0.09846780103602595
CsOAc,PPhtBu2,DMAc,0.153,105,-4.3,3.0,-3.4,0.5,PENDING,PENDING,0.0,-4.964327326397317,19.162409658384178,7.526995126883036e-08,0.07860415571808646,0.01645930128078592,0.09935612772012964
CsOAc,PPhtBu2,DMAc,0.153,90,-4.3,3.0,-3.4,0.5,PENDING,PENDING,0.0,-5.818115167338881,24.189031674151828,3.1967182052852e-05,0.07947203755544983,0.017479343128674465,0.10022400956961743
CsOAc,PPhtBu2,DMAc,0.1,120,-4.3,3.0,-3.4,0.5,PENDING,PENDING,0.0,-2.740832056810415,16.958901021916812,1.9688068700260606e-09,0.08596453524925146,0.016441529361580616,0.10671650724935508
CsOAc,PPhtBu2,DMAc,0.1,105,-4.3,3.0,-3.4,0.5,PENDING,PENDING,0.0,-5.6117955136440685,19.420710428877275,9.580238461614592e-08,0.0868783337742364,0.01671845556661945,0.10763030577438698
CsOAc,PPhtBu2,DMAc,0.1,90,-4.3,3.0,-3.4,0.5,PENDING,PENDING,0.0,-6.5478093335738805,24.329722432263633,3.143383584136095e-05,0.08775665839726304,0.017715517987929086,0.10850863039851193
CsOAc,PPhtBu2,DMAc,0.057,120,-4.3,3.0,-3.4,0.5,PENDING,PENDING,0.0,-2.9766215965280125,17.712381978167045,9.417747100808906e-09,0.09270699723936707,0.0172843034565719,0.11345896923943304
CsOAc,PPhtBu2,DMAc,0.057,105,-4.3,3.0,-3.4,0.5,PENDING,PENDING,0.0,-5.935008276828178,20.003421614537586,2.2161168296955833e-07,0.09363852075880327,0.017541593583306654,0.11439049275889317
CsOAc,PPhtBu2,DMAc,0.057,90,-4.3,3.0,-3.4,0.5,PENDING,PENDING,0.0,-6.942869524130799,24.670993436759286,3.937710824344475e-05,0.09452234436443024,0.018491200513704033,0.1152743163650736
CsOAc,PPhtBu2,BuOAc,0.153,120,1.6,0.1,-0.8,-1.9,PENDING,PENDING,0.0,-6.885831369045938,22.872436545393178,6.998010307753813e-06,0.09353127486074533,0.01966267224647665,0.11428324687063322
CsOAc,PPhtBu2,BuOAc,0.153,105,1.6,0.1,-0.8,-1.9,PENDING,PENDING,0.0,-8.961365461239872,24.15029462814931,1.6445483319643933e-05,0.09468192484519934,0.019893200552375166,0.11543389685580342
CsOAc,PPhtBu2,BuOAc,0.153,90,1.6,0.1,-0.8,-1.9,PENDING,PENDING,0.0,-8.896591538449712,27.173693098231414,0.0001937890765256827,0.09576695504980964,0.020753896521500097,0.11651892708427022
CsOAc,PPhtBu2,BuOAc,0.1,120,1.6,0.1,-0.8,-1.9,PENDING,PENDING,0.0,-7.268738785088864,23.045907873100155,7.73996494813164e-06,0.10185295230042782,0.01976524385190759,0.12260492430126926
CsOAc,PPhtBu2,BuOAc,0.1,105,1.6,0.1,-0.8,-1.9,PENDING,PENDING,0.0,-9.44805225628211,24.280414935954735,1.686872328454295e-05,0.10302971998924695,0.01997969271414069,0.12378169199014108
CsOAc,PPhtBu2,BuOAc,0.1,90,1.6,0.1,-0.8,-1.9,PENDING,PENDING,0.0,-9.457363526394914,27.240297614175294,0.00018516894477822732,0.1041255012281022,0.02082160047272219,0.12487747323140963
CsOAc,PPhtBu2,BuOAc,0.057,120,1.6,0.1,-0.8,-1.9,PENDING,PENDING,0.0,-7.377803980503444,23.449847901941112,1.1477101547754498e-05,0.10861346205060757,0.02039816126790575,0.12936543405095607
CsOAc,PPhtBu2,BuOAc,0.057,105,1.6,0.1,-0.8,-1.9,PENDING,PENDING,0.0,-9.629312505504082,24.61453282332554,2.2213178468573564e-05,0.10980746984295245,0.02059326317647307,0.13055944184330923
CsOAc,PPhtBu2,BuOAc,0.057,90,1.6,0.1,-0.8,-1.9,PENDING,PENDING,0.0,-9.705482738734183,27.457086747568066,0.000206338994510241,0.1109083678128514,0.021401818785099364,0.13166033981412117
CsOAc,PPhtBu2,BuCN,0.153,120,-1.6,-2.1,-1.8,-0.9,PENDING,PENDING,0.0,-6.077163411821651,20.473345384043593,4.2931913918876165e-07,0.08838417171705666,0.01983279631192182,0.10913614378056202
CsOAc,PPhtBu2,BuCN,0.153,105,-1.6,-2.1,-1.8,-0.9,PENDING,PENDING,0.0,-8.36815487309012,22.18642246468176,2.2910404238659577e-06,0.08944297035298746,0.019970634141721746,0.11019494241155475
CsOAc,PPhtBu2,BuCN,0.153,90,-1.6,-2.1,-1.8,-0.9,PENDING,PENDING,0.0,-8.544458155945343,25.94217780879713,8.346652706117306e-05,0.09044986309813152,0.020726881984397084,0.11120183524506694
CsOAc,PPhtBu2,BuCN,0.1,120,-1.6,-2.1,-1.8,-0.9,PENDING,PENDING,0.0,-6.506926953025797,20.707862077382593,5.347588866770153e-07,0.09668102004953243,0.020045352354245812,0.11743299205711993
CsOAc,PPhtBu2,BuCN,0.1,105,-1.6,-2.1,-1.8,-0.9,PENDING,PENDING,0.0,-8.910536153168621,22.36577984561729,2.4963986508618987e-06,0.09776584269457511,0.020170176120727256,0.11851781470142567
CsOAc,PPhtBu2,BuCN,0.1,90,-1.6,-2.1,-1.8,-0.9,PENDING,PENDING,0.0,-9.165389141713312,26.039487417268866,8.066530712080681e-05,0.09878350576639763,0.020906635604406778,0.1195354777850954
CsOAc,PPhtBu2,BuCN,0.057,120,-1.6,-2.1,-1.8,-0.9,PENDING,PENDING,0.0,-6.652663691722431,21.230051568236707,1.0487770456760141e-06,0.10343383662769884,0.020742934017355785,0.1241858086312214
CsOAc,PPhtBu2,BuCN,0.057,105,-1.6,-2.1,-1.8,-0.9,PENDING,PENDING,0.0,-9.135054638216978,22.789933995982384,3.866458347041656e-06,0.10453617412070636,0.020853671308660403,0.12528814612380704
CsOAc,PPhtBu2,BuCN,0.057,90,-1.6,-2.1,-1.8,-0.9,PENDING,PENDING,0.0,-9.460562642323893,26.305502920999906,9.398809439797938e-05,0.10555921470230137,0.021559911895414993,0.1263111867104497
CsOAc,PPhMe2,p-Xylene,0.153,120,5.7,-2.2,0.0,1.3,PENDING,PENDING,0.0,0.6314070614781322,16.67283219457184,3.6029879347636586e-09,0.07303274204455833,0.014289038158604734,0.09378471404461318
CsOAc,PPhMe2,p-Xylene,0.153,105,5.7,-2.2,0.0,1.3,PENDING,PENDING,0.0,0.9561208225917888,13.586099737973125,3.0967654740821613e-13,0.07382933221288832,0.013673657424092399,0.09458130421289271
CsOAc,PPhMe2,p-Xylene,0.153,90,5.7,-2.2,0.0,1.3,PENDING,PENDING,0.0,2.1690949068508196,14.869228985293601,5.583143220991078e-11,0.0745887585906532,0.013750629290583172,0.09534073059065712
CsOAc,PPhMe2,p-Xylene,0.1,120,5.7,-2.2,0.0,1.3,PENDING,PENDING,0.0,0.5255830675272577,15.759097455062307,3.5520542777627316e-10,0.08214751615374892,0.013292222925066639,0.10289948815374893
CsOAc,PPhMe2,p-Xylene,0.1,105,5.7,-2.2,0.0,1.3,PENDING,PENDING,0.0,0.7632849527886023,12.3451867276364,7.703249164340688e-16,0.08297555689676431,0.012626638100698858,0.10372752889676431
CsOAc,PPhMe2,p-Xylene,0.1,90,5.7,-2.2,0.0,1.3,PENDING,PENDING,0.0,1.869920414492018,14.063708390525921,3.2136401003021524e-12,0.08374569106472435,0.012720230314747042,0.10449766306472436
CsOAc,PPhMe2,p-Xylene,0.057,120,5.7,-2.2,0.0,1.3,PENDING,PENDING,0.0,0.5571701676041023,15.526783491929818,1.896783932364622e-10,0.0895747676444217,0.013133010395186086,0.11032673964442169
CsOAc,PPhMe2,p-Xylene,0.057,105,5.7,-2.2,0.0,1.3,PENDING,PENDING,0.0,0.7072552012303923,12.034144638769728,1.274458149535488e-16,0.09042598070921894,0.01245976800655015,0.11117795270921893
CsOAc,PPhMe2,p-Xylene,0.057,90,5.7,-2.2,0.0,1.3,PENDING,PENDING,0.0,1.7162546943752552,14.013928090216963,2.471713797475593e-12,0.09120299508961466,0.01257433479127848,0.11195496708961467
CsOAc,PPhMe2,DMAc,0.153,120,-4.3,3.0,-3.4,0.5,PENDING,PENDING,0.0,0.13370006761332576,13.884631004339198,6.554873159511798e-13,0.06926816933843102,0.010330516846483267,0.09002014133843103
CsOAc,PPhMe2,DMAc,0.153,105,-4.3,3.0,-3.4,0.5,PENDING,PENDING,0.0,-0.6327209647432177,14.92897483063825,1.8316344580805285e-11,0.0698229088967649,0.010709773818047169,0.09057488089676491
CsOAc,PPhMe2,DMAc,0.153,90,-4.3,3.0,-3.4,0.5,PENDING,PENDING,0.0,-0.07688107629303431,17.917438584753498,3.7588187380175805e-08,0.07036245777528775,0.01181473749053545,0.09111442977528775
CsOAc,PPhMe2,DMAc,0.1,120,-4.3,3.0,-3.4,0.5,PENDING,PENDING,0.0,-0.19870522734021634,13.669551511618078,2.301949134262511e-13,0.07843130183089495,0.009242937585395435,0.09918327383089495
CsOAc,PPhMe2,DMAc,0.1,105,-4.3,3.0,-3.4,0.5,PENDING,PENDING,0.0,-1.099288593398061,14.673530230260955,6.2725994348611806e-12,0.07901745575915481,0.009657727827635042,0.09976942775915482
CsOAc,PPhMe2,DMAc,0.1,90,-4.3,3.0,-3.4,0.5,PENDING,PENDING,0.0,-0.6650550852946964,17.79332781077451,2.4348527299657473e-08,0.07956752082604648,0.010875155380395568,0.10031949282604649
CsOAc,PPhMe2,DMAc,0.057,120,-4.3,3.0,-3.4,0.5,PENDING,PENDING,0.0,-0.29396498302653384,14.109293834348913,1.2404573823023669e-12,0.08591961546815657,0.009186896461949041,0.10667158746815658
CsOAc,PPhMe2,DMAc,0.057,105,-4.3,3.0,-3.4,0.5,PENDING,PENDING,0.0,-1.315799789746766,14.997529930048765,1.6586825147613754e-11,0.08652980327492589,0.009590971339181142,0.10728177527492588
CsOAc,PPhMe2,DMAc,0.057,90,-4.3,3.0,-3.4,0.5,PENDING,PENDING,0.0,-1.002134305894863,18.086252204817804,3.8139249046995795e-08,0.08708714344308484,0.010825265965030606,0.10783911544308483
CsOAc,PPhMe2,BuOAc,0.153,120,1.6,0.1,-0.8,-1.9,PENDING,PENDING,0.0,-0.16726522880616557,12.5440559232113,1.2112556239116393e-15,0.08653519029084503,0.007388217191049075,0.10728716229084503
CsOAc,PPhMe2,BuOAc,0.153,105,1.6,0.1,-0.8,-1.9,PENDING,PENDING,0.0,-0.14421964109650176,8.594866981451078,1.062592369636687e-31,0.08736837552352143,0.0066815534656036665,0.10812034752352143
CsOAc,PPhMe2,BuOAc,0.153,90,1.6,0.1,-0.8,-1.9,PENDING,PENDING,0.0,0.8084490646494338,11.276050878532558,1.0259032800687542e-18,0.08812759150275588,0.007340576095654768,0.10887956350275588
CsOAc,PPhMe2,BuOAc,0.1,120,1.6,0.1,-0.8,-1.9,PENDING,PENDING,0.0,-0.32504621425974634,11.223361447547456,2.811630773532067e-19,0.09581020512388225,0.004690149670730359,0.11656217712388225
CsOAc,PPhMe2,BuOAc,0.1,105,1.6,0.1,-0.8,-1.9,PENDING,PENDING,0.0,-0.4005102360946893,6.243526599687909,1.0979441764085233e-58,0.09667636887862258,0.0034502537819030314,0.11742834087862258
CsOAc,PPhMe2,BuOAc,0.1,90,1.6,0.1,-0.8,-1.9,PENDING,PENDING,0.0,0.42879364366141814,10.144114639166755,5.889330737637053e-23,0.09744592791661512,0.004624917388216901,0.11819789991661511
CsOAc,PPhMe2,BuOAc,0.057,120,1.6,0.1,-0.8,-1.9,PENDING,PENDING,0.0,-0.32442959828026474,10.924851906388822,2.866436823756264e-20,0.10333567711267708,0.0037230212902215265,0.12408764911267708
CsOAc,PPhMe2,BuOAc,0.057,90,1.6,0.1,-0.8,-1.9,PENDING,PENDING,0.0,0.21932310448897496,10.114431819972593,3.577421259682862e-23,0.10500215915231365,0.0036889676073603938,0.12575413115231365
CsOAc,PPhMe2,BuCN,0.153,120,-1.6,-2.1,-1.8,-0.9,PENDING,PENDING,0.0,-0.5810481163385326,13.041988735882443,1.1385393232361724e-14,0.08013284433944166,0.010583567795785662,0.10088481633944166
CsOAc,PPhMe2,BuCN,0.153,105,-1.6,-2.1,-1.8,-0.9,PENDING,PENDING,0.0,-0.7277545549835338,10.337954127877687,1.2273008368403436e-22,0.08085901055156493,0.009667047072681813,0.10161098255156492
CsOAc,PPhMe2,BuCN,0.153,90,-1.6,-2.1,-1.8,-0.9,PENDING,PENDING,0.0,0.19499452446012455,12.11728811337685,1.447467990491264e-16,0.08153481301775489,0.009628471929716645,0.1022867850177549
CsOAc,PPhMe2,BuCN,0.1,120,-1.6,-2.1,-1.8,-0.9,PENDING,PENDING,0.0,-0.7949050207146904,12.17851622558905,1.0369822465217388e-16,0.08937686008573668,0.009328707341042741,0.11012883208573668
CsOAc,PPhMe2,BuCN,0.1,105,-1.6,-2.1,-1.8,-0.9,PENDING,PENDING,0.0,-1.055693299999625,9.1233066827272,8.343005823922037e-29,0.090135797699412,0.008273069063906872,0.110887769699412
CsOAc,PPhMe2,BuCN,0.1,90,-1.6,-2.1,-1.8,-0.9,PENDING,PENDING,0.0,-0.2586946045584355,11.480131326459182,1.8397391573469594e-18,0.09082223613484985,0.008245712643531,0.11157420813484986
CsOAc,PPhMe2,BuCN,0.057,120,-1.6,-2.1,-1.8,-0.9,PENDING,PENDING,0.0,-0.8219949874366748,12.181961423163091,1.0382670504383913e-16,0.09689813155888186,0.009159274422800321,0.11765010355888186
CsOAc,PPhMe2,BuCN,0.057,105,-1.6,-2.1,-1.8,-0.9,PENDING,PENDING,0.0,-1.1940209816818097,9.099539103334386,5.066958940278017e-29,0.09768156883728257,0.008085002472785173,0.11843354083728258
CsOAc,PPhMe2,BuCN,0.057,90,-1.6,-2.1,-1.8,-0.9,PENDING,PENDING,0.0,-0.5151107335058427,11.728458123278019,7.942669691753192e-18,0.09837523436832453,0.008090895214350179,0.11912720636832452
CsOAc,PPh3,p-Xylene,0.153,120,5.7,-2.2,0.0,1.3,PENDING,PENDING,0.0,16.609316358127813,10.637580793213372,3.4450072827815394e-15,0.06519982546724329,0.01896833560484602,0.08595180875813506
CsOAc,PPh3,p-Xylene,0.153,105,5.7,-2.2,0.0,1.3,PENDING,PENDING,0.0,8.845593047060536,9.89039579377523,1.9304392602405877e-20,0.06571713016587197,0.018779879273966585,0.08646910994957635
CsOAc,PPh3,p-Xylene,0.153,90,5.7,-2.2,0.0,1.3,PENDING,PENDING,0.0,1.552344960356077,10.560795904751812,7.50853095930243e-21,0.06622092848700789,0.01879351629751239,0.08697290741363321
CsOAc,PPh3,p-Xylene,0.1,120,5.7,-2.2,0.0,1.3,PENDING,PENDING,0.0,15.729306173482481,10.769156620610154,3.899290907352637e-15,0.07375249672420031,0.018705626661419134,0.09450446947914885
CsOAc,PPh3,p-Xylene,0.1,105,5.7,-2.2,0.0,1.3,PENDING,PENDING,0.0,7.698744827524557,9.385487489441982,4.583481234053871e-23,0.07430042149777227,0.01847950617668192,0.09505239395064491
CsOAc,PPh3,p-Xylene,0.1,90,5.7,-2.2,0.0,1.3,PENDING,PENDING,0.0,0.2320773957140858,9.509712962414953,5.227775062850056e-26,0.07481812149269683,0.018463850867680272,0.09557009387117757
CsOAc,PPh3,p-Xylene,0.057,120,5.7,-2.2,0.0,1.3,PENDING,PENDING,0.0,15.035707449690806,11.440337097606738,9.414393085055082e-14,0.08074399024589199,0.018937891071708037,0.10149596238457327
CsOAc,PPh3,p-Xylene,0.057,105,5.7,-2.2,0.0,1.3,PENDING,PENDING,0.0,6.87021687086942,9.635028220428937,2.4997204541726265e-22,0.08131577199944658,0.018684777600350953,0.10206774407503809
CsOAc,PPh3,p-Xylene,0.057,90,5.7,-2.2,0.0,1.3,PENDING,PENDING,0.0,-0.6578438955275132,9.348179075544335,2.6093195125392453e-27,0.08184393416760986,0.01865284953216397,0.1025959062282257
CsOAc,PPh3,DMAc,0.153,120,-4.3,3.0,-3.4,0.5,PENDING,PENDING,0.0,54.57017144469634,8.162095980911475,2.0694744401036496e-08,0.0603607708270119,0.013015738388044021,0.08111274282747104
CsOAc,PPh3,DMAc,0.153,105,-4.3,3.0,-3.4,0.5,PENDING,PENDING,0.0,38.793183811692174,7.998857197435343,1.2085685457690903e-14,0.060585286155105306,0.013007593302281408,0.08133725815550484
CsOAc,PPh3,DMAc,0.153,90,-4.3,3.0,-3.4,0.5,PENDING,PENDING,0.0,19.624301535285383,8.34908060365293,3.26944879260103e-22,0.06082515037657345,0.013157782951354504,0.08157712237714514
CsOAc,PPh3,DMAc,0.1,120,-4.3,3.0,-3.4,0.5,PENDING,PENDING,0.0,52.708865335860615,8.447436404802746,1.7622475916602992e-08,0.06896850398416224,0.013347195477890693,0.08972047598417932
CsOAc,PPh3,DMAc,0.1,105,-4.3,3.0,-3.4,0.5,PENDING,PENDING,0.0,36.48749224340962,8.276042183542456,1.04202481542319e-14,0.06922434652491856,0.013323020465962336,0.08997631852493222
CsOAc,PPh3,DMAc,0.1,90,-4.3,3.0,-3.4,0.5,PENDING,PENDING,0.0,17.130480520336754,8.565480912913923,2.0821414187991535e-22,0.06947846613819848,0.013454855447164212,0.09023043813821771
CsOAc,PPh3,DMAc,0.057,120,-4.3,3.0,-3.4,0.5,PENDING,PENDING,0.0,50.67851001607892,9.187026058400587,7.182635104919724e-08,0.07603133004715887,0.014166396766117301,0.09678330204716722
CsOAc,PPh3,DMAc,0.057,105,-4.3,3.0,-3.4,0.5,PENDING,PENDING,0.0,34.36111693406302,9.01422989512264,2.3087805042718386e-13,0.07631342905500896,0.014127442198054934,0.09706540105501528
CsOAc,PPh3,DMAc,0.057,90,-4.3,3.0,-3.4,0.5,PENDING,PENDING,0.0,15.173292067000608,9.344285302770615,6.720958901894327e-20,0.07657967414651103,0.014250123510316568,0.09733164614651953
CsOAc,PPh3,BuOAc,0.153,120,1.6,0.1,-0.8,-1.9,PENDING,PENDING,0.0,24.449045394582168,11.294449216082759,2.0436310318264654e-11,0.07795757731811226,0.014469424733317615,0.09870954931812143
CsOAc,PPh3,BuOAc,0.153,105,1.6,0.1,-0.8,-1.9,PENDING,PENDING,0.0,13.38969062894692,10.523103109098251,1.3502285917364597e-16,0.07850308111367574,0.014248939404339293,0.09925505311367895
CsOAc,PPh3,BuOAc,0.153,90,1.6,0.1,-0.8,-1.9,PENDING,PENDING,0.0,2.173740557317373,10.242882292972807,8.107704392123019e-22,0.07900546514684799,0.014264197674083066,0.0997574371468506
CsOAc,PPh3,BuOAc,0.1,120,1.6,0.1,-0.8,-1.9,PENDING,PENDING,0.0,23.219443100685698,11.485848246951365,2.1388680172306456e-11,0.08664577981701892,0.013689319772203517,0.10739775181701892
CsOAc,PPh3,BuOAc,0.1,105,1.6,0.1,-0.8,-1.9,PENDING,PENDING,0.0,11.80222086135423,10.303459065050065,7.780464744055179e-18,0.08722300918678846,0.013394155536757112,0.10797498118678847
CsOAc,PPh3,BuOAc,0.1,90,1.6,0.1,-0.8,-1.9,PENDING,PENDING,0.0,0.38301700529287785,9.546887391006354,9.576790776067177e-26,0.08773960866818457,0.01336015424990431,0.10849158066818457
CsOAc,PPh3,BuOAc,0.057,120,1.6,0.1,-0.8,-1.9,PENDING,PENDING,0.0,22.129938274598015,12.070822698868367,1.1052319601790904e-10,0.09372177639750566,0.013644595252144499,0.11447374839750565
CsOAc,PPh3,BuOAc,0.057,105,1.6,0.1,-0.8,-1.9,PENDING,PENDING,0.0,10.574899775819993,10.620994939166609,2.7062560750695442e-17,0.09432358514133905,0.013296056770780456,0.11507555714133905
CsOAc,PPh3,BuOAc,0.057,90,1.6,0.1,-0.8,-1.9,PENDING,PENDING,0.0,-0.8505925447808131,9.607130892038015,4.9269797475653053e-26,0.0948509169797653,0.013231900376093621,0.11560288897976531
CsOAc,PPh3,BuCN,0.153,120,-1.6,-2.1,-1.8,-0.9,PENDING,PENDING,0.0,33.870565663331384,10.362261851463575,1.5354908867039198e-10,0.07229909617494745,0.016414622771214204,0.09305106819463778
CsOAc,PPh3,BuCN,0.153,105,-1.6,-2.1,-1.8,-0.9,PENDING,PENDING,0.0,21.121384640275135,10.158380835137795,6.01797188053076e-15,0.0727350171871885,0.0162795059777084,0.09348698919970108
CsOAc,PPh3,BuCN,0.153,90,-1.6,-2.1,-1.8,-0.9,PENDING,PENDING,0.0,7.175312012432709,10.316161557676196,1.524923334274989e-19,0.07314523707768335,0.01631007838719742,0.09389720908917086
CsOAc,PPh3,BuCN,0.1,120,-1.6,-2.1,-1.8,-0.9,PENDING,PENDING,0.0,32.421691841804815,10.6670495480318,2.1447817759142214e-10,0.08096026203568549,0.01620366145498558,0.1017122340361105
CsOAc,PPh3,BuCN,0.1,105,-1.6,-2.1,-1.8,-0.9,PENDING,PENDING,0.0,19.274466158908776,10.183986199030533,1.6334289024398265e-15,0.08142788346714191,0.01602689798087385,0.10217985546736101
CsOAc,PPh3,BuCN,0.1,90,-1.6,-2.1,-1.8,-0.9,PENDING,PENDING,0.0,5.122440524699467,10.011757042889469,1.6318332679581069e-21,0.08185243984527006,0.016024116601048254,0.10260441184545221
CsOAc,PPh3,BuCN,0.057,120,-1.6,-2.1,-1.8,-0.9,PENDING,PENDING,0.0,31.018265639653997,11.33065554015091,1.1270689564176464e-09,0.08802983979643274,0.016513254997441735,0.10878181179648645
CsOAc,PPh3,BuCN,0.057,105,-1.6,-2.1,-1.8,-0.9,PENDING,PENDING,0.0,17.738286192793982,10.647064133862129,8.525578737300897e-15,0.08852264708143326,0.016305316011253877,0.1092746190814573
CsOAc,PPh3,BuCN,0.057,90,-1.6,-2.1,-1.8,-0.9,PENDING,PENDING,0.0,3.6328451898407863,10.305548535173987,5.581818504877979e-21,0.08895848407185165,0.016283988037906552,0.10971045607187037
CsOAc,PPh2Me,p-Xylene,0.153,120,5.7,-2.2,0.0,1.3,PENDING,PENDING,0.0,-0.4574222631076168,12.906460127030734,6.380759637068179e-15,0.06055998694747796,0.01393259797724656,0.0813119589535277
CsOAc,PPh2Me,p-Xylene,0.153,105,5.7,-2.2,0.0,1.3,PENDING,PENDING,0.0,-1.0410205369319314,10.892578501731528,1.1904981012009558e-20,0.06195891429603704,0.013021193162193629,0.08271088629624519
CsOAc,PPh2Me,p-Xylene,0.153,90,5.7,-2.2,0.0,1.3,PENDING,PENDING,0.0,-0.25319330970808807,9.769551158414256,5.997239125170276e-25,0.0633535386842843,0.012764347964461768,0.08410551068432538
CsOAc,PPh2Me,p-Xylene,0.1,120,5.7,-2.2,0.0,1.3,PENDING,PENDING,0.0,-0.8942917686876974,13.375903441638721,4.401555682848128e-14,0.06881590715122801,0.013978468670724305,0.08956787915138226
CsOAc,PPh2Me,p-Xylene,0.1,105,5.7,-2.2,0.0,1.3,PENDING,PENDING,0.0,-1.5992254060549023,11.44299577889064,4.946873469973799e-19,0.07023944795303474,0.013029053372743802,0.09099141995303733
CsOAc,PPh2Me,p-Xylene,0.1,90,5.7,-2.2,0.0,1.3,PENDING,PENDING,0.0,-0.8945429610597095,10.398156409081686,1.8394188551555529e-22,0.07164374171794595,0.012730563197989021,0.09239571371794628
CsOAc,PPh2Me,p-Xylene,0.057,120,5.7,-2.2,0.0,1.3,PENDING,PENDING,0.0,-1.1144169146826854,14.401557883755085,2.3938821791908528e-12,0.07558122837850689,0.014716725376717235,0.09633320037857063
CsOAc,PPh2Me,p-Xylene,0.057,105,5.7,-2.2,0.0,1.3,PENDING,PENDING,0.0,-1.9198046744304555,12.646660469852588,6.638400717986267e-16,0.07701924892509723,0.01379263008073643,0.09777122092509852
CsOAc,PPh2Me,p-Xylene,0.057,90,5.7,-2.2,0.0,1.3,PENDING,PENDING,0.0,-1.2924402646807458,11.779183847523205,6.1730805146841105e-18,0.07842597235180272,0.013493699363111003,0.09917794435180288
CsOAc,PPh2Me,DMAc,0.153,120,-4.3,3.0,-3.4,0.5,PENDING,PENDING,0.0,3.4887566730839907,12.411407950317097,6.546080262024258e-15,0.05912248530491737,0.01285552397265248,0.07987445730542955
CsOAc,PPh2Me,DMAc,0.153,105,-4.3,3.0,-3.4,0.5,PENDING,PENDING,0.0,2.2513426151423417,10.318247809710108,1.725785065908471e-21,0.06027227172230078,0.012179236580113221,0.08102424372232604
CsOAc,PPh2Me,DMAc,0.153,90,-4.3,3.0,-3.4,0.5,PENDING,PENDING,0.0,2.205308410549815,9.529714366017926,5.862887681361899e-25,0.06142477001346569,0.012122459870416217,0.08217674201347609
CsOAc,PPh2Me,DMAc,0.1,120,-4.3,3.0,-3.4,0.5,PENDING,PENDING,0.0,2.807202049641152,12.876892319227107,4.097662512322988e-14,0.06742122166970757,0.012930073111689063,0.08817319366971592
CsOAc,PPh2Me,DMAc,0.1,105,-4.3,3.0,-3.4,0.5,PENDING,PENDING,0.0,1.3902634373525515,10.897770784298974,1.000940847562986e-19,0.06859577028296579,0.012224408353950991,0.08934774228296602
CsOAc,PPh2Me,DMAc,0.1,90,-4.3,3.0,-3.4,0.5,PENDING,PENDING,0.0,1.229066569881045,10.189487857835978,1.9912212619252417e-22,0.06975801175852721,0.01213435819450065,0.09050998375852726
CsOAc,PPh2Me,DMAc,0.057,120,-4.3,3.0,-3.4,0.5,PENDING,PENDING,0.0,2.3997616183716204,13.889866920880662,2.2236775213795814e-12,0.07422991700963444,0.013658558607157345,0.0949818890096378
CsOAc,PPh2Me,DMAc,0.057,105,-4.3,3.0,-3.4,0.5,PENDING,PENDING,0.0,0.826309988857787,12.131220359078702,2.4324898391428003e-16,0.07542010901803206,0.012972077352745984,0.09617208101803218
CsOAc,PPh2Me,DMAc,0.057,90,-4.3,3.0,-3.4,0.5,PENDING,PENDING,0.0,0.5503962851306419,11.585383865911949,6.958006101843129e-18,0.07658582452202921,0.01287669642402631,0.09733779652202923
CsOAc,PPh2Me,BuOAc,0.153,120,1.6,0.1,-0.8,-1.9,PENDING,PENDING,0.0,-0.5974897534813621,9.484550823829732,1.516816637445827e-26,0.07078711404502562,0.012078499069489972,0.09153908604502564
CsOAc,PPh2Me,BuOAc,0.153,105,1.6,0.1,-0.8,-1.9,PENDING,PENDING,0.0,-1.6183020156383208,10.418673803862735,1.118523184848295e-22,0.07222316725747155,0.012313248730911936,0.09297513925747158
CsOAc,PPh2Me,BuOAc,0.153,90,1.6,0.1,-0.8,-1.9,PENDING,PENDING,0.0,-1.2161671000209076,11.804974056920743,7.72247007939136e-18,0.07364213349641713,0.013186598789168957,0.09439410549641787
CsOAc,PPh2Me,BuOAc,0.1,120,1.6,0.1,-0.8,-1.9,PENDING,PENDING,0.0,-1.131136327935863,10.169080785490992,1.6073013079087525e-23,0.07917889021296207,0.012019818953268526,0.09993086221296207
CsOAc,PPh2Me,BuOAc,0.1,105,1.6,0.1,-0.8,-1.9,PENDING,PENDING,0.0,-2.2944976482655868,10.973934030062528,7.78196751210743e-21,0.08064023533560374,0.012193263774742995,0.10139220733560375
CsOAc,PPh2Me,BuOAc,0.1,90,1.6,0.1,-0.8,-1.9,PENDING,PENDING,0.0,-1.9860026799190216,12.261036244146764,7.329742022182561e-17,0.08206872066178277,0.013017265998895525,0.10282069266178276
CsOAc,PPh2Me,BuOAc,0.057,120,1.6,0.1,-0.8,-1.9,PENDING,PENDING,0.0,-1.4232449960917215,11.590433394324508,1.5879313418502503e-18,0.0860438490183778,0.012762324595881185,0.10679582101837781
CsOAc,PPh2Me,BuOAc,0.057,105,1.6,0.1,-0.8,-1.9,PENDING,PENDING,0.0,-2.702029109693676,12.193551905808308,2.967886129660603e-17,0.08751993098050398,0.012875466102791888,0.10827190298050399
CsOAc,PPh2Me,BuOAc,0.057,90,1.6,0.1,-0.8,-1.9,PENDING,PENDING,0.0,-2.4784744268926,13.32689637869677,1.3873417312968137e-14,0.0889502784870741,0.01362064400314849,0.10970225048707409
CsOAc,PPh2Me,BuCN,0.153,120,-1.6,-2.1,-1.8,-0.9,PENDING,PENDING,0.0,0.023999848775709154,10.983827453975078,6.135937508552738e-20,0.06672173536625586,0.013926376510856295,0.08747370736661157
CsOAc,PPh2Me,BuCN,0.153,105,-1.6,-2.1,-1.8,-0.9,PENDING,PENDING,0.0,-1.0412603367242497,11.022987621768495,3.377903950465115e-20,0.06805818729359925,0.013507204597757566,0.08881015929364715
CsOAc,PPh2Me,BuCN,0.153,90,-1.6,-2.1,-1.8,-0.9,PENDING,PENDING,0.0,-0.711912717176375,11.572871915173865,2.4388146667385986e-18,0.0693846080565621,0.013662237286945744,0.09013658005660362
CsOAc,PPh2Me,BuCN,0.1,120,-1.6,-2.1,-1.8,-0.9,PENDING,PENDING,0.0,-0.5620170364769592,11.545655960580959,2.2759354811868622e-18,0.07508079975192146,0.013930671337692942,0.09583277175192731
CsOAc,PPh2Me,BuCN,0.1,105,-1.6,-2.1,-1.8,-0.9,PENDING,PENDING,0.0,-1.7850730961286843,11.537052810713963,8.290840576067184e-19,0.0764424239823968,0.013463442372721218,0.09719439598239726
CsOAc,PPh2Me,BuCN,0.1,90,-1.6,-2.1,-1.8,-0.9,PENDING,PENDING,0.0,-1.558715641492288,12.043675006625202,2.695947973819762e-17,0.07777851966415944,0.013572517546076392,0.0985304916641598
CsOAc,PPh2Me,BuCN,0.057,120,-1.6,-2.1,-1.8,-0.9,PENDING,PENDING,0.0,-0.8896824678569999,12.737101150165676,2.0772316316588267e-15,0.08192597836093854,0.014586929406639281,0.10267795036094048
CsOAc,PPh2Me,BuCN,0.057,105,-1.6,-2.1,-1.8,-0.9,PENDING,PENDING,0.0,-2.2444555415591836,12.66378890065734,5.882046252055152e-16,0.08330270744514115,0.01410610091796018,0.10405467944514131
CsOAc,PPh2Me,BuCN,0.057,90,-1.6,-2.1,-1.8,-0.9,PENDING,PENDING,0.0,-2.1153173215195515,13.123174131438551,6.590555071857158e-15,0.08464127250677969,0.014185145371602684,0.1053932445067798
CsOAc,PCy3 HBF4,p-Xylene,0.153,120,5.7,-2.2,0.0,1.3,PENDING,PENDING,0.0,2.4913417775859976,16.358756554913132,3.5238384434591963e-09,0.06388989711251697,0.01566941245438436,0.08464186920259315
CsOAc,PCy3 HBF4,p-Xylene,0.153,105,5.7,-2.2,0.0,1.3,PENDING,PENDING,0.0,0.558851359206443,12.295047444084775,5.097252231406239e-16,0.06452892442213354,0.014927499098124599,0.08528089643585822
CsOAc,PCy3 HBF4,p-Xylene,0.153,90,5.7,-2.2,0.0,1.3,PENDING,PENDING,0.0,0.10982231230813255,11.798639657846106,1.977938048255372e-17,0.06516615162228406,0.014990038101892138,0.08591812363459492
CsOAc,PCy3 HBF4,p-Xylene,0.1,120,5.7,-2.2,0.0,1.3,PENDING,PENDING,0.0,2.0815400708215037,16.57262459788749,4.938707508032321e-09,0.07191664946141615,0.015784188668631738,0.09266862146694269
CsOAc,PCy3 HBF4,p-Xylene,0.1,105,5.7,-2.2,0.0,1.3,PENDING,PENDING,0.0,0.02248589693562053,12.32932311688527,4.28984041063477e-16,0.07258106417833436,0.015008220597676206,0.09333303617891103
CsOAc,PCy3 HBF4,p-Xylene,0.1,90,5.7,-2.2,0.0,1.3,PENDING,PENDING,0.0,-0.5280908900249841,11.487848725690752,1.5728446468528074e-18,0.07322993147931156,0.01502921921507662,0.09398190347977253
CsOAc,PCy3 HBF4,p-Xylene,0.057,120,5.7,-2.2,0.0,1.3,PENDING,PENDING,0.0,1.8768789346698682,17.15775509830684,1.6278136781348453e-08,0.07849410669068033,0.016536970605276525,0.09924607869324219
CsOAc,PCy3 HBF4,p-Xylene,0.057,105,5.7,-2.2,0.0,1.3,PENDING,PENDING,0.0,-0.279355837853938,13.012798815767436,1.1906572904809608e-14,0.07917779405507934,0.015772144130502895,0.09992976605536005
CsOAc,PCy3 HBF4,p-Xylene,0.057,90,5.7,-2.2,0.0,1.3,PENDING,PENDING,0.0,-0.9204139278100847,12.006406415949316,3.39409494070485e-17,0.07983469643693694,0.015770441737574446,0.10058666843714875
CsOAc,PCy3 HBF4,DMAc,0.153,120,-4.3,3.0,-3.4,0.5,PENDING,PENDING,0.0,17.46566734039247,14.155314612983997,6.902996122489333e-09,0.06367306409962442,0.014928582780243735,0.08442503611904331
CsOAc,PCy3 HBF4,DMAc,0.153,105,-4.3,3.0,-3.4,0.5,PENDING,PENDING,0.0,12.464541966656984,14.049202320013999,5.457922107800431e-10,0.06407633843897717,0.014872046854422014,0.08482831045342504
CsOAc,PCy3 HBF4,DMAc,0.153,90,-4.3,3.0,-3.4,0.5,PENDING,PENDING,0.0,7.665744934138402,16.139599886495343,1.51835853943987e-08,0.06447729677556459,0.01552630248108943,0.08522926882934033
CsOAc,PCy3 HBF4,DMAc,0.1,120,-4.3,3.0,-3.4,0.5,PENDING,PENDING,0.0,16.572389460600476,14.36744607100612,8.101662832214338e-09,0.0717397409670226,0.014972382829955213,0.09249171296777509
CsOAc,PCy3 HBF4,DMAc,0.1,105,-4.3,3.0,-3.4,0.5,PENDING,PENDING,0.0,11.35994419231196,14.09432621565157,3.7343677693854503e-10,0.07216850177421091,0.014880180958497904,0.09292047377469406
CsOAc,PCy3 HBF4,DMAc,0.1,90,-4.3,3.0,-3.4,0.5,PENDING,PENDING,0.0,6.441150061902615,16.021209673744742,7.319447009357909e-09,0.07258117641808129,0.015499115756966655,0.09333314842019227
CsOAc,PCy3 HBF4,DMAc,0.057,120,-4.3,3.0,-3.4,0.5,PENDING,PENDING,0.0,15.849599804549921,15.022810198278114,2.9009012393822393e-08,0.07835173504453019,0.0156348304392845,0.09910370704480334
CsOAc,PCy3 HBF4,DMAc,0.057,105,-4.3,3.0,-3.4,0.5,PENDING,PENDING,0.0,10.507052677473208,14.623253404814664,1.1582726835177534e-09,0.0788007010488534,0.015518517535018764,0.09955267304901622
CsOAc,PCy3 HBF4,DMAc,0.057,90,-4.3,3.0,-3.4,0.5,PENDING,PENDING,0.0,5.534118387321371,16.35312312623539,1.0970684406592958e-08,0.07922239699321486,0.0160916929222191,0.09997436899385782
CsOAc,PCy3 HBF4,BuOAc,0.153,120,1.6,0.1,-0.8,-1.9,PENDING,PENDING,0.0,5.313030983615473,15.860366146882228,3.2285144584423875e-09,0.0760302896685683,0.0144565369088268,0.09678226166859069
CsOAc,PCy3 HBF4,BuOAc,0.153,105,1.6,0.1,-0.8,-1.9,PENDING,PENDING,0.0,2.3631825546589376,11.558798865383679,2.2967687710651577e-17,0.07669215238101378,0.013853709122644036,0.09744412438101567
CsOAc,PCy3 HBF4,BuOAc,0.153,90,1.6,0.1,-0.8,-1.9,PENDING,PENDING,0.0,0.6487000571113946,9.860597681002927,4.144529022986774e-24,0.07732708866351601,0.014071812964110263,0.0980790606635191
CsOAc,PCy3 HBF4,BuOAc,0.1,120,1.6,0.1,-0.8,-1.9,PENDING,PENDING,0.0,4.744768473748621,15.994273718035808,3.561998889288253e-09,0.08417320919189032,0.0141788243972505,0.10492518119189043
CsOAc,PCy3 HBF4,BuOAc,0.1,105,1.6,0.1,-0.8,-1.9,PENDING,PENDING,0.0,1.6382537959724104,11.427431916378026,5.59394861030978e-18,0.08486095759480769,0.013507402292744565,0.10561292959480771
CsOAc,PCy3 HBF4,BuOAc,0.1,90,1.6,0.1,-0.8,-1.9,PENDING,PENDING,0.0,-0.1861521280014955,9.280646322724996,1.9198333752385852e-27,0.08550763128830141,0.013677590201923691,0.10625960328830142
CsOAc,PCy3 HBF4,BuOAc,0.057,120,1.6,0.1,-0.8,-1.9,PENDING,PENDING,0.0,4.383628453425075,16.52004924974143,1.0339849831939092e-08,0.09082376850372209,0.014675690435044011,0.11157574050372211
CsOAc,PCy3 HBF4,BuOAc,0.057,105,1.6,0.1,-0.8,-1.9,PENDING,PENDING,0.0,1.1637837342427026,12.027798807072179,1.6922709204765998e-16,0.09153119393921454,0.013988980429924514,0.11228316593921453
CsOAc,PCy3 HBF4,BuOAc,0.057,90,1.6,0.1,-0.8,-1.9,PENDING,PENDING,0.0,-0.7461690043786824,9.806631084105765,5.336711089410074e-25,0.09218604970929997,0.014122881102111984,0.11293802170929998
CsOAc,PCy3 HBF4,BuCN,0.153,120,-1.6,-2.1,-1.8,-0.9,PENDING,PENDING,0.0,8.592186856495552,15.34876529326539,3.4331909882518446e-09,0.07174527952717707,0.016356528092112566,0.09249725154847825
CsOAc,PCy3 HBF4,BuCN,0.153,105,-1.6,-2.1,-1.8,-0.9,PENDING,PENDING,0.0,4.9764873655235355,12.496727636482085,2.575974596336582e-14,0.07231518345273263,0.015841195545866042,0.0930671554581425
CsOAc,PCy3 HBF4,BuCN,0.153,90,-1.6,-2.1,-1.8,-0.9,PENDING,PENDING,0.0,2.3090484241238123,12.200988083570488,9.90166408877398e-16,0.07286674032389642,0.01601738179124279,0.0936187123304876
CsOAc,PCy3 HBF4,BuCN,0.1,120,-1.6,-2.1,-1.8,-0.9,PENDING,PENDING,0.0,7.9161210790137595,15.52023784492661,3.985296440286092e-09,0.07986241172681072,0.016321605405027646,0.10061438372770301
CsOAc,PCy3 HBF4,BuCN,0.1,105,-1.6,-2.1,-1.8,-0.9,PENDING,PENDING,0.0,4.122462568620843,12.445928633623838,1.1694649777408224e-14,0.08045818470269807,0.01576221361691218,0.10121015670285693
CsOAc,PCy3 HBF4,BuCN,0.1,90,-1.6,-2.1,-1.8,-0.9,PENDING,PENDING,0.0,1.338441166277157,11.849353189218942,6.622084680210656e-17,0.08102157875152866,0.015897177748986097,0.10177355075171075
CsOAc,PCy3 HBF4,BuCN,0.057,120,-1.6,-2.1,-1.8,-0.9,PENDING,PENDING,0.0,7.440690805640433,16.084573557118357,1.2354614155669604e-08,0.08650002457775988,0.0168923532151353,0.10725199657803512
CsOAc,PCy3 HBF4,BuCN,0.057,105,-1.6,-2.1,-1.8,-0.9,PENDING,PENDING,0.0,3.525338527388577,13.010984148342056,1.1547321847027295e-13,0.08711577198756348,0.016322209676831404,0.10786774398760941
CsOAc,PCy3 HBF4,BuCN,0.057,90,-1.6,-2.1,-1.8,-0.9,PENDING,PENDING,0.0,0.6629049939389944,12.274212454581525,4.872324912694265e-16,0.08768773196964785,0.01642878925853715,0.10843970396969672
CsOAc,P(fur)3,p-Xylene,0.153,120,5.7,-2.2,0.0,1.3,PENDING,PENDING,0.0,17.215004654911702,8.66756139752409,7.057192266513991e-22,0.07175268502278206,0.012835992433084366,0.09250465702278257
CsOAc,P(fur)3,p-Xylene,0.153,105,5.7,-2.2,0.0,1.3,PENDING,PENDING,0.0,9.78962662793937,8.835737361927599,9.52771886758586e-25,0.07228914609223325,0.012854999364499077,0.09304111809223364
CsOAc,P(fur)3,p-Xylene,0.153,90,5.7,-2.2,0.0,1.3,PENDING,PENDING,0.0,2.776501509208142,10.517047855146128,1.5610996455251944e-20,0.07279143953321514,0.013224145152922646,0.09354341153321649
CsOAc,P(fur)3,p-Xylene,0.1,120,5.7,-2.2,0.0,1.3,PENDING,PENDING,0.0,16.435801743078322,8.833612054954289,1.735428956995094e-21,0.07978609352969807,0.012643821056032779,0.10053806552969809
CsOAc,P(fur)3,p-Xylene,0.1,105,5.7,-2.2,0.0,1.3,PENDING,PENDING,0.0,8.732160922439888,8.252469350204018,9.381450198349609e-29,0.08035039543313026,0.012642044165501553,0.10110236743313025
CsOAc,P(fur)3,p-Xylene,0.1,90,5.7,-2.2,0.0,1.3,PENDING,PENDING,0.0,1.5213782463364822,9.46588932682757,1.320394268274478e-25,0.08086694658604077,0.012991228543098244,0.10161891858604077
CsOAc,P(fur)3,p-Xylene,0.057,120,5.7,-2.2,0.0,1.3,PENDING,PENDING,0.0,15.825290737977106,9.684344953851207,2.3071933340077547e-18,0.08634364286753894,0.012789648447654296,0.10709561486753894
CsOAc,P(fur)3,p-Xylene,0.057,105,5.7,-2.2,0.0,1.3,PENDING,PENDING,0.0,7.967923457026533,8.539224166222352,2.1838693552061153e-27,0.08692951851600163,0.012763652287199546,0.10768149051600162
CsOAc,P(fur)3,p-Xylene,0.057,90,5.7,-2.2,0.0,1.3,PENDING,PENDING,0.0,0.6681071914157037,9.295801814645687,6.342285402172318e-27,0.0874569267752602,0.013096595653630435,0.10820889877526019
CsOAc,P(fur)3,DMAc,0.153,120,-4.3,3.0,-3.4,0.5,PENDING,PENDING,0.0,55.912203953187415,8.222548663941184,6.774251411472305e-08,0.06942047047756685,0.012531736555061793,0.09017244247756737
CsOAc,P(fur)3,DMAc,0.153,105,-4.3,3.0,-3.4,0.5,PENDING,PENDING,0.0,40.29660841063076,8.775189809138762,7.365488799217749e-12,0.06966747716943257,0.012540210017595692,0.09041944916943304
CsOAc,P(fur)3,DMAc,0.153,90,-4.3,3.0,-3.4,0.5,PENDING,PENDING,0.0,21.186577153615303,9.183036310897021,5.806018281899816e-18,0.06989356311198311,0.012710291236864655,0.09064553511198396
CsOAc,P(fur)3,DMAc,0.1,120,-4.3,3.0,-3.4,0.5,PENDING,PENDING,0.0,54.18164050358118,8.368303810556265,3.58937205264795e-08,0.07751152500624303,0.012468220216822552,0.09826349700624304
CsOAc,P(fur)3,DMAc,0.1,105,-4.3,3.0,-3.4,0.5,PENDING,PENDING,0.0,38.073671428981314,8.869759373841095,2.081973876960189e-12,0.07778614205261997,0.012477591789451785,0.09853811405261997
CsOAc,P(fur)3,DMAc,0.1,90,-4.3,3.0,-3.4,0.5,PENDING,PENDING,0.0,18.717075936224955,9.218822555914793,7.219602660567208e-19,0.07802588405615495,0.012639777284986326,0.09877785605615494
CsOAc,P(fur)3,DMAc,0.057,120,-4.3,3.0,-3.4,0.5,PENDING,PENDING,0.0,52.236294472091075,8.98666793737646,9.54601306855391e-08,0.08412892762731362,0.012569756497230203,0.10488089962731362
CsOAc,P(fur)3,DMAc,0.057,105,-4.3,3.0,-3.4,0.5,PENDING,PENDING,0.0,35.98826308895078,9.393715038622812,7.2394195877640665e-12,0.08442671430694354,0.01257111756404408,0.10517868630694355
CsOAc,P(fur)3,DMAc,0.057,90,-4.3,3.0,-3.4,0.5,PENDING,PENDING,0.0,16.75202071506154,9.776647320551563,1.1041062030615617e-17,0.08467843981834314,0.012735726215937894,0.10543041181834313
CsOAc,P(fur)3,BuOAc,0.153,120,1.6,0.1,-0.8,-1.9,PENDING,PENDING,0.0,25.35506168058498,10.38538013762502,5.269238177696798e-13,0.08399515325110027,0.011926728448759265,0.10474712525110028
CsOAc,P(fur)3,BuOAc,0.153,105,1.6,0.1,-0.8,-1.9,PENDING,PENDING,0.0,14.614403661725026,10.54224091248046,4.0586422192033503e-16,0.08455875816398443,0.012116757178508774,0.10531073016398443
CsOAc,P(fur)3,BuOAc,0.153,90,1.6,0.1,-0.8,-1.9,PENDING,PENDING,0.0,3.6374695957848644,11.025840004076093,1.677917845353902e-18,0.08506080715674431,0.012599518461114288,0.10581277915674431
CsOAc,P(fur)3,BuOAc,0.1,120,1.6,0.1,-0.8,-1.9,PENDING,PENDING,0.0,24.237986523727468,10.593306713446783,6.981572418793312e-13,0.0921410824615609,0.011798367379351013,0.1128930544615609
CsOAc,P(fur)3,BuOAc,0.1,105,1.6,0.1,-0.8,-1.9,PENDING,PENDING,0.0,13.122817196138298,10.33081021656008,2.885168002389081e-17,0.09273343568679739,0.011972652489957965,0.11348540768679738
CsOAc,P(fur)3,BuOAc,0.1,90,1.6,0.1,-0.8,-1.9,PENDING,PENDING,0.0,1.9117542046485845,10.413143837493733,2.9175495589902988e-21,0.09325037053979125,0.012435615569274338,0.11400234253979125
CsOAc,P(fur)3,BuOAc,0.057,120,1.6,0.1,-0.8,-1.9,PENDING,PENDING,0.0,23.233296823501195,11.234672084910184,7.408155957159979e-12,0.09876714749856258,0.011974423223349807,0.11951911949856259
CsOAc,P(fur)3,BuOAc,0.057,105,1.6,0.1,-0.8,-1.9,PENDING,PENDING,0.0,11.958347719152622,10.637502832644294,9.22678195274887e-17,0.09938167988396164,0.012123258643157556,0.12013365188396163
CsOAc,P(fur)3,BuOAc,0.057,90,1.6,0.1,-0.8,-1.9,PENDING,PENDING,0.0,0.7091259003517294,10.457276811375493,1.4169320234001749e-21,0.09990999856383256,0.012568692667689296,0.12066197056383257
CsOAc,P(fur)3,BuCN,0.153,120,-1.6,-2.1,-1.8,-0.9,PENDING,PENDING,0.0,34.90116435749276,9.591818088514353,8.943148193164876e-12,0.08029627000205836,0.01270529087775003,0.10104824200205838
CsOAc,P(fur)3,BuCN,0.153,105,-1.6,-2.1,-1.8,-0.9,PENDING,PENDING,0.0,22.42611469890911,10.241046495014862,2.7205229445427255e-14,0.08074750545124498,0.012849251590520605,0.10149947745124498
CsOAc,P(fur)3,BuCN,0.153,90,-1.6,-2.1,-1.8,-0.9,PENDING,PENDING,0.0,8.673271905835684,10.938506852978094,5.08878472802355e-17,0.08114184118248456,0.013232584766199889,0.10189381318248457
CsOAc,P(fur)3,BuCN,0.1,120,-1.6,-2.1,-1.8,-0.9,PENDING,PENDING,0.0,33.573723928412164,9.888150592514396,1.4910498627395886e-11,0.0884171473207401,0.012770851696361317,0.10916911932074011
CsOAc,P(fur)3,BuCN,0.1,105,-1.6,-2.1,-1.8,-0.9,PENDING,PENDING,0.0,20.67440141877493,10.230258856505225,6.603024562267391e-15,0.08889698784957994,0.012899217779573754,0.10964895984957995
CsOAc,P(fur)3,BuCN,0.1,90,-1.6,-2.1,-1.8,-0.9,PENDING,PENDING,0.0,6.675172637083566,10.626818968050587,1.1131950870766597e-18,0.08930618596047922,0.013257573488307,0.11005815796047921
CsOAc,P(fur)3,BuCN,0.057,120,-1.6,-2.1,-1.8,-0.9,PENDING,PENDING,0.0,32.25812009812302,10.57817931616499,1.3486979706049035e-10,0.09502707236451895,0.0130450159009237,0.11577904436451894
CsOAc,P(fur)3,BuCN,0.057,105,-1.6,-2.1,-1.8,-0.9,PENDING,PENDING,0.0,19.197706266356644,10.641897725922762,2.4416708221492223e-14,0.09552967065898381,0.013150186652685634,0.1162816426589838
CsOAc,P(fur)3,BuCN,0.057,90,-1.6,-2.1,-1.8,-0.9,PENDING,PENDING,0.0,5.206993995053743,10.850874855041662,1.711410815415171e-18,0.09595100796806366,0.013490861651685893,0.11670297996806367
CsOAc,JackiePhos,p-Xylene,0.153,120,5.7,-2.2,0.0,1.3,PENDING,PENDING,0.0,18.974113905197235,11.310606485804808,6.771598693653885e-13,0.40267877502497595,0.016767463036608487,0.42343074702497596
CsOAc,JackiePhos,p-Xylene,0.153,105,5.7,-2.2,0.0,1.3,PENDING,PENDING,0.0,12.363714025714536,8.978059566211952,9.19358257357468e-23,0.40368486861458586,0.013318333989121994,0.42443684061458586
CsOAc,JackiePhos,p-Xylene,0.153,90,5.7,-2.2,0.0,1.3,PENDING,PENDING,0.0,5.8936786692968575,8.041155422612245,5.509059097939971e-32,0.4042223685773735,0.011959447975422569,0.4249743405773735
CsOAc,JackiePhos,p-Xylene,0.1,120,5.7,-2.2,0.0,1.3,PENDING,PENDING,0.0,18.154560063017072,11.279144243094143,3.385360744083183e-13,0.4091502779453725,0.01311041099851932,0.4299022499453725
CsOAc,JackiePhos,p-Xylene,0.1,105,5.7,-2.2,0.0,1.3,PENDING,PENDING,0.0,11.315096486751038,8.08776923118116,2.6446894160762576e-28,0.410171786084951,0.008176994941866923,0.430923758084951
CsOAc,JackiePhos,p-Xylene,0.1,90,5.7,-2.2,0.0,1.3,PENDING,PENDING,0.0,4.699993005542929,6.041070516656578,1.4396210684030096e-56,0.4107149570555356,0.005638498258818002,0.43146692905553563
CsOAc,JackiePhos,p-Xylene,0.057,120,5.7,-2.2,0.0,1.3,PENDING,PENDING,0.0,17.480107033288327,11.798082418915689,2.432205597461349e-12,0.41402741249097985,0.01202366628660983,0.43477938449097986
CsOAc,JackiePhos,p-Xylene,0.057,105,5.7,-2.2,0.0,1.3,PENDING,PENDING,0.0,10.512088705331568,8.169593759924847,3.0288882166724517e-28,0.4150591086096217,0.006248319791942197,0.4358110806096217
CsOAc,JackiePhos,DMAc,0.153,120,-4.3,3.0,-3.4,0.5,PENDING,PENDING,0.0,54.945156857598334,10.94887315946557,5.052142185275855e-05,0.40241721408489095,0.02475496522166839,0.42316918608489096
CsOAc,JackiePhos,DMAc,0.153,105,-4.3,3.0,-3.4,0.5,PENDING,PENDING,0.0,40.47303554304213,10.670699766976773,2.4327423859935882e-08,0.403296273556385,0.02336873062013673,0.424048245556385
CsOAc,JackiePhos,DMAc,0.153,90,-4.3,3.0,-3.4,0.5,PENDING,PENDING,0.0,22.56025236107973,10.6828134628519,3.411975022976674e-13,0.40370788265566115,0.02335958631579147,0.42445985465566116
CsOAc,JackiePhos,DMAc,0.1,120,-4.3,3.0,-3.4,0.5,PENDING,PENDING,0.0,53.135040566270995,10.984384463851146,2.5273506537198823e-05,0.40891704648023985,0.02254924949148492,0.42966901848023986
CsOAc,JackiePhos,DMAc,0.1,105,-4.3,3.0,-3.4,0.5,PENDING,PENDING,0.0,38.22895383459466,10.649462891402871,6.419986008602337e-09,0.4098112865531742,0.021003046478676093,0.43056325855317423
CsOAc,JackiePhos,DMAc,0.1,90,-4.3,3.0,-3.4,0.5,PENDING,PENDING,0.0,20.1314263164109,10.606510793362355,3.969512219323839e-14,0.41022832453749203,0.020988586313934646,0.43098029653749204
CsOAc,JackiePhos,DMAc,0.057,120,-4.3,3.0,-3.4,0.5,PENDING,PENDING,0.0,51.15575599358867,11.38074144451401,2.3196957623780308e-05,0.41381893553009896,0.021960939084102498,0.43457090753009897
CsOAc,JackiePhos,DMAc,0.057,105,-4.3,3.0,-3.4,0.5,PENDING,PENDING,0.0,36.12819241976625,11.008381132521539,6.543920725314084e-09,0.4147235266673932,0.020364145559981978,0.4354754986673932
CsOAc,JackiePhos,DMAc,0.057,90,-4.3,3.0,-3.4,0.5,PENDING,PENDING,0.0,18.17149096155662,11.011560894671545,8.803400854127058e-14,0.41514434723687965,0.020348862592130736,0.43589631923687966
CsOAc,JackiePhos,BuOAc,0.153,120,1.6,0.1,-0.8,-1.9,PENDING,PENDING,0.0,26.42935320936199,12.558472780785952,5.222277143126166e-09,0.41116578645205026,0.024668994579795895,0.43191775845205027
CsOAc,JackiePhos,BuOAc,0.153,105,1.6,0.1,-0.8,-1.9,PENDING,PENDING,0.0,16.634060627074934,11.102515737592032,4.8750764374149945e-14,0.4121800736279574,0.022918726103201233,0.4329320456279574
CsOAc,JackiePhos,BuOAc,0.153,90,1.6,0.1,-0.8,-1.9,PENDING,PENDING,0.0,6.398069336395299,10.021945982245795,6.075896293573965e-21,0.41271469315464726,0.0225614549405938,0.43346666515464727
CsOAc,JackiePhos,BuOAc,0.1,120,1.6,0.1,-0.8,-1.9,PENDING,PENDING,0.0,25.2627664016918,12.60878233466285,3.4154827027298295e-09,0.4176971134509039,0.022412654521295487,0.4384490854509039
CsOAc,JackiePhos,BuOAc,0.1,105,1.6,0.1,-0.8,-1.9,PENDING,PENDING,0.0,15.144207805725658,10.699547520781715,1.647985412264352e-15,0.418726775676344,0.020445711199556852,0.439478747676344
CsOAc,JackiePhos,BuOAc,0.1,90,1.6,0.1,-0.8,-1.9,PENDING,PENDING,0.0,4.726334339230206,9.047588127061438,3.3114572003172115e-26,0.4192669737942142,0.020030811700169952,0.4400189457942142
CsOAc,JackiePhos,BuOAc,0.057,120,1.6,0.1,-0.8,-1.9,PENDING,PENDING,0.0,24.201868879749018,13.036117615726331,7.0683586845486775e-09,0.4226133449317425,0.021804269356092195,0.4433653169317425
CsOAc,JackiePhos,BuOAc,0.057,105,1.6,0.1,-0.8,-1.9,PENDING,PENDING,0.0,13.94634724701547,10.860195803362057,1.767409310271093e-15,0.4236532274745629,0.019765504080535602,0.4444051994745629
CsOAc,JackiePhos,BuOAc,0.057,90,1.6,0.1,-0.8,-1.9,PENDING,PENDING,0.0,3.5174714065904062,8.936705945195634,1.8436376958287305e-27,0.42419705780283257,0.019330317385811834,0.4449490298028326
CsOAc,JackiePhos,BuCN,0.153,120,-1.6,-2.1,-1.8,-0.9,PENDING,PENDING,0.0,35.387422362922514,11.847274054321838,5.5345113557942915e-08,0.40861544268837413,0.023042474595716605,0.42936741468837414
CsOAc,JackiePhos,BuCN,0.153,105,-1.6,-2.1,-1.8,-0.9,PENDING,PENDING,0.0,23.941020996404696,11.02500369144574,4.561114635852488e-12,0.409584501845242,0.021129395219705516,0.430336473845242
CsOAc,JackiePhos,BuCN,0.153,90,-1.6,-2.1,-1.8,-0.9,PENDING,PENDING,0.0,11.08476600523747,10.533916161461253,2.2376710363976656e-17,0.41007648962673937,0.020713794119103093,0.4308284616267394
CsOAc,JackiePhos,BuCN,0.1,120,-1.6,-2.1,-1.8,-0.9,PENDING,PENDING,0.0,33.999175774766215,11.966441247337004,3.9038345809541406e-08,0.4151379799035865,0.02063804253354063,0.4358899519035865
CsOAc,JackiePhos,BuCN,0.1,105,-1.6,-2.1,-1.8,-0.9,PENDING,PENDING,0.0,22.183149359823275,10.83135549931912,5.592051506844314e-13,0.4161224344646074,0.01845180627320209,0.4368744064646074
CsOAc,JackiePhos,BuCN,0.1,90,-1.6,-2.1,-1.8,-0.9,PENDING,PENDING,0.0,9.136530747858032,9.97555099015971,5.331437074402921e-20,0.4166200068340805,0.01796076518985625,0.4373719788340805
CsOAc,JackiePhos,BuCN,0.057,120,-1.6,-2.1,-1.8,-0.9,PENDING,PENDING,0.0,32.63164215438012,12.430308933120122,7.036731066755471e-08,0.4200495004733398,0.020001314968119757,0.4408014724733398
CsOAc,JackiePhos,BuCN,0.057,105,-1.6,-2.1,-1.8,-0.9,PENDING,PENDING,0.0,20.677087472043404,11.096713859788201,7.4629728536034e-13,0.4210442638330517,0.01772532237779786,0.4417962358330517
CsOAc,JackiePhos,BuCN,0.057,90,-1.6,-2.1,-1.8,-0.9,PENDING,PENDING,0.0,7.665038381799409,10.0801692012271,3.3279823785415975e-20,0.421545556825052,0.01720846756271275,0.442297528825052
CsOAc,GorlosPhos HBF4,p-Xylene,0.153,120,5.7,-2.2,0.0,1.3,PENDING,PENDING,0.0,1.0920028529683314,16.53209211779259,3.0969605987206115e-09,0.07777059696295577,0.014757890415174443,0.09852256896298182
CsOAc,GorlosPhos HBF4,p-Xylene,0.153,105,5.7,-2.2,0.0,1.3,PENDING,PENDING,0.0,-3.7422530637359976,17.28433819150186,2.8584716992239636e-09,0.07887842105369165,0.015145624243167583,0.09963039305374419
CsOAc,GorlosPhos HBF4,p-Xylene,0.153,90,5.7,-2.2,0.0,1.3,PENDING,PENDING,0.0,-6.89038886565573,19.470694208940998,7.118629118949968e-08,0.07995716601325678,0.016405403151267543,0.10070913801431558
CsOAc,GorlosPhos HBF4,p-Xylene,0.1,120,5.7,-2.2,0.0,1.3,PENDING,PENDING,0.0,0.059838619022620776,16.117576495833998,7.522231154180402e-10,0.08563847402934188,0.013274406324853116,0.10639044602934189
CsOAc,GorlosPhos HBF4,p-Xylene,0.1,105,5.7,-2.2,0.0,1.3,PENDING,PENDING,0.0,-4.94695603463888,16.774268183259757,5.42799450330012e-10,0.08677232396150361,0.013701467434486247,0.10752429596150363
CsOAc,GorlosPhos HBF4,p-Xylene,0.1,90,5.7,-2.2,0.0,1.3,PENDING,PENDING,0.0,-8.16442845241253,18.978057443680726,2.0111463050962372e-08,0.08786407951085787,0.015088621842666988,0.10861605151085849
CsOAc,GorlosPhos HBF4,p-Xylene,0.057,120,5.7,-2.2,0.0,1.3,PENDING,PENDING,0.0,-0.6227338020930979,16.155515723792217,6.296253960100573e-10,0.09206291456204531,0.012912455065085066,0.1128148865620453
CsOAc,GorlosPhos HBF4,p-Xylene,0.057,105,5.7,-2.2,0.0,1.3,PENDING,PENDING,0.0,-5.726280482911896,16.697558636471342,3.290589455976097e-10,0.09321425713445855,0.013346574634093259,0.11396622913445856
CsOAc,GorlosPhos HBF4,p-Xylene,0.057,90,5.7,-2.2,0.0,1.3,PENDING,PENDING,0.0,-8.973510167458464,18.861132890501626,1.2454962883629518e-08,0.09431304546877262,0.014774928144149416,0.11506501746877262
CsOAc,GorlosPhos HBF4,DMAc,0.153,120,-4.3,3.0,-3.4,0.5,PENDING,PENDING,0.0,22.045395124680553,8.185035348820291,8.781037607446738e-22,0.07961516727498881,0.007518599944233512,0.1003671392749888
CsOAc,GorlosPhos HBF4,DMAc,0.153,105,-4.3,3.0,-3.4,0.5,PENDING,PENDING,0.0,12.907985393795409,11.498140935831405,3.0148713959162243e-14,0.08048495221659994,0.008398177343271286,0.10123692421659994
CsOAc,GorlosPhos HBF4,DMAc,0.153,90,-4.3,3.0,-3.4,0.5,PENDING,PENDING,0.0,3.5965442274684563,16.26590118222603,4.3322889326604355e-09,0.08131418437140314,0.010570850887977011,0.10206615637140315
CsOAc,GorlosPhos HBF4,DMAc,0.1,120,-4.3,3.0,-3.4,0.5,PENDING,PENDING,0.0,20.07461403191958,6.23223036494529,4.260679549188208e-38,0.08756167778984314,0.0037961488956986503,0.10831364978984315
CsOAc,GorlosPhos HBF4,DMAc,0.1,105,-4.3,3.0,-3.4,0.5,PENDING,PENDING,0.0,10.70443142368456,10.465158430181557,1.0016390362443299e-17,0.08845712480779208,0.005345833260804808,0.10920909680779209
CsOAc,GorlosPhos HBF4,DMAc,0.1,90,-4.3,3.0,-3.4,0.5,PENDING,PENDING,0.0,1.3900656734262604,15.826708063161734,6.089176211100819e-10,0.08929818265896529,0.00838376277387533,0.11005015465896528
CsOAc,GorlosPhos HBF4,DMAc,0.057,105,-4.3,3.0,-3.4,0.5,PENDING,PENDING,0.0,8.980372254255226,10.23181131328027,3.857608563428321e-19,0.09495501206694656,0.004234110184750463,0.11570698406694657
CsOAc,GorlosPhos HBF4,DMAc,0.057,90,-4.3,3.0,-3.4,0.5,PENDING,PENDING,0.0,-0.2351538995652227,15.822073899053985,3.063323677813611e-10,0.09580340998591147,0.007751586297026137,0.11655538198591148
CsOAc,GorlosPhos HBF4,BuOAc,0.153,120,1.6,0.1,-0.8,-1.9,PENDING,PENDING,0.0,4.4592272008249445,15.135952590444473,3.423139663393076e-10,0.09244336677453505,0.01460890280054903,0.11319533877453507
CsOAc,GorlosPhos HBF4,BuOAc,0.153,105,1.6,0.1,-0.8,-1.9,PENDING,PENDING,0.0,-2.230897373634889,16.22300385945254,3.9120807693859014e-10,0.09358085931104564,0.01512545488624697,0.11433283131104567
CsOAc,GorlosPhos HBF4,BuOAc,0.153,90,1.6,0.1,-0.8,-1.9,PENDING,PENDING,0.0,-7.4237175769644494,18.65411205619993,1.3832577567900747e-08,0.0946499002980615,0.01647612034105058,0.11540187229806431
CsOAc,GorlosPhos HBF4,BuOAc,0.1,120,1.6,0.1,-0.8,-1.9,PENDING,PENDING,0.0,3.1125430693507496,14.586678221184098,3.5617305544447814e-11,0.10044762371017164,0.013064169152222416,0.12119959571017164
CsOAc,GorlosPhos HBF4,BuOAc,0.1,105,1.6,0.1,-0.8,-1.9,PENDING,PENDING,0.0,-3.790158678236974,15.666123520263344,4.2768004989354964e-11,0.1016115989838671,0.013630757814796226,0.1223635709838671
CsOAc,GorlosPhos HBF4,BuOAc,0.1,90,1.6,0.1,-0.8,-1.9,PENDING,PENDING,0.0,-9.045591794516028,18.19165992568385,3.149762797065119e-09,0.10269327697953208,0.015116798080710278,0.12344524897953207
CsOAc,GorlosPhos HBF4,BuOAc,0.057,120,1.6,0.1,-0.8,-1.9,PENDING,PENDING,0.0,2.145259285799664,14.555580938924141,2.0292792800819657e-11,0.10694861606117903,0.012639773848512777,0.12770058806117904
CsOAc,GorlosPhos HBF4,BuOAc,0.057,105,1.6,0.1,-0.8,-1.9,PENDING,PENDING,0.0,-4.860102273643577,15.568807294049373,1.9778676224222136e-11,0.10813029335569857,0.013214810865967463,0.12888226535569858
CsOAc,GorlosPhos HBF4,BuOAc,0.057,90,1.6,0.1,-0.8,-1.9,PENDING,PENDING,0.0,-10.112682698526157,18.10313266527993,1.7923438615864496e-09,0.10921887505828026,0.014746314287769803,0.12997084705828027
CsOAc,GorlosPhos HBF4,BuCN,0.153,120,-1.6,-2.1,-1.8,-0.9,PENDING,PENDING,0.0,9.471316224674666,12.83815650452676,1.7291352587670677e-12,0.0876602489176103,0.013131556697883138,0.1084122209176103
CsOAc,GorlosPhos HBF4,BuCN,0.153,105,-1.6,-2.1,-1.8,-0.9,PENDING,PENDING,0.0,1.9100713717879287,14.639760081433804,2.3883567512525318e-11,0.08870589467815397,0.013562793011493417,0.10945786667815396
CsOAc,GorlosPhos HBF4,BuCN,0.153,90,-1.6,-2.1,-1.8,-0.9,PENDING,PENDING,0.0,-4.636601792780176,17.858451451504937,7.180371399946099e-09,0.08969449671063749,0.014915198297403294,0.11044646871063761
CsOAc,GorlosPhos HBF4,BuCN,0.1,120,-1.6,-2.1,-1.8,-0.9,PENDING,PENDING,0.0,7.904443588503934,12.06628520967178,1.9953910116980066e-14,0.09563968624083898,0.011522606182259249,0.11639165824083897
CsOAc,GorlosPhos HBF4,BuCN,0.1,105,-1.6,-2.1,-1.8,-0.9,PENDING,PENDING,0.0,0.11609704989826497,13.995943250301412,9.99706309785364e-13,0.09671171608621101,0.012007555655257464,0.11746368808621102
CsOAc,GorlosPhos HBF4,BuCN,0.1,90,-1.6,-2.1,-1.8,-0.9,PENDING,PENDING,0.0,-6.4765506535652335,17.4256718772094,1.4481152497548852e-09,0.09771295387716293,0.013522779097870712,0.11846492587716292
CsOAc,GorlosPhos HBF4,BuCN,0.057,120,-1.6,-2.1,-1.8,-0.9,PENDING,PENDING,0.0,6.712726610083642,11.970997545938099,5.5450336682604215e-15,0.10213093293535284,0.011137150477193151,0.12288290493535284
CsOAc,GorlosPhos HBF4,BuCN,0.057,105,-1.6,-2.1,-1.8,-0.9,PENDING,PENDING,0.0,-1.1797620609718322,13.884706346955669,3.228692952005404e-13,0.10322094884791488,0.01163209044588643,0.12397292084791489
CsOAc,GorlosPhos HBF4,BuCN,0.057,90,-1.6,-2.1,-1.8,-0.9,PENDING,PENDING,0.0,-7.7397626084812785,17.372729115858508,8.012911610504557e-10,0.10422939377411602,0.013198760887788404,0.12498136577411603
CsOAc,CgMe-PPh,p-Xylene,0.153,120,5.7,-2.2,0.0,1.3,PENDING,PENDING,0.0,28.390955252840982,12.801415235435645,2.6204492213059755e-08,0.09729659669013174,0.020147320460249498,0.1180485686977154
CsOAc,CgMe-PPh,p-Xylene,0.153,105,5.7,-2.2,0.0,1.3,PENDING,PENDING,0.0,20.848814866318847,12.511823731979673,2.6261855900812966e-10,0.09847221327363306,0.020123303386191622,0.11922418527868009
CsOAc,CgMe-PPh,p-Xylene,0.153,90,5.7,-2.2,0.0,1.3,PENDING,PENDING,0.0,12.77271621817881,13.441101809514818,9.39008099267684e-11,0.09956432621141259,0.020609548844378187,0.12031629822026318
CsOAc,CgMe-PPh,p-Xylene,0.1,120,5.7,-2.2,0.0,1.3,PENDING,PENDING,0.0,27.491971591042645,12.8299093861714,1.8648301236429874e-08,0.10551332849034747,0.020019232747089295,0.12626530049077814
CsOAc,CgMe-PPh,p-Xylene,0.1,105,5.7,-2.2,0.0,1.3,PENDING,PENDING,0.0,19.705810543190257,12.115795560074277,3.340935859286779e-11,0.10671760785111575,0.01998925622811382,0.12746957985138652
CsOAc,CgMe-PPh,p-Xylene,0.1,90,5.7,-2.2,0.0,1.3,PENDING,PENDING,0.0,11.477563153973122,12.716336042864853,3.3011981856376415e-12,0.10782376194944047,0.020473313892774868,0.12857573394996683
CsOAc,CgMe-PPh,p-Xylene,0.057,120,5.7,-2.2,0.0,1.3,PENDING,PENDING,0.0,26.672793988310584,13.305804950430446,4.416786682769862e-08,0.11217827837668862,0.02010805775173317,0.13293025037674439
CsOAc,CgMe-PPh,p-Xylene,0.057,105,5.7,-2.2,0.0,1.3,PENDING,PENDING,0.0,18.767481529810738,12.275313904562337,3.613375555768748e-11,0.11340142337043,0.02007665905189914,0.13415339537046395
CsOAc,CgMe-PPh,p-Xylene,0.057,90,5.7,-2.2,0.0,1.3,PENDING,PENDING,0.0,10.50518324028511,12.619709579966036,1.2691283686125284e-12,0.11451511350049444,0.020564901519747082,0.13526708550056607
CsOAc,CgMe-PPh,DMAc,0.153,120,-4.3,3.0,-3.4,0.5,PENDING,PENDING,0.0,68.29996801076493,10.209268804955085,0.00286574725103219,0.09386128392106212,0.014799770917480729,0.11461325592106213
CsOAc,CgMe-PPh,DMAc,0.153,105,-4.3,3.0,-3.4,0.5,PENDING,PENDING,0.0,53.102158457553934,10.900509590323106,2.1221521886571372e-05,0.09479230420298693,0.01500165097832304,0.11554427620298696
CsOAc,CgMe-PPh,DMAc,0.153,90,-4.3,3.0,-3.4,0.5,PENDING,PENDING,0.0,33.2730051775999,12.046477258427599,3.4207472688031974e-08,0.09565978505757007,0.01581779383497408,0.11641175705757026
CsOAc,CgMe-PPh,DMAc,0.1,120,-4.3,3.0,-3.4,0.5,PENDING,PENDING,0.0,66.42089755836454,10.193976486493876,0.001424199720225304,0.1021105752005434,0.014655782722566079,0.1228625472005434
CsOAc,CgMe-PPh,DMAc,0.1,105,-4.3,3.0,-3.4,0.5,PENDING,PENDING,0.0,50.81360834845765,10.896691517336523,7.697278479009036e-06,0.10307048034388164,0.01485860035641,0.12382245234388164
CsOAc,CgMe-PPh,DMAc,0.1,90,-4.3,3.0,-3.4,0.5,PENDING,PENDING,0.0,30.82891243336146,12.051475703698328,1.0376465854262167e-08,0.10395240047906029,0.015681215445359525,0.1247043724790603
CsOAc,CgMe-PPh,DMAc,0.057,120,-4.3,3.0,-3.4,0.5,PENDING,PENDING,0.0,64.24284519420988,10.593681247993764,0.0010825616648172248,0.10882253321076703,0.014699954519353898,0.12957450521076702
CsOAc,CgMe-PPh,DMAc,0.057,105,-4.3,3.0,-3.4,0.5,PENDING,PENDING,0.0,48.54439152250663,11.26368038737641,6.072494562099368e-06,0.1098023629637228,0.014905618344116816,0.1305543349637228
CsOAc,CgMe-PPh,DMAc,0.057,90,-4.3,3.0,-3.4,0.5,PENDING,PENDING,0.0,28.752316544261387,12.451599436166608,1.1891427359082066e-08,0.1106927137443443,0.015740256121577898,0.13144468574434431
CsOAc,CgMe-PPh,BuOAc,0.153,120,1.6,0.1,-0.8,-1.9,PENDING,PENDING,0.0,37.33714179251216,13.124387812813582,2.472393794666661e-06,0.11030215231554666,0.01722414727793865,0.13105412431554667
CsOAc,CgMe-PPh,BuOAc,0.153,105,1.6,0.1,-0.8,-1.9,PENDING,PENDING,0.0,26.692474412139337,12.983015366744583,1.942926244520383e-08,0.11152141680697698,0.017393530499093306,0.132273388806977
CsOAc,CgMe-PPh,BuOAc,0.153,90,1.6,0.1,-0.8,-1.9,PENDING,PENDING,0.0,14.742071799298287,13.377949911414166,2.0440489310305547e-10,0.11262569907772078,0.018127790012186045,0.133377671077721
CsOAc,CgMe-PPh,BuOAc,0.1,120,1.6,0.1,-0.8,-1.9,PENDING,PENDING,0.0,36.0957769444055,13.186903417548002,1.7158348044784739e-06,0.11864633337130556,0.01701899944268066,0.13939830537130557
CsOAc,CgMe-PPh,BuOAc,0.1,105,1.6,0.1,-0.8,-1.9,PENDING,PENDING,0.0,25.127397651593803,12.771548631509361,5.1669885803756914e-09,0.11989514289609188,0.01717929999489591,0.14064711489609188
CsOAc,CgMe-PPh,BuOAc,0.1,90,1.6,0.1,-0.8,-1.9,PENDING,PENDING,0.0,13.003970075873099,12.902474158601855,1.5849958901646556e-11,0.12101375421206853,0.01791203550109365,0.14176572621206854
CsOAc,CgMe-PPh,BuOAc,0.057,120,1.6,0.1,-0.8,-1.9,PENDING,PENDING,0.0,34.872359041437605,13.598357028550785,2.367254971479171e-06,0.12538807739839078,0.01706082998040787,0.1461400493983908
CsOAc,CgMe-PPh,BuOAc,0.057,105,1.6,0.1,-0.8,-1.9,PENDING,PENDING,0.0,23.78281664041787,12.973010191450854,4.84882951603249e-09,0.12665604625909807,0.017214925905330192,0.14740801825909808
CsOAc,CgMe-PPh,BuOAc,0.057,90,1.6,0.1,-0.8,-1.9,PENDING,PENDING,0.0,11.682314669024016,12.942641066983088,8.96917999557695e-12,0.12778221641386694,0.017949829754014174,0.14853418841386692
CsOAc,CgMe-PPh,BuCN,0.153,120,-1.6,-2.1,-1.8,-0.9,PENDING,PENDING,0.0,47.325585814040856,12.17688339134333,2.105056872282946e-05,0.10496645136187796,0.017904752810630004,0.12571842336188066
CsOAc,CgMe-PPh,BuCN,0.153,105,-1.6,-2.1,-1.8,-0.9,PENDING,PENDING,0.0,35.04178345995439,12.551821894626862,2.81051381098384e-07,0.10608496951709319,0.017959530425242547,0.12683694151709518
CsOAc,CgMe-PPh,BuCN,0.153,90,-1.6,-2.1,-1.8,-0.9,PENDING,PENDING,0.0,20.353988644166833,13.32019860173288,2.594629654020352e-09,0.10710397947497756,0.018546573576762176,0.12785595147498457
CsOAc,CgMe-PPh,BuCN,0.1,120,-1.6,-2.1,-1.8,-0.9,PENDING,PENDING,0.0,45.862095433575625,12.282925561765849,1.438077437332998e-05,0.11327918314606034,0.01779486884541214,0.1340311551460604
CsOAc,CgMe-PPh,BuCN,0.1,105,-1.6,-2.1,-1.8,-0.9,PENDING,PENDING,0.0,33.21686659380121,12.4744388291062,1.029721924463953e-07,0.11442716276939105,0.01784297888329557,0.13517913476939108
CsOAc,CgMe-PPh,BuCN,0.1,90,-1.6,-2.1,-1.8,-0.9,PENDING,PENDING,0.0,18.355466576666313,13.0623117457176,4.4905708957530703e-10,0.11546065055257433,0.01842701641963317,0.1362126225525745
CsOAc,CgMe-PPh,BuCN,0.057,120,-1.6,-2.1,-1.8,-0.9,PENDING,PENDING,0.0,44.3152602471319,12.722861790605904,1.7216774587221803e-05,0.12000954840503802,0.017877043531506008,0.14076152040503806
CsOAc,CgMe-PPh,BuCN,0.057,105,-1.6,-2.1,-1.8,-0.9,PENDING,PENDING,0.0,31.55288097111355,12.751037338868697,9.68144456047602e-08,0.12117706836418748,0.01792271233144517,0.1419290403641875
CsOAc,CgMe-PPh,BuCN,0.057,90,-1.6,-2.1,-1.8,-0.9,PENDING,PENDING,0.0,16.767415427135468,13.231914283557598,3.497755051464475e-10,0.12221854018129892,0.018511113033905062,0.14297051218129894
CsOAc,BrettPhos,p-Xylene,0.153,120,5.7,-2.2,0.0,1.3,PENDING,PENDING,0.0,17.8201089700247,9.712503676959198,1.7521444515982236e-17,0.15806590946067053,0.016322657203026916,0.17881788146067054
CsOAc,BrettPhos,p-Xylene,0.153,105,5.7,-2.2,0.0,1.3,PENDING,PENDING,0.0,10.495453465788412,8.99209471987443,1.3336619614688168e-23,0.15932376226764888,0.015732627559528704,0.1800757342676489
CsOAc,BrettPhos,p-Xylene,0.153,90,5.7,-2.2,0.0,1.3,PENDING,PENDING,0.0,3.5009161397985267,9.706186135365646,1.5948615102377474e-23,0.16033399903040327,0.015485664643086507,0.18108597103040328
CsOAc,BrettPhos,p-Xylene,0.1,120,5.7,-2.2,0.0,1.3,PENDING,PENDING,0.0,16.96208902983112,9.850969875523294,2.3351937599868332e-17,0.1669107300338118,0.016230431824029192,0.1876627020338118
CsOAc,BrettPhos,p-Xylene,0.1,105,5.7,-2.2,0.0,1.3,PENDING,PENDING,0.0,9.372668910531111,8.413380345501839,2.29988848319168e-27,0.16820159703671592,0.015621493655869303,0.18895356903671592
CsOAc,BrettPhos,p-Xylene,0.1,90,5.7,-2.2,0.0,1.3,PENDING,PENDING,0.0,2.2034565323247044,8.52711828198627,8.97446500159855e-31,0.16922641650793657,0.0153586378842433,0.18997838850793658
CsOAc,BrettPhos,p-Xylene,0.057,120,5.7,-2.2,0.0,1.3,PENDING,PENDING,0.0,16.276796897135473,10.585478708153625,1.9459731639860256e-15,0.1739485475603755,0.016434985206690796,0.1947005195603755
CsOAc,BrettPhos,p-Xylene,0.057,105,5.7,-2.2,0.0,1.3,PENDING,PENDING,0.0,8.545033034667703,8.684102082631076,3.1734169072961257e-26,0.17526006468785038,0.01582561875073572,0.1960120366878504
CsOAc,BrettPhos,p-Xylene,0.057,90,5.7,-2.2,0.0,1.3,PENDING,PENDING,0.0,1.3064717432240869,8.342881609951807,1.2528681355300628e-32,0.17629267517853497,0.015568923562732248,0.19704464717853498
CsOAc,BrettPhos,DMAc,0.153,120,-4.3,3.0,-3.4,0.5,PENDING,PENDING,0.0,56.38010878011765,8.557885339269744,3.0548802143140525e-07,0.1555638201619967,0.014754119287362767,0.17631579216199672
CsOAc,BrettPhos,DMAc,0.153,105,-4.3,3.0,-3.4,0.5,PENDING,PENDING,0.0,40.97630367860721,8.738866439410367,1.0397600268279121e-11,0.15653658265861256,0.014402340652301724,0.17728855465861257
CsOAc,BrettPhos,DMAc,0.153,90,-4.3,3.0,-3.4,0.5,PENDING,PENDING,0.0,21.972485777211013,8.907987995738909,1.1802372434965845e-18,0.15727838655385612,0.014316121221492043,0.17803035855385613
CsOAc,BrettPhos,DMAc,0.1,120,-4.3,3.0,-3.4,0.5,PENDING,PENDING,0.0,54.51629600898455,8.71689806469779,1.5993824256927344e-07,0.16445879672805802,0.014655840591130872,0.18521076872805803
CsOAc,BrettPhos,DMAc,0.1,105,-4.3,3.0,-3.4,0.5,PENDING,PENDING,0.0,38.64935877737708,8.880211018164152,3.5254385593428676e-12,0.16546464423475893,0.014296038529937235,0.18621661623475894
CsOAc,BrettPhos,DMAc,0.1,90,-4.3,3.0,-3.4,0.5,PENDING,PENDING,0.0,19.442822847549976,9.013096475092809,2.3701181493863337e-19,0.16622097660512503,0.014205217179464874,0.18697294860512503
CsOAc,BrettPhos,DMAc,0.057,120,-4.3,3.0,-3.4,0.5,PENDING,PENDING,0.0,52.457403053948624,9.30846212066151,3.10936251216783e-07,0.1715555024576902,0.014784156646998281,0.1923074744576902
CsOAc,BrettPhos,DMAc,0.057,105,-4.3,3.0,-3.4,0.5,PENDING,PENDING,0.0,36.472107618580864,9.436659697740424,1.296283540505467e-11,0.17258346256479423,0.014426391333784467,0.19333543456479424
CsOAc,BrettPhos,DMAc,0.057,90,-4.3,3.0,-3.4,0.5,PENDING,PENDING,0.0,17.42066916083744,9.641795342334508,7.064258145281991e-18,0.17334866299317434,0.0143487624563794,0.19410063499317434
CsOAc,BrettPhos,BuOAc,0.153,120,1.6,0.1,-0.8,-1.9,PENDING,PENDING,0.0,25.885687978699362,10.956429101855273,1.1758029289306458e-11,0.17253624438011422,0.012535184894548412,0.19328821638011423
CsOAc,BrettPhos,BuOAc,0.153,105,1.6,0.1,-0.8,-1.9,PENDING,PENDING,0.0,15.259735977669687,10.385070489216027,2.41955069091094e-16,0.17385448099103828,0.01203554810331056,0.1946064529910383
CsOAc,BrettPhos,BuOAc,0.153,90,1.6,0.1,-0.8,-1.9,PENDING,PENDING,0.0,4.3140607653322505,10.101517568440183,1.7115552792267734e-21,0.17487886851364065,0.011961149387588082,0.19563084051364066
CsOAc,BrettPhos,BuOAc,0.1,120,1.6,0.1,-0.8,-1.9,PENDING,PENDING,0.0,24.67219294554892,11.143519737805917,1.2332606999024557e-11,0.1815358947579624,0.012243922215216526,0.2022878667579624
CsOAc,BrettPhos,BuOAc,0.1,105,1.6,0.1,-0.8,-1.9,PENDING,PENDING,0.0,13.686693883429879,10.162573740556423,1.3779906347437551e-17,0.18288866435808254,0.011702762981298803,0.20364063635808255
CsOAc,BrettPhos,BuOAc,0.1,90,1.6,0.1,-0.8,-1.9,PENDING,PENDING,0.0,2.5335043108677873,9.411091788304422,2.1571569878421827e-25,0.1839279870305484,0.011600093702575648,0.20467995903054842
CsOAc,BrettPhos,BuOAc,0.057,120,1.6,0.1,-0.8,-1.9,PENDING,PENDING,0.0,23.5809827874154,11.730318669844001,7.012092487432402e-11,0.18865991705888982,0.012365921226446721,0.20941188905888983
CsOAc,BrettPhos,BuOAc,0.057,105,1.6,0.1,-0.8,-1.9,PENDING,PENDING,0.0,12.448297050536649,10.470682284735595,4.405580522622217e-17,0.19003353517525154,0.011811848804389726,0.21078550717525155
CsOAc,BrettPhos,BuOAc,0.057,90,1.6,0.1,-0.8,-1.9,PENDING,PENDING,0.0,1.2800740234258043,9.47330595333632,1.0999163581171136e-25,0.19108055453541284,0.011707263847106008,0.21183252653541285
CsOAc,BrettPhos,BuCN,0.153,120,-1.6,-2.1,-1.8,-0.9,PENDING,PENDING,0.0,35.446189401087025,10.182786215298407,2.0016437528161613e-10,0.1670460053564539,0.015834255687201006,0.1877979773564539
CsOAc,BrettPhos,BuCN,0.153,105,-1.6,-2.1,-1.8,-0.9,PENDING,PENDING,0.0,23.120824369366478,10.212062750435633,3.8988249387708044e-14,0.16824420003191207,0.015324936444793625,0.18899617203191207
CsOAc,BrettPhos,BuCN,0.153,90,-1.6,-2.1,-1.8,-0.9,PENDING,PENDING,0.0,9.419851510113386,10.323278898319439,1.1637949008453712e-18,0.16916721191092252,0.015102173301928642,0.18991918391092252
CsOAc,BrettPhos,BuCN,0.1,120,-1.6,-2.1,-1.8,-0.9,PENDING,PENDING,0.0,34.00767251823072,10.45520190789789,2.45803639739983e-10,0.17601079948150425,0.01577541763953486,0.19676277148150426
CsOAc,BrettPhos,BuCN,0.1,105,-1.6,-2.1,-1.8,-0.9,PENDING,PENDING,0.0,21.277509149936584,10.205477991336615,9.080310758893637e-15,0.17724325999516588,0.015247838054582604,0.1979952319951659
CsOAc,BrettPhos,BuCN,0.1,90,-1.6,-2.1,-1.8,-0.9,PENDING,PENDING,0.0,7.36288970480058,10.000037369767117,1.247909550179668e-20,0.17818126640480375,0.01500887276298724,0.19893323840480376
CsOAc,BrettPhos,BuCN,0.057,120,-1.6,-2.1,-1.8,-0.9,PENDING,PENDING,0.0,32.59395810797244,11.086783710547893,1.1647674622185135e-09,0.1831235651403041,0.015966154307685013,0.2038755371403041
CsOAc,BrettPhos,BuCN,0.057,105,-1.6,-2.1,-1.8,-0.9,PENDING,PENDING,0.0,19.718000214841666,10.620488186636909,3.170939802532856e-14,0.18437747825366196,0.015435883378371748,0.20512945025366197
CsOAc,BrettPhos,BuCN,0.057,90,-1.6,-2.1,-1.8,-0.9,PENDING,PENDING,0.0,5.839392431176851,10.260786810667078,2.8888311752559994e-20,0.1853237804290126,0.015202444365256987,0.2060757524290126
KOPiv,tBPh-CPhos,BuOAc,0.1,90,1.6,0.1,-0.8,-1.9,0.0,0.279534515,-1.0,2.1583550732250103,5.0594449179052825,6.886501067184685e-84,0.2795320510587008,0.001924858230412629,0.30028402305870083
KOPiv,X-Phos,DMAc,0.153,120,-4.3,3.0,-3.4,0.5,80.39,0.02897608,-1.0,78.23151819029462,3.977045192287988,1.991055312976319e-08,0.02788651694348153,0.001713893420610386,0.04863848894348153
KOPiv,X-Phos,DMAc,0.1,120,-4.3,3.0,-3.4,0.5,80.61,0.033627204,-1.0,74.6809694409205,3.308524465608909,6.4773853959570044e-15,0.035861060922374594,0.001136176623616791,0.056613032922374594
KOPiv,X-Phos,DMAc,0.057,120,-4.3,3.0,-3.4,0.5,62.07,0.043701389,-1.0,71.01535894018522,3.951714081819378,8.320561060336684e-14,0.042502116250239606,0.0016577026782047082,0.0632540882502396
KOPiv,PPhtBu2,DMAc,0.153,120,-4.3,3.0,-3.4,0.5,0.0,0.03745612,-1.0,1.0265467314208827,5.76352398140498,1.2592633945616405e-66,0.03751070367261065,0.0019279670468644852,0.05826267567261065
KOPiv,PPhMe2,DMAc,0.153,120,-4.3,3.0,-3.4,0.5,0.0,0.022861504,-1.0,1.51690317425032,5.650270317216223,1.4230178553555299e-68,0.022922923544717894,0.001905438628477515,0.043674895544717894
KOPiv,PPhMe2,BuCN,0.153,90,-1.6,-2.1,-1.8,-0.9,0.0,0.034838214,-1.0,-0.3279704264486156,5.579094317620761,7.576723557697674e-73,0.035040015049069104,0.0018993771597443218,0.055791987049069104
KOPiv,PPh3,DMAc,0.153,120,-4.3,3.0,-3.4,0.5,79.1,0.020775005,-1.0,81.30122463792765,4.078609116428208,2.349181010145587e-06,0.020793150047073578,0.0016054360385392014,0.04154512204707358
KOPiv,PPh3,DMAc,0.153,105,-4.3,3.0,-3.4,0.5,71.11,0.020751972,-1.0,63.72206070068133,4.209133002932322,2.3966257703478837e-18,0.020794026209540975,0.001586938495013656,0.041545998209540975
KOPiv,PPh3,BuOAc,0.057,90,1.6,0.1,-0.8,-1.9,0.05,0.055472263,-1.0,2.1937115170230648,4.919189982565536,1.5321115403627652e-88,0.055436523790096226,0.001911901942961795,0.07618849579009623
KOPiv,PPh2Me,DMAc,0.153,120,-4.3,3.0,-3.4,0.5,2.64,0.021613286,-1.0,4.307253672589987,5.612332238422357,1.0133962717133327e-65,0.021576098017554265,0.0019154944498959692,0.042328070017554266
KOPiv,PCy3 HBF4,p-Xylene,0.153,105,5.7,-2.2,0.0,1.3,0.0,0.027987971,-1.0,0.44684304289803833,5.5383364655499285,8.660541161294917e-73,0.028004657160294835,0.0019137157074786886,0.048756629160294836
KOPiv,PCy3 HBF4,DMAc,0.153,120,-4.3,3.0,-3.4,0.5,24.11,0.026484397,-1.0,25.340092576104716,5.623252962238411,1.0370222405893684e-40,0.026435752558496617,0.0019134570118865232,0.04718772455849662
KOPiv,P(fur)3,p-Xylene,0.057,105,5.7,-2.2,0.0,1.3,14.68,0.051646282,-1.0,14.24364301526801,5.113032923389419,1.1060968381696724e-63,0.05164037714172662,0.0018861781754292324,0.07239234914172663
KOPiv,P(fur)3,DMAc,0.153,120,-4.3,3.0,-3.4,0.5,78.93,0.033074821,-1.0,81.86822222684972,3.7663560858719354,6.963727515864786e-07,0.03316208532236899,0.0016304040474820001,0.05391405732236899
KOPiv,P(fur)3,DMAc,0.153,90,-4.3,3.0,-3.4,0.5,37.37,0.032955013,-1.0,36.72164792462986,4.41710485849714,4.293815847461225e-47,0.033074385153550254,0.001670258832456467,0.053826357153550254
KOPiv,P(fur)3,DMAc,0.057,120,-4.3,3.0,-3.4,0.5,83.62,0.047866463,-1.0,77.09325974885252,4.172200266877754,1.8714622965275912e-08,0.04777323232249306,0.0016574957287380147,0.06852520432249307
KOPiv,P(fur)3,DMAc,0.057,90,-4.3,3.0,-3.4,0.5,26.56,0.047701972,-1.0,30.36054382100633,4.554803551230281,2.5326824105205296e-53,0.047763026431828726,0.0016603257852782695,0.06851499843182873
KOPiv,P(fur)3,BuCN,0.153,120,-1.6,-2.1,-1.8,-0.9,53.11,0.045231781,-1.0,53.88424537361647,4.998996203423097,1.0744477959694414e-20,0.04496128669736245,0.0018924358831599113,0.06571325869736244
KOPiv,CgMe-PPh,DMAc,0.153,120,-4.3,3.0,-3.4,0.5,99.81,0.052306616,-1.0,95.19456901403572,4.41271707506903,0.3365953863915717,0.05230421940247613,0.0018500848548753898,0.07305619140247613
KOPiv,CgMe-PPh,DMAc,0.057,120,-4.3,3.0,-3.4,0.5,89.95,0.067056313,-1.0,89.76734667274008,4.475963918915187,0.019302241573982193,0.06713186791475567,0.0018504353071565824,0.08788383991475568
KOAc,X-Phos,DMAc,0.153,90,-4.3,3.0,-3.4,0.5,38.79,0.029950456,-1.0,35.21161602834881,5.367879422939752,5.165980766490679e-34,0.02993378754715746,0.0019175311057007109,0.05068575954715746
KOAc,PPh3,DMAc,0.153,120,-4.3,3.0,-3.4,0.5,51.83,0.021790691,-1.0,49.96407542456204,4.310682422308023,1.1609285920445482e-31,0.021665431209582378,0.0016520140943183583,0.04241740320958238
KOAc,PPh3,DMAc,0.153,105,-4.3,3.0,-3.4,0.5,30.44,0.021729029,-1.0,33.73605950905856,3.902345069426242,2.9984096816671675e-65,0.02172361025682927,0.0011334751416503127,0.04247558225682927
KOAc,PPh3,DMAc,0.153,90,-4.3,3.0,-3.4,0.5,11.68,0.021674948,-1.0,15.281666551007442,4.727194485944598,2.1672736763706737e-72,0.021876752736946364,0.0016549540657186661,0.042628724736946365
KOAc,PPh2Me,p-Xylene,0.153,90,5.7,-2.2,0.0,1.3,0.0,0.024273053,-1.0,-0.09848189809752128,5.571862480559815,1.0451240267529389e-72,0.02420479110589939,0.0019090156490637676,0.04495676310589939
KOAc,PPh2Me,DMAc,0.153,90,-4.3,3.0,-3.4,0.5,3.02,0.022708682,-1.0,2.5068373098844035,5.576378153563367,5.54503768099607e-69,0.02266160511673901,0.0019021236045544392,0.04341357711673901
KOAc,PPh2Me,BuOAc,0.153,120,1.6,0.1,-0.8,-1.9,0.0,0.030545517,-1.0,-0.31414811259452335,5.553410465123812,1.7560758310148685e-73,0.030730523954960495,0.0019082379568534538,0.051482495954960496
KOAc,PCy3 HBF4,BuOAc,0.1,90,1.6,0.1,-0.8,-1.9,0.0,0.043876303,-1.0,-0.7173452511106966,5.599261300702538,6.960825849791154e-73,0.043986506094512,0.0019208410362149813,0.064738478094512
KOAc,P(fur)3,p-Xylene,0.153,120,5.7,-2.2,0.0,1.3,11.99,0.035558421,-1.0,13.699545789154072,5.388801899827993,2.9701814974251202e-58,0.03560296935945527,0.0018892369833465776,0.05635494135945527
KOAc,P(fur)3,DMAc,0.153,120,-4.3,3.0,-3.4,0.5,52.08,0.034091718,-1.0,51.48853676343761,4.560811967405203,6.655531285245204e-27,0.033998548581218355,0.001883101310317017,0.054750520581218355
CsOPiv,tBPh-CPhos,DMAc,0.153,120,-4.3,3.0,-3.4,0.5,9.96,0.35066413,-1.0,13.803858394353169,4.288870802771812,2.0087933620209066e-90,0.34957948497890834,0.0017474808154359265,0.37033145697890835
CsOPiv,tBPh-CPhos,DMAc,0.1,120,-4.3,3.0,-3.4,0.5,17.43,0.355336154,-1.0,14.02547885119851,3.300673443973011,4.067037751000703e-150,0.35774759270692436,0.0011369555986379329,0.37849956470692436
CsOPiv,tBPh-CPhos,DMAc,0.057,120,-4.3,3.0,-3.4,0.5,14.24,0.36545459,-1.0,14.233650252422612,4.075958149628165,6.982699021098159e-99,0.3640487595574914,0.0016798656563371372,0.3848007315574914
CsOPiv,X-Phos,BuOAc,0.153,105,1.6,0.1,-0.8,-1.9,5.53,0.124088991,-1.0,7.813882191768169,5.479109213476566,4.6531149870400944e-64,0.12423265748896821,0.0019213367759650794,0.1449846294889682
CsOPiv,PPhMe2,BuCN,0.057,90,-1.6,-2.1,-1.8,-0.9,0.0,0.155660199,-1.0,0.2586067490844677,5.722825169944995,1.458505283505231e-68,0.15564311798716696,0.0019176709608655263,0.17639508998716696
CsOPiv,PPh2Me,BuCN,0.1,90,-1.6,-2.1,-1.8,-0.9,0.0,0.131546476,-1.0,0.2509980767931985,5.714781231773948,9.264826803136247e-69,0.1316084486507175,0.0019196884844161872,0.1523604206507175
CsOPiv,P(fur)3,BuOAc,0.1,120,1.6,0.1,-0.8,-1.9,15.21,0.136767955,-1.0,14.62057973911377,5.343943553110563,5.446242832307126e-58,0.13700922972092922,0.0019190717511571365,0.15776120172092922
CsOPiv,JackiePhos,DMAc,0.057,105,-4.3,3.0,-3.4,0.5,9.52,0.452540223,-1.0,11.264644816727593,5.323629127830865,6.438701937640176e-63,0.4525109492683064,0.0019264348772560522,0.4732629212683064
CsOPiv,GorlosPhos HBF4,p-Xylene,0.057,120,5.7,-2.2,0.0,1.3,3.69,0.138887595,-1.0,3.695345160330458,5.65728736379109,1.6233681536886855e-65,0.1389817996779578,0.0019230749019201602,0.1597337716779578
CsOPiv,BrettPhos,BuOAc,0.1,90,1.6,0.1,-0.8,-1.9,23.75,0.243983628,-1.0,20.07280621460691,5.434745387098951,1.7948869183003007e-49,0.24341420177775283,0.0019224173162551439,0.2641661737777528
CsOAc,PPhMe2,BuOAc,0.057,105,1.6,0.1,-0.8,-1.9,0.0,0.104381255,-1.0,-0.499330374126675,5.59441674623882,1.0615042236729951e-72,0.10422585348592057,0.0019181935257690868,0.12497782548592057
CsOAc,JackiePhos,p-Xylene,0.057,90,5.7,-2.2,0.0,1.3,5.48,0.415626812,-1.0,3.8389865854865697,5.462836674187741,6.694133507288045e-70,0.4156059400593184,0.0019264390160466988,0.4363579120593184
CsOAc,GorlosPhos HBF4,DMAc,0.057,120,-4.3,3.0,-3.4,0.5,16.77,0.094081907,-1.0,18.44525343146463,5.641822350178532,7.321254618851607e-48,0.09404137795070665,0.0019231245873613631,0.11479334995070664
