base,ligand,solvent,concentration,temperature,yield,cost,priority,yield_predicted_mean,yield_predicted_std_dev,yield_expected_improvement,cost_predicted_mean,cost_predicted_std_dev,cost_expected_improvement
KOAc,CgMe-PPh,DMAc,0.153,90,PENDING,PENDING,1.0,77.05516906792393,15.032672697471023,0.4269903013287002,0.05338335357154487,0.00437663220002226,0.07413532557154487
KOAc,CgMe-PPh,DMAc,0.057,120,PENDING,PENDING,1.0,91.42168918559986,10.851391865315783,1.3676002172719404,0.06548823893771863,0.004749770571868548,0.08624021093771864
CsOPiv,CgMe-PPh,DMAc,0.153,120,PENDING,PENDING,1.0,82.08563024032094,14.233361154074784,0.7271638890136145,0.22635869739047543,0.02018229425316467,0.24711066939047543
CsOAc,CgMe-PPh,DMAc,0.057,120,PENDING,PENDING,1.0,91.74321780109511,9.974473024063352,1.1806393924314176,0.11192467469218267,0.004031050592266002,0.13267664669218268
KOPiv,tBPh-CPhos,p-Xylene,0.153,120,PENDING,PENDING,0.0,19.232185786090575,14.094558742703535,1.2654298020074917e-08,0.270093192844408,0.018746451375414083,0.29084516484440803
KOPiv,tBPh-CPhos,p-Xylene,0.153,105,PENDING,PENDING,0.0,11.88241117296802,13.240772029066807,2.985678752199344e-11,0.2700587103413832,0.01819905726086135,0.2908106823413832
KOPiv,tBPh-CPhos,p-Xylene,0.153,90,PENDING,PENDING,0.0,5.2249708909364045,13.919526593022129,1.064843381505893e-11,0.2698262577449006,0.018435391851664925,0.2905782297449006
KOPiv,tBPh-CPhos,p-Xylene,0.1,120,PENDING,PENDING,0.0,17.919475605871547,13.623342268097923,1.9865912123649525e-09,0.27407020512498864,0.01631535461420008,0.29482217712498865
KOPiv,tBPh-CPhos,p-Xylene,0.1,105,PENDING,PENDING,0.0,10.568340642416391,12.606966259213978,1.2480418813396127e-12,0.2740382373587378,0.015903532809749165,0.2947902093587378
KOPiv,tBPh-CPhos,p-Xylene,0.1,90,PENDING,PENDING,0.0,3.939384141107709,13.214300593410536,3.5288411715156895e-13,0.2738033303379922,0.01639364719782647,0.2945553023379922
KOPiv,tBPh-CPhos,p-Xylene,0.057,120,PENDING,PENDING,0.0,16.876627925066355,13.922338242937823,2.855424566899588e-09,0.27695047425833874,0.016042967452209955,0.29770244625833875
KOPiv,tBPh-CPhos,p-Xylene,0.057,105,PENDING,PENDING,0.0,9.594873439214691,12.835184727747013,1.8326900655290772e-12,0.27692114118956784,0.015807926316038272,0.29767311318956785
KOPiv,tBPh-CPhos,p-Xylene,0.057,90,PENDING,PENDING,0.0,3.0497208085368825,13.39153434810383,4.4649071546240565e-13,0.27668583378855627,0.01647874347463859,0.2974378057885563
KOPiv,tBPh-CPhos,DMAc,0.153,120,PENDING,PENDING,0.0,58.5698560140914,10.507646144419486,0.0001045216811486711,0.2712096547461516,0.011841099792594458,0.2919616267461516
KOPiv,tBPh-CPhos,DMAc,0.153,105,PENDING,PENDING,0.0,49.15476805865413,10.510471820885286,1.4565762229176485e-06,0.27117225905454967,0.011898721402004769,0.2919242310545497
KOPiv,tBPh-CPhos,DMAc,0.153,90,PENDING,PENDING,0.0,38.776782519876356,11.980704076763086,3.847134168164994e-07,0.270932782920623,0.013127105638420003,0.291684754920623
KOPiv,tBPh-CPhos,DMAc,0.1,120,PENDING,PENDING,0.0,56.90295282951715,9.584011511579963,7.446410942598021e-06,0.2751946142562902,0.005485395545554013,0.2959465862562902
KOPiv,tBPh-CPhos,DMAc,0.1,105,PENDING,PENDING,0.0,47.480992072065746,9.84676180493713,9.314527928344098e-08,0.2751595823887678,0.006231355496652069,0.2959115543887678
KOPiv,tBPh-CPhos,DMAc,0.1,90,PENDING,PENDING,0.0,37.1426146108747,11.641526873396083,7.446616792147324e-08,0.2749172560845847,0.008792202682324307,0.29566922808458473
KOPiv,tBPh-CPhos,DMAc,0.057,105,PENDING,PENDING,0.0,45.761303124748764,10.1493854779823,9.021942771010145e-08,0.2780412818147861,0.004130746031688414,0.2987932538147861
KOPiv,tBPh-CPhos,DMAc,0.057,90,PENDING,PENDING,0.0,35.59644025389588,12.134728488816291,1.3042892516304903e-07,0.277798434427945,0.007848072776738982,0.298550406427945
KOPiv,tBPh-CPhos,BuOAc,0.153,120,PENDING,PENDING,0.0,25.910403995435985,12.49879997197994,3.3812846928416836e-09,0.2757992628735933,0.010891551399848275,0.2965512348735933
KOPiv,tBPh-CPhos,BuOAc,0.153,105,PENDING,PENDING,0.0,17.48328123584091,10.963000519782794,4.19070778023103e-14,0.2757754258591083,0.008201482163630704,0.2965273978591083
KOPiv,tBPh-CPhos,BuOAc,0.153,90,PENDING,PENDING,0.0,9.6207130434459,10.946516915089832,1.121079052687055e-16,0.2755481424123969,0.006762858427451237,0.2963001144123969
KOPiv,tBPh-CPhos,BuOAc,0.1,120,PENDING,PENDING,0.0,24.374657099245674,11.97382263569724,2.7008540285284256e-10,0.2797870404821914,0.007850772093756384,0.3005390124821914
KOPiv,tBPh-CPhos,BuOAc,0.1,105,PENDING,PENDING,0.0,15.93430793785825,10.19197117537295,1.13124074897597e-16,0.2797657252352697,0.004132251399573901,0.3005176972352697
KOPiv,tBPh-CPhos,BuOAc,0.057,120,PENDING,PENDING,0.0,23.092323478138947,12.329220399353224,4.6265729483318226e-10,0.28266600169871925,0.008801157383862118,0.30341797369871926
KOPiv,tBPh-CPhos,BuOAc,0.057,105,PENDING,PENDING,0.0,14.736882020765766,10.50906824609759,3.605106527179657e-16,0.28264731943378163,0.006237326659554282,0.30339929143378164
KOPiv,tBPh-CPhos,BuOAc,0.057,90,PENDING,PENDING,0.0,7.017299326676259,10.293914012289205,1.10474627468646e-19,0.28241716244764464,0.005491660541933441,0.30316913444764465
KOPiv,tBPh-CPhos,BuCN,0.153,120,PENDING,PENDING,0.0,26.86239582048013,12.597742295927121,7.233284509736798e-09,0.27416059462149556,0.013356503494815838,0.29491256662149556
KOPiv,tBPh-CPhos,BuCN,0.153,105,PENDING,PENDING,0.0,18.699514934933564,11.775121404660517,4.641456382237844e-12,0.27412466343209113,0.012570928599768612,0.29487663543209114
KOPiv,tBPh-CPhos,BuCN,0.153,90,PENDING,PENDING,0.0,11.033851193742976,12.306724944021253,4.4837251390474117e-13,0.2738850164142602,0.01292142363386819,0.2946369884142602
KOPiv,tBPh-CPhos,BuCN,0.1,120,PENDING,PENDING,0.0,25.400418173305354,12.29037298525451,1.3623104867473198e-09,0.2781456284542109,0.009577231633854514,0.29889760045421093
KOPiv,tBPh-CPhos,BuCN,0.1,105,PENDING,PENDING,0.0,17.227675598820305,11.340413542122736,2.470146087534817e-13,0.278112146155322,0.008859893327714221,0.298864118155322
KOPiv,tBPh-CPhos,BuCN,0.1,90,PENDING,PENDING,0.0,9.590927425757414,11.7851146052613,1.437244273573628e-14,0.2778698478866408,0.00973656011536451,0.2986218198866408
KOPiv,tBPh-CPhos,BuCN,0.057,120,PENDING,PENDING,0.0,24.165318508635984,12.766586484865687,3.1914409031807892e-09,0.2810218362933531,0.009096192403464376,0.3017738082933531
KOPiv,tBPh-CPhos,BuCN,0.057,105,PENDING,PENDING,0.0,16.072503528482216,11.781862257252744,9.452033589930745e-13,0.2809909796617379,0.008686619180665859,0.3017429516617379
KOPiv,tBPh-CPhos,BuCN,0.057,90,PENDING,PENDING,0.0,8.539372775823626,12.185299877510772,5.409099339920776e-14,0.28074824022873757,0.009886926679073708,0.3015002122287376
KOPiv,X-Phos,p-Xylene,0.153,120,PENDING,PENDING,0.0,39.46320728548735,12.936652844740568,3.958665888498291e-06,0.029392520143587696,0.010171841006623467,0.050144492934360366
KOPiv,X-Phos,p-Xylene,0.153,105,PENDING,PENDING,0.0,31.366710264657062,12.53234870216677,5.108029264276238e-08,0.029612934408306847,0.010128267726708755,0.05036490703489265
KOPiv,X-Phos,p-Xylene,0.153,90,PENDING,PENDING,0.0,23.423524340839332,13.785430930518043,3.5276594408221085e-08,0.029969482654658063,0.010213245104843338,0.05072145530866287
KOPiv,X-Phos,p-Xylene,0.1,120,PENDING,PENDING,0.0,38.053625301684924,12.857178062112647,1.9383264617605592e-06,0.036837790262907476,0.010162362041286998,0.057589762275231896
KOPiv,X-Phos,p-Xylene,0.1,105,PENDING,PENDING,0.0,29.979613170645816,12.364566449508406,1.6835233054751895e-08,0.037068300507390545,0.010172037880360462,0.057820272518512246
KOPiv,X-Phos,p-Xylene,0.1,90,PENDING,PENDING,0.0,22.091460016337813,13.55050987313537,1.0876208420428308e-08,0.037420730600745716,0.010317558377045634,0.058172702615604414
KOPiv,X-Phos,p-Xylene,0.057,120,PENDING,PENDING,0.0,36.75400150799059,13.510743710168889,4.086429681757136e-06,0.04330194049268102,0.01031475227092643,0.06405391249310091
KOPiv,X-Phos,p-Xylene,0.057,105,PENDING,PENDING,0.0,28.779246364408102,12.972251342926723,4.867281182747221e-08,0.043538664926196784,0.010369241243622762,0.0642906369266467
KOPiv,X-Phos,p-Xylene,0.057,90,PENDING,PENDING,0.0,21.01558566407869,14.070536470698046,2.5441625589286764e-08,0.04388259961143081,0.010580951106828601,0.06463457161226
KOPiv,X-Phos,DMAc,0.153,105,PENDING,PENDING,0.0,67.63305517459894,6.60036652281458,6.846129810211383e-07,0.028536593645406623,0.0010589606108254255,0.04928856564540662
KOPiv,X-Phos,DMAc,0.1,105,PENDING,PENDING,0.0,65.84518352925518,6.594543156185786,1.5569727146920204e-07,0.0359840440980361,0.0011643133848711247,0.0567360160980361
KOPiv,X-Phos,DMAc,0.1,90,PENDING,PENDING,0.0,54.39832287965229,9.049159402179473,4.3842605227298174e-07,0.036351693836461245,0.001936570446945514,0.057103665836461245
KOPiv,X-Phos,DMAc,0.057,105,PENDING,PENDING,0.0,63.89353567559195,7.822117177009767,3.4538267485361497e-06,0.042484132895409546,0.0018162216369606399,0.06323610489540954
KOPiv,X-Phos,DMAc,0.057,90,PENDING,PENDING,0.0,52.661938539320786,10.282337303897187,4.684970584193648e-06,0.042837479536531685,0.0027045667790073155,0.06358945153653169
KOPiv,X-Phos,BuOAc,0.153,120,PENDING,PENDING,0.0,47.205201294663546,10.87375018711885,1.370267576476725e-06,0.03977012370992296,0.006255492281806472,0.06052209570992296
KOPiv,X-Phos,BuOAc,0.153,105,PENDING,PENDING,0.0,37.98057031654647,10.316889241122752,1.685602921031021e-09,0.04002591477238819,0.006235284809629731,0.06077788677238819
KOPiv,X-Phos,BuOAc,0.153,90,PENDING,PENDING,0.0,28.72633733705591,11.490619253426374,5.456561944048808e-10,0.04040452385802576,0.006431298136592687,0.06115649585802576
KOPiv,X-Phos,BuOAc,0.1,120,PENDING,PENDING,0.0,45.56882199641049,10.910514380122557,6.794875580176386e-07,0.047257469925776036,0.006233271520452221,0.06800944192577604
KOPiv,X-Phos,BuOAc,0.1,105,PENDING,PENDING,0.0,36.36523037761608,10.254046014783569,4.836067608799917e-10,0.047523442959834024,0.006283709214826122,0.06827541495983402
KOPiv,X-Phos,BuOAc,0.1,90,PENDING,PENDING,0.0,27.17782363534898,11.310705708084043,1.1363868318846067e-10,0.047897820379639536,0.0065587435215162145,0.06864979237963953
KOPiv,X-Phos,BuOAc,0.057,120,PENDING,PENDING,0.0,43.999885680204585,11.78207260959339,2.4997059421392697e-06,0.053732576138353666,0.006500344458697616,0.07448454813835367
KOPiv,X-Phos,BuOAc,0.057,105,PENDING,PENDING,0.0,34.919319414708106,11.096333804175526,4.479220831466044e-09,0.05400458350499138,0.006606777905025143,0.07475655550499138
KOPiv,X-Phos,BuOAc,0.057,90,PENDING,PENDING,0.0,25.892766346380476,12.027113151591822,7.414710391374959e-10,0.05437007082814345,0.006961572110146176,0.07512204282814344
KOPiv,X-Phos,BuCN,0.153,120,PENDING,PENDING,0.0,47.873358464112975,11.069350816483524,2.952583197333479e-06,0.035915962463955974,0.005922903913137088,0.056667934463955974
KOPiv,X-Phos,BuCN,0.153,105,PENDING,PENDING,0.0,38.91603623224532,10.939249294292631,2.409863225171111e-08,0.036141441878882796,0.005914441027980488,0.0568934138788828
KOPiv,X-Phos,BuCN,0.153,90,PENDING,PENDING,0.0,29.88250603926581,12.297837628604917,1.3291317768357769e-08,0.036494362053896466,0.006076946123857729,0.05724633405389647
KOPiv,X-Phos,BuCN,0.1,120,PENDING,PENDING,0.0,46.304633055287276,11.278331579344655,2.3060403474536848e-06,0.043372004936940205,0.005927253150505849,0.0641239769369402
KOPiv,X-Phos,BuCN,0.1,105,PENDING,PENDING,0.0,37.368324954688035,11.101705641547879,1.7349109737369263e-08,0.04360744163196768,0.006016018108468036,0.06435941363196768
KOPiv,X-Phos,BuCN,0.1,90,PENDING,PENDING,0.0,28.396872365351577,12.362760815328045,7.734356262045844e-09,0.043955717851272204,0.006283953276286834,0.0647076898512722
KOPiv,X-Phos,BuCN,0.057,120,PENDING,PENDING,0.0,44.78676297406967,12.214404274103044,8.283118961883057e-06,0.04984197982206871,0.006124856085412175,0.0705939518220687
KOPiv,X-Phos,BuCN,0.057,105,PENDING,PENDING,0.0,35.96664957419054,12.000980385974962,1.1003819119111684e-07,0.05008267640424096,0.006290772628948457,0.07083464840424096
KOPiv,X-Phos,BuCN,0.057,90,PENDING,PENDING,0.0,27.14670865901221,13.1498397819932,3.6811631132552143e-08,0.05042019047622857,0.006666319575768067,0.07117216247622857
KOPiv,PPhtBu2,p-Xylene,0.153,120,PENDING,PENDING,0.0,-9.576689836015497,24.075398284044145,1.34961853260736e-05,0.04130386249119539,0.007181204546935374,0.06205583449119539
KOPiv,PPhtBu2,p-Xylene,0.153,105,PENDING,PENDING,0.0,-14.121672150979812,24.534103138558997,8.344660948379876e-06,0.04124019367500812,0.007139372699095768,0.06199216567500812
KOPiv,PPhtBu2,p-Xylene,0.153,90,PENDING,PENDING,0.0,-17.48136098379674,26.350720497692148,2.3206447541810477e-05,0.04135008392496842,0.007544304291744331,0.06210205592496842
KOPiv,PPhtBu2,p-Xylene,0.1,120,PENDING,PENDING,0.0,-11.02567352598868,23.317360822722485,4.546386181079323e-06,0.04909304588785808,0.006433364491050987,0.06984501788785807
KOPiv,PPhtBu2,p-Xylene,0.1,105,PENDING,PENDING,0.0,-15.549199209574496,23.785322163423366,2.812014687832208e-06,0.04904872368197195,0.006402490453224594,0.06980069568197195
KOPiv,PPhtBu2,p-Xylene,0.1,90,PENDING,PENDING,0.0,-18.849618116568557,25.68354736373085,9.840829803858006e-06,0.04916460486662837,0.006878226408542418,0.06991657686662836
KOPiv,PPhtBu2,p-Xylene,0.057,120,PENDING,PENDING,0.0,-11.976352629189051,23.19611027582015,3.219872713071471e-06,0.055817066797322956,0.006416771946712027,0.07656903879732296
KOPiv,PPhtBu2,p-Xylene,0.057,105,PENDING,PENDING,0.0,-16.453930433989022,23.65122238388009,1.979661875355158e-06,0.05579065003490517,0.006402028319943644,0.07654262203490517
KOPiv,PPhtBu2,p-Xylene,0.057,90,PENDING,PENDING,0.0,-19.68884892827753,25.566476506543577,7.466145816144938e-06,0.05591146036509104,0.006920019722537702,0.07666343236509104
KOPiv,PPhtBu2,DMAc,0.153,120,PENDING,PENDING,0.0,11.089586162785693,15.248581027515952,7.387438944337484e-09,0.03781455720712989,0.00420353387724635,0.05856652920712989
KOPiv,PPhtBu2,DMAc,0.153,105,PENDING,PENDING,0.0,5.527225211808876,16.64279340170551,2.0412832634227366e-08,0.03775417372982131,0.004511741336065577,0.05850614572982131
KOPiv,PPhtBu2,DMAc,0.153,90,PENDING,PENDING,0.0,0.6280187429297044,20.17039612988653,1.675538562873802e-06,0.037882041224420626,0.005369963674763553,0.05863401322442063
KOPiv,PPhtBu2,DMAc,0.1,120,PENDING,PENDING,0.0,9.267295258889526,13.49225667970284,1.8687599501092346e-11,0.04555215961493029,0.0023742646857375822,0.06630413161493029
KOPiv,PPhtBu2,DMAc,0.1,105,PENDING,PENDING,0.0,3.7337486421619133,15.180050445063172,2.8250067346326635e-10,0.045511260432527706,0.0029382533837933335,0.06626323243252771
KOPiv,PPhtBu2,DMAc,0.1,90,PENDING,PENDING,0.0,-1.079686655225153,19.15823159276195,2.3779963207747558e-07,0.04564552901973965,0.004199963583605784,0.06639750101973965
KOPiv,PPhtBu2,DMAc,0.057,105,PENDING,PENDING,0.0,2.4038678771223445,14.844110909173112,5.756263750770619e-11,0.052241864447580506,0.00238766158631529,0.0729938364475805
KOPiv,PPhtBu2,DMAc,0.057,90,PENDING,PENDING,0.0,-2.3110178227947102,18.990567902541027,1.2545097024271615e-07,0.05238086223287089,0.00392642595927424,0.0731328342328709
KOPiv,PPhtBu2,BuOAc,0.153,120,PENDING,PENDING,0.0,-5.168955817458794,23.119590650011215,1.3141443392915254e-05,0.05611307698508571,0.008185268628304824,0.07686504898508571
KOPiv,PPhtBu2,BuOAc,0.153,105,PENDING,PENDING,0.0,-10.240107165040982,23.57336111078579,7.082957684834373e-06,0.056091184445857784,0.008012835985375022,0.07684315644585779
KOPiv,PPhtBu2,BuOAc,0.153,90,PENDING,PENDING,0.0,-14.203833408817005,25.409806951274675,1.8797029702432764e-05,0.05621157534977476,0.008220649875028727,0.07696354734977476
KOPiv,PPhtBu2,BuOAc,0.1,120,PENDING,PENDING,0.0,-6.750949352389888,22.29988742332461,3.819775538558122e-06,0.06394022004074298,0.006971377823271216,0.08469219204074299
KOPiv,PPhtBu2,BuOAc,0.1,105,PENDING,PENDING,0.0,-11.801712454592575,22.766082129109083,2.0432934629693663e-06,0.06393805849080735,0.006737384807602838,0.08469003049080734
KOPiv,PPhtBu2,BuOAc,0.1,90,PENDING,PENDING,0.0,-15.701461259738693,24.69458514633263,7.082893779834239e-06,0.0640646992793852,0.006970055267023662,0.08481667127938519
KOPiv,PPhtBu2,BuOAc,0.057,120,PENDING,PENDING,0.0,-7.836906356472014,22.159129873687633,2.5140004125924557e-06,0.07063896394179814,0.006437479202512147,0.09139093594179815
KOPiv,PPhtBu2,BuOAc,0.057,105,PENDING,PENDING,0.0,-12.836944992001484,22.613863655596816,1.3360995792364332e-06,0.07065468839171171,0.006162230871949136,0.09140666039171172
KOPiv,PPhtBu2,BuOAc,0.057,90,PENDING,PENDING,0.0,-16.66129508467673,24.564109862464473,5.088866093770259e-06,0.0707865376740798,0.006429129381484425,0.09153850967407981
KOPiv,PPhtBu2,BuCN,0.153,120,PENDING,PENDING,0.0,-5.210971964713927,22.193010793233384,4.823104468643525e-06,0.04897757033216732,0.0050839806992356565,0.06972954233216733
KOPiv,PPhtBu2,BuCN,0.153,105,PENDING,PENDING,0.0,-10.14161406530058,22.799314696137426,3.109414995276289e-06,0.048911608286476935,0.0053902959576525135,0.06966358028647693
KOPiv,PPhtBu2,BuCN,0.153,90,PENDING,PENDING,0.0,-13.963480587516976,24.84273174876925,1.1638440620591675e-05,0.049003634548415435,0.006183277541829069,0.06975560654841544
KOPiv,PPhtBu2,BuCN,0.1,120,PENDING,PENDING,0.0,-6.775443637368909,21.37104370196444,1.2224483305436996e-06,0.05674753343867614,0.003997481146359275,0.07749950543867615
KOPiv,PPhtBu2,BuCN,0.1,105,PENDING,PENDING,0.0,-11.684320819486011,22.00657346462125,8.223406321284032e-07,0.056701330123456656,0.0044027606304583525,0.07745330212345666
KOPiv,PPhtBu2,BuCN,0.1,90,PENDING,PENDING,0.0,-15.441225912828251,24.15901211081239,4.312623754805384e-06,0.056799955657733436,0.005380134176227736,0.07755192765773344
KOPiv,PPhtBu2,BuCN,0.057,120,PENDING,PENDING,0.0,-7.844483719755999,21.259423783522,8.055366451327165e-07,0.06343008803953605,0.0038873269378538475,0.08418206003953604
KOPiv,PPhtBu2,BuCN,0.057,105,PENDING,PENDING,0.0,-12.703246958323085,21.88907048469789,5.468738415648508e-07,0.06340214457949321,0.0043216916454531,0.0841541165794932
KOPiv,PPhtBu2,BuCN,0.057,90,PENDING,PENDING,0.0,-16.385899062084974,24.066346827888385,3.1886412458964402e-06,0.06350638130702788,0.005366938469309047,0.08425835330702788
KOPiv,PPhMe2,p-Xylene,0.153,120,PENDING,PENDING,0.0,-0.532220609597239,18.029136038558242,3.995191663033344e-08,0.027888178369639152,0.009239572215375606,0.04864015048548748
KOPiv,PPhMe2,p-Xylene,0.153,105,PENDING,PENDING,0.0,-3.3398490380518666,15.910275536850877,1.0545972576179083e-10,0.02787945054219431,0.008395627726179059,0.04863142254695804
KOPiv,PPhMe2,p-Xylene,0.153,90,PENDING,PENDING,0.0,-5.265376970123576,15.878750100261602,4.206596225270215e-11,0.02802068574299045,0.008086329473769811,0.048772657744026435
KOPiv,PPhMe2,p-Xylene,0.1,120,PENDING,PENDING,0.0,-2.027726558176461,17.35181924848823,6.150409620340315e-09,0.03535252388129906,0.008821217274020068,0.056104495881432626
KOPiv,PPhMe2,p-Xylene,0.1,105,PENDING,PENDING,0.0,-4.786357696872237,15.292222259171199,8.51897188369555e-12,0.03536274426743313,0.008281745677533628,0.0561147162674404
KOPiv,PPhMe2,p-Xylene,0.1,90,PENDING,PENDING,0.0,-6.6247291726572115,15.430094181688133,5.67882147651056e-12,0.03551024745359871,0.008316452938582342,0.056262219453606564
KOPiv,PPhMe2,p-Xylene,0.057,120,PENDING,PENDING,0.0,-3.0732135783558974,17.469018169779666,5.454423592403716e-09,0.04175778716328789,0.009161445992917273,0.06250975916329363
KOPiv,PPhMe2,p-Xylene,0.057,105,PENDING,PENDING,0.0,-5.78558960432558,15.569625724618826,1.3054851455036512e-11,0.041784191077679375,0.008909699087711248,0.06253616307768073
KOPiv,PPhMe2,p-Xylene,0.057,90,PENDING,PENDING,0.0,-7.5535993903639,15.860113874847245,1.4549324499570524e-11,0.041936136741869516,0.009211849605710195,0.06268810874187608
KOPiv,PPhMe2,DMAc,0.153,120,PENDING,PENDING,0.0,14.788018281692423,13.517713212483093,3.26438483031953e-10,0.023947840396502384,0.005184771949555537,0.044699812396502385
KOPiv,PPhMe2,DMAc,0.153,105,PENDING,PENDING,0.0,10.917428225756481,13.429755895053033,3.5158785565000316e-11,0.023943574600891068,0.004553989122060751,0.04469554660089107
KOPiv,PPhMe2,DMAc,0.153,90,PENDING,PENDING,0.0,7.661430157510509,15.74809911423869,6.222394020066913e-09,0.024104613772724326,0.004894468043684558,0.044856585772724326
KOPiv,PPhMe2,DMAc,0.1,120,PENDING,PENDING,0.0,12.790971169248689,11.920200537802094,2.2663521090245372e-13,0.031352042607412034,0.0026529593096753274,0.052104014607412034
KOPiv,PPhMe2,DMAc,0.1,105,PENDING,PENDING,0.0,8.981229823230866,12.183875026045412,7.109517490584925e-14,0.03136724879666758,0.002603339089099861,0.05211922079666758
KOPiv,PPhMe2,DMAc,0.1,90,PENDING,PENDING,0.0,5.854209675692559,15.04447935697787,4.864999979223464e-10,0.031535739266619116,0.004002712309882617,0.052287711266619116
KOPiv,PPhMe2,DMAc,0.057,105,PENDING,PENDING,0.0,7.530439596330048,12.152406529118842,2.4114372848508767e-14,0.03777148663456781,0.00261780518313571,0.05852345863456781
KOPiv,PPhMe2,DMAc,0.057,90,PENDING,PENDING,0.0,4.512226041691619,15.264818713956663,5.00889219538744e-10,0.037944759742018795,0.004601767581431113,0.058696731742018796
KOPiv,PPhMe2,BuOAc,0.153,120,PENDING,PENDING,0.0,4.1292838961870615,15.036500356790413,2.2309532201918099e-10,0.04386322083605092,0.008828210936869878,0.06461519283605105
KOPiv,PPhMe2,BuOAc,0.153,105,PENDING,PENDING,0.0,0.847825942482828,12.430789847700625,1.2927253541941116e-15,0.04389581944185302,0.007823408644602457,0.06464779144185301
KOPiv,PPhMe2,BuOAc,0.153,90,PENDING,PENDING,0.0,-1.6464307404120149,12.541924892316802,4.516462190237981e-16,0.04404275030953063,0.007354353369548473,0.06479472230953062
KOPiv,PPhMe2,BuOAc,0.1,120,PENDING,PENDING,0.0,2.4997646484565834,13.99571627150858,3.467126379162452e-12,0.05140196507985051,0.007894513633794035,0.07215393707985052
KOPiv,PPhMe2,BuOAc,0.1,105,PENDING,PENDING,0.0,-0.7319704859772784,11.367148336115633,5.741912043000918e-19,0.051454045294563516,0.0071329261481451346,0.07220601729456352
KOPiv,PPhMe2,BuOAc,0.1,90,PENDING,PENDING,0.0,-3.1329155237806248,11.754483534799535,1.3038535835305908e-18,0.05160708842899169,0.007007851254456506,0.07235906042899169
KOPiv,PPhMe2,BuOAc,0.057,120,PENDING,PENDING,0.0,1.3149732400548046,14.012266411726513,1.9939953907240584e-12,0.05780254286674613,0.007858457949664098,0.07855451486674614
KOPiv,PPhMe2,BuOAc,0.057,105,PENDING,PENDING,0.0,-1.865794368232443,11.590383863025302,1.126887558812439e-18,0.05787090482060488,0.007396579581959585,0.07862287682060488
KOPiv,PPhMe2,BuOAc,0.057,90,PENDING,PENDING,0.0,-4.186262147667442,12.198384882277441,1.0612340420552262e-17,0.058028419526122144,0.007589740308167168,0.07878039152612215
KOPiv,PPhMe2,BuCN,0.153,120,PENDING,PENDING,0.0,4.164695914981884,14.209296312399397,1.7053927622487177e-11,0.03476187845917294,0.004535979698845661,0.05551385045917294
KOPiv,PPhMe2,BuCN,0.153,105,PENDING,PENDING,0.0,1.0851897715559318,10.993181855323323,1.610424642953167e-19,0.03475251356759527,0.0025894964562151374,0.05550448556759527
KOPiv,PPhMe2,BuCN,0.1,120,PENDING,PENDING,0.0,2.5487553783497674,13.421055813752881,3.810389187164525e-13,0.0422206800586936,0.0040390609482780565,0.0629726520586936
KOPiv,PPhMe2,BuCN,0.1,105,PENDING,PENDING,0.0,-0.4779517236209472,10.248638879938524,6.670534493317372e-23,0.04223094128176836,0.0028989385137051563,0.06298291328176836
KOPiv,PPhMe2,BuCN,0.1,90,PENDING,PENDING,0.0,-2.680565424473052,10.130525832676168,2.2818233579991656e-24,0.04236756904142674,0.003165468664163152,0.06311954104142674
KOPiv,PPhMe2,BuCN,0.057,120,PENDING,PENDING,0.0,1.3770197157355852,13.675048640927272,5.599224416018627e-13,0.04860289958173546,0.004952720702672675,0.06935487158173546
KOPiv,PPhMe2,BuCN,0.057,105,PENDING,PENDING,0.0,-1.5997393306513032,10.845458983032502,4.952618429463014e-21,0.048629891798692655,0.00464127410440115,0.06938186379869266
KOPiv,PPhMe2,BuCN,0.057,90,PENDING,PENDING,0.0,-3.7230035009884404,11.008593463940247,2.9871655256556753e-21,0.048771480973613404,0.005318828864619462,0.0695234529736134
KOPiv,PPh3,p-Xylene,0.153,120,PENDING,PENDING,0.0,22.108081116735928,11.90302110603297,5.823580105187379e-11,0.025052062919666197,0.005621419839327345,0.0458040349196662
KOPiv,PPh3,p-Xylene,0.153,105,PENDING,PENDING,0.0,15.007213289594922,11.396126797037546,7.376696108772629e-14,0.025017847614675036,0.0054545244961581195,0.045769819614675036
KOPiv,PPh3,p-Xylene,0.153,90,PENDING,PENDING,0.0,8.512855911037327,12.680058144767223,5.112675024212528e-13,0.02519394659138892,0.005740956299394379,0.04594591859138892
KOPiv,PPh3,p-Xylene,0.1,120,PENDING,PENDING,0.0,20.7175667790332,11.803579357270804,1.7531763253740813e-11,0.03306715374589805,0.005915819231578637,0.05381912574589805
KOPiv,PPh3,p-Xylene,0.1,105,PENDING,PENDING,0.0,13.602583209401338,11.038312621067531,3.923720662622697e-15,0.033053613085537774,0.005730118586117348,0.053805585085537774
KOPiv,PPh3,p-Xylene,0.1,90,PENDING,PENDING,0.0,7.12962342849859,12.130108462964433,1.6629669078049725e-14,0.033235182128313924,0.005981282837085725,0.053987154128313924
KOPiv,PPh3,p-Xylene,0.057,120,PENDING,PENDING,0.0,19.601420851882438,12.5069302545793,1.3295284851368312e-10,0.040038287544852336,0.006692371263681366,0.060790259544852336
KOPiv,PPh3,p-Xylene,0.057,105,PENDING,PENDING,0.0,12.539551992389224,11.588300714214451,3.7507516933167144e-14,0.04004333917305365,0.006511511061576782,0.06079531117305365
KOPiv,PPh3,p-Xylene,0.057,90,PENDING,PENDING,0.0,6.139217915578904,12.486475529654273,5.067998076862302e-14,0.040228546716166755,0.006741099125917006,0.060980518716166755
KOPiv,PPh3,DMAc,0.153,90,PENDING,PENDING,0.0,45.187044049700866,9.630983179572029,1.1360913698331384e-08,0.02107394787896759,0.0024585236463265867,0.04182591987896759
KOPiv,PPh3,DMAc,0.1,120,PENDING,PENDING,0.0,63.16248187625076,7.335533540937808,4.0090493968157614e-07,0.028879733605127286,0.002349710026025888,0.04963170560512729
KOPiv,PPh3,DMAc,0.1,105,PENDING,PENDING,0.0,53.94357802308398,7.696631526603247,1.5546990205507825e-09,0.028870143184318665,0.0023524203632939726,0.049622115184318666
KOPiv,PPh3,DMAc,0.1,90,PENDING,PENDING,0.0,43.41330226682672,9.965046801508961,1.2641451656673577e-08,0.029077269019964186,0.003120622873140656,0.049829241019964186
KOPiv,PPh3,DMAc,0.057,120,PENDING,PENDING,0.0,61.12820628243074,8.526120473438043,4.938855684459093e-06,0.035861814013232095,0.0037589824688465815,0.056613786013232095
KOPiv,PPh3,DMAc,0.057,105,PENDING,PENDING,0.0,52.00118781501193,8.956021170785684,7.4009392395593e-08,0.0358707500245922,0.003749741139884781,0.056622722024592204
KOPiv,PPh3,DMAc,0.057,90,PENDING,PENDING,0.0,41.6659864717269,11.08248583401545,1.5357141321819914e-07,0.03608026413566927,0.004305289631920207,0.05683223613566927
KOPiv,PPh3,BuOAc,0.153,120,PENDING,PENDING,0.0,28.89500095569423,10.346069000230745,5.199730464436664e-12,0.04012685709223893,0.005119837634042628,0.06087882909223893
KOPiv,PPh3,BuOAc,0.153,105,PENDING,PENDING,0.0,20.722686274761358,9.251246322454024,6.555416493057007e-18,0.04013827262702958,0.004490253967024376,0.06089024462702958
KOPiv,PPh3,BuOAc,0.153,90,PENDING,PENDING,0.0,13.02321207088097,9.976181866827984,1.8655633096056337e-18,0.04032630142363174,0.004346227213140681,0.06107827342363174
KOPiv,PPh3,BuOAc,0.1,120,PENDING,PENDING,0.0,27.269312662414855,10.206252775755951,8.178797443837046e-13,0.0481890088365443,0.003888721430908146,0.06894098083654429
KOPiv,PPh3,BuOAc,0.1,105,PENDING,PENDING,0.0,19.06447903952595,8.73459242304554,1.0934919378774222e-20,0.04822214146872588,0.00280942930669784,0.06897411346872588
KOPiv,PPh3,BuOAc,0.1,90,PENDING,PENDING,0.0,11.385106213007369,9.142420577429672,1.8372978930385195e-22,0.04841614344512079,0.0023757245956841275,0.06916811544512079
KOPiv,PPh3,BuOAc,0.057,120,PENDING,PENDING,0.0,25.90371682736887,10.99226029000534,1.392371303468007e-11,0.055137686991611395,0.003615558655190415,0.0758896589916114
KOPiv,PPh3,BuOAc,0.057,105,PENDING,PENDING,0.0,17.761053501870446,9.380471098367742,1.1481900697630467e-18,0.05518962452272917,0.0022366946532614593,0.07594159652272917
KOPiv,PPh3,BuCN,0.153,105,PENDING,PENDING,0.0,21.957108274050327,9.082156256627774,5.246936890854621e-18,0.03253662213125365,0.001965788637173727,0.05328859413125365
KOPiv,PPh3,BuCN,0.153,90,PENDING,PENDING,0.0,14.48221057027314,10.566296268136746,4.2720098354194774e-16,0.03269735985489141,0.0031733437420427214,0.05344933185489141
KOPiv,PPh3,BuCN,0.1,120,PENDING,PENDING,0.0,28.2933041630792,9.60516882195388,6.015974084116169e-14,0.040577136738698845,0.002584204585110463,0.061329108738698845
KOPiv,PPh3,BuCN,0.1,105,PENDING,PENDING,0.0,20.385664602755792,9.056157924790714,8.982843571864983e-19,0.04056296813783304,0.0028438477706095528,0.06131494013783304
KOPiv,PPh3,BuCN,0.1,90,PENDING,PENDING,0.0,12.92794614808648,10.256447203140294,1.4348006654505282e-17,0.04072972838187697,0.00373768046925113,0.06148170038187697
KOPiv,PPh3,BuCN,0.057,120,PENDING,PENDING,0.0,26.987027094408994,10.709640571997152,7.929057958077715e-12,0.04751620213412525,0.004062903488371239,0.06826817413412525
KOPiv,PPh3,BuCN,0.057,105,PENDING,PENDING,0.0,19.134823522436374,9.99741565570861,4.243889738791162e-16,0.047521163568360496,0.004196018715258381,0.0682731355683605
KOPiv,PPh3,BuCN,0.057,90,PENDING,PENDING,0.0,11.762877425444913,10.921986214834751,4.960812122134819e-16,0.047692071247533094,0.004850162987276397,0.06844404324753309
KOPiv,PPh2Me,p-Xylene,0.153,120,PENDING,PENDING,0.0,-5.3788632730692285,18.052684408141594,8.30126240597057e-09,0.023646097835480204,0.010848682355478688,0.04439812108103828
KOPiv,PPh2Me,p-Xylene,0.153,105,PENDING,PENDING,0.0,-7.8747509785783265,17.774433653915892,1.919337534821894e-09,0.023528604003097878,0.011110588062028583,0.04428066067549972
KOPiv,PPh2Me,p-Xylene,0.153,90,PENDING,PENDING,0.0,-9.352628123955448,19.376854291096677,2.8674982184813826e-08,0.0235408958833212,0.012034297776055832,0.04429320604646416
KOPiv,PPh2Me,p-Xylene,0.1,120,PENDING,PENDING,0.0,-5.939219617173386,18.26327034473529,1.0503111453700073e-08,0.03025486473159332,0.01165236100976459,0.051006851370396
KOPiv,PPh2Me,p-Xylene,0.1,105,PENDING,PENDING,0.0,-8.41905874992706,17.83206289570112,1.79587052840008e-09,0.030150314638885324,0.01189991206122642,0.05090231062315111
KOPiv,PPh2Me,p-Xylene,0.1,90,PENDING,PENDING,0.0,-9.881376699037943,19.27484976728333,2.02459705184059e-08,0.030166298749204935,0.012767602418573403,0.05091836691871125
KOPiv,PPh2Me,p-Xylene,0.057,120,PENDING,PENDING,0.0,-6.198681028656154,19.136180670425926,4.937408063796796e-08,0.03592322400772939,0.01328962318539583,0.056675224462527776
KOPiv,PPh2Me,p-Xylene,0.057,105,PENDING,PENDING,0.0,-8.661434355679226,18.60672647885808,8.403954119406756e-09,0.03583069345381216,0.013507888910806906,0.05658270656234792
KOPiv,PPh2Me,p-Xylene,0.057,90,PENDING,PENDING,0.0,-10.115147509066155,19.86901982192632,5.348023243504636e-08,0.035850466526621744,0.014278510697995331,0.05660255804065046
KOPiv,PPh2Me,DMAc,0.153,105,PENDING,PENDING,0.0,6.5693271571211085,13.062474015771794,8.350557768399601e-13,0.021465577007959896,0.0032285706426464795,0.0422175490079599
KOPiv,PPh2Me,DMAc,0.153,90,PENDING,PENDING,0.0,3.8024707109831652,16.713791177219946,1.2722921454057496e-08,0.02148085562318404,0.005850323012170684,0.04223282762318425
KOPiv,PPh2Me,DMAc,0.1,120,PENDING,PENDING,0.0,9.34170722519135,12.470864297160377,3.3477047436603923e-13,0.028153102790603506,0.004574067311531314,0.048905074790603506
KOPiv,PPh2Me,DMAc,0.1,105,PENDING,PENDING,0.0,5.837279884183033,13.574774104942412,4.182732517408639e-12,0.028047271430129292,0.005388414165752511,0.04879924343012929
KOPiv,PPh2Me,DMAc,0.1,90,PENDING,PENDING,0.0,3.0789495893683636,17.001610820114138,1.800750509711221e-08,0.028066535784258738,0.007272007593464864,0.04881850778426864
KOPiv,PPh2Me,DMAc,0.057,120,PENDING,PENDING,0.0,8.866720730224994,14.05929100975969,1.0291341606798656e-10,0.033799230273762824,0.00789542268047252,0.0545512022737655
KOPiv,PPh2Me,DMAc,0.057,105,PENDING,PENDING,0.0,5.378495377829687,14.94669367689587,2.996168895491897e-10,0.03370552769902105,0.008395546590605327,0.054457499699075484
KOPiv,PPh2Me,DMAc,0.057,90,PENDING,PENDING,0.0,2.629365531735587,17.993936796378396,1.0402376145219308e-07,0.03372887350787676,0.009712403307965948,0.05448084552448054
KOPiv,PPh2Me,BuOAc,0.153,120,PENDING,PENDING,0.0,-1.500650134667282,14.399135808562862,1.9514489215432953e-12,0.035974372122119264,0.0099163652442742,0.05672634413083431
KOPiv,PPh2Me,BuOAc,0.153,105,PENDING,PENDING,0.0,-4.4242327919221935,14.50163165807532,6.40878342659194e-13,0.035888909061434875,0.010152647262235246,0.05664088108222578
KOPiv,PPh2Me,BuOAc,0.153,90,PENDING,PENDING,0.0,-6.388599230796572,16.849510112047902,3.7323135665263604e-10,0.035913668486738964,0.011104929991800194,0.05666564082726177
KOPiv,PPh2Me,BuOAc,0.1,120,PENDING,PENDING,0.0,-2.157288557284147,14.784632073746304,5.4813456570846305e-12,0.04261343553423914,0.01059470791438962,0.06336540753610807
KOPiv,PPh2Me,BuOAc,0.1,105,PENDING,PENDING,0.0,-5.066337487555053,14.682178325931158,9.041533720265723e-13,0.04254105795953786,0.010806432748325559,0.06329302996366348
KOPiv,PPh2Me,BuOAc,0.1,90,PENDING,PENDING,0.0,-7.013736836570814,16.80721384552557,2.6195986526932123e-10,0.04256957710110618,0.011695191989146063,0.06332154916364129
KOPiv,PPh2Me,BuOAc,0.057,120,PENDING,PENDING,0.0,-2.5153989394974516,15.996332236743141,1.8969581855082658e-10,0.04827084601629304,0.012234488514940285,0.06902281803355484
KOPiv,PPh2Me,BuOAc,0.057,105,PENDING,PENDING,0.0,-5.405281970614844,15.74279785327286,2.6385280818052275e-11,0.048210466104786104,0.012410013492845907,0.06896243813370875
KOPiv,PPh2Me,BuOAc,0.057,90,PENDING,PENDING,0.0,-7.339502265775458,17.575564307945317,1.4881304488156817e-09,0.048242809317792894,0.01318375501808886,0.06899478151442195
KOPiv,PPh2Me,BuCN,0.153,120,PENDING,PENDING,0.0,-1.1279882554043112,14.38794753764447,2.2633182378240968e-12,0.030098225191959795,0.0067324738655583855,0.050850197191959816
KOPiv,PPh2Me,BuCN,0.153,105,PENDING,PENDING,0.0,-3.8666183052000846,14.06867345191127,1.581610266221238e-13,0.029978113611903105,0.007312273152286284,0.05073008561190513
KOPiv,PPh2Me,BuCN,0.153,90,PENDING,PENDING,0.0,-5.666623494854292,16.08399788455405,6.413601018318572e-11,0.029976806681586754,0.008787131688657076,0.05072877868719907
KOPiv,PPh2Me,BuCN,0.1,120,PENDING,PENDING,0.0,-1.7439869133841057,14.777910092659065,6.544676501550155e-12,0.036693664017412655,0.008044509946142891,0.05744563601741316
KOPiv,PPh2Me,BuCN,0.1,105,PENDING,PENDING,0.0,-4.4669080743375815,14.264684573302242,2.5142389247556e-13,0.03658664633319863,0.008540613327356556,0.05733861833321022
KOPiv,PPh2Me,BuCN,0.1,90,PENDING,PENDING,0.0,-6.251088538972695,16.05611306072355,4.611210011937189e-11,0.03658926980361124,0.009833949754150188,0.057341241808018646
KOPiv,PPh2Me,BuCN,0.057,120,PENDING,PENDING,0.0,-2.07225024465847,15.978238696615701,2.172756619950426e-10,0.042332462002907405,0.010326328182379097,0.06308443400371401
KOPiv,PPh2Me,BuCN,0.057,105,PENDING,PENDING,0.0,-4.777989617524298,15.35575520363121,1.0499110288587786e-11,0.04223763283071498,0.010717520501624984,0.06298960483432449
KOPiv,PPh2Me,BuCN,0.057,90,PENDING,PENDING,0.0,-6.552403456752025,16.87585327552747,3.741411152002751e-10,0.04224438598096444,0.011773357762843007,0.06299635807153843
KOPiv,PCy3 HBF4,p-Xylene,0.153,120,PENDING,PENDING,0.0,4.3529344523516045,12.242231434822248,4.811410616500672e-15,0.02837533662467792,0.002396203636509699,0.04912730862467792
KOPiv,PCy3 HBF4,p-Xylene,0.153,90,PENDING,PENDING,0.0,-6.149545768587792,12.14306048731344,1.791511965616008e-18,0.0281164440525511,0.0024548815373567562,0.0488684160525511
KOPiv,PCy3 HBF4,p-Xylene,0.1,120,PENDING,PENDING,0.0,3.25556158638512,12.662839983622044,1.9616256386332462e-14,0.03608215646702184,0.0034857349453823066,0.05683412846702184
KOPiv,PCy3 HBF4,p-Xylene,0.1,105,PENDING,PENDING,0.0,-2.4596027213265828,11.03710345022969,1.1258054788814211e-20,0.03587280674829568,0.0029746744388932807,0.05662477874829568
KOPiv,PCy3 HBF4,p-Xylene,0.1,90,PENDING,PENDING,0.0,-7.217126449188427,12.225583228804842,1.3981342506685312e-18,0.03584921669169406,0.003545003955625519,0.05660118869169406
KOPiv,PCy3 HBF4,p-Xylene,0.057,120,PENDING,PENDING,0.0,2.489665417409732,13.853851791756068,2.0359930476358393e-12,0.04278204084727451,0.005122391601191996,0.0635340128472745
KOPiv,PCy3 HBF4,p-Xylene,0.057,105,PENDING,PENDING,0.0,-3.179857371669911,12.293113487887318,3.8493100334820764e-17,0.0425930619565919,0.0048041911025705555,0.0633450339565919
KOPiv,PCy3 HBF4,p-Xylene,0.057,90,PENDING,PENDING,0.0,-7.88249524508938,13.238057321223787,3.255486970028778e-16,0.04257636429291044,0.005212403587501509,0.06332833629291043
KOPiv,PCy3 HBF4,DMAc,0.153,105,PENDING,PENDING,0.0,25.46297116552146,11.231900638408199,2.936462199464916e-11,0.026046370315845863,0.0022687284749706906,0.04679834231584586
KOPiv,PCy3 HBF4,DMAc,0.153,90,PENDING,PENDING,0.0,18.231124755708276,13.690693537684156,2.7754720465728906e-09,0.0260172665164222,0.0037239425808405415,0.0467692385164222
KOPiv,PCy3 HBF4,DMAc,0.1,120,PENDING,PENDING,0.0,31.376232997429913,11.241690286013203,1.0082942683186295e-09,0.03391328858231126,0.002722356989216074,0.05466526058231126
KOPiv,PCy3 HBF4,DMAc,0.1,105,PENDING,PENDING,0.0,24.104473047029746,11.673611787012966,7.635560707109492e-11,0.03370513390318399,0.003199619361527628,0.05445710590318399
KOPiv,PCy3 HBF4,DMAc,0.1,90,PENDING,PENDING,0.0,16.894876325236396,14.039814977722804,3.962890028149597e-09,0.03368361127392625,0.0043617088909069235,0.05443558327392625
KOPiv,PCy3 HBF4,DMAc,0.057,120,PENDING,PENDING,0.0,30.145874502622952,12.463864942772817,2.4007028518088635e-08,0.04056498347460532,0.004295590783656654,0.06131695547460532
KOPiv,PCy3 HBF4,DMAc,0.057,105,PENDING,PENDING,0.0,22.93152536247372,12.857947512301443,2.2938924472017772e-09,0.04037726530034433,0.0046166311190879005,0.06112923730034433
KOPiv,PCy3 HBF4,DMAc,0.057,90,PENDING,PENDING,0.0,15.806740589747172,15.032977336341174,2.918865007881873e-08,0.040364188431839754,0.005515713464366902,0.061116160431839754
KOPiv,PCy3 HBF4,BuOAc,0.153,120,PENDING,PENDING,0.0,9.900968184499632,13.70658498882191,5.402761227422801e-11,0.04337960604442022,0.006468872322227378,0.06413157804442021
KOPiv,PCy3 HBF4,BuOAc,0.153,105,PENDING,PENDING,0.0,3.3913180219724026,12.022581719255914,7.709599276088003e-16,0.04319151000792703,0.00614461335931484,0.06394348200792703
KOPiv,PCy3 HBF4,BuOAc,0.153,90,PENDING,PENDING,0.0,-2.27461572021123,12.439418675492066,1.6775457290480948e-16,0.04316653169556062,0.0063210559552201295,0.06391850369556062
KOPiv,PCy3 HBF4,BuOAc,0.1,120,PENDING,PENDING,0.0,8.639089845901832,13.859160264004936,4.8011568190426074e-11,0.05111175084066412,0.006202763826997178,0.07186372284066411
KOPiv,PCy3 HBF4,BuOAc,0.1,105,PENDING,PENDING,0.0,2.1298815344839497,12.00847597620617,2.9730387521234204e-16,0.050943382060676265,0.0058102878341441495,0.07169535406067626
KOPiv,PCy3 HBF4,BuOAc,0.1,90,PENDING,PENDING,0.0,-3.5068258040324096,12.214749849120585,1.9065844809357455e-17,0.05092517372594667,0.005952670623353936,0.07167714572594666
KOPiv,PCy3 HBF4,BuOAc,0.057,120,PENDING,PENDING,0.0,7.698783503474502,14.73924423948882,4.637493256692718e-10,0.057769979148241425,0.00663115312166637,0.07852195114824143
KOPiv,PCy3 HBF4,BuOAc,0.057,105,PENDING,PENDING,0.0,1.2443944247243977,12.901719450414205,1.7799076284840557e-14,0.05762160099947622,0.006231956594393025,0.07837357299947623
KOPiv,PCy3 HBF4,BuOAc,0.057,90,PENDING,PENDING,0.0,-4.322643350086437,12.977514009030063,8.032597267093255e-16,0.05761105776601484,0.006357490429668843,0.07836302976601484
KOPiv,PCy3 HBF4,BuCN,0.153,120,PENDING,PENDING,0.0,10.159520783980291,13.090879729427106,6.86558808983715e-12,0.03664547838341187,0.0034964262416373477,0.05739745038341187
KOPiv,PCy3 HBF4,BuCN,0.153,105,PENDING,PENDING,0.0,3.8523039366359413,11.902848312272084,5.393538074283368e-16,0.036411820431119214,0.0038317587248989935,0.057163792431119215
KOPiv,PCy3 HBF4,BuCN,0.153,90,PENDING,PENDING,0.0,-1.6299581037368966,12.855128487446985,2.368804509187886e-15,0.036354216936406204,0.004817502693721522,0.057106188936406205
KOPiv,PCy3 HBF4,BuCN,0.1,120,PENDING,PENDING,0.0,8.953361222170543,13.502728030738867,1.6482759731814624e-11,0.0443220923611257,0.004306551641542608,0.0650740643611257
KOPiv,PCy3 HBF4,BuCN,0.1,105,PENDING,PENDING,0.0,2.6470829401807165,12.205271145887592,1.2725954988122218e-15,0.044108407782733575,0.004578911607130876,0.06486037978273357
KOPiv,PCy3 HBF4,BuCN,0.1,90,PENDING,PENDING,0.0,-2.8089908548124782,12.950629809346026,1.8259079325170344e-15,0.04405811415811124,0.005430454773539338,0.06481008615811124
KOPiv,PCy3 HBF4,BuCN,0.057,120,PENDING,PENDING,0.0,8.057325374186714,14.58040179943545,3.4474417492704254e-10,0.05096011536291946,0.0055833422881419684,0.07171208736291945
KOPiv,PCy3 HBF4,BuCN,0.057,105,PENDING,PENDING,0.0,1.8028615740450817,13.292210934644157,1.4499425521357218e-13,0.05076711584104214,0.005793892429681834,0.07151908784104213
KOPiv,PCy3 HBF4,BuCN,0.057,90,PENDING,PENDING,0.0,-3.5889823795527036,13.870280627706627,8.101048294795335e-14,0.05072531106001805,0.006507586357369577,0.07147728306001805
KOPiv,P(fur)3,p-Xylene,0.153,120,PENDING,PENDING,0.0,24.571336066063736,10.113857909255486,6.658656369764409e-14,0.03673945576934033,0.0037265329364739594,0.05749142776934033
KOPiv,P(fur)3,p-Xylene,0.153,105,PENDING,PENDING,0.0,17.231911858868056,9.6754220634404,7.751140148249121e-18,0.03666206391624026,0.003321455091094789,0.05741403591624026
KOPiv,P(fur)3,p-Xylene,0.153,90,PENDING,PENDING,0.0,10.446875859842109,11.371788514794488,2.7323678008419365e-15,0.03669039804488654,0.003406059424466729,0.05744237004488654
KOPiv,P(fur)3,p-Xylene,0.1,120,PENDING,PENDING,0.0,23.491674502824015,9.57145740592177,8.98466612068833e-16,0.04479305153992953,0.0025422392196156043,0.06554502353992953
KOPiv,P(fur)3,p-Xylene,0.1,105,PENDING,PENDING,0.0,16.149429586797158,8.871249908008856,1.878243228337141e-21,0.04473333032794085,0.0020122938112034213,0.06548530232794085
KOPiv,P(fur)3,p-Xylene,0.1,90,PENDING,PENDING,0.0,9.377234884935834,10.549592295373593,6.090095763127325e-18,0.04476276330959278,0.00230405799932224,0.06551473530959279
KOPiv,P(fur)3,p-Xylene,0.057,120,PENDING,PENDING,0.0,22.597792335287288,10.117762975395774,1.4911244940778287e-14,0.05158542054434695,0.0020679311100074873,0.07233739254434696
KOPiv,P(fur)3,p-Xylene,0.057,90,PENDING,PENDING,0.0,8.618731752693687,10.808795840252866,2.0348568445215194e-17,0.05157371807148706,0.0021468272154191344,0.07232569007148706
KOPiv,P(fur)3,DMAc,0.153,105,PENDING,PENDING,0.0,57.27176141660313,7.084443134440957,1.076969778340498e-09,0.03299843283059277,0.0011104341848975467,0.05375040483059277
KOPiv,P(fur)3,DMAc,0.1,120,PENDING,PENDING,0.0,65.70926961438931,6.505497742276596,9.251966000336454e-08,0.041084023417240545,0.0011596155632579914,0.061835995417240545
KOPiv,P(fur)3,DMAc,0.1,105,PENDING,PENDING,0.0,55.89635923112229,6.91358601077353,1.1068787733522217e-10,0.04100595234878134,0.0012463745777097494,0.06175792434878134
KOPiv,P(fur)3,DMAc,0.1,90,PENDING,PENDING,0.0,44.79927857584616,9.140443221966521,1.27241550409619e-09,0.04103541752154959,0.001967835860096736,0.06178738952154959
KOPiv,P(fur)3,DMAc,0.057,105,PENDING,PENDING,0.0,54.308518370989376,7.898136313053032,5.4280070542044305e-09,0.04779694694386138,0.0018616823628153881,0.06854891894386138
KOPiv,P(fur)3,DMAc,0.057,90,PENDING,PENDING,0.0,43.389936678365295,10.17362917573337,2.5337718353880116e-08,0.047829391761187286,0.0027209747950550805,0.06858136376118729
KOPiv,P(fur)3,BuOAc,0.153,120,PENDING,PENDING,0.0,32.30809049785577,11.12451084850358,1.1310982656449213e-09,0.046994750802591134,0.009301565579107695,0.06774672280259134
KOPiv,P(fur)3,BuOAc,0.153,105,PENDING,PENDING,0.0,23.898259547322567,10.519712177625252,3.761301831857107e-13,0.04694456607935526,0.009167236712208421,0.06769653807935536
KOPiv,P(fur)3,BuOAc,0.153,90,PENDING,PENDING,0.0,15.839074665506345,11.385040042991173,1.220540489365343e-13,0.0469889772164023,0.00918063362796396,0.0677409492164024
KOPiv,P(fur)3,BuOAc,0.1,120,PENDING,PENDING,0.0,31.00496360331545,10.729092628964072,1.1419917118593515e-10,0.05503510312796202,0.00906961309085907,0.07578707512796201
KOPiv,P(fur)3,BuOAc,0.1,105,PENDING,PENDING,0.0,22.584394394988436,9.913446238465443,4.134050608484559e-15,0.05500231409854821,0.008962523601879878,0.0757542860985482
KOPiv,P(fur)3,BuOAc,0.1,90,PENDING,PENDING,0.0,14.544398504864645,10.662536282653193,8.269167875669347e-16,0.05504848287836114,0.009016257562548239,0.07580045487836114
KOPiv,P(fur)3,BuOAc,0.057,120,PENDING,PENDING,0.0,29.84765129729052,11.241090334997862,4.1805205023463645e-10,0.061797112969669214,0.009049430702714413,0.08254908496966921
KOPiv,P(fur)3,BuOAc,0.057,105,PENDING,PENDING,0.0,21.508747248859404,10.320495780809399,2.155948170674432e-14,0.06178033056544705,0.008971697857698876,0.08253230256544705
KOPiv,P(fur)3,BuOAc,0.057,90,PENDING,PENDING,0.0,13.569607429280477,10.971197737227975,2.587434668861946e-15,0.061829349956042744,0.00908401053124518,0.08258132195604274
KOPiv,P(fur)3,BuCN,0.153,120,PENDING,PENDING,0.0,33.19995486350698,10.473181384590985,1.587053297969518e-10,0.042285341749518424,0.005505581305961275,0.06303731374951843
KOPiv,P(fur)3,BuCN,0.153,105,PENDING,PENDING,0.0,25.01727461924892,10.371412262791905,3.8412294769618877e-13,0.04219613252271952,0.005405813198938109,0.06294810452271951
KOPiv,P(fur)3,BuCN,0.153,90,PENDING,PENDING,0.0,17.12682601367529,11.667981961798082,1.0925517631877155e-12,0.04220863758719917,0.005517977195056567,0.06296060958719918
KOPiv,P(fur)3,BuCN,0.1,120,PENDING,PENDING,0.0,31.982766437441914,10.333972141145793,3.9641238420646915e-11,0.05030922619948147,0.005338993999169241,0.07106119819948148
KOPiv,P(fur)3,BuCN,0.1,105,PENDING,PENDING,0.0,23.790416891874415,10.091120168631868,3.205585483986062e-14,0.05023770603719803,0.005320141227999445,0.07098967803719802
KOPiv,P(fur)3,BuCN,0.1,90,PENDING,PENDING,0.0,15.912989867978293,11.29068667376681,7.937282814696452e-14,0.05025188182281832,0.005531081805976266,0.07100385382281832
KOPiv,P(fur)3,BuCN,0.057,120,PENDING,PENDING,0.0,30.88413979792358,11.047369331829461,3.7174021245965433e-10,0.05707113460794167,0.00540556773845837,0.07782310660794167
KOPiv,P(fur)3,BuCN,0.057,105,PENDING,PENDING,0.0,22.769298854335545,10.700799003898583,4.331703785680606e-13,0.057016127976209315,0.005461601314475796,0.07776809997620932
KOPiv,P(fur)3,BuCN,0.057,90,PENDING,PENDING,0.0,14.984451707608745,11.784816384962157,4.829988376787978e-13,0.05703334146603308,0.005787615054555352,0.07778531346603308
KOPiv,JackiePhos,p-Xylene,0.153,120,PENDING,PENDING,0.0,15.61958806903992,16.145498496568575,2.674525431891127e-07,0.40224373354231097,0.029995375833991936,0.422995705542311
KOPiv,JackiePhos,p-Xylene,0.153,105,PENDING,PENDING,0.0,9.142086539150355,14.423762296868588,3.568204479271211e-10,0.4025606530600327,0.029002252863709655,0.4233126250600327
KOPiv,JackiePhos,p-Xylene,0.153,90,PENDING,PENDING,0.0,3.3514658781584004,14.288180299563178,1.492788812232956e-11,0.40259731377832264,0.028664030647814517,0.42334928577832265
KOPiv,JackiePhos,p-Xylene,0.1,120,PENDING,PENDING,0.0,14.265457809261726,15.41857905868226,3.785568462785455e-08,0.40424492245449495,0.027759275053578638,0.42499689445449496
KOPiv,JackiePhos,p-Xylene,0.1,105,PENDING,PENDING,0.0,7.805742150644313,13.371098115218105,5.5597803405872555e-12,0.40456444098057115,0.02667071250417837,0.42531641298057116
KOPiv,JackiePhos,p-Xylene,0.1,90,PENDING,PENDING,0.0,2.062401391741332,13.039115656889347,5.513844001159177e-14,0.40460139787722255,0.0262981461384938,0.42535336987722255
KOPiv,JackiePhos,p-Xylene,0.057,120,PENDING,PENDING,0.0,13.19876344050456,15.450447443375218,2.699437078572346e-08,0.4053568985194696,0.02716495235508769,0.4261088705194696
KOPiv,JackiePhos,p-Xylene,0.057,105,PENDING,PENDING,0.0,6.804719699560749,13.250110728007853,2.0280913955957626e-12,0.4056774784847118,0.02604848276050569,0.4264294504847118
KOPiv,JackiePhos,p-Xylene,0.057,90,PENDING,PENDING,0.0,1.1450138500609341,12.819877134550898,1.1305485168323962e-14,0.4057145271033,0.025665929003640654,0.42646649910330003
KOPiv,JackiePhos,DMAc,0.153,120,PENDING,PENDING,0.0,48.2724743098108,15.013979222716051,0.0011455094892144167,0.402313836639416,0.03457742781744147,0.423065808639416
KOPiv,JackiePhos,DMAc,0.153,105,PENDING,PENDING,0.0,39.68846797099895,14.128892666935347,3.1610063599411386e-05,0.4026280753727596,0.03375453307449476,0.4233800473727596
KOPiv,JackiePhos,DMAc,0.153,90,PENDING,PENDING,0.0,30.619561445637046,14.641938688891761,3.292290777080645e-06,0.40266284625061616,0.033483253303263946,0.42341481825061617
KOPiv,JackiePhos,DMAc,0.1,120,PENDING,PENDING,0.0,46.466039315635456,14.279006579789657,0.0003187023046796172,0.40431068368380674,0.032711741499603104,0.42506265568380674
KOPiv,JackiePhos,DMAc,0.1,105,PENDING,PENDING,0.0,37.88026212697167,13.396513415299431,5.0624749223375135e-06,0.4046274361341783,0.03183112722556363,0.4253794081341783
KOPiv,JackiePhos,DMAc,0.1,90,PENDING,PENDING,0.0,28.870479636592705,14.02173927163485,5.446925560582002e-07,0.4046624679789348,0.03154001246314361,0.4254144399789348
KOPiv,JackiePhos,DMAc,0.057,120,PENDING,PENDING,0.0,44.67711456759667,14.26599658534204,0.00018418432868372173,0.40542064552283535,0.03222282992725661,0.42617261752283536
KOPiv,JackiePhos,DMAc,0.057,105,PENDING,PENDING,0.0,36.181490684918295,13.439650497926992,2.88777531399542e-06,0.405738436770728,0.0313261315525747,0.426490408770728
KOPiv,JackiePhos,DMAc,0.057,90,PENDING,PENDING,0.0,27.327625986516225,14.181234337713772,4.1535096819363204e-07,0.40577355186765324,0.031029589287217357,0.42652552386765324
KOPiv,JackiePhos,BuOAc,0.153,120,PENDING,PENDING,0.0,21.58578927108611,17.689476355285787,1.793139364788545e-05,0.4029780342864924,0.03527991156957033,0.42373000628649243
KOPiv,JackiePhos,BuOAc,0.153,105,PENDING,PENDING,0.0,14.137137237286474,16.4024573381105,2.5887479534559655e-07,0.4032938919160057,0.03447126112282453,0.4240458639160057
KOPiv,JackiePhos,BuOAc,0.153,90,PENDING,PENDING,0.0,7.271500315265719,16.20251631589903,1.5045159214067653e-08,0.4033307844178677,0.03420172080706577,0.4240827564178677
KOPiv,JackiePhos,BuOAc,0.1,120,PENDING,PENDING,0.0,20.01239315578703,17.133016691306626,5.438274217865616e-06,0.40497340442832785,0.03345940034438174,0.42572537642832786
KOPiv,JackiePhos,BuOAc,0.1,105,PENDING,PENDING,0.0,12.570142169357819,15.627242400808116,3.1324054717023376e-08,0.4052917619643725,0.032596298450233395,0.4260437339643725
KOPiv,JackiePhos,BuOAc,0.1,90,PENDING,PENDING,0.0,5.755210508834772,15.266645905624188,8.547580376774208e-10,0.40532891657850356,0.03230785324346921,0.42608088857850357
KOPiv,JackiePhos,BuOAc,0.057,120,PENDING,PENDING,0.0,18.71950525644615,17.202110584827366,4.101801594464519e-06,0.4060830648889261,0.03298382315479009,0.4268350368889261
KOPiv,JackiePhos,BuOAc,0.057,105,PENDING,PENDING,0.0,11.352376525766331,15.58126266524192,1.777350497589322e-08,0.4064024554327916,0.03210562928125969,0.4271544274327916
KOPiv,JackiePhos,BuOAc,0.057,90,PENDING,PENDING,0.0,4.6423404120414915,15.146564193708532,3.819006347476716e-10,0.4064396914236228,0.03181202968629063,0.4271916634236228
KOPiv,JackiePhos,BuCN,0.153,120,PENDING,PENDING,0.0,22.16214239591508,16.712499443653453,5.619344770149036e-06,0.403334089910506,0.03288467554106097,0.424086061910506
KOPiv,JackiePhos,BuCN,0.153,105,PENDING,PENDING,0.0,14.93131004753981,15.554286622707066,6.50337320317131e-08,0.40364953379224217,0.032003970456600896,0.4244015057922422
KOPiv,JackiePhos,BuCN,0.153,90,PENDING,PENDING,0.0,8.246185514348895,15.558928335226337,4.995469800633548e-09,0.40368452387716786,0.0317098764113884,0.42443649587716786
KOPiv,JackiePhos,BuCN,0.1,120,PENDING,PENDING,0.0,20.64590084916494,16.247162027253594,1.7077711449232764e-06,0.40533339957781167,0.030895629161943765,0.4260853715778117
KOPiv,JackiePhos,BuCN,0.1,105,PENDING,PENDING,0.0,13.423643920822375,14.88983062488395,7.984757552589889e-09,0.40565138998698413,0.029946047558711903,0.42640336198698414
KOPiv,JackiePhos,BuCN,0.1,90,PENDING,PENDING,0.0,6.787327790098836,14.75135114752942,3.1977036893728696e-10,0.4056866550974238,0.02962788306554187,0.4264386270974238
KOPiv,JackiePhos,BuCN,0.057,120,PENDING,PENDING,0.0,19.393197472804303,16.41491954629563,1.5009772708246853e-06,0.4064435250951202,0.0303726450279566,0.4271954970951202
KOPiv,JackiePhos,BuCN,0.057,105,PENDING,PENDING,0.0,12.243544217139036,14.955971925796122,5.781735959646014e-09,0.4067625636730302,0.029403595922081978,0.4275145356730302
KOPiv,JackiePhos,BuCN,0.057,90,PENDING,PENDING,0.0,5.707279135034803,14.749358749831146,1.9553110271168332e-10,0.4067979168287458,0.029078719786668754,0.4275498888287458
KOPiv,GorlosPhos HBF4,p-Xylene,0.153,120,PENDING,PENDING,0.0,1.379774106372139,22.34679847095547,2.46324909248996e-05,0.03985011841043744,0.010160649668068606,0.06060209041242516
KOPiv,GorlosPhos HBF4,p-Xylene,0.153,105,PENDING,PENDING,0.0,-4.120109425887563,22.51851036435895,8.835409563367981e-06,0.039788625124899245,0.010103672706020961,0.0605405971265614
KOPiv,GorlosPhos HBF4,p-Xylene,0.153,90,PENDING,PENDING,0.0,-8.622798632727559,23.873406091297767,1.34832838979478e-05,0.03990258270193545,0.010353569986591435,0.06065455470585549
KOPiv,GorlosPhos HBF4,p-Xylene,0.1,120,PENDING,PENDING,0.0,-0.0719303382637051,21.719503848333385,9.258402633500134e-06,0.04762274193955466,0.009668903790867276,0.06837471393955566
KOPiv,GorlosPhos HBF4,p-Xylene,0.1,105,PENDING,PENDING,0.0,-5.553233840588369,21.869012636937377,3.055604570319429e-06,0.04758051392805645,0.009618087536675137,0.06833248592805724
KOPiv,GorlosPhos HBF4,p-Xylene,0.1,90,PENDING,PENDING,0.0,-10.000111750940931,23.26342987059395,5.371721127447795e-06,0.04770041178698898,0.009896136346649285,0.06845238378699216
KOPiv,GorlosPhos HBF4,p-Xylene,0.057,120,PENDING,PENDING,0.0,-1.099126031244019,21.675697828378386,6.954452523209593e-06,0.05433667039783147,0.009644857310326807,0.07508864239783147
KOPiv,GorlosPhos HBF4,p-Xylene,0.057,105,PENDING,PENDING,0.0,-6.525198367618941,21.79604245796049,2.2181957037772107e-06,0.054312265562085356,0.0096041746277935,0.07506423756208536
KOPiv,GorlosPhos HBF4,p-Xylene,0.057,90,PENDING,PENDING,0.0,-10.896472843665393,23.193429236001393,4.084048288992905e-06,0.054437054233209756,0.009910853028027276,0.07518902623320978
KOPiv,GorlosPhos HBF4,DMAc,0.153,120,PENDING,PENDING,0.0,28.501236719601806,16.32195860852198,2.1354532045931196e-05,0.036350305544077366,0.008524297644870062,0.057102277544090196
KOPiv,GorlosPhos HBF4,DMAc,0.153,105,PENDING,PENDING,0.0,21.622087584173418,17.114734477385838,8.480238632398483e-06,0.03629201106417809,0.008644765836733886,0.05704398306420414
KOPiv,GorlosPhos HBF4,DMAc,0.153,90,PENDING,PENDING,0.0,14.889556218945035,19.510583005903456,2.759490224829358e-05,0.03642370004110119,0.009069314238364042,0.057175672041300064
KOPiv,GorlosPhos HBF4,DMAc,0.1,120,PENDING,PENDING,0.0,26.652399504984764,15.076966343160247,1.7615614331170976e-06,0.04407184330905336,0.007832009780379044,0.06482381530905335
KOPiv,GorlosPhos HBF4,DMAc,0.1,105,PENDING,PENDING,0.0,19.79582232888916,16.06409862360354,9.511022164646065e-07,0.04403290998693834,0.00797971526823885,0.06478488198693834
KOPiv,GorlosPhos HBF4,DMAc,0.1,90,PENDING,PENDING,0.0,13.143867092949463,18.762657150026435,7.224676463175552e-06,0.044170850017424476,0.008463320964750177,0.06492282201742448
KOPiv,GorlosPhos HBF4,DMAc,0.057,120,PENDING,PENDING,0.0,25.06830728237597,14.78356346999403,5.853506153860374e-07,0.05077454088992329,0.007613135337130861,0.07152651288992329
KOPiv,GorlosPhos HBF4,DMAc,0.057,105,PENDING,PENDING,0.0,18.286029674286578,15.876062975685388,4.0798283568728914e-07,0.050753358053786383,0.007781847961106232,0.07150533005378638
KOPiv,GorlosPhos HBF4,DMAc,0.057,90,PENDING,PENDING,0.0,11.757773261446882,18.72136900829281,4.713501045905836e-06,0.05089595882557879,0.008317403404920097,0.0716479308255788
KOPiv,GorlosPhos HBF4,BuOAc,0.153,120,PENDING,PENDING,0.0,6.805041683114403,21.661026766757022,4.047533623088037e-05,0.054638523656246336,0.011110353839516926,0.07539049565625544
KOPiv,GorlosPhos HBF4,BuOAc,0.153,105,PENDING,PENDING,0.0,0.6140108906009232,21.768490478402484,1.1423664694225864e-05,0.05461869085172314,0.0109583017947052,0.07537066285172779
KOPiv,GorlosPhos HBF4,BuOAc,0.153,90,PENDING,PENDING,0.0,-4.688791219538231,23.01728846654776,1.3127216023223654e-05,0.05474317915998637,0.011072699517305887,0.07549515115999356
KOPiv,GorlosPhos HBF4,BuOAc,0.1,120,PENDING,PENDING,0.0,5.188849041564872,20.995300280261073,1.4099332570097114e-05,0.062449036991514204,0.010273003769611261,0.08320100899151421
KOPiv,GorlosPhos HBF4,BuOAc,0.1,105,PENDING,PENDING,0.0,-0.986126937300682,21.079109152180735,3.5504882301787163e-06,0.06244884691733985,0.010086530393538875,0.08320081891733984
KOPiv,GorlosPhos HBF4,BuOAc,0.1,90,PENDING,PENDING,0.0,-6.227457602602669,22.367613264195143,4.654122996780946e-06,0.06257952662816493,0.010198861612924118,0.08333149862816494
KOPiv,GorlosPhos HBF4,BuOAc,0.057,120,PENDING,PENDING,0.0,3.98786523561742,20.937674663649343,9.96652081177571e-06,0.06913787637284301,0.009906958983293964,0.089889848372843
KOPiv,GorlosPhos HBF4,BuOAc,0.057,105,PENDING,PENDING,0.0,-2.12466618321389,20.993418129434392,2.4111808751528556e-06,0.069155489766944,0.009699633014944132,0.089907461766944
KOPiv,GorlosPhos HBF4,BuOAc,0.057,90,PENDING,PENDING,0.0,-7.275659656000329,22.28837422548217,3.3377562989292164e-06,0.06929133319416765,0.009823988836243894,0.09004330519416764
KOPiv,GorlosPhos HBF4,BuCN,0.153,120,PENDING,PENDING,0.0,7.028461598124103,20.89142337331983,1.931485747063631e-05,0.047501916444063326,0.008868023741821307,0.06825388844406334
KOPiv,GorlosPhos HBF4,BuCN,0.153,105,PENDING,PENDING,0.0,1.01106633491424,21.19343791171646,6.584927805570074e-06,0.04743813421983778,0.009013050639816578,0.0681901062198378
KOPiv,GorlosPhos HBF4,BuCN,0.153,90,PENDING,PENDING,0.0,-4.1318077179774235,22.660333425783648,1.0242694251095781e-05,0.04753429191313657,0.009459912303701554,0.06828626391313691
KOPiv,GorlosPhos HBF4,BuCN,0.1,120,PENDING,PENDING,0.0,5.444771885838534,20.267618014100773,6.484467119011292e-06,0.05525557497916087,0.00832784712959189,0.07600754697916087
KOPiv,GorlosPhos HBF4,BuCN,0.1,105,PENDING,PENDING,0.0,-0.5550460017982388,20.566585349068294,2.078204907004446e-06,0.05521144793100954,0.00849160656689971,0.07596341993100954
KOPiv,GorlosPhos HBF4,BuCN,0.1,90,PENDING,PENDING,0.0,-5.636521735385209,22.088152002136127,3.875178896509192e-06,0.05531410406076812,0.008981713279152027,0.07606607606076812
KOPiv,GorlosPhos HBF4,BuCN,0.057,120,PENDING,PENDING,0.0,4.269560341185837,20.262997117285924,4.806255873113382e-06,0.06192830132591651,0.008263407388219183,0.08268027332591651
KOPiv,GorlosPhos HBF4,BuCN,0.057,105,PENDING,PENDING,0.0,-1.669060416314693,20.541303094680835,1.5103890716869071e-06,0.06190234111325818,0.008437251148437599,0.08265431311325819
KOPiv,GorlosPhos HBF4,BuCN,0.057,90,PENDING,PENDING,0.0,-6.662583272458818,22.071895658925186,2.989721593236425e-06,0.06201054495591764,0.008960274662554982,0.08276251695591763
KOPiv,CgMe-PPh,p-Xylene,0.153,120,PENDING,PENDING,0.0,65.1751134506398,14.467066164958377,0.04006818614939328,0.05645699197565594,0.005538233917077473,0.07720896397565594
KOPiv,CgMe-PPh,p-Xylene,0.153,105,PENDING,PENDING,0.0,58.40732591131042,15.151857390733669,0.014435599890863599,0.056372668787968955,0.005464787420834925,0.07712464078796896
KOPiv,CgMe-PPh,p-Xylene,0.153,90,PENDING,PENDING,0.0,50.888498127986,17.67296882418747,0.014961800812337445,0.056430534126443485,0.005953820965798621,0.07718250612644348
KOPiv,CgMe-PPh,p-Xylene,0.1,120,PENDING,PENDING,0.0,63.53148939560483,14.582444137018173,0.03034720378473979,0.06425744600944555,0.00561877925814608,0.08500941800944556
KOPiv,CgMe-PPh,p-Xylene,0.1,105,PENDING,PENDING,0.0,56.78816799666083,15.160965317030533,0.010161723640427223,0.06419286340179498,0.0055540802663258644,0.08494483540179498
KOPiv,CgMe-PPh,p-Xylene,0.1,90,PENDING,PENDING,0.0,49.3419424247557,17.579716631665097,0.010525717347120184,0.0642571503174808,0.006048216010115775,0.08500912231748081
KOPiv,CgMe-PPh,p-Xylene,0.057,120,PENDING,PENDING,0.0,61.86908270759568,15.379298539943166,0.03412334410658152,0.07093415205634299,0.005998765730422227,0.091686124056343
KOPiv,CgMe-PPh,p-Xylene,0.057,105,PENDING,PENDING,0.0,55.204882172258294,15.834742034172821,0.011384894521374228,0.07088812437415963,0.00595251734602346,0.09164009637415962
KOPiv,CgMe-PPh,p-Xylene,0.057,90,PENDING,PENDING,0.0,47.89063191474132,18.078203376967796,0.010782804303735086,0.07095843663194953,0.006456401908653538,0.09171040863194954
KOPiv,CgMe-PPh,DMAc,0.153,105,PENDING,PENDING,0.0,89.72381838810225,9.562221393225252,0.7169620356849677,0.05255348678822904,0.0021538968253389233,0.07330545878822904
KOPiv,CgMe-PPh,DMAc,0.153,90,PENDING,PENDING,0.0,79.40440110149953,13.745703095960886,0.41728477720890367,0.052637610844019224,0.003592516943622229,0.07338958284401922
KOPiv,CgMe-PPh,DMAc,0.1,120,PENDING,PENDING,0.0,96.073433232056,7.430966158760595,1.4633249403170046,0.060388563621904215,0.001144926671126457,0.08114053562190421
KOPiv,CgMe-PPh,DMAc,0.1,105,PENDING,PENDING,0.0,87.70031536996132,9.59765322163869,0.47373723422271463,0.06033004569256521,0.0020433256990434207,0.0810820176925652
KOPiv,CgMe-PPh,DMAc,0.1,90,PENDING,PENDING,0.0,77.47982609833065,13.849871845377418,0.3126771152229364,0.06042007869681542,0.0035648293012251002,0.08117205069681542
KOPiv,CgMe-PPh,DMAc,0.057,105,PENDING,PENDING,0.0,85.48207682845583,10.610925577261797,0.4336799249844885,0.06702818687989869,0.0023117418910049144,0.08778015887989868
KOPiv,CgMe-PPh,DMAc,0.057,90,PENDING,PENDING,0.0,75.45896162121855,14.627640960505325,0.2913739061146168,0.06712269888475898,0.003812708324061025,0.08787467088475898
KOPiv,CgMe-PPh,BuOAc,0.153,120,PENDING,PENDING,0.0,72.10779949477316,12.81787952732633,0.06990485397056234,0.0713584618763485,0.0060831369140317195,0.09211043387634851
KOPiv,CgMe-PPh,BuOAc,0.153,105,PENDING,PENDING,0.0,64.54150834579077,13.499185502244845,0.01898043526341142,0.07131627169182243,0.005824421825676179,0.09206824369182243
KOPiv,CgMe-PPh,BuOAc,0.153,90,PENDING,PENDING,0.0,56.04250480851165,16.095841814663967,0.01602328550588558,0.07138425438053976,0.006077831721998849,0.09213622638053975
KOPiv,CgMe-PPh,BuOAc,0.1,120,PENDING,PENDING,0.0,70.27682430677243,12.98214516545575,0.05114671928452935,0.07919705880150933,0.005688778307425436,0.09994903080150933
KOPiv,CgMe-PPh,BuOAc,0.1,105,PENDING,PENDING,0.0,62.73278326454951,13.539341923264494,0.0126477813352084,0.07917502269694039,0.005361149207910226,0.09992699469694039
KOPiv,CgMe-PPh,BuOAc,0.1,90,PENDING,PENDING,0.0,54.31450986942553,16.008817635057667,0.010577116319304969,0.07924971819282926,0.005595336751182282,0.10000169019282926
KOPiv,CgMe-PPh,BuOAc,0.057,120,PENDING,PENDING,0.0,68.39797923163405,13.907034475070262,0.057425695042609304,0.08584739042835966,0.0056677614103413185,0.10659936242835966
KOPiv,CgMe-PPh,BuOAc,0.057,105,PENDING,PENDING,0.0,60.94383526169712,14.323686952915837,0.014531511229041894,0.08584389937874021,0.0053105913753478924,0.10659587137874021
KOPiv,CgMe-PPh,BuOAc,0.057,90,PENDING,PENDING,0.0,52.67947025607677,16.580308332419087,0.010930245256899507,0.0859249474894324,0.005553633490800111,0.10667691948943239
KOPiv,CgMe-PPh,BuCN,0.153,105,PENDING,PENDING,0.0,66.24113105787896,11.784474504573977,0.0076117734831926825,0.06425025947146869,0.0022738034957304025,0.08500223147146868
KOPiv,CgMe-PPh,BuCN,0.153,90,PENDING,PENDING,0.0,57.79393480775188,15.11418121630844,0.012303648057542957,0.06428704350149804,0.0037572365410012006,0.08503901550149803
KOPiv,CgMe-PPh,BuCN,0.1,120,PENDING,PENDING,0.0,71.86269493632562,10.941228241902555,0.018508134438771168,0.07211729972576231,0.0019703557939351655,0.09286927172576231
KOPiv,CgMe-PPh,BuCN,0.1,105,PENDING,PENDING,0.0,64.46221463719078,12.078247721245505,0.005968522344574324,0.07204985104156789,0.0026506141969761397,0.0928018230415679
KOPiv,CgMe-PPh,BuCN,0.1,90,PENDING,PENDING,0.0,56.09806544207117,15.223707398685102,0.009099660386373318,0.07209396573038744,0.004011820611306329,0.09284593773038743
KOPiv,CgMe-PPh,BuCN,0.057,120,PENDING,PENDING,0.0,69.98140196855475,12.22040055986031,0.02937053130158873,0.07874773913797456,0.0028000847590725292,0.09949971113797457
KOPiv,CgMe-PPh,BuCN,0.057,105,PENDING,PENDING,0.0,62.672855690114005,13.13916017599788,0.00914763176274723,0.07869938358071238,0.0033319899059557245,0.09945135558071239
KOPiv,CgMe-PPh,BuCN,0.057,90,PENDING,PENDING,0.0,54.466046895045,15.973194041774017,0.010666920229024657,0.0787506280546732,0.004545302595646959,0.09950260005467321
KOPiv,BrettPhos,p-Xylene,0.153,120,PENDING,PENDING,0.0,25.02534511916065,11.453189497968138,5.5398361551387754e-11,0.04340555784107662,0.009904688759179036,0.06415752984114487
KOPiv,BrettPhos,p-Xylene,0.153,105,PENDING,PENDING,0.0,17.777868659774676,10.718047406034495,1.324750472482783e-14,0.04332121884563001,0.009805477493016768,0.0640731908456759
KOPiv,BrettPhos,p-Xylene,0.153,90,PENDING,PENDING,0.0,11.048765951240796,11.709299673572986,2.5751033598819896e-14,0.043412637400572045,0.00993221973495808,0.06416460940064894
KOPiv,BrettPhos,p-Xylene,0.1,120,PENDING,PENDING,0.0,23.717293387312658,11.131805148705634,6.39063113299795e-12,0.05136306257302639,0.009918148658280886,0.07211503457302663
KOPiv,BrettPhos,p-Xylene,0.1,105,PENDING,PENDING,0.0,16.47061564135971,10.156308164285285,1.379691155665113e-16,0.05129930286146157,0.009824851079764002,0.0720512748614617
KOPiv,BrettPhos,p-Xylene,0.1,90,PENDING,PENDING,0.0,9.770374228956964,11.016769036360387,1.9714486128383306e-16,0.051396968619898065,0.009960942103807397,0.07214894061989836
KOPiv,BrettPhos,p-Xylene,0.057,120,PENDING,PENDING,0.0,22.628010766762884,11.665840819175903,3.1181650741367654e-11,0.05822930445175695,0.010112912777753108,0.07898127645175697
KOPiv,BrettPhos,p-Xylene,0.057,105,PENDING,PENDING,0.0,15.449211171676552,10.571626684264277,9.41571644014464e-16,0.05818489267383037,0.01002977451668206,0.07893686467383038
KOPiv,BrettPhos,p-Xylene,0.057,90,PENDING,PENDING,0.0,8.83245984085626,11.307391952808032,5.845570132459361e-16,0.05828796806133264,0.010189367675113909,0.07903994006133264
KOPiv,BrettPhos,DMAc,0.153,120,PENDING,PENDING,0.0,65.95328107901969,7.985788249065343,1.921334254586729e-05,0.03982877508638554,0.009023987557776874,0.06058074708639781
KOPiv,BrettPhos,DMAc,0.153,105,PENDING,PENDING,0.0,56.40029621238713,7.979256194947199,3.6727440051085e-08,0.03974845920724472,0.00910571307013679,0.060500431207264754
KOPiv,BrettPhos,DMAc,0.153,90,PENDING,PENDING,0.0,45.556278509090546,9.491005854654418,8.552861350086455e-09,0.03986017876870299,0.009371478947782692,0.06061215076877198
KOPiv,BrettPhos,DMAc,0.1,120,PENDING,PENDING,0.0,64.26512260944372,7.550598899509944,1.8603108711004267e-06,0.047735662251627696,0.0089857914539259,0.06848763425162771
KOPiv,BrettPhos,DMAc,0.1,105,PENDING,PENDING,0.0,54.70521463704745,7.82900010573456,5.373808484952618e-09,0.04767599112410375,0.009079219920151243,0.06842796312410378
KOPiv,BrettPhos,DMAc,0.1,90,PENDING,PENDING,0.0,43.903450521044746,9.57689602722179,4.118860338076214e-09,0.04779414491983042,0.009362010066556781,0.06854611691983058
KOPiv,BrettPhos,DMAc,0.057,120,PENDING,PENDING,0.0,62.315306449207355,8.17754209597097,3.7308462822743268e-06,0.054594265969149444,0.00904255392001988,0.07534623796914944
KOPiv,BrettPhos,DMAc,0.057,105,PENDING,PENDING,0.0,52.86807813174113,8.639158553461183,4.133284860075459e-08,0.0545537649033852,0.009148140103891282,0.0753057369033852
KOPiv,BrettPhos,DMAc,0.057,90,PENDING,PENDING,0.0,42.26189095583937,10.489321961494085,3.696929120861269e-08,0.05467678699305059,0.009463670838934795,0.0754287589930506
KOPiv,BrettPhos,BuOAc,0.153,120,PENDING,PENDING,0.0,32.43242199567591,10.990052285954942,7.467781294389481e-10,0.05854941800056847,0.010554521346620523,0.0793013900005685
KOPiv,BrettPhos,BuOAc,0.153,105,PENDING,PENDING,0.0,24.087077798668943,9.87757438442409,1.1059411110776939e-14,0.0585090159415907,0.010347210933345485,0.07926098794159071
KOPiv,BrettPhos,BuOAc,0.153,90,PENDING,PENDING,0.0,16.086857587523877,10.151255821459252,9.675310482884093e-17,0.05861022232214469,0.010333208503329422,0.07936219432214471
KOPiv,BrettPhos,BuOAc,0.1,120,PENDING,PENDING,0.0,30.889298589196713,10.702004855817407,9.498884267103496e-11,0.06654642533778615,0.010134577263409092,0.08729839733778616
KOPiv,BrettPhos,BuOAc,0.1,105,PENDING,PENDING,0.0,22.53343803066165,9.31672707474744,5.9633808308701e-17,0.06652712392807777,0.009888667554231621,0.08727909592807778
KOPiv,BrettPhos,BuOAc,0.1,90,PENDING,PENDING,0.0,14.566904670746421,9.361767385592652,4.3158091936983365e-20,0.0666349434968985,0.009851795402588752,0.0873869154968985
KOPiv,BrettPhos,BuOAc,0.057,120,PENDING,PENDING,0.0,29.534696396476814,11.268586107035054,3.860100577599683e-10,0.07338384239733997,0.00995231832516416,0.09413581439733998
KOPiv,BrettPhos,BuOAc,0.057,105,PENDING,PENDING,0.0,21.261977626873623,9.789953639147797,6.097443129450516e-16,0.0733838661801831,0.009683041020594162,0.09413583818018309
KOPiv,BrettPhos,BuOAc,0.057,90,PENDING,PENDING,0.0,13.408809048996133,9.726844620879115,3.4858183284977363e-19,0.07349749883841249,0.009649173780954909,0.09424947083841248
KOPiv,BrettPhos,BuCN,0.153,120,PENDING,PENDING,0.0,33.234719881456,10.535769610027758,2.0967878991370545e-10,0.05129176477773002,0.009107435970328396,0.07204373677773002
KOPiv,BrettPhos,BuCN,0.153,105,PENDING,PENDING,0.0,25.153443306573664,10.0782159872147,8.447895870707545e-14,0.05120457934031342,0.00922290437402808,0.07195655134031342
KOPiv,BrettPhos,BuCN,0.153,90,PENDING,PENDING,0.0,17.359452835020264,10.905791276348557,2.807874755064379e-14,0.05127563384842168,0.00953359715775374,0.07202760584842172
KOPiv,BrettPhos,BuCN,0.1,120,PENDING,PENDING,0.0,31.772273250458575,10.531916734422056,8.159768922693319e-11,0.059229420115186,0.009168437375403245,0.079981392115186
KOPiv,BrettPhos,BuCN,0.1,105,PENDING,PENDING,0.0,23.682646006124116,9.90161425884047,9.295216810185468e-15,0.05916333209977096,0.009287666934192008,0.07991530409977096
KOPiv,BrettPhos,BuCN,0.1,90,PENDING,PENDING,0.0,15.917758963381186,10.55734023152019,1.2385475839515518e-15,0.05924136330822102,0.009604944009581529,0.07999333530822103
KOPiv,BrettPhos,BuCN,0.057,120,PENDING,PENDING,0.0,30.47493359137273,11.298260954427555,7.385734034023631e-10,0.06605052816069229,0.00934877492871459,0.0868025001606923
KOPiv,BrettPhos,BuCN,0.057,105,PENDING,PENDING,0.0,22.463038084027176,10.574356329480128,1.8022564647287828e-13,0.06600424455162199,0.00947093925477381,0.086756216551622
KOPiv,BrettPhos,BuCN,0.057,90,PENDING,PENDING,0.0,14.802428392693994,11.10904525786335,1.3898998982755355e-14,0.06608859283531858,0.00980760999496368,0.08684056483531857
KOAc,tBPh-CPhos,p-Xylene,0.153,120,PENDING,PENDING,0.0,19.97586728170289,14.789433557261479,8.682908230351223e-08,0.26222014972673935,0.03808837468790974,0.28297212172673963
KOAc,tBPh-CPhos,p-Xylene,0.153,105,PENDING,PENDING,0.0,12.883321485837264,14.583766810860288,2.9233511011439744e-09,0.26219729109922596,0.037860331469517464,0.28294926309922613
KOAc,tBPh-CPhos,p-Xylene,0.153,90,PENDING,PENDING,0.0,6.501449428247199,15.7963747525631,4.424263320604818e-09,0.2619940236310516,0.037978336095094,0.28274599563105185
KOAc,tBPh-CPhos,p-Xylene,0.1,120,PENDING,PENDING,0.0,18.89373234177894,14.713821782693513,4.807912836207091e-08,0.26585115195202375,0.03708800153618286,0.2866031239520238
KOAc,tBPh-CPhos,p-Xylene,0.1,105,PENDING,PENDING,0.0,11.812891826876818,14.364334730862154,1.0059932519062852e-09,0.26583100834771106,0.036934383416230995,0.28658298034771107
KOAc,tBPh-CPhos,p-Xylene,0.1,90,PENDING,PENDING,0.0,5.458335259421034,15.452052251482142,1.2303792321141625e-09,0.26562634013931175,0.03713784610249592,0.2863783121393118
KOAc,tBPh-CPhos,p-Xylene,0.057,120,PENDING,PENDING,0.0,18.036780441615118,15.301662787084162,1.2227865736412385e-07,0.2684838246514001,0.03699844596328939,0.2892357966514001
KOAc,tBPh-CPhos,p-Xylene,0.057,105,PENDING,PENDING,0.0,11.028417688795546,14.850095019599612,2.6583644706073563e-09,0.2684663199169986,0.03691130430729219,0.2892182919169986
KOAc,tBPh-CPhos,p-Xylene,0.057,90,PENDING,PENDING,0.0,4.749257301138883,15.814011791624159,2.3041930866554184e-09,0.26826169418496504,0.03718177470331951,0.28901366618496505
KOAc,tBPh-CPhos,DMAc,0.153,120,PENDING,PENDING,0.0,54.822960035572414,11.814728589592507,0.00019465082757821406,0.2635355141267164,0.03553936249013985,0.2842874861267164
KOAc,tBPh-CPhos,DMAc,0.153,105,PENDING,PENDING,0.0,45.640289666225875,12.275861556045855,1.3018632525570878e-05,0.2635103876079131,0.035551622076871306,0.28426235960791313
KOAc,tBPh-CPhos,DMAc,0.153,90,PENDING,PENDING,0.0,35.879413272847785,14.126559241055649,8.651032876662502e-06,0.26330154498584285,0.035936499827620365,0.28405351698584286
KOAc,tBPh-CPhos,DMAc,0.1,120,PENDING,PENDING,0.0,53.43857496697198,11.499584381319513,7.112732223306449e-05,0.26716758332029344,0.03415969256047068,0.28791955532029345
KOAc,tBPh-CPhos,DMAc,0.1,105,PENDING,PENDING,0.0,44.258782200521466,12.106312539758823,5.426989163225584e-06,0.2671451329570895,0.03426337755719097,0.28789710495708953
KOAc,tBPh-CPhos,DMAc,0.1,90,PENDING,PENDING,0.0,34.52589261496588,14.085069634785883,5.00779151230233e-06,0.2669347851045621,0.034756024010144236,0.28768675710456204
KOAc,tBPh-CPhos,DMAc,0.057,120,PENDING,PENDING,0.0,51.93986156441243,12.007519466821497,9.10074286694922e-05,0.26979521135160606,0.033826320678844446,0.29054718335160606
KOAc,tBPh-CPhos,DMAc,0.057,105,PENDING,PENDING,0.0,42.8643749094721,12.680575559609462,9.209159626221352e-06,0.2697753926867659,0.03400469727326969,0.29052736468676593
KOAc,tBPh-CPhos,DMAc,0.057,90,PENDING,PENDING,0.0,33.273167959268406,14.69174903506556,8.852377264069352e-06,0.2695650699521456,0.034575078590490416,0.2903170419521456
KOAc,tBPh-CPhos,BuOAc,0.153,120,PENDING,PENDING,0.0,28.40815436686998,13.181923859615107,6.954807299584502e-08,0.26764227512712135,0.03527619385412425,0.28839424712712136
KOAc,tBPh-CPhos,BuOAc,0.153,105,PENDING,PENDING,0.0,20.264992854701287,12.448474386633768,1.5455551640051098e-10,0.2676297837060742,0.034652191954079266,0.2883817557060742
KOAc,tBPh-CPhos,BuOAc,0.153,90,PENDING,PENDING,0.0,12.582356073985547,13.177295107238363,3.438725215994319e-11,0.2674317999847851,0.0344107735912921,0.2881837719847851
KOAc,tBPh-CPhos,BuOAc,0.1,120,PENDING,PENDING,0.0,27.100018142017472,13.055712792571066,2.8314987208446713e-08,0.2712837891448507,0.03454186426174762,0.2920357611448507
KOAc,tBPh-CPhos,BuOAc,0.1,105,PENDING,PENDING,0.0,18.965261426033056,12.149368591672626,2.49376713144577e-11,0.27127402995451233,0.03399047275543267,0.29202600195451234
KOAc,tBPh-CPhos,BuOAc,0.1,90,PENDING,PENDING,0.0,11.321329243173896,12.72007494835782,3.066711915175172e-12,0.27107464678133486,0.03383186438937367,0.29182661878133487
KOAc,tBPh-CPhos,BuOAc,0.057,120,PENDING,PENDING,0.0,25.963974863223733,13.687340552868624,8.168119730831944e-08,0.2739156762569356,0.034744561340833736,0.2946676482569356
KOAc,tBPh-CPhos,BuOAc,0.057,105,PENDING,PENDING,0.0,17.921069000159193,12.707753462196482,1.0977001185055272e-10,0.27390855166529277,0.03427045127350882,0.2946605236652928
KOAc,tBPh-CPhos,BuOAc,0.057,90,PENDING,PENDING,0.0,10.388419929799081,13.16383566823143,1.022530749669718e-11,0.2737092064992539,0.034186534255402426,0.2944611784992539
KOAc,tBPh-CPhos,BuCN,0.153,120,PENDING,PENDING,0.0,28.321715994238865,13.927490592956971,3.6212438666528894e-07,0.26618279192944,0.03600512764662259,0.28693476392944
KOAc,tBPh-CPhos,BuCN,0.153,105,PENDING,PENDING,0.0,20.42185810118409,13.712368006997574,7.92160516426005e-09,0.26615885517735427,0.03576169882999791,0.2869108271773543
KOAc,tBPh-CPhos,BuCN,0.153,90,PENDING,PENDING,0.0,12.98922702736283,14.709012933400421,4.234098714985641e-09,0.2659494937366358,0.035889053500686025,0.28670146573663585
KOAc,tBPh-CPhos,BuCN,0.1,120,PENDING,PENDING,0.0,27.09377100425916,13.982245118546343,2.501773705298653e-07,0.2698179091874282,0.03492780207929239,0.2905698811874282
KOAc,tBPh-CPhos,BuCN,0.1,105,PENDING,PENDING,0.0,19.202542952627994,13.651611963149518,3.879827685811806e-09,0.26979667547993186,0.03476431663326101,0.29054864747993187
KOAc,tBPh-CPhos,BuCN,0.1,90,PENDING,PENDING,0.0,11.802357876385312,14.51806177549806,1.5328150123700643e-09,0.2695858588624864,0.034984813313304094,0.29033783086248643
KOAc,tBPh-CPhos,BuCN,0.057,120,PENDING,PENDING,0.0,26.030197235026684,14.6698489911411,6.698042821023978e-07,0.27244480507750857,0.03482938221334075,0.2931967770775086
KOAc,tBPh-CPhos,BuCN,0.057,105,PENDING,PENDING,0.0,18.225400462482227,14.261725244359509,1.2530157593982709e-08,0.27242621620038715,0.034738018695952236,0.29317818820038716
KOAc,tBPh-CPhos,BuCN,0.057,90,PENDING,PENDING,0.0,10.925362767520912,15.021434474173155,3.947678057659968e-09,0.272215445959208,0.03503122391583565,0.292967417959208
KOAc,X-Phos,p-Xylene,0.153,120,PENDING,PENDING,0.0,41.89264140496784,12.459117908675996,4.136894137834698e-06,0.029146959317335387,0.010358515768436107,0.049898932770186116
KOAc,X-Phos,p-Xylene,0.153,105,PENDING,PENDING,0.0,33.85202992994431,12.671649476042314,2.210723976071668e-07,0.029389460731013492,0.010422135863376725,0.050141434240077845
KOAc,X-Phos,p-Xylene,0.153,90,PENDING,PENDING,0.0,25.89531336457243,14.582748832036948,5.383774973759189e-07,0.02975308803119149,0.010708998864917857,0.050505062556940115
KOAc,X-Phos,p-Xylene,0.1,120,PENDING,PENDING,0.0,40.71020129139493,12.791340932945776,4.8953551945248475e-06,0.03486559071167411,0.010514523492725957,0.055617562826049155
KOAc,X-Phos,p-Xylene,0.1,105,PENDING,PENDING,0.0,32.705042309865014,12.883841961694197,2.2069265878042197e-07,0.035121495971883944,0.010649861856768469,0.055873468119521964
KOAc,X-Phos,p-Xylene,0.1,90,PENDING,PENDING,0.0,24.802844721478056,14.634420346812295,3.964742095358723e-07,0.0354959561859585,0.011006616094305723,0.0562479285096933
KOAc,X-Phos,p-Xylene,0.057,120,PENDING,PENDING,0.0,39.559364269979184,13.805130859712804,1.845535342802785e-05,0.03989506779032951,0.01090212974401471,0.06064703981487544
KOAc,X-Phos,p-Xylene,0.057,105,PENDING,PENDING,0.0,31.66449414310411,13.788878759545556,1.0041515251110544e-06,0.04015999921900044,0.011090541157729936,0.06091197125676986
KOAc,X-Phos,p-Xylene,0.057,90,PENDING,PENDING,0.0,23.889580504087483,15.345269317576694,1.0858043197433433e-06,0.04053948782504525,0.011507980470708905,0.061291459926948455
KOAc,X-Phos,DMAc,0.153,90,PENDING,PENDING,0.0,54.40624522326801,10.186103926515955,8.702387058246618e-06,0.03022973567473467,0.0024467858420707377,0.05098170767473467
KOAc,X-Phos,DMAc,0.1,105,PENDING,PENDING,0.0,64.23904782436388,7.777916455508193,3.761915333901685e-06,0.03548594465527053,0.0019427229419022305,0.05623791665527053
KOAc,X-Phos,DMAc,0.1,90,PENDING,PENDING,0.0,53.00924640265919,10.753243771663612,1.5229701202984036e-05,0.0358657717855665,0.0031368785812596217,0.0566177437855665
KOAc,X-Phos,DMAc,0.057,120,PENDING,PENDING,0.0,72.66050045133474,8.294740318524642,0.0011688648800882284,0.04016578917407598,0.0025884020469836497,0.060917761174075984
KOAc,X-Phos,DMAc,0.057,105,PENDING,PENDING,0.0,62.618317389978884,9.295465570881559,6.61081750737097e-05,0.0404401434898364,0.0031444133704986834,0.0611921154898364
KOAc,X-Phos,DMAc,0.057,90,PENDING,PENDING,0.0,51.579623431491754,12.046787272565785,8.471867034532928e-05,0.04082713275385821,0.004221054543227458,0.06157910475385821
KOAc,X-Phos,BuOAc,0.153,105,PENDING,PENDING,0.0,42.412182543660215,9.562729880793981,1.4741942799102227e-09,0.03847319257369248,0.0022254194380102,0.05922516457369248
KOAc,X-Phos,BuOAc,0.153,90,PENDING,PENDING,0.0,32.957284155784286,11.75127246942902,1.2487462376734665e-08,0.03886383221487731,0.0035685945902847174,0.05961580421487731
KOAc,X-Phos,BuOAc,0.1,120,PENDING,PENDING,0.0,50.198823328955186,9.909200905033199,5.113957485211956e-07,0.043956809996898875,0.0026051360077875923,0.06470878199689888
KOAc,X-Phos,BuOAc,0.1,105,PENDING,PENDING,0.0,41.02894300841614,9.951982588356229,2.795918086374664e-09,0.04424584792576312,0.0032715127084472317,0.06499781992576312
KOAc,X-Phos,BuOAc,0.1,90,PENDING,PENDING,0.0,31.651740803600745,11.891176332342086,9.756784484767633e-09,0.0446470311477759,0.004463816235524834,0.0653990031477759
KOAc,X-Phos,BuOAc,0.057,120,PENDING,PENDING,0.0,48.71174939755005,11.295342604921252,6.976169375098591e-06,0.04900823140181384,0.004115590291507705,0.06976020340181384
KOAc,X-Phos,BuOAc,0.057,105,PENDING,PENDING,0.0,39.68924563473964,11.208169889203848,7.995189562430835e-08,0.049305982447602606,0.004685063869309296,0.0700579544476026
KOAc,X-Phos,BuOAc,0.057,90,PENDING,PENDING,0.0,30.495130131487635,12.842999919999944,7.581738077943265e-08,0.049711415096102246,0.005714480685907464,0.07046338709610225
KOAc,X-Phos,BuCN,0.153,120,PENDING,PENDING,0.0,51.19326475628261,10.758393191850596,6.805639547867627e-06,0.03562288385882067,0.005874159395389356,0.05637485585882067
KOAc,X-Phos,BuCN,0.153,105,PENDING,PENDING,0.0,42.24721578876481,11.207462934398434,2.862948939100845e-07,0.035870001143337986,0.005992240927842251,0.056621973143337986
KOAc,X-Phos,BuCN,0.153,90,PENDING,PENDING,0.0,33.094903340074396,13.211630820894495,5.40387146270725e-07,0.03622708404582192,0.0064531265279002955,0.05697905604582192
KOAc,X-Phos,BuCN,0.1,120,PENDING,PENDING,0.0,49.851954743437915,11.380115258433023,1.3462656348994524e-05,0.04129435747585796,0.006074207937980763,0.06204632947585796
KOAc,X-Phos,BuCN,0.1,105,PENDING,PENDING,0.0,40.94569754636612,11.720894535439426,5.562654380099758e-07,0.04155550257340119,0.006317980299910299,0.06230747457340119
KOAc,X-Phos,BuCN,0.1,90,PENDING,PENDING,0.0,31.860085308761782,13.520280350089724,6.293146259585601e-07,0.04192536363284908,0.00688520244842358,0.06267733563284908
KOAc,X-Phos,BuCN,0.057,120,PENDING,PENDING,0.0,48.456938229834336,12.656241296126712,6.997138148381312e-05,0.0462748969787532,0.006613380753910781,0.0670268689787532
KOAc,X-Phos,BuCN,0.057,105,PENDING,PENDING,0.0,39.685885068984426,12.879110364434236,3.871003240937077e-06,0.04654515918693661,0.006935830826422441,0.06729713118693662
KOAc,X-Phos,BuCN,0.057,90,PENDING,PENDING,0.0,30.76477888024592,14.453501908419094,2.494761417404042e-06,0.04692097804183564,0.007576616924923656,0.06767295004183564
KOAc,PPhtBu2,p-Xylene,0.153,120,PENDING,PENDING,0.0,-7.736944954280233,25.66744997965833,7.770022577965364e-05,0.04021386240088643,0.011633217155477238,0.060965834567411316
KOAc,PPhtBu2,p-Xylene,0.153,105,PENDING,PENDING,0.0,-12.205742782153337,26.169783180656452,5.2054247892238366e-05,0.04014495088906539,0.011683083552520693,0.060896923084850216
KOAc,PPhtBu2,p-Xylene,0.153,90,PENDING,PENDING,0.0,-15.530508984085728,27.89325517679251,0.00010861080586528713,0.040247425775242776,0.01208810486680827,0.060999398279097006
KOAc,PPhtBu2,p-Xylene,0.1,120,PENDING,PENDING,0.0,-9.020046831706054,25.10938539556776,3.873702707343329e-05,0.046754803326932076,0.011512015970655137,0.06750677533113981
KOAc,PPhtBu2,p-Xylene,0.1,105,PENDING,PENDING,0.0,-13.464834687791573,25.606285480566477,2.575248548616709e-05,0.04670263725632287,0.011572717222362989,0.06745460926157971
KOAc,PPhtBu2,p-Xylene,0.1,90,PENDING,PENDING,0.0,-16.735068282610392,27.373006964724294,6.054555264160908e-05,0.04681321388754145,0.01199526401022607,0.06756518590539948
KOAc,PPhtBu2,p-Xylene,0.057,120,PENDING,PENDING,0.0,-9.85170452979672,25.10288406287331,3.290485298926456e-05,0.05246596656233972,0.011933096074907577,0.07321793856312526
KOAc,PPhtBu2,p-Xylene,0.057,105,PENDING,PENDING,0.0,-14.249243554651898,25.576391788030598,2.162601074998685e-05,0.05242991840598064,0.012001275409039546,0.07318189040698812
KOAc,PPhtBu2,p-Xylene,0.057,90,PENDING,PENDING,0.0,-17.45776067540274,27.337077204990358,5.204081122143871e-05,0.052547489495372454,0.01242891437293941,0.07329946149906451
KOAc,PPhtBu2,DMAc,0.153,120,PENDING,PENDING,0.0,11.032446773809312,18.71464069136162,3.8331175187951395e-06,0.0384062752855822,0.009423546262206204,0.059158247285828414
KOAc,PPhtBu2,DMAc,0.153,105,PENDING,PENDING,0.0,5.507411437239938,19.86419270462409,3.993867517140291e-06,0.03833750758667871,0.009578163332553466,0.059089479587186675
KOAc,PPhtBu2,DMAc,0.153,90,PENDING,PENDING,0.0,0.6810241501625072,22.79119244142354,3.27120860016798e-05,0.03844688367637245,0.010131103968927134,0.05919885568058121
KOAc,PPhtBu2,DMAc,0.1,120,PENDING,PENDING,0.0,9.417915875075941,17.597978413980787,4.4857451960219027e-07,0.044873152697950426,0.009119886962705154,0.0656251246979508
KOAc,PPhtBu2,DMAc,0.1,105,PENDING,PENDING,0.0,3.9198236465827847,18.890493118031422,6.696964663144841e-07,0.04482125717198824,0.009292858727725712,0.06557322917198932
KOAc,PPhtBu2,DMAc,0.1,90,PENDING,PENDING,0.0,-0.8334555884036945,22.060199715024872,1.1273789829559244e-05,0.044939258245169623,0.009880031047636188,0.06569123024519068
KOAc,PPhtBu2,DMAc,0.057,120,PENDING,PENDING,0.0,8.19583462912535,17.42349944562278,2.2625165531451723e-07,0.050540205078608076,0.009472109441487561,0.0712921770786081
KOAc,PPhtBu2,DMAc,0.057,105,PENDING,PENDING,0.0,2.756876938829464,18.765545764663536,3.936673106671506e-07,0.05050450943305292,0.00965098213883965,0.07125648143305302
KOAc,PPhtBu2,DMAc,0.057,90,PENDING,PENDING,0.0,-1.9067235515771372,22.011644459566458,8.392715283199638e-06,0.05062976395205076,0.010243100723411688,0.07138173595205302
KOAc,PPhtBu2,BuOAc,0.153,120,PENDING,PENDING,0.0,-2.386428539573842,24.709761516280345,9.58627642973994e-05,0.05343459669144926,0.011215782291340801,0.07418656869147958
KOAc,PPhtBu2,BuOAc,0.153,105,PENDING,PENDING,0.0,-7.3786013016136565,25.190869659914075,5.640109016240898e-05,0.05339657680690208,0.011098463440336511,0.074148548806921
KOAc,PPhtBu2,BuOAc,0.153,90,PENDING,PENDING,0.0,-11.3444569016998,26.918744503799072,0.000107626273609749,0.053508666792171,0.011350001369859386,0.07426063879222117
KOAc,PPhtBu2,BuOAc,0.1,120,PENDING,PENDING,0.0,-3.800218927038891,24.097134799290277,4.3766399471726735e-05,0.06000950108841938,0.010697658176558657,0.08076147308841941
KOAc,PPhtBu2,BuOAc,0.1,105,PENDING,PENDING,0.0,-8.768826330891862,24.575089211828615,2.5375161797334435e-05,0.05998830387433922,0.010563548326339246,0.08074027587433924
KOAc,PPhtBu2,BuOAc,0.1,90,PENDING,PENDING,0.0,-12.675071318867822,26.354159718457293,5.5488198919302926e-05,0.06010854685516487,0.01082352998783517,0.08086051885516493
KOAc,PPhtBu2,BuOAc,0.057,120,PENDING,PENDING,0.0,-4.776134509226715,24.072902166695226,3.5362994027530363e-05,0.06571001950401165,0.010835157031986271,0.08646199150401165
KOAc,PPhtBu2,BuOAc,0.057,105,PENDING,PENDING,0.0,-9.692234026667272,24.52895677046725,2.0276922819068835e-05,0.06570505121653963,0.010698423709907312,0.08645702321653964
KOAc,PPhtBu2,BuOAc,0.057,90,PENDING,PENDING,0.0,-13.525818230369644,26.306041327789025,4.586628218817353e-05,0.0658324440248807,0.010964820238791783,0.0865844160248807
KOAc,PPhtBu2,BuCN,0.153,120,PENDING,PENDING,0.0,-2.9398273825555847,24.1488064869662,5.411746547045017e-05,0.04764211241975279,0.01018887709775892,0.06839408441976672
KOAc,PPhtBu2,BuCN,0.153,105,PENDING,PENDING,0.0,-7.797921593775484,24.746737101511382,3.570072163733393e-05,0.04756814350764668,0.010331893547732174,0.06832011550767499
KOAc,PPhtBu2,BuCN,0.153,90,PENDING,PENDING,0.0,-11.607451394227176,26.614566832223858,8.194421592879419e-05,0.047652954305157105,0.010850573870062446,0.06840492630539508
KOAc,PPhtBu2,BuCN,0.1,120,PENDING,PENDING,0.0,-4.331353431507779,23.553089916831393,2.393491335147158e-05,0.054151396132446544,0.009984209808500717,0.07490336813244658
KOAc,PPhtBu2,BuCN,0.1,105,PENDING,PENDING,0.0,-9.164960769640452,24.15867270455384,1.5906837265101644e-05,0.05409437292777067,0.010140452339141296,0.07484634492777077
KOAc,PPhtBu2,BuCN,0.1,90,PENDING,PENDING,0.0,-12.914720917160302,26.08652872340083,4.2809934694214595e-05,0.05418772628595504,0.010683298818975836,0.07493969828595673
KOAc,PPhtBu2,BuCN,0.057,120,PENDING,PENDING,0.0,-5.281476791161296,23.556697201646788,1.9758051849226284e-05,0.05981609014661142,0.01038566994598186,0.08056806214661143
KOAc,PPhtBu2,BuCN,0.057,105,PENDING,PENDING,0.0,-10.063377441168704,24.14403045171008,1.3059170403830638e-05,0.05977549042450063,0.010545454124527854,0.08052746242450064
KOAc,PPhtBu2,BuCN,0.057,90,PENDING,PENDING,0.0,-13.742420560066279,26.07131040659048,3.636479109595046e-05,0.05987637899896887,0.011090060746440382,0.08062835099896913
KOAc,PPhMe2,p-Xylene,0.153,120,PENDING,PENDING,0.0,1.8486037141157894,19.674881907281357,1.176918808369764e-06,0.03386624927242708,0.01717751876475429,0.054621652420680594
KOAc,PPhMe2,p-Xylene,0.153,105,PENDING,PENDING,0.0,-0.9378294859885656,18.09528914111829,3.9612352908665954e-08,0.033861911399917025,0.016893005917100645,0.05461665163054063
KOAc,PPhMe2,p-Xylene,0.153,90,PENDING,PENDING,0.0,-2.900874716556274,18.38585378530884,3.6022214941427634e-08,0.033973636220815465,0.016934498577850995,0.054728397016818614
KOAc,PPhMe2,p-Xylene,0.1,120,PENDING,PENDING,0.0,0.5419519081942497,19.041100517696425,3.173996014772915e-07,0.04034180326000878,0.0167496824619902,0.06109431478868526
KOAc,PPhMe2,p-Xylene,0.1,105,PENDING,PENDING,0.0,-2.193516066097928,17.479796343712753,7.617364293089895e-09,0.040354267433750104,0.01658668988143505,0.06110669880982502
KOAc,PPhMe2,p-Xylene,0.1,90,PENDING,PENDING,0.0,-4.076447570334253,17.88016602879378,9.104823482938661e-09,0.04047252823476896,0.016759776932725085,0.06122502778789707
KOAc,PPhMe2,p-Xylene,0.057,120,PENDING,PENDING,0.0,-0.37235549175570526,19.12894218572169,2.791599669275405e-07,0.04588423948102632,0.016852476899164984,0.06663635892905415
KOAc,PPhMe2,p-Xylene,0.057,105,PENDING,PENDING,0.0,-3.059308648870335,17.650705631139104,8.052571445581131e-09,0.045911128189287075,0.016795403508544422,0.0666632377353196
KOAc,PPhMe2,p-Xylene,0.057,90,PENDING,PENDING,0.0,-4.875819644051141,18.138493974454175,1.1698740923734177e-08,0.046034871014688644,0.017076574594783765,0.0667870233697891
KOAc,PPhMe2,DMAc,0.153,120,PENDING,PENDING,0.0,15.556954471533526,16.91909011867397,1.00800268808569e-06,0.0314999197184451,0.015850034279426835,0.05225393482372368
KOAc,PPhMe2,DMAc,0.153,105,PENDING,PENDING,0.0,11.658272880191571,16.907859420275194,2.813745695951329e-07,0.031497810178697565,0.01572867193725357,0.05225162346326955
KOAc,PPhMe2,DMAc,0.153,90,PENDING,PENDING,0.0,8.367895620823983,18.804035103801564,2.078341451185864e-06,0.031619383735893146,0.015944325683214047,0.05237350665402561
KOAc,PPhMe2,DMAc,0.1,120,PENDING,PENDING,0.0,13.808784290576241,15.817567337038744,7.418568097125563e-08,0.037909434015875834,0.015068345490005408,0.0586615780995238
KOAc,PPhMe2,DMAc,0.1,105,PENDING,PENDING,0.0,9.965334628154832,16.006261409246537,2.6770899095815837e-08,0.03792434365515461,0.015084399179625788,0.05867649029318953
KOAc,PPhMe2,DMAc,0.1,90,PENDING,PENDING,0.0,6.783992063658097,18.213113309053305,5.437647652283836e-07,0.03805296698517504,0.015455050730891673,0.05880519667127095
KOAc,PPhMe2,DMAc,0.057,120,PENDING,PENDING,0.0,12.479271606084971,15.666254809227661,3.294192315719689e-08,0.04341494992051982,0.014892508070094715,0.06416694784811049
KOAc,PPhMe2,DMAc,0.057,105,PENDING,PENDING,0.0,8.697969037282949,15.999860278474987,1.6441432575586324e-08,0.043444391955011485,0.015025811377902064,0.06419639497614339
KOAc,PPhMe2,DMAc,0.057,90,PENDING,PENDING,0.0,5.614655705802292,18.362401758593812,4.856130625426951e-07,0.043578735826368974,0.015520958475178002,0.06433076564749507
KOAc,PPhMe2,BuOAc,0.153,120,PENDING,PENDING,0.0,7.477342458344204,16.638371362024113,4.05552195693575e-08,0.048622076252898286,0.01486379893030884,0.06937405274367715
KOAc,PPhMe2,BuOAc,0.153,105,PENDING,PENDING,0.0,4.215836900980285,14.71596147831466,8.947957135526216e-11,0.04865355045519193,0.014438016113019045,0.06940552458857732
KOAc,PPhMe2,BuOAc,0.153,90,PENDING,PENDING,0.0,1.6418497739501206,15.203365615915455,1.2031774637155483e-10,0.04877040627609324,0.014400531487102197,0.06952238018788667
KOAc,PPhMe2,BuOAc,0.1,120,PENDING,PENDING,0.0,6.0403207505860905,15.653362341851953,2.600470051668422e-09,0.05517020098027791,0.01398181596992383,0.07592217304855882
KOAc,PPhMe2,BuOAc,0.1,105,PENDING,PENDING,0.0,2.8311150046726823,13.692341223608896,1.3166869923834974e-12,0.055218902145301306,0.013672966174468662,0.07597087417730201
KOAc,PPhMe2,BuOAc,0.1,90,PENDING,PENDING,0.0,0.3436106872564224,14.371935960140636,4.483596660711136e-12,0.055342060562680866,0.013783680779335465,0.07609403260246089
KOAc,PPhMe2,BuOAc,0.057,120,PENDING,PENDING,0.0,4.978269175462813,15.625166615911963,1.5754759187438833e-09,0.06071544777118047,0.013813579264769423,0.08146741977528034
KOAc,PPhMe2,BuOAc,0.057,105,PENDING,PENDING,0.0,1.82298456936077,13.760289839721422,9.979305686679985e-13,0.06077868264909526,0.013621958857326526,0.08153065465143285
KOAc,PPhMe2,BuOAc,0.057,90,PENDING,PENDING,0.0,-0.5868240482876175,14.570665604258522,5.659824514811944e-12,0.060907306155530236,0.01386267059976708,0.08165927815982865
KOAc,PPhMe2,BuCN,0.153,120,PENDING,PENDING,0.0,7.0124283686580355,16.59952393957019,3.1767618643738384e-08,0.04075521620676177,0.015325599830802538,0.061507291406106085
KOAc,PPhMe2,BuCN,0.153,105,PENDING,PENDING,0.0,3.941352172159398,14.3861664460982,2.7603535334072935e-11,0.040749778870886814,0.015012866643953494,0.06150182047916778
KOAc,PPhMe2,BuCN,0.153,90,PENDING,PENDING,0.0,1.5718397117011023,14.488505983468151,1.2297892143612148e-11,0.04084800276982264,0.015059106137450231,0.06160004652953456
KOAc,PPhMe2,BuCN,0.1,120,PENDING,PENDING,0.0,5.595437297441528,15.86998385232102,3.693665807151495e-09,0.04722013313419953,0.014872593204751441,0.0679721124366577
KOAc,PPhMe2,BuCN,0.1,105,PENDING,PENDING,0.0,2.5792898443300416,13.667811401872207,1.044983491771771e-12,0.047231856809222525,0.01470036164392343,0.06798383431423335
KOAc,PPhMe2,BuCN,0.1,90,PENDING,PENDING,0.0,0.29819760095625725,13.934966440330003,8.706008793868341e-13,0.04733688106373978,0.014899439210190466,0.0680888603938734
KOAc,PPhMe2,BuCN,0.057,120,PENDING,PENDING,0.0,4.556376301155765,16.023949635656358,3.5519167499444863e-09,0.05273268125926412,0.014996591504124883,0.07348465462274535
KOAc,PPhMe2,BuCN,0.057,105,PENDING,PENDING,0.0,1.593255116419897,13.973344447733016,1.9933352313272787e-12,0.05275910841299293,0.01494766651921284,0.07351108165015573
KOAc,PPhMe2,BuCN,0.057,90,PENDING,PENDING,0.0,-0.6118911999128329,14.380161128336841,2.8564600040730395e-12,0.052869943437688444,0.015270832988837389,0.07362191753668564
KOAc,PPh3,p-Xylene,0.153,120,PENDING,PENDING,0.0,22.37730714823293,12.692918063471062,1.0478029231632564e-09,0.02419595701096372,0.0072782152555030495,0.04494792901133382
KOAc,PPh3,p-Xylene,0.153,105,PENDING,PENDING,0.0,15.516110370529717,12.844656362519649,4.959570103244485e-11,0.02415352173261831,0.0074593627495599365,0.04490549373364605
KOAc,PPh3,p-Xylene,0.153,90,PENDING,PENDING,0.0,9.307710093705708,14.587717942582094,6.171952275537047e-10,0.024317041631554154,0.008141876494861672,0.045069013653090885
KOAc,PPh3,p-Xylene,0.1,120,PENDING,PENDING,0.0,21.229428081287782,12.987001942201706,1.4727632520135404e-09,0.030922367124769576,0.00792728304558511,0.05167433912481092
KOAc,PPh3,p-Xylene,0.1,105,PENDING,PENDING,0.0,14.370354259920045,12.901228206439058,3.296362261221058e-11,0.030897257926460427,0.00809294263544663,0.05164922992656637
KOAc,PPh3,p-Xylene,0.1,90,PENDING,PENDING,0.0,8.183562024142052,14.401349735381004,2.1492658142882616e-10,0.03106844605689358,0.008725253926747457,0.051820418058893127
KOAc,PPh3,p-Xylene,0.057,120,PENDING,PENDING,0.0,20.31341595975491,13.944747778556069,1.379827850398707e-08,0.03684565891476045,0.009127961308763737,0.05759763091495319
KOAc,PPh3,p-Xylene,0.057,105,PENDING,PENDING,0.0,13.514217169686873,13.672460159644308,2.8560901660326304e-10,0.036836870639227026,0.00927074093321259,0.05758884263959964
KOAc,PPh3,p-Xylene,0.057,90,PENDING,PENDING,0.0,7.393269807063881,14.927576177447857,6.872456216360441e-10,0.03701400623214265,0.009835836454292129,0.057765978235543414
KOAc,PPh3,DMAc,0.153,105,PENDING,PENDING,0.0,51.084512291535745,9.207158999379278,9.873227961778083e-08,0.021793864411967054,0.002466934649172411,0.042545836411967054
KOAc,PPh3,DMAc,0.153,90,PENDING,PENDING,0.0,41.27615184134416,11.89219397654293,9.62950314228665e-07,0.021969039760151216,0.004163542964158603,0.042721011760151216
KOAc,PPh3,DMAc,0.1,120,PENDING,PENDING,0.0,58.565939912384295,8.93306618177558,3.4754646193629923e-06,0.02849431218272455,0.0032543857220149715,0.04924628418272455
KOAc,PPh3,DMAc,0.1,105,PENDING,PENDING,0.0,49.59601558741414,9.846615011555006,3.071348067726603e-07,0.028470286447049645,0.0037848209375491372,0.049222258447049645
KOAc,PPh3,DMAc,0.1,90,PENDING,PENDING,0.0,39.81477566259096,12.38285975139535,1.5026208612929125e-06,0.02865342151308528,0.005058714743157679,0.04940539351308528
KOAc,PPh3,DMAc,0.057,120,PENDING,PENDING,0.0,56.93125386091644,10.343971206452116,3.844277931680984e-05,0.034385504603305306,0.005374102056727082,0.055137476603305306
KOAc,PPh3,DMAc,0.057,105,PENDING,PENDING,0.0,48.051947315696594,11.169446039795016,3.992967684606164e-06,0.03437778441978227,0.00571093218465682,0.05512975641978227
KOAc,PPh3,DMAc,0.057,90,PENDING,PENDING,0.0,38.4144356821328,13.47649608997589,7.111128471893111e-06,0.034566734809552344,0.006638792728928833,0.055318706809552344
KOAc,PPh3,BuOAc,0.153,120,PENDING,PENDING,0.0,30.946988272526518,11.053547364641643,3.949234817554248e-10,0.037620827701184634,0.006380418611668353,0.058372799701184634
KOAc,PPh3,BuOAc,0.153,105,PENDING,PENDING,0.0,23.032951565369476,10.752205474481194,6.746082670393506e-13,0.03761093788744459,0.0062197992872458484,0.05836290988744459
KOAc,PPh3,BuOAc,0.153,90,PENDING,PENDING,0.0,15.512924967804818,12.111283370557867,2.8450300307910313e-12,0.03778475091241988,0.006663899111108943,0.05853672291241988
KOAc,PPh3,BuOAc,0.1,120,PENDING,PENDING,0.0,29.56160371848159,11.315705752047435,4.663443015625156e-10,0.044385304920936494,0.006224768847323981,0.06513727692093649
KOAc,PPh3,BuOAc,0.1,105,PENDING,PENDING,0.0,21.643452114023773,10.725487922395773,2.2361929210294124e-13,0.044392900264322986,0.006011117928543212,0.06514487226432299
KOAc,PPh3,BuOAc,0.1,90,PENDING,PENDING,0.0,14.155233297409815,11.782852923116215,2.823985892768018e-13,0.044574453000520514,0.006430303471736855,0.06532642500052052
KOAc,PPh3,BuOAc,0.057,120,PENDING,PENDING,0.0,28.354697391363747,12.345545329332401,7.20142683177338e-09,0.050299463881315926,0.007040085839649018,0.07105143588131593
KOAc,PPh3,BuOAc,0.057,105,PENDING,PENDING,0.0,20.51337093246298,11.580657976416118,6.1161876106820394e-12,0.050323518635587226,0.006821103464724193,0.07107549063558723
KOAc,PPh3,BuOAc,0.057,90,PENDING,PENDING,0.0,13.126166345484403,12.369614387168944,2.0572903035033233e-12,0.05051117209125891,0.0071819834425171135,0.07126314409125892
KOAc,PPh3,BuCN,0.153,120,PENDING,PENDING,0.0,30.831791739343565,11.121546001166996,4.760606167708056e-10,0.031476828799932265,0.004402550232040451,0.052228800799932265
KOAc,PPh3,BuCN,0.153,105,PENDING,PENDING,0.0,23.181994501224253,11.41547372113722,1.5599474373066957e-11,0.03143015107684883,0.004885488735006508,0.05218212307684883
KOAc,PPh3,BuCN,0.153,90,PENDING,PENDING,0.0,15.9361560686969,13.140716477114585,1.7118277616023773e-10,0.03157806264075651,0.005994129246928997,0.05233003464075651
KOAc,PPh3,BuCN,0.1,120,PENDING,PENDING,0.0,29.532988912510397,11.67625896338159,1.6212230363377532e-09,0.038176375675012295,0.005349230518171188,0.058928347675012295
KOAc,PPh3,BuCN,0.1,105,PENDING,PENDING,0.0,21.87951856230457,11.72558308274889,2.5447759111366588e-11,0.03814724279895142,0.005747986690297685,0.05889921479895142
KOAc,PPh3,BuCN,0.1,90,PENDING,PENDING,0.0,14.658585345004305,13.15571061251735,9.371214095187737e-11,0.03830318209075664,0.006711714051321921,0.059055154090756644
KOAc,PPh3,BuCN,0.057,120,PENDING,PENDING,0.0,28.40690032336797,12.86331365693317,3.1072910824998015e-08,0.04405912347488428,0.006928324021587514,0.06481109547488428
KOAc,PPh3,BuCN,0.057,105,PENDING,PENDING,0.0,20.824008164681846,12.718176910086578,5.158935747667813e-10,0.04404659918415951,0.007235405861712917,0.06479857118415952
KOAc,PPh3,BuCN,0.057,90,PENDING,PENDING,0.0,13.691132267660318,13.876547619806518,5.79263770557164e-10,0.044208869982334066,0.008030089876740018,0.06496084198233405
KOAc,PPh2Me,p-Xylene,0.153,120,PENDING,PENDING,0.0,-3.333731982117186,17.115892703137177,2.2677103298930727e-09,0.01931913327159762,0.012206472018373214,0.040072763600485395
KOAc,PPh2Me,p-Xylene,0.153,105,PENDING,PENDING,0.0,-5.774692007299215,17.195681800648895,1.099769655837599e-09,0.019208081218806836,0.012598956408005279,0.03996264457636475
KOAc,PPh2Me,p-Xylene,0.153,90,PENDING,PENDING,0.0,-7.246143567203028,19.25796521765436,4.434162424550652e-08,0.019239312270069364,0.013617300711749077,0.039997778401336906
KOAc,PPh2Me,p-Xylene,0.1,120,PENDING,PENDING,0.0,-3.773817554575359,17.49068656371474,4.45444449676033e-09,0.02500879195691596,0.013134393709502808,0.045761582317848305
KOAc,PPh2Me,p-Xylene,0.1,105,PENDING,PENDING,0.0,-6.194979697952462,17.397220448038908,1.504383813406465e-09,0.024909764235276792,0.013508186634506772,0.04566299980931047
KOAc,PPh2Me,p-Xylene,0.1,90,PENDING,PENDING,0.0,-7.651233830269732,19.264596599782664,3.962708295378175e-08,0.024946100903192714,0.014467404874861303,0.0457011943566696
KOAc,PPh2Me,p-Xylene,0.057,120,PENDING,PENDING,0.0,-3.95219234277112,18.54920517979578,3.476796122394048e-08,0.02995521464711763,0.014840841506631642,0.050708391593427694
KOAc,PPh2Me,p-Xylene,0.057,105,PENDING,PENDING,0.0,-6.353639375311545,18.325280905674713,1.034598598515197e-08,0.029867392796998175,0.015175968257615744,0.05062105166711315
KOAc,PPh2Me,p-Xylene,0.057,90,PENDING,PENDING,0.0,-7.801202948209266,19.9594791586467,1.2168048471399496e-07,0.029908339484005515,0.016037127194611527,0.05066376847295701
KOAc,PPh2Me,DMAc,0.153,120,PENDING,PENDING,0.0,10.642654597625526,14.69260648634922,1.484357083668366e-09,0.018367195119259383,0.009916956469071569,0.03911925754428329
KOAc,PPh2Me,DMAc,0.153,105,PENDING,PENDING,0.0,7.130614321137905,15.801231271159793,5.729251384364224e-09,0.018254661476645395,0.010435758018627245,0.039006864497914046
KOAc,PPh2Me,DMAc,0.153,90,PENDING,PENDING,0.0,4.3570756539685505,18.899242346983648,7.692817056484685e-07,0.018286494782759358,0.011666754665639571,0.0390397117681625
KOAc,PPh2Me,DMAc,0.1,120,PENDING,PENDING,0.0,10.027859737243556,15.31415462990708,5.643874102385809e-09,0.024005078432127416,0.010951339965929518,0.04475710348317762
KOAc,PPh2Me,DMAc,0.1,105,PENDING,PENDING,0.0,6.52741923999892,16.288901630739524,1.3782237501715214e-08,0.023904632473077392,0.011433384104883051,0.04465672799599761
KOAc,PPh2Me,DMAc,0.1,90,PENDING,PENDING,0.0,3.7645025736848226,19.19892075826139,1.0119171903424481e-06,0.023941826616352815,0.012573226684752156,0.04469438937794584
KOAc,PPh2Me,DMAc,0.057,120,PENDING,PENDING,0.0,9.640920847843535,16.649462483976038,8.830568615381668e-08,0.028915364458748767,0.01286486316830328,0.04966750539539484
KOAc,PPh2Me,DMAc,0.057,105,PENDING,PENDING,0.0,6.163841606876822,17.461341409238873,1.25238679188981e-07,0.028826184716339402,0.013281875117639315,0.04957845699266123
KOAc,PPh2Me,DMAc,0.057,90,PENDING,PENDING,0.0,3.415394609284725,20.093605601668852,3.1245236890214886e-06,0.028868188696634982,0.014277339377750385,0.04962108105617453
KOAc,PPh2Me,BuOAc,0.153,105,PENDING,PENDING,0.0,-1.4603649893996788,12.306828530734704,1.3751410553130747e-16,0.030472848201994494,0.0033742368420435877,0.051224820201994495
KOAc,PPh2Me,BuOAc,0.153,90,PENDING,PENDING,0.0,-3.4464933601814067,15.700930303550177,5.511691447029806e-11,0.030517003110373968,0.006174150490558318,0.05126897511037397
KOAc,PPh2Me,BuOAc,0.1,120,PENDING,PENDING,0.0,0.8680940617122346,12.252250233742497,4.956175065953454e-16,0.036275135129217616,0.004846888312877046,0.057027107129217616
KOAc,PPh2Me,BuOAc,0.1,105,PENDING,PENDING,0.0,-1.976752552413771,12.734180869087604,1.0169147168891413e-15,0.03620455342370555,0.0056928819235494005,0.05695652542370555
KOAc,PPh2Me,BuOAc,0.1,90,PENDING,PENDING,0.0,-3.9459872406941656,15.800110851892263,5.926722049520032e-11,0.036253801575355786,0.007681385621891103,0.05700577357535585
KOAc,PPh2Me,BuOAc,0.057,120,PENDING,PENDING,0.0,0.5837543126045901,13.944918502346274,1.052579007803494e-12,0.041217733402793506,0.008417744343976642,0.06196970540279361
KOAc,PPh2Me,BuOAc,0.057,105,PENDING,PENDING,0.0,-2.2392859562912406,14.165159662809439,5.535657874860733e-13,0.04115832324151505,0.008924975548275624,0.061910295241517525
KOAc,PPh2Me,BuOAc,0.057,90,PENDING,PENDING,0.0,-4.194790423932702,16.762631975577953,7.06653464849709e-10,0.04121211088326352,0.010297521572829614,0.06196408288470618
KOAc,PPh2Me,BuCN,0.153,120,PENDING,PENDING,0.0,1.336174997334524,13.06181719397659,3.9676751892303515e-14,0.025587089763153388,0.008569638513298191,0.04633906181084949
KOAc,PPh2Me,BuCN,0.153,105,PENDING,PENDING,0.0,-1.352342426023121,13.204837702369716,1.5398400844556252e-14,0.025473043162329595,0.009198063023310468,0.04622501559106421
KOAc,PPh2Me,BuCN,0.153,90,PENDING,PENDING,0.0,-3.1685392489792576,15.86089158087706,9.865364628805284e-11,0.025491832853487502,0.010618887944174954,0.046243819706708225
KOAc,PPh2Me,BuCN,0.1,120,PENDING,PENDING,0.0,0.8424802788183072,13.677466317243015,4.2206741556055793e-13,0.0312567038882878,0.009856227094449065,0.05200867600355149
KOAc,PPh2Me,BuCN,0.1,105,PENDING,PENDING,0.0,-1.8261557522473666,13.58529082180193,6.459929095745698e-14,0.031154788052472474,0.010417606349051648,0.05190676066379093
KOAc,PPh2Me,BuCN,0.1,90,PENDING,PENDING,0.0,-3.626500622767061,15.954730069861244,1.0582430902799363e-10,0.031178870431644308,0.011696483664413372,0.05193085331172944
KOAc,PPh2Me,BuCN,0.057,120,PENDING,PENDING,0.0,0.5918106781448387,15.150100635271201,6.41816880344414e-11,0.036170757131449155,0.01204806631884032,0.05692273185242988
KOAc,PPh2Me,BuCN,0.057,105,PENDING,PENDING,0.0,-2.0565315677140177,14.891355987526223,8.248083917306137e-12,0.03608016777665931,0.01251483642613276,0.0568321468731175
KOAc,PPh2Me,BuCN,0.057,90,PENDING,PENDING,0.0,-3.846200438856954,16.893776079443693,1.1116934091000407e-09,0.03610908622162444,0.013598581471227918,0.05686110105270775
KOAc,PCy3 HBF4,p-Xylene,0.153,120,PENDING,PENDING,0.0,5.778625222872691,14.093739801184695,2.5596364593920322e-11,0.02459531295998539,0.00813260940765899,0.04534728497693189
KOAc,PCy3 HBF4,p-Xylene,0.153,105,PENDING,PENDING,0.0,0.18783421075173834,12.706510482101354,3.5338899441557716e-15,0.0243624837811788,0.007612563403021694,0.04511445578306871
KOAc,PCy3 HBF4,p-Xylene,0.153,90,PENDING,PENDING,0.0,-4.474454658307799,13.696340397231332,2.3133043811022002e-14,0.024340337070130766,0.0076555625577325115,0.04509230907251119
KOAc,PCy3 HBF4,p-Xylene,0.1,120,PENDING,PENDING,0.0,4.865892880747225,14.502015807136157,6.230413629179348e-11,0.031043255583317296,0.00828239992403236,0.05179522758357071
KOAc,PCy3 HBF4,p-Xylene,0.1,105,PENDING,PENDING,0.0,-0.7118968583685543,12.969702780546148,7.421433371785925e-15,0.030826440618731896,0.007761744567050088,0.05157841261874886
KOAc,PCy3 HBF4,p-Xylene,0.1,90,PENDING,PENDING,0.0,-5.349585763048388,13.723379737147157,1.5776930409754543e-14,0.030812307200588612,0.007798587786058508,0.051564279200610054
KOAc,PCy3 HBF4,p-Xylene,0.057,120,PENDING,PENDING,0.0,4.2401142269684655,15.576807238904482,1.0274513281066309e-09,0.03675005835961215,0.009159829763856438,0.05750203035985159
KOAc,PCy3 HBF4,p-Xylene,0.057,105,PENDING,PENDING,0.0,-1.286896295951287,14.04441206213747,5.734476698109135e-13,0.03655090238267435,0.00869558900994228,0.057302874382702186
KOAc,PCy3 HBF4,p-Xylene,0.057,90,PENDING,PENDING,0.0,-5.872885808427121,14.604078242656056,4.482198200741861e-13,0.03654504171267252,0.00874563191464345,0.05729701371270894
KOAc,PCy3 HBF4,DMAc,0.153,120,PENDING,PENDING,0.0,31.203597515644855,13.154764080816019,2.1688790707663262e-07,0.023829354596735144,0.006607141970275651,0.044581326596742216
KOAc,PCy3 HBF4,DMAc,0.153,105,PENDING,PENDING,0.0,24.011651528972962,13.221728704102738,1.0781242515537604e-08,0.02359470228948668,0.0062737400525118454,0.04434667428948735
KOAc,PCy3 HBF4,DMAc,0.153,90,PENDING,PENDING,0.0,17.01458441412925,15.128435529833698,5.767974918251677e-08,0.02357201332637325,0.006572955511248497,0.04432398532638049
KOAc,PCy3 HBF4,DMAc,0.1,120,PENDING,PENDING,0.0,30.05577238561286,13.5720007406886,3.4017815082709494e-07,0.030196286412985086,0.006616300279902791,0.050948258412985094
KOAc,PCy3 HBF4,DMAc,0.1,105,PENDING,PENDING,0.0,22.867840376278117,13.613798525915275,1.808141200125382e-08,0.029977709026570952,0.006265369618040532,0.05072968102657095
KOAc,PCy3 HBF4,DMAc,0.1,90,PENDING,PENDING,0.0,15.891379335810495,15.419181491429415,7.00910314532369e-08,0.02996362553435896,0.006555239693440736,0.05071559753435897
KOAc,PCy3 HBF4,DMAc,0.057,120,PENDING,PENDING,0.0,29.020074872102235,14.639287161184194,1.8657161185903134e-06,0.0358437164190749,0.007472993345850084,0.05659568841907491
KOAc,PCy3 HBF4,DMAc,0.057,105,PENDING,PENDING,0.0,21.897656668229395,14.657081389820943,1.37599094087294e-07,0.03564293835917477,0.007163128473296236,0.05639491035917477
KOAc,PCy3 HBF4,DMAc,0.057,90,PENDING,PENDING,0.0,15.001193071581994,16.320347831103604,2.98738770076338e-07,0.035637662442344425,0.0074348708374002755,0.05638963444234445
KOAc,PCy3 HBF4,BuOAc,0.153,120,PENDING,PENDING,0.0,12.738857862404014,13.657422249875074,1.868863365047845e-10,0.03775364108851423,0.005385540580487489,0.05850561308851423
KOAc,PCy3 HBF4,BuOAc,0.153,105,PENDING,PENDING,0.0,6.367929648564484,11.469564427728333,2.5531726876331466e-16,0.037544261989306695,0.0040150050511233975,0.058296233989306695
KOAc,PCy3 HBF4,BuOAc,0.153,90,PENDING,PENDING,0.0,0.7485844328003424,11.507736387274411,4.833185400988687e-18,0.03752691562427459,0.0034905707376112743,0.05827888762427459
KOAc,PCy3 HBF4,BuOAc,0.1,120,PENDING,PENDING,0.0,11.659500520975339,13.826987886820561,1.8936063086493765e-10,0.044224305987488305,0.004528581975460211,0.06497627798748831
KOAc,PCy3 HBF4,BuOAc,0.1,105,PENDING,PENDING,0.0,5.300265542146093,11.41340015603456,8.216455139122534e-17,0.04403038094256749,0.0026252263151899293,0.06478235294256748
KOAc,PCy3 HBF4,BuOAc,0.057,120,PENDING,PENDING,0.0,10.834510656288625,14.75732271957497,1.917834697984607e-09,0.04991677199178333,0.005260020368597653,0.07066874399178333
KOAc,PCy3 HBF4,BuOAc,0.057,105,PENDING,PENDING,0.0,4.536595418892681,12.384680789997676,1.1221329936933463e-14,0.04974097296796781,0.0037119242149740894,0.07049294496796782
KOAc,PCy3 HBF4,BuOAc,0.057,90,PENDING,PENDING,0.0,-0.9802692853009844,12.0169936767023,3.4683978056673185e-17,0.049740143903671735,0.003049629054791276,0.07049211590367174
KOAc,PCy3 HBF4,BuCN,0.153,120,PENDING,PENDING,0.0,12.21879246241183,14.173065355317922,7.002724152628956e-10,0.03237788134395885,0.006702254316158311,0.05312985334395885
KOAc,PCy3 HBF4,BuCN,0.153,105,PENDING,PENDING,0.0,6.038048612904873,12.682005897913545,1.1799219399421926e-13,0.03213563809797174,0.006267863827465507,0.05288761009797174
KOAc,PCy3 HBF4,BuCN,0.153,90,PENDING,PENDING,0.0,0.6346204431891209,13.197586507295345,4.846958133972492e-14,0.03209050078957406,0.006483818287227921,0.05284247278957405
KOAc,PCy3 HBF4,BuCN,0.1,120,PENDING,PENDING,0.0,11.19945393391513,14.560573867678691,1.3214983566372955e-09,0.03878716663932834,0.006733989406326902,0.05953913863932834
KOAc,PCy3 HBF4,BuCN,0.1,105,PENDING,PENDING,0.0,5.030140120873469,12.919024230806443,1.8651960182754133e-13,0.03856091406560194,0.006280944775507737,0.05931288606560194
KOAc,PCy3 HBF4,BuCN,0.1,90,PENDING,PENDING,0.0,-0.3460774946693874,13.202627445447446,2.7774305691731093e-14,0.03852419968452974,0.006484703731897667,0.05927617168452974
KOAc,PCy3 HBF4,BuCN,0.057,120,PENDING,PENDING,0.0,10.433411985133024,15.584645801309001,1.2551149988936776e-08,0.044440387421045946,0.007641851454272051,0.06519235942104595
KOAc,PCy3 HBF4,BuCN,0.057,105,PENDING,PENDING,0.0,4.322320828728024,13.947885553420974,7.434990111151353e-12,0.04423224563029825,0.007244724746869396,0.06498421763029824
KOAc,PCy3 HBF4,BuCN,0.057,90,PENDING,PENDING,0.0,-0.9897061115997658,14.085841016712854,7.877391964136082e-13,0.04420454200542346,0.007438652170559603,0.06495651400542346
KOAc,P(fur)3,p-Xylene,0.153,105,PENDING,PENDING,0.0,16.874202606995787,10.307202134282791,5.304441679747977e-16,0.035539415752485704,0.0024863817057439483,0.056291387752485704
KOAc,P(fur)3,p-Xylene,0.153,90,PENDING,PENDING,0.0,10.50646601695221,12.792362376294355,2.5849195759878407e-12,0.03557930875475129,0.004217173945697121,0.056331280754751294
KOAc,P(fur)3,p-Xylene,0.1,120,PENDING,PENDING,0.0,23.06016902680983,9.879315304571094,4.885672798284134e-15,0.042505020351348795,0.0032197999503368476,0.0632569923513488
KOAc,P(fur)3,p-Xylene,0.1,105,PENDING,PENDING,0.0,16.037502003366356,10.175353593837531,1.0983013175820809e-16,0.04245198953899622,0.0038433558780212075,0.06320396153899621
KOAc,P(fur)3,p-Xylene,0.1,90,PENDING,PENDING,0.0,9.678130209442966,12.478921185938525,4.247239810339862e-13,0.04249596954662013,0.00519182094970446,0.06324794154662014
KOAc,P(fur)3,p-Xylene,0.057,120,PENDING,PENDING,0.0,22.386966876659205,10.959632259427373,1.2056892818493482e-12,0.04836823503084932,0.00534383138603731,0.06912020703084931
KOAc,P(fur)3,p-Xylene,0.057,105,PENDING,PENDING,0.0,15.42769851795115,11.021797830117384,1.3377309890599136e-14,0.04832930260830774,0.005778549990767676,0.06908127460830774
KOAc,P(fur)3,p-Xylene,0.057,90,PENDING,PENDING,0.0,9.121376045452102,13.02646036824612,3.0233226215695665e-12,0.04837772235622216,0.006799700234632708,0.06912969435622215
KOAc,P(fur)3,DMAc,0.153,105,PENDING,PENDING,0.0,52.10075173505694,8.654820245690212,2.6196219499545627e-08,0.03393048406093168,0.0024136935325856034,0.05468245606093168
KOAc,P(fur)3,DMAc,0.153,90,PENDING,PENDING,0.0,41.877272289238455,11.268844564929294,2.8029259734852846e-07,0.03395606340208984,0.004009046702037704,0.05470803540208984
KOAc,P(fur)3,DMAc,0.1,120,PENDING,PENDING,0.0,60.44088272493045,7.94259134568555,5.350926363560386e-07,0.040834235346437785,0.0031153990458478386,0.061586207346437785
KOAc,P(fur)3,DMAc,0.1,105,PENDING,PENDING,0.0,51.00319978996184,9.018827362428743,4.896957073450803e-08,0.04076530167223377,0.003752413810063381,0.06151727367223377
KOAc,P(fur)3,DMAc,0.1,90,PENDING,PENDING,0.0,40.77878663386625,11.639030355913517,4.2231414034517123e-07,0.04079598155244346,0.0050245821886452015,0.06154795355244346
KOAc,P(fur)3,DMAc,0.057,120,PENDING,PENDING,0.0,59.10451762754174,9.152771141098508,8.211412445376348e-06,0.04664077152734555,0.005085883782735895,0.06739274352734555
KOAc,P(fur)3,DMAc,0.057,105,PENDING,PENDING,0.0,49.77288936226827,10.202000751340965,9.055982301739204e-07,0.04658656237331343,0.005565017122599901,0.06733853437331343
KOAc,P(fur)3,DMAc,0.057,90,PENDING,PENDING,0.0,39.679416847382065,12.68099428965862,2.6235236191710987e-06,0.0466230787673405,0.006567361879262121,0.0673750507673405
KOAc,P(fur)3,BuOAc,0.153,120,PENDING,PENDING,0.0,33.45656487575326,10.63510562519696,3.579254264969095e-10,0.045171212596157466,0.009217091426224079,0.065923184596158
KOAc,P(fur)3,BuOAc,0.153,105,PENDING,PENDING,0.0,25.35184176567757,10.778009531899613,3.6794473167311315e-12,0.045126412351169015,0.009306739183785129,0.06587838435116995
KOAc,P(fur)3,BuOAc,0.153,90,PENDING,PENDING,0.0,17.580093191710912,12.449196017759645,3.5855216149551926e-11,0.04517642860860837,0.00976144529599935,0.06592840060861835
KOAc,P(fur)3,BuOAc,0.1,120,PENDING,PENDING,0.0,32.37638812622849,10.718175805624444,2.5570139320909686e-10,0.05206468495522631,0.009481830646023027,0.07281665695522632
KOAc,P(fur)3,BuOAc,0.1,105,PENDING,PENDING,0.0,24.280794424686427,10.65564117894267,9.842081268318024e-13,0.05203523356626536,0.009596239977393776,0.07278720556626539
KOAc,P(fur)3,BuOAc,0.1,90,PENDING,PENDING,0.0,16.534032591357597,12.139375013643095,5.85819736673919e-12,0.05208982701893359,0.01006689086783252,0.0728417990189339
KOAc,P(fur)3,BuOAc,0.057,120,PENDING,PENDING,0.0,31.38765464274815,11.652107071149844,4.0515153695682336e-09,0.05790136937294668,0.010235450608539514,0.0786533413729467
KOAc,P(fur)3,BuOAc,0.057,105,PENDING,PENDING,0.0,23.38048108722289,11.426477649463836,1.8441687631668967e-11,0.0578862074934329,0.01036304352521817,0.07863817949343292
KOAc,P(fur)3,BuOAc,0.057,90,PENDING,PENDING,0.0,15.731733504253018,12.694722663879705,3.232633373882227e-11,0.05794586148136038,0.010833699160715861,0.07869783348136067
KOAc,P(fur)3,BuCN,0.153,120,PENDING,PENDING,0.0,33.23818754912353,10.891429108674142,8.333226841946963e-10,0.0414831107286431,0.005739483535096361,0.0622350827286431
KOAc,P(fur)3,BuCN,0.153,105,PENDING,PENDING,0.0,25.356086959926827,11.439928040149681,6.398607392831751e-11,0.04140376923047847,0.006036098227727306,0.06215574123047847
KOAc,P(fur)3,BuCN,0.153,90,PENDING,PENDING,0.0,17.829471546378823,13.297479375353964,7.240208558337024e-10,0.041422428085973996,0.006839592921866068,0.062174400085973996
KOAc,P(fur)3,BuCN,0.1,120,PENDING,PENDING,0.0,32.251485843871954,11.221816722070688,1.5435212189942143e-09,0.04834329389310803,0.006363761852339618,0.06909526589310802
KOAc,P(fur)3,BuCN,0.1,105,PENDING,PENDING,0.0,24.37684134462104,11.598226695474287,6.683897642484325e-11,0.048279428047241495,0.006691339697130353,0.0690314000472415
KOAc,P(fur)3,BuCN,0.1,90,PENDING,PENDING,0.0,16.86577593042795,13.26263664105108,4.0492560182341255e-10,0.04830283737733112,0.00748010887597186,0.06905480937733112
KOAc,P(fur)3,BuCN,0.057,120,PENDING,PENDING,0.0,31.350560148792898,12.263765546796382,2.462531544532723e-08,0.0541596975470672,0.007550792406685017,0.0749116695470672
KOAc,P(fur)3,BuCN,0.057,105,PENDING,PENDING,0.0,23.558174686863914,12.46937672651222,9.3696940150716e-10,0.054110405008014686,0.007869882035175703,0.07486237700801468
KOAc,P(fur)3,BuCN,0.057,90,PENDING,PENDING,0.0,16.131385301181854,13.922705103836496,2.0407722311903687e-09,0.05413923822043975,0.008603948837595634,0.07489121022043975
KOAc,JackiePhos,p-Xylene,0.153,120,PENDING,PENDING,0.0,16.174578883976295,15.81996156176593,1.7491349058937085e-07,0.40150857792522887,0.03072208088094752,0.4222605499252289
KOAc,JackiePhos,p-Xylene,0.153,105,PENDING,PENDING,0.0,9.887828695583426,14.442943422701532,5.293910397403406e-10,0.4018253483899431,0.02975753428344686,0.4225773203899431
KOAc,JackiePhos,p-Xylene,0.153,90,PENDING,PENDING,0.0,4.318647375560673,14.782962481610614,1.1499202990657076e-10,0.40186262715077337,0.029430175949075744,0.4226145991507734
KOAc,JackiePhos,p-Xylene,0.1,120,PENDING,PENDING,0.0,15.031802064633862,15.344007042417298,4.3111819027178377e-08,0.4034424157326913,0.028551923200729714,0.4241943877326913
KOAc,JackiePhos,p-Xylene,0.1,105,PENDING,PENDING,0.0,8.772129083630869,13.663259226618274,2.6395138178443543e-11,0.40376176210491505,0.02749954178866525,0.42451373410491505
KOAc,JackiePhos,p-Xylene,0.1,90,PENDING,PENDING,0.0,3.247919392952319,13.798989677223625,2.4688671982164025e-12,0.40379937711016567,0.027140767900063326,0.4245513491101657
KOAc,JackiePhos,p-Xylene,0.057,120,PENDING,PENDING,0.0,14.13871240785831,15.62256635720803,5.5879651100307706e-08,0.4045011814762295,0.027977552370139176,0.4252531534762295
KOAc,JackiePhos,p-Xylene,0.057,105,PENDING,PENDING,0.0,7.9480758139337695,13.795230254650141,2.7401812681719883e-11,0.404821578309666,0.02689975744281808,0.425573550309666
KOAc,JackiePhos,p-Xylene,0.057,90,PENDING,PENDING,0.0,2.500770042421422,13.791885353893292,1.6188166618402538e-12,0.40485931902690825,0.02653196038928975,0.42561129102690826
KOAc,JackiePhos,DMAc,0.153,120,PENDING,PENDING,0.0,44.912580692643566,15.019638604609124,0.0004689382210576812,0.40165629157505855,0.03519324111358037,0.42240826357505856
KOAc,JackiePhos,DMAc,0.153,105,PENDING,PENDING,0.0,36.502193060379966,14.428233415931262,1.724690413796437e-05,0.4019704043746869,0.03438842045371924,0.4227223763746869
KOAc,JackiePhos,DMAc,0.153,90,PENDING,PENDING,0.0,27.918974094641968,15.384907069259627,4.520551152736681e-06,0.4020057390591975,0.03412380362394107,0.4227577110591975
KOAc,JackiePhos,DMAc,0.1,120,PENDING,PENDING,0.0,43.364258890729815,14.552160629892587,0.00017669684018391078,0.40358554879203834,0.033368988701749,0.42433752079203835
KOAc,JackiePhos,DMAc,0.1,105,PENDING,PENDING,0.0,34.959450467898165,13.942297896070704,4.565472358042201e-06,0.40390215525848056,0.03250978820015456,0.42465412725848056
KOAc,JackiePhos,DMAc,0.1,90,PENDING,PENDING,0.0,26.425526067752696,14.950722705305143,1.3008890778736846e-06,0.4039377924713569,0.03222655183886222,0.4246897644713569
KOAc,JackiePhos,DMAc,0.057,120,PENDING,PENDING,0.0,41.85978070039066,14.793362912300232,0.00015201943141826763,0.40464196376250866,0.032892197149598276,0.42539393576250867
KOAc,JackiePhos,DMAc,0.057,105,PENDING,PENDING,0.0,33.54651717456244,14.20528160862275,4.348723623358032e-06,0.404959599005279,0.032017931832858164,0.425711571005279
KOAc,JackiePhos,DMAc,0.057,90,PENDING,PENDING,0.0,25.145779740484105,15.247167956190529,1.4095752573758255e-06,0.4049953542380038,0.031729635814574365,0.4257473262380038
KOAc,JackiePhos,BuOAc,0.153,120,PENDING,PENDING,0.0,23.676601340858983,17.161374377896763,1.6239608793862305e-05,0.4021843226384391,0.035876612213876675,0.4229362946384391
KOAc,JackiePhos,BuOAc,0.153,105,PENDING,PENDING,0.0,16.428122428566308,16.132844097424535,3.448970726661883e-07,0.40250000953495374,0.03508510509344743,0.42325198153495375
KOAc,JackiePhos,BuOAc,0.153,90,PENDING,PENDING,0.0,9.699202408492223,16.350321946116917,4.9835087910232663e-08,0.4025375265756348,0.03482204005281788,0.4232894985756348
KOAc,JackiePhos,BuOAc,0.1,120,PENDING,PENDING,0.0,22.31301293473651,16.79808589684172,6.653105446179341e-06,0.4041124085122921,0.03409488719025121,0.4248643805122921
KOAc,JackiePhos,BuOAc,0.1,105,PENDING,PENDING,0.0,15.08473796749783,15.551108723631463,6.83991650773124e-08,0.4044305754085314,0.03325193790429564,0.4251825474085314
KOAc,JackiePhos,BuOAc,0.1,90,PENDING,PENDING,0.0,8.408534766832613,15.595346162017185,5.814405028627611e-09,0.4044683957278855,0.032971080543869664,0.4252203677278855
KOAc,JackiePhos,BuOAc,0.057,120,PENDING,PENDING,0.0,21.165033725453476,17.070845405580773,6.983155962191767e-06,0.40516896409367015,0.03363068232264249,0.42592093609367015
KOAc,JackiePhos,BuOAc,0.057,105,PENDING,PENDING,0.0,14.01839339034716,15.703455137833666,6.330356004092873e-08,0.40548815400435145,0.03277355544183585,0.42624012600435146
KOAc,JackiePhos,BuOAc,0.057,90,PENDING,PENDING,0.0,7.446432665890505,15.639565291670477,4.4130733991551986e-09,0.40552608998481654,0.032487879891643257,0.42627806198481655
KOAc,JackiePhos,BuCN,0.153,120,PENDING,PENDING,0.0,23.333063867306386,16.72252047391653,8.089585812936243e-06,0.40259570369013337,0.03353784398761139,0.4233476756901334
KOAc,JackiePhos,BuCN,0.153,105,PENDING,PENDING,0.0,16.292113907608993,15.814817834734376,1.8057094586370803e-07,0.40291100863042767,0.0326784029533045,0.4236629806304277
KOAc,JackiePhos,BuCN,0.153,90,PENDING,PENDING,0.0,9.79182815481268,16.167163768965757,3.5321505011872736e-08,0.40294662018982924,0.03239223570956684,0.42369859218982925
KOAc,JackiePhos,BuCN,0.1,120,PENDING,PENDING,0.0,22.032817992485356,16.461017216652966,3.7120138287676744e-06,0.4045275211572672,0.031597531053586106,0.4252794931572672
KOAc,JackiePhos,BuCN,0.1,105,PENDING,PENDING,0.0,15.012776535748834,15.354783466495551,4.381397132190817e-08,0.40484535147753553,0.030673672490939424,0.42559732347753554
KOAc,JackiePhos,BuCN,0.1,90,PENDING,PENDING,0.0,8.561428486255984,15.544301151710675,5.4678853509602e-09,0.40488127902743315,0.03036509079298083,0.42563325102743316
KOAc,JackiePhos,BuCN,0.057,120,PENDING,PENDING,0.0,20.94547566419865,16.81542525987805,4.529186803103825e-06,0.4055843092146575,0.031088911113846842,0.4263362812146575
KOAc,JackiePhos,BuCN,0.057,105,PENDING,PENDING,0.0,14.003810617040916,15.599543194387463,5.06116376406565e-08,0.4059031773123364,0.030146975186895703,0.4266551493123364
KOAc,JackiePhos,BuCN,0.057,90,PENDING,PENDING,0.0,7.648997687198914,15.684181648313217,5.321868534700107e-09,0.4059392272632197,0.029832196412863173,0.4266911992632197
KOAc,GorlosPhos HBF4,p-Xylene,0.153,120,PENDING,PENDING,0.0,2.059142029262013,22.355820997342892,2.8748189756966098e-05,0.03852215045511931,0.011176550863260267,0.05927412256756354
KOAc,GorlosPhos HBF4,p-Xylene,0.153,105,PENDING,PENDING,0.0,-3.3002506775926648,22.750636907918175,1.3484992225244589e-05,0.03845623876866317,0.011237305814988238,0.05920821090599284
KOAc,GorlosPhos HBF4,p-Xylene,0.153,90,PENDING,PENDING,0.0,-7.64817416013873,24.33354527288207,2.539304147322456e-05,0.03856512000195599,0.011674705234713133,0.05931709240537194
KOAc,GorlosPhos HBF4,p-Xylene,0.1,120,PENDING,PENDING,0.0,0.782638204064483,21.86852639448753,1.3212512673284977e-05,0.045044189990435475,0.010735044361471949,0.06579616199117284
KOAc,GorlosPhos HBF4,p-Xylene,0.1,105,PENDING,PENDING,0.0,-4.552285626765077,22.232994063981522,5.867595980683834e-06,0.04499503729561022,0.010810650572038416,0.06574700929661653
KOAc,GorlosPhos HBF4,p-Xylene,0.1,90,PENDING,PENDING,0.0,-8.846566710433052,23.832625614228498,1.2365898614839137e-05,0.045112148165451366,0.01128274316342444,0.06586412017030538
KOAc,GorlosPhos HBF4,p-Xylene,0.057,120,PENDING,PENDING,0.0,-0.10327722693923391,21.95224414003613,1.1835861440559969e-05,0.05074625047905052,0.010949556349253596,0.07149822247910341
KOAc,GorlosPhos HBF4,p-Xylene,0.057,105,PENDING,PENDING,0.0,-5.380593184206319,22.27327571185032,5.079532614924939e-06,0.050713173851678464,0.011034950822135306,0.07146514585175513
KOAc,GorlosPhos HBF4,p-Xylene,0.057,90,PENDING,PENDING,0.0,-9.603735599427544,23.848861327354108,1.0734562871224872e-05,0.05083728910692355,0.011521300032894246,0.07158926110738136
KOAc,GorlosPhos HBF4,DMAc,0.153,120,PENDING,PENDING,0.0,26.23257095812326,16.440949363157046,1.287935124776496e-05,0.03668547842439999,0.008712820459877719,0.057437450424427425
KOAc,GorlosPhos HBF4,DMAc,0.153,105,PENDING,PENDING,0.0,19.470797617865554,17.455206930662612,7.298337824778497e-06,0.036619847412498505,0.008891405709836424,0.05737181941257104
KOAc,GorlosPhos HBF4,DMAc,0.153,90,PENDING,PENDING,0.0,13.037723475634738,20.09157881376276,3.333964199591505e-05,0.036735996432192754,0.009507441265321215,0.05748796843329925
KOAc,GorlosPhos HBF4,DMAc,0.1,120,PENDING,PENDING,0.0,24.590005534115093,15.391490046867137,1.4982590018753378e-06,0.0431327247710529,0.007928624340750094,0.0638846967710529
KOAc,GorlosPhos HBF4,DMAc,0.1,105,PENDING,PENDING,0.0,17.855074602892525,16.571434913623737,1.1846256143819623e-06,0.04308399301379193,0.008141704139856383,0.06383596501379193
KOAc,GorlosPhos HBF4,DMAc,0.1,90,PENDING,PENDING,0.0,11.496219642184439,19.458840991417006,1.1181350932658557e-05,0.043208931457119515,0.008835873154423537,0.0639609034571198
KOAc,GorlosPhos HBF4,DMAc,0.057,120,PENDING,PENDING,0.0,23.21432802479139,15.281020237933365,7.64051730369403e-07,0.04879052294131397,0.007988587243392483,0.06954249494131397
KOAc,GorlosPhos HBF4,DMAc,0.057,105,PENDING,PENDING,0.0,16.55516170872457,16.527242256592928,7.224291149931262e-07,0.04875795287503647,0.008215727523802549,0.06950992487503646
KOAc,GorlosPhos HBF4,DMAc,0.057,90,PENDING,PENDING,0.0,10.308436407860611,19.50523508847669,8.744803947319073e-06,0.04889016545250759,0.008936693353453722,0.0696421374525076
KOAc,GorlosPhos HBF4,BuOAc,0.153,120,PENDING,PENDING,0.0,8.665756986452894,21.491590555838176,5.139457698073594e-05,0.05172745069910141,0.011094961562787073,0.07247942269915396
KOAc,GorlosPhos HBF4,BuOAc,0.153,105,PENDING,PENDING,0.0,2.6215391578241096,21.809031181223638,1.8730335980545094e-05,0.051692451521086626,0.01098704807307401,0.0724444235211209
KOAc,GorlosPhos HBF4,BuOAc,0.153,90,PENDING,PENDING,0.0,-2.578616841335119,23.302016755717702,2.7037621606254797e-05,0.05181101256530785,0.01125862555073091,0.07256298456540439
KOAc,GorlosPhos HBF4,BuOAc,0.1,120,PENDING,PENDING,0.0,7.225168589696253,20.94882928352146,2.1493357907350545e-05,0.05828337784921084,0.010245434898221701,0.07903534984921085
KOAc,GorlosPhos HBF4,BuOAc,0.1,105,PENDING,PENDING,0.0,1.204567985774247,21.236150528313257,7.242090297727814e-06,0.0582652179754377,0.010118476600745106,0.0790171899754377
KOAc,GorlosPhos HBF4,BuOAc,0.1,90,PENDING,PENDING,0.0,-3.934732682779746,22.75079505914784,1.1752309271421371e-05,0.05839206259833909,0.010412392972185434,0.0791440345983391
KOAc,GorlosPhos HBF4,BuOAc,0.057,120,PENDING,PENDING,0.0,6.149670331183408,21.012092231923,1.7949022174326842e-05,0.06397480592038532,0.01013498054804152,0.08472677792038533
KOAc,GorlosPhos HBF4,BuOAc,0.057,105,PENDING,PENDING,0.0,0.19505361507599162,21.258401142609554,5.846177868050419e-06,0.06397283051822202,0.010002901896173786,0.08472480251822201
KOAc,GorlosPhos HBF4,BuOAc,0.057,90,PENDING,PENDING,0.0,-4.855924602064697,22.754577410335177,9.648784583083303e-06,0.06410683313726903,0.010312875192067408,0.08485880513726904
KOAc,GorlosPhos HBF4,BuCN,0.153,120,PENDING,PENDING,0.0,8.176821012263783,21.057730056427697,2.9926584210783263e-05,0.04592251858072081,0.009609115836845298,0.06667449058072344
KOAc,GorlosPhos HBF4,BuCN,0.153,105,PENDING,PENDING,0.0,2.2994835077741413,21.54427641260714,1.3161692770577535e-05,0.04585168217835156,0.009770910752410879,0.066603654178358
KOAc,GorlosPhos HBF4,BuCN,0.153,90,PENDING,PENDING,0.0,-2.7106450306576164,23.20271827021387,2.3931790789291077e-05,0.04594321117716779,0.010337761603708686,0.06669518317725265
KOAc,GorlosPhos HBF4,BuCN,0.1,120,PENDING,PENDING,0.0,6.7730889925912905,20.563578909587374,1.2667913473917878e-05,0.052412488170814606,0.009002932938470513,0.0731644601708146
KOAc,GorlosPhos HBF4,BuCN,0.1,105,PENDING,PENDING,0.0,0.9202946497771194,21.036300004103165,5.361142728180896e-06,0.05235861841072227,0.009188555295089766,0.07311059041072226
KOAc,GorlosPhos HBF4,BuCN,0.1,90,PENDING,PENDING,0.0,-4.029924023307316,22.726006958000536,1.1218507417897915e-05,0.05245883675969283,0.009809719877300983,0.07321080875969288
KOAc,GorlosPhos HBF4,BuCN,0.057,120,PENDING,PENDING,0.0,5.73637488791362,20.67311904241338,1.1193869015073713e-05,0.058068079665611005,0.009154848090436802,0.07882005166561101
KOAc,GorlosPhos HBF4,BuCN,0.057,105,PENDING,PENDING,0.0,-0.05199226861411432,21.11010700755481,4.6262368601906605e-06,0.058030590686961016,0.009349203935722342,0.07878256268696102
KOAc,GorlosPhos HBF4,BuCN,0.057,90,PENDING,PENDING,0.0,-4.91764740181555,22.78261974531193,9.803937670089646e-06,0.05813835599325701,0.009987150243921283,0.07889032799325701
KOAc,CgMe-PPh,p-Xylene,0.153,120,PENDING,PENDING,0.0,65.23179236470358,15.911017761507921,0.08388693738124287,0.0554014295478097,0.007235518348280824,0.0761534015478097
KOAc,CgMe-PPh,p-Xylene,0.153,105,PENDING,PENDING,0.0,58.64806770681132,16.734637552173133,0.03797448975611234,0.05531213375739076,0.0073876914281895845,0.07606410575739075
KOAc,CgMe-PPh,p-Xylene,0.153,90,PENDING,PENDING,0.0,51.37128454701174,19.1988921948548,0.035823029685355,0.05536355938391152,0.008100115105318334,0.07611553138391153
KOAc,CgMe-PPh,p-Xylene,0.1,120,PENDING,PENDING,0.0,63.800435975373574,16.276868915568993,0.07680160725838697,0.061939008373607884,0.007799114781085594,0.08269098037360789
KOAc,CgMe-PPh,p-Xylene,0.1,105,PENDING,PENDING,0.0,57.24627800146226,16.973844409715067,0.033224729455202995,0.061866708561879175,0.007948277631544811,0.08261868056187918
KOAc,CgMe-PPh,p-Xylene,0.1,90,PENDING,PENDING,0.0,50.03574946872439,19.28579943354621,0.02999998667500839,0.061926636168161686,0.00862178913535011,0.0826786081681617
KOAc,CgMe-PPh,p-Xylene,0.057,120,PENDING,PENDING,0.0,62.322308504977386,17.192965614394414,0.08882404836476099,0.06759235202853403,0.008814342275925887,0.08834432402853404
KOAc,CgMe-PPh,p-Xylene,0.057,105,PENDING,PENDING,0.0,55.847250722863535,17.754213979938697,0.03829724753420827,0.06753666210955259,0.008954777419065826,0.0882886341095526
KOAc,CgMe-PPh,p-Xylene,0.057,90,PENDING,PENDING,0.0,48.75766040292365,19.872873458688495,0.032101793195931316,0.06760451922572466,0.009575668762874714,0.08835649122572467
KOAc,CgMe-PPh,DMAc,0.153,105,PENDING,PENDING,0.0,87.01868166821146,10.8984568214997,0.6451762332012756,0.053323827636858945,0.0025600489254088117,0.07407579963685895
KOAc,CgMe-PPh,DMAc,0.1,120,PENDING,PENDING,0.0,93.49105860839393,9.388097452738963,1.4035850497698268,0.059876874098868535,0.00293601854090619,0.08062884609886853
KOAc,CgMe-PPh,DMAc,0.1,105,PENDING,PENDING,0.0,85.25130521949015,11.398129644061232,0.5445014755377937,0.05980519515102724,0.003596028764445299,0.08055716715102723
KOAc,CgMe-PPh,DMAc,0.1,90,PENDING,PENDING,0.0,75.37333056644219,15.396543228132426,0.36882715078942985,0.05987371421278813,0.005065022718138995,0.08062568621278812
KOAc,CgMe-PPh,DMAc,0.057,105,PENDING,PENDING,0.0,83.28784970516092,12.636669678987964,0.5662364667441842,0.06543323312584962,0.005196512288949644,0.08618520512584962
KOAc,CgMe-PPh,DMAc,0.057,90,PENDING,PENDING,0.0,73.58930946655963,16.321020144449413,0.37350471932754936,0.06550989167885712,0.0063299841554617375,0.08626186367885713
KOAc,CgMe-PPh,BuOAc,0.153,120,PENDING,PENDING,0.0,73.4212514314576,14.289939062856812,0.1812313522207506,0.06868990612380112,0.006718249920400087,0.08944187812380111
KOAc,CgMe-PPh,BuOAc,0.153,105,PENDING,PENDING,0.0,66.05069135007281,15.073660747110038,0.06576896218960748,0.06863137961572705,0.006595404061389072,0.08938335161572705
KOAc,CgMe-PPh,BuOAc,0.153,90,PENDING,PENDING,0.0,57.74076451063569,17.57444440363419,0.0487150262670355,0.06869208054517191,0.007102272028164879,0.0894440525451719
KOAc,CgMe-PPh,BuOAc,0.1,120,PENDING,PENDING,0.0,71.8052873142736,14.699818262204316,0.16035407837680282,0.07526139988190234,0.006815256840913633,0.09601337188190234
KOAc,CgMe-PPh,BuOAc,0.1,105,PENDING,PENDING,0.0,64.46381832960932,15.342682394968747,0.055559499952038016,0.07521993765739433,0.006668286764949916,0.09597190965739433
KOAc,CgMe-PPh,BuOAc,0.1,90,PENDING,PENDING,0.0,56.22959434467187,17.668922771549497,0.03926517074216723,0.07528919266191335,0.007149096879200773,0.09604116466191334
KOAc,CgMe-PPh,BuOAc,0.057,120,PENDING,PENDING,0.0,70.09557594021946,15.718785634273576,0.17815294203470222,0.08090370047992773,0.0075824626205851665,0.10165567247992774
KOAc,CgMe-PPh,BuOAc,0.057,105,PENDING,PENDING,0.0,62.84475414955208,16.214909667749335,0.06299705382153731,0.080878973742113,0.00743900959345648,0.10163094574211301
KOAc,CgMe-PPh,BuOAc,0.057,90,PENDING,PENDING,0.0,54.75541411682989,18.321083846365422,0.041640606907763444,0.08095633166515304,0.007876936674303696,0.10170830366515304
KOAc,CgMe-PPh,BuCN,0.153,120,PENDING,PENDING,0.0,74.15373806715152,13.046227144320033,0.12109765160488761,0.06302283724905292,0.004388873680650607,0.08377480924905292
KOAc,CgMe-PPh,BuCN,0.153,105,PENDING,PENDING,0.0,66.92294408385388,14.220945635521312,0.05018442144677987,0.06292770193684027,0.004831167722833172,0.08367967393684028
KOAc,CgMe-PPh,BuCN,0.153,90,PENDING,PENDING,0.0,58.71232399632018,17.140709362058946,0.046959508176167175,0.06295946896342963,0.005988447501777864,0.08371144096342964
KOAc,CgMe-PPh,BuCN,0.1,120,PENDING,PENDING,0.0,72.5732256644187,13.680744311327665,0.11902727636596899,0.06952721006835241,0.005169493196403151,0.09027918206835242
KOAc,CgMe-PPh,BuCN,0.1,105,PENDING,PENDING,0.0,65.37309298193784,14.695720153146734,0.0473590864511621,0.0694492817422345,0.005557678804852855,0.0902012537422345
KOAc,CgMe-PPh,BuCN,0.1,90,PENDING,PENDING,0.0,57.23806070641444,17.40222326100615,0.041133070693060436,0.0694900331036816,0.006595766053026619,0.0902420051036816
KOAc,CgMe-PPh,BuCN,0.057,120,PENDING,PENDING,0.0,70.8824562540296,14.909466072383292,0.14836836029422396,0.07513071808606098,0.006487694079517674,0.09588269008606098
KOAc,CgMe-PPh,BuCN,0.057,105,PENDING,PENDING,0.0,63.77295643620249,15.74160051778505,0.05947349085542114,0.07506974486815625,0.006808942815457276,0.09582171686815624
KOAc,CgMe-PPh,BuCN,0.057,90,PENDING,PENDING,0.0,55.78244704615004,18.180824068370164,0.046327335015357185,0.07511906490378299,0.007700383753207732,0.09587103690378299
KOAc,BrettPhos,p-Xylene,0.153,120,PENDING,PENDING,0.0,25.471300094911083,11.5431947077788,1.0241013593318313e-10,0.042062183392449944,0.01110622870008747,0.0628141554068538
KOAc,BrettPhos,p-Xylene,0.153,105,PENDING,PENDING,0.0,18.469096522649497,11.544655680311275,1.4555982208386435e-12,0.04197270418279059,0.011116609040496907,0.06272467619840331
KOAc,BrettPhos,p-Xylene,0.153,90,PENDING,PENDING,0.0,12.029895138108294,13.193801200909206,2.7289166950566246e-11,0.04205818529036148,0.011438769118149252,0.06281015732960292
KOAc,BrettPhos,p-Xylene,0.1,120,PENDING,PENDING,0.0,24.40596143044459,11.705483861837639,1.0265110493554744e-10,0.04871428799564722,0.01130543236689822,0.06946625999635044
KOAc,BrettPhos,p-Xylene,0.1,105,PENDING,PENDING,0.0,17.41833372459994,11.481214857093617,5.529393738564506e-13,0.0486421741699485,0.011323471423275722,0.06939414617073009
KOAc,BrettPhos,p-Xylene,0.1,90,PENDING,PENDING,0.0,11.006021999660824,12.916931689385045,5.599423814859132e-12,0.04873611115122737,0.011649559338850255,0.06948808315349957
KOAc,BrettPhos,p-Xylene,0.057,120,PENDING,PENDING,0.0,23.51894020530373,12.6186904382757,1.475621030351137e-09,0.05452511038541077,0.011860418274911414,0.0752770823856069
KOAc,BrettPhos,p-Xylene,0.057,105,PENDING,PENDING,0.0,16.603060895856423,12.226797486785015,8.704488633588075e-12,0.054470091461713915,0.011885918891510966,0.07522206346193576
KOAc,BrettPhos,p-Xylene,0.057,90,PENDING,PENDING,0.0,10.264444832393142,13.436331107345152,2.569375037428175e-11,0.05457153858397196,0.01221547540206003,0.07532351058463228
KOAc,BrettPhos,DMAc,0.153,120,PENDING,PENDING,0.0,61.4887441182902,8.584834728963349,7.1094890710850245e-06,0.04023938558199731,0.009340076364845953,0.060991357582042334
KOAc,BrettPhos,DMAc,0.153,105,PENDING,PENDING,0.0,52.1751335932333,9.242606626615503,2.141811099092225e-07,0.04014996192358481,0.00945283727543364,0.06090193392366718
KOAc,BrettPhos,DMAc,0.153,90,PENDING,PENDING,0.0,42.055451944996726,11.418293577181377,4.464046697283081e-07,0.040242713336424464,0.009894446209499412,0.06099468533696522
KOAc,BrettPhos,DMAc,0.1,120,PENDING,PENDING,0.0,60.108237254910954,8.771829285939424,5.358809922553217e-06,0.046814310563459444,0.009446559574642176,0.06756628256345999
KOAc,BrettPhos,DMAc,0.1,105,PENDING,PENDING,0.0,50.79774734895743,9.553618982504082,2.5205401903744887e-07,0.04674237400229837,0.009567375345580244,0.0674943460022995
KOAc,BrettPhos,DMAc,0.1,90,PENDING,PENDING,0.0,40.703347501716166,11.7403056205063,5.213448877676273e-07,0.04684412851482812,0.010015917675658324,0.06759610051483875
KOAc,BrettPhos,DMAc,0.057,120,PENDING,PENDING,0.0,58.532167398073895,9.815997396225923,2.7709050915457507e-05,0.05257958910809762,0.009941622079914484,0.07333156110809773
KOAc,BrettPhos,DMAc,0.057,105,PENDING,PENDING,0.0,49.3330088769747,10.606369812444246,2.0076994249912952e-06,0.052524828244016726,0.010066159742658823,0.07327680024401695
KOAc,BrettPhos,DMAc,0.057,90,PENDING,PENDING,0.0,39.38981702992531,12.708058151520948,2.4635517959886553e-06,0.052634336979876545,0.010516008677657061,0.07338630897987872
KOAc,BrettPhos,BuOAc,0.153,120,PENDING,PENDING,0.0,34.7603496965134,10.711475671604482,1.054659581633357e-09,0.05550383776191854,0.010568458269861166,0.07625580976191891
KOAc,BrettPhos,BuOAc,0.153,105,PENDING,PENDING,0.0,26.664466115701046,10.290286981900875,8.201491870491036e-13,0.05544476084810889,0.010382371886183543,0.07619673284810903
KOAc,BrettPhos,BuOAc,0.153,90,PENDING,PENDING,0.0,18.82261097503561,11.383493196566283,8.664112653961323e-13,0.05553901721461427,0.010522440357971789,0.07629098921461457
KOAc,BrettPhos,BuOAc,0.1,120,PENDING,PENDING,0.0,33.45141424806627,10.854643006503009,8.24821211964802e-10,0.06219004064394351,0.010341575219472807,0.08294201264394352
KOAc,BrettPhos,BuOAc,0.1,105,PENDING,PENDING,0.0,25.36947577074651,10.193077783326288,1.8957209325848282e-13,0.06214833923699029,0.010134567807705695,0.08290031123699029
KOAc,BrettPhos,BuOAc,0.1,90,PENDING,PENDING,0.0,17.570099095646402,11.033344595669377,6.491717849662823e-14,0.062251082764496826,0.010266872070003296,0.08300305476449682
KOAc,BrettPhos,BuOAc,0.057,120,PENDING,PENDING,0.0,32.24812888899786,11.790259305532164,9.763541198461868e-09,0.06798985237256693,0.01060099193087114,0.08874182437256692
KOAc,BrettPhos,BuOAc,0.057,105,PENDING,PENDING,0.0,24.26141330540571,10.996548579952051,4.9332097988123375e-12,0.06796542500271661,0.010391908660211694,0.08871739700271661
KOAc,BrettPhos,BuOAc,0.057,90,PENDING,PENDING,0.0,16.579498467582855,11.628220098790568,6.429607641131896e-13,0.06807588404238678,0.010528384838865762,0.08882785604238677
KOAc,BrettPhos,BuCN,0.153,120,PENDING,PENDING,0.0,34.454680953742844,11.256675317124275,5.882667395504945e-09,0.049655952854341226,0.009957867365948562,0.07040792485434226
KOAc,BrettPhos,BuCN,0.153,105,PENDING,PENDING,0.0,26.607092938367707,11.359271319296257,9.79118141481496e-11,0.04956033143646284,0.010061714159254928,0.07031230343646476
KOAc,BrettPhos,BuCN,0.153,90,PENDING,PENDING,0.0,19.038981366007047,12.697645763434254,1.9108214729154142e-10,0.04962655916085379,0.010481636484373537,0.07037853116086794
KOAc,BrettPhos,BuCN,0.1,120,PENDING,PENDING,0.0,33.23446398133614,11.638854734602331,1.0251571525173884e-08,0.05627433662207297,0.01012123482486633,0.07702630862207298
KOAc,BrettPhos,BuCN,0.1,105,PENDING,PENDING,0.0,25.399620513002354,11.55780780623471,1.0388784051004994e-10,0.05619627177597547,0.010230134112100924,0.0769482437759755
KOAc,BrettPhos,BuCN,0.1,90,PENDING,PENDING,0.0,17.865370702165105,12.666859136701698,9.230767102919572e-11,0.056271431064577764,0.010652730412482232,0.0770234030645781
KOAc,BrettPhos,BuCN,0.057,120,PENDING,PENDING,0.0,32.117575564650764,12.657040476279358,9.879700055057981e-08,0.06203631810154821,0.010657279697982233,0.0827882901015482
KOAc,BrettPhos,BuCN,0.057,105,PENDING,PENDING,0.0,24.37111436235819,12.43279971402908,1.2651121322970778e-09,0.06197571239273329,0.010768102205655841,0.0827276843927333
KOAc,BrettPhos,BuCN,0.057,90,PENDING,PENDING,0.0,16.940074186331856,13.346981701888526,5.470399751409141e-10,0.06205899588692074,0.011189749713905517,0.08281096788692084
CsOPiv,tBPh-CPhos,p-Xylene,0.153,120,PENDING,PENDING,0.0,9.0608811695625,17.544096628326468,3.6651906211156156e-07,0.27424741606023484,0.08523650542138113,0.29500520642496736
CsOPiv,tBPh-CPhos,p-Xylene,0.153,105,PENDING,PENDING,0.0,3.3517465299190548,16.839218306059376,1.4124814036615133e-08,0.2746432295495691,0.08516735758630703,0.2954008466054751
CsOPiv,tBPh-CPhos,p-Xylene,0.153,90,PENDING,PENDING,0.0,-1.3353219934808749,17.40706806133942,8.840089224753546e-09,0.27487421883139207,0.08519275298310683,0.2956318002774127
CsOPiv,tBPh-CPhos,p-Xylene,0.1,120,PENDING,PENDING,0.0,8.115073555400407,17.11539928859849,1.2674353616733003e-07,0.2773987552287762,0.08498992952387957,0.29815554033370667
CsOPiv,tBPh-CPhos,p-Xylene,0.1,105,PENDING,PENDING,0.0,2.4365055325747846,16.318496198278975,3.139284991111793e-09,0.2777969748411715,0.08493440442413885,0.29855362471166136
CsOPiv,tBPh-CPhos,p-Xylene,0.1,90,PENDING,PENDING,0.0,-2.2127983561658837,16.8339198660832,1.7931535650091658e-09,0.2780274392305421,0.08497412873798722,0.2987840713613166
CsOPiv,tBPh-CPhos,p-Xylene,0.057,120,PENDING,PENDING,0.0,7.454946802012316,17.329266304306007,1.5049440098326686e-07,0.27966546698593536,0.08497697159877897,0.3004217553924143
CsOPiv,tBPh-CPhos,p-Xylene,0.057,105,PENDING,PENDING,0.0,1.8414766685194053,16.4887382262727,3.7221299820081006e-09,0.2800648794789059,0.08493293250790723,0.30082105397751385
CsOPiv,tBPh-CPhos,p-Xylene,0.057,90,PENDING,PENDING,0.0,-2.749996200916158,16.96872224318876,2.0073424020251658e-09,0.2802945789340119,0.08498424681144515,0.30105074645389407
CsOPiv,tBPh-CPhos,DMAc,0.153,120,PENDING,PENDING,0.0,42.007546431101616,14.671011251381783,0.00013659482639634705,0.2757142549168111,0.08464841527719928,0.29647113165770433
CsOPiv,tBPh-CPhos,DMAc,0.153,105,PENDING,PENDING,0.0,34.21473667539256,14.605317788445054,1.0585534633137831e-05,0.2761095152922901,0.08462193493581396,0.2968662791709479
CsOPiv,tBPh-CPhos,DMAc,0.153,90,PENDING,PENDING,0.0,26.26033619214513,15.879668950368545,5.740091735668089e-06,0.2763379795040741,0.08469140448132935,0.2970947507572002
CsOPiv,tBPh-CPhos,DMAc,0.1,120,PENDING,PENDING,0.0,40.67090938820645,13.724939592217458,2.3871584643452536e-05,0.27886626869464803,0.08434498265011381,0.2996222419432157
CsOPiv,tBPh-CPhos,DMAc,0.1,105,PENDING,PENDING,0.0,32.88941507403412,13.799088100083253,1.6346173978586795e-06,0.27926392990136395,0.08433273897564882,0.3000198191658188
CsOPiv,tBPh-CPhos,DMAc,0.1,90,PENDING,PENDING,0.0,24.976890930283574,15.30023763042193,1.4594462969041647e-06,0.279491856047578,0.08441735364041228,0.3002477629466058
CsOPiv,tBPh-CPhos,DMAc,0.057,120,PENDING,PENDING,0.0,39.338839399877436,13.599001883721778,1.2236133961198467e-05,0.2811300525896585,0.08428903505117688,0.30188557820470524
CsOPiv,tBPh-CPhos,DMAc,0.057,105,PENDING,PENDING,0.0,31.645156359550278,13.785775164710556,9.90609331411783e-07,0.28152890451951396,0.08428848265492211,0.3022843622663318
CsOPiv,tBPh-CPhos,DMAc,0.057,90,PENDING,PENDING,0.0,23.854835611174856,15.441481986422275,1.2712498167350493e-06,0.28175606505304074,0.08438504409727363,0.3025115468289779
CsOPiv,tBPh-CPhos,BuOAc,0.153,120,PENDING,PENDING,0.0,15.107654419743977,14.166386682080159,2.526613462639568e-09,0.2796550071430548,0.08456699262264353,0.30041099090570256
CsOPiv,tBPh-CPhos,BuOAc,0.153,105,PENDING,PENDING,0.0,8.623561043980484,12.933832114458548,1.5783565737060841e-12,0.28006632255041336,0.08443573879673864,0.30082213579066963
CsOPiv,tBPh-CPhos,BuOAc,0.153,90,PENDING,PENDING,0.0,3.06194715056926,13.282265994680195,2.8524670492854155e-13,0.28030766491699255,0.08440121186984743,0.3010634102616012
CsOPiv,tBPh-CPhos,BuOAc,0.1,120,PENDING,PENDING,0.0,14.000776681033457,13.628278237336923,3.14814736110565e-10,0.2828183550398147,0.08438653996118758,0.303573662857728
CsOPiv,tBPh-CPhos,BuOAc,0.1,105,PENDING,PENDING,0.0,7.550962639808873,12.25354377148882,4.0200811206779686e-14,0.28323210875630017,0.08426875580093834,0.30398727986023916
CsOPiv,tBPh-CPhos,BuOAc,0.1,90,PENDING,PENDING,0.0,2.0359284260865067,12.523571876740004,4.5470869210867135e-15,0.28347294191835526,0.084248181420165,0.30422806385540624
CsOPiv,tBPh-CPhos,BuOAc,0.057,120,PENDING,PENDING,0.0,13.160842547811853,13.948633132118664,5.60169902146715e-10,0.2850853568151115,0.08443140070698166,0.3058403437336447
CsOPiv,tBPh-CPhos,BuOAc,0.057,105,PENDING,PENDING,0.0,6.787834701542643,12.55595724066787,1.0453065535786585e-13,0.2855002903461134,0.08432542231802449,0.30625515897392824
CsOPiv,tBPh-CPhos,BuOAc,0.057,90,PENDING,PENDING,0.0,1.3463265655532126,12.78900580255659,1.102688264812317e-14,0.28574034532998277,0.08431655555729334,0.3064951755770632
CsOPiv,tBPh-CPhos,BuCN,0.153,120,PENDING,PENDING,0.0,15.870939103201582,15.286796524297449,5.245379047091454e-08,0.2774183355573433,0.08470184948727316,0.2981748770912644
CsOPiv,tBPh-CPhos,BuCN,0.153,105,PENDING,PENDING,0.0,9.546292331424315,14.513369823978973,5.556619367945834e-10,0.277816185151716,0.0846321989599096,0.2985725862684288
CsOPiv,tBPh-CPhos,BuCN,0.153,90,PENDING,PENDING,0.0,4.095083640315316,15.034101770184908,2.1822591276184663e-10,0.27804601018801506,0.08465848171337725,0.29880238404610543
CsOPiv,tBPh-CPhos,BuCN,0.1,120,PENDING,PENDING,0.0,14.811002065266472,14.89147418859051,1.4120223180132553e-08,0.28057247292513554,0.08445178899790265,0.30132820532237675
CsOPiv,tBPh-CPhos,BuCN,0.1,105,PENDING,PENDING,0.0,8.517677310605254,14.041242083767255,8.20944251398463e-11,0.280972735638957,0.08439603768985819,0.30172835923526903
CsOPiv,tBPh-CPhos,BuCN,0.1,90,PENDING,PENDING,0.0,3.108671889543892,14.512729269981469,2.7989722183115977e-11,0.28120203521024945,0.08443694256485337,0.3019576460645292
CsOPiv,tBPh-CPhos,BuCN,0.057,120,PENDING,PENDING,0.0,14.000317802033521,15.21671067334854,2.1790241316134202e-08,0.28283566209843947,0.08443890060128492,0.30359099958530383
CsOPiv,tBPh-CPhos,BuCN,0.057,105,PENDING,PENDING,0.0,7.780804450771818,14.347006224302234,1.510965790762019e-10,0.28323711782931543,0.08439486872713764,0.30399236403841934
CsOPiv,tBPh-CPhos,BuCN,0.057,90,PENDING,PENDING,0.0,2.442518165720358,14.7918559462891,4.981347161612212e-11,0.28346565584753947,0.0844475978285958,0.30422089801148144
CsOPiv,X-Phos,p-Xylene,0.153,120,PENDING,PENDING,0.0,25.672822969216806,15.430887524247229,2.3118563758721243e-06,0.11334389936119099,0.015824728123618913,0.134095871361191
CsOPiv,X-Phos,p-Xylene,0.153,105,PENDING,PENDING,0.0,19.06948917588546,14.79976455254977,6.238489918590297e-08,0.11462479809160932,0.015411220035343608,0.1353767700916093
CsOPiv,X-Phos,p-Xylene,0.153,90,PENDING,PENDING,0.0,13.212498950423662,15.82091486092007,6.004901982624665e-08,0.11590048427002979,0.01581545060153876,0.13665245627002978
CsOPiv,X-Phos,p-Xylene,0.1,120,PENDING,PENDING,0.0,24.678419240834707,15.38092245622774,1.5161564956286003e-06,0.11910662989205732,0.016401334057725127,0.13985860189205732
CsOPiv,X-Phos,p-Xylene,0.1,105,PENDING,PENDING,0.0,18.12516926327665,14.707110821426427,3.486536112641554e-08,0.1203963656625715,0.016009543187996467,0.1411483376625715
CsOPiv,X-Phos,p-Xylene,0.1,90,PENDING,PENDING,0.0,12.321646511302944,15.666447022464588,3.105335398760748e-08,0.12167237318425797,0.0164023021710572,0.14242434518425798
CsOPiv,X-Phos,p-Xylene,0.057,120,PENDING,PENDING,0.0,23.86564956558924,15.983690279029382,3.14843531967445e-06,0.12382007781468893,0.018105197417619245,0.14457204981468896
CsOPiv,X-Phos,p-Xylene,0.057,105,PENDING,PENDING,0.0,17.41019026786688,15.306654359687208,9.78112184307103e-08,0.12511200796527971,0.017759109386844604,0.14586397996527972
CsOPiv,X-Phos,p-Xylene,0.057,90,PENDING,PENDING,0.0,11.692636083869125,16.196639644816752,7.448534618410037e-08,0.1263828417103433,0.018116469370758018,0.14713481371034332
CsOPiv,X-Phos,DMAc,0.153,120,PENDING,PENDING,0.0,58.30246396668963,11.913561844059625,0.0007422454847364549,0.11510846306905305,0.01195663984774197,0.13586043506905304
CsOPiv,X-Phos,DMAc,0.153,105,PENDING,PENDING,0.0,49.655394544517364,11.691011189665574,2.2222612845486562e-05,0.11639277286748116,0.011406281088518783,0.13714474486748116
CsOPiv,X-Phos,DMAc,0.153,90,PENDING,PENDING,0.0,40.580896768286095,13.238537530670193,1.0434664192308007e-05,0.11766883267305403,0.011952841142752465,0.13842080467305404
CsOPiv,X-Phos,DMAc,0.1,120,PENDING,PENDING,0.0,56.895178911846486,11.34049225216566,0.00020643951379138237,0.12086703327877313,0.012401599027050646,0.14161900527877314
CsOPiv,X-Phos,DMAc,0.1,105,PENDING,PENDING,0.0,48.28097951870656,11.331542836715817,6.2313601822435295e-06,0.12216020808823033,0.01188164118638272,0.14291218008823034
CsOPiv,X-Phos,DMAc,0.1,90,PENDING,PENDING,0.0,39.268528372443974,13.114214449679348,5.11579737538605e-06,0.123436554161614,0.012413193108750099,0.144188526161614
CsOPiv,X-Phos,DMAc,0.057,120,PENDING,PENDING,0.0,55.3938290848172,11.69686297350762,0.0002014528523276186,0.12557244453347322,0.014368398398652898,0.14632441653347322
CsOPiv,X-Phos,DMAc,0.057,105,PENDING,PENDING,0.0,46.9001331726822,11.858492869358644,9.919437673131323e-06,0.12686781574576045,0.013932948403573585,0.14761978774576046
CsOPiv,X-Phos,DMAc,0.057,90,PENDING,PENDING,0.0,38.0408362321441,13.751958167792917,9.944046429504676e-06,0.1281389233706286,0.014393291106443981,0.1488908953706286
CsOPiv,X-Phos,BuOAc,0.153,120,PENDING,PENDING,0.0,32.17865225399345,10.664454356028687,1.8250761688964928e-10,0.12284097765834767,0.003975018894052411,0.14359294965834768
CsOPiv,X-Phos,BuOAc,0.153,90,PENDING,PENDING,0.0,17.881105559001337,11.034733966511608,8.123445905878507e-14,0.12550365416135872,0.003971290119081723,0.14625562616135873
CsOPiv,X-Phos,BuOAc,0.1,120,PENDING,PENDING,0.0,31.035849081619077,10.74172008760393,1.225962612301721e-10,0.12866436217688212,0.006887918529301709,0.14941633417688213
CsOPiv,X-Phos,BuOAc,0.1,105,PENDING,PENDING,0.0,23.58767126416751,9.62638235300471,1.422967433465484e-15,0.13001223257685462,0.0058521754161383974,0.15076420457685463
CsOPiv,X-Phos,BuOAc,0.1,90,PENDING,PENDING,0.0,16.861733348481252,10.964891918247831,2.7225084992041563e-14,0.13133667790825024,0.0068972059704511144,0.15208864990825025
CsOPiv,X-Phos,BuOAc,0.057,120,PENDING,PENDING,0.0,30.0546519724833,11.778308241505902,2.9972112698289973e-09,0.13340819344805382,0.010902015386663605,0.15416016544805383
CsOPiv,X-Phos,BuOAc,0.057,105,PENDING,PENDING,0.0,22.732175624563098,10.751462426499998,5.461142430201999e-13,0.13475843921669317,0.010291740277022229,0.15551041121669318
CsOPiv,X-Phos,BuOAc,0.057,90,PENDING,PENDING,0.0,16.105664752885726,11.90834034543659,1.6964425345654506e-12,0.13607719911888033,0.010918876684733892,0.15682917111888034
CsOPiv,X-Phos,BuCN,0.153,120,PENDING,PENDING,0.0,32.894040325397285,12.489715662903006,9.236652884295266e-08,0.11808987304711424,0.010551568408058211,0.13884184504711425
CsOPiv,X-Phos,BuCN,0.153,105,PENDING,PENDING,0.0,25.582922254874152,11.849082065920133,3.379249406707654e-10,0.11938380865222774,0.009917845063366114,0.14013578065222773
CsOPiv,X-Phos,BuCN,0.153,90,PENDING,PENDING,0.0,18.906597636808204,13.080501490742117,6.259932937045083e-10,0.1206682731673437,0.010551550323494193,0.1414202451673437
CsOPiv,X-Phos,BuCN,0.1,120,PENDING,PENDING,0.0,31.788484835882272,12.6157802784718,7.677984298626334e-08,0.12386442518656954,0.011440635913076848,0.14461639718656955
CsOPiv,X-Phos,BuCN,0.1,105,PENDING,PENDING,0.0,24.5337394359574,11.974005847720832,2.9499185228698586e-10,0.12516736993585778,0.01086965542638017,0.1459193419358578
CsOPiv,X-Phos,BuCN,0.1,90,PENDING,PENDING,0.0,17.91592283090489,13.125895000372227,4.4167168081669343e-10,0.12645212834800795,0.011455591422749708,0.14720410034800796
CsOPiv,X-Phos,BuCN,0.057,120,PENDING,PENDING,0.0,30.82565573560663,13.492057306604188,3.9126913135187687e-07,0.12857949667340224,0.013825976039602773,0.14933146867340225
CsOPiv,X-Phos,BuCN,0.057,105,PENDING,PENDING,0.0,23.68677206621982,12.886921573777974,3.6081609474112084e-09,0.12988471225872517,0.0133687611816509,0.15063668425872517
CsOPiv,X-Phos,BuCN,0.057,90,PENDING,PENDING,0.0,17.168881588704146,13.936644375600707,3.3861158693468606e-09,0.13116411380599288,0.013852558159125514,0.1519160858059929
CsOPiv,PPhtBu2,p-Xylene,0.153,120,PENDING,PENDING,0.0,-14.89422591356498,27.464239031073134,8.847499020273736e-05,0.21397116436319466,0.02391699441771442,0.23472313636319467
CsOPiv,PPhtBu2,p-Xylene,0.153,105,PENDING,PENDING,0.0,-18.573015663581117,27.71348718751053,5.741122592717589e-05,0.21556039013169762,0.02320156131092783,0.23631236213169762
CsOPiv,PPhtBu2,p-Xylene,0.153,90,PENDING,PENDING,0.0,-20.948971033307416,29.102892686816315,0.0001061564593016354,0.2168759874740078,0.023000571265989724,0.2376279594740078
CsOPiv,PPhtBu2,p-Xylene,0.1,120,PENDING,PENDING,0.0,-16.07128163935903,26.852236098369588,4.526285558484084e-05,0.2200647891354679,0.022982912115096916,0.2408167611354679
CsOPiv,PPhtBu2,p-Xylene,0.1,105,PENDING,PENDING,0.0,-19.72126005224358,27.100743684549816,2.902890560751699e-05,0.2216661205885133,0.022230430454740883,0.2424180925885133
CsOPiv,PPhtBu2,p-Xylene,0.1,90,PENDING,PENDING,0.0,-22.042397617230122,28.537046875640705,5.959053636936233e-05,0.22298409153089618,0.022018003081042643,0.2437360635308962
CsOPiv,PPhtBu2,p-Xylene,0.057,120,PENDING,PENDING,0.0,-16.774139900438314,26.75903141610464,3.708323081598084e-05,0.22454405256947269,0.02311823437869593,0.2452960245694727
CsOPiv,PPhtBu2,p-Xylene,0.057,105,PENDING,PENDING,0.0,-20.380804014817684,26.996516321817378,2.3669080177238363e-05,0.22614511974863447,0.02237182757516023,0.24689709174863447
CsOPiv,PPhtBu2,p-Xylene,0.057,90,PENDING,PENDING,0.0,-22.649071922737527,28.441363124249055,5.02220892269823e-05,0.22745845006658882,0.02216390812936691,0.24821042206658883
CsOPiv,PPhtBu2,DMAc,0.153,120,PENDING,PENDING,0.0,3.103691000993024,21.471680129500438,1.4623944604158089e-05,0.21555335448905083,0.02176211498664327,0.23630532648905084
CsOPiv,PPhtBu2,DMAc,0.153,105,PENDING,PENDING,0.0,-1.6508869148641026,22.2362554730979,1.132781311131135e-05,0.2171491853961175,0.020986757413191642,0.2379011573961175
CsOPiv,PPhtBu2,DMAc,0.153,90,PENDING,PENDING,0.0,-5.526133640532116,24.604613344930197,4.87560095959376e-05,0.21846520134327382,0.02078090321367882,0.23921717334327383
CsOPiv,PPhtBu2,DMAc,0.1,120,PENDING,PENDING,0.0,1.5766944178691347,20.348180588625183,2.7034135318877874e-06,0.22164484596820408,0.020442502721021053,0.2423968179682041
CsOPiv,PPhtBu2,DMAc,0.1,105,PENDING,PENDING,0.0,-3.149478291118065,21.221847342690015,2.4885522476031098e-06,0.2232528823369129,0.019607841830577406,0.2440048543369129
CsOPiv,PPhtBu2,DMAc,0.1,90,PENDING,PENDING,0.0,-6.953769761642803,23.800361030825616,1.7709575229000367e-05,0.22457125924494142,0.01938655628218411,0.24532323124494143
CsOPiv,PPhtBu2,DMAc,0.057,120,PENDING,PENDING,0.0,0.47393309502233194,20.03856700644625,1.3461636486044776e-06,0.2261117184697273,0.020363846962023337,0.2468636904697273
CsOPiv,PPhtBu2,DMAc,0.057,105,PENDING,PENDING,0.0,-4.1989810746973575,20.964853212953056,1.3796881021023986e-06,0.22771937245155918,0.019528347598889956,0.2484713444515592
CsOPiv,PPhtBu2,DMAc,0.057,90,PENDING,PENDING,0.0,-7.923655323286354,23.634774026682877,1.2316963232208522e-05,0.22903304778262845,0.019311612707536282,0.24978501978262846
CsOPiv,PPhtBu2,BuOAc,0.153,120,PENDING,PENDING,0.0,-10.772165534518969,26.065838078110566,6.19020710874421e-05,0.2284913858406034,0.019428205624032968,0.24924335784060342
CsOPiv,PPhtBu2,BuOAc,0.153,105,PENDING,PENDING,0.0,-14.893276064227642,26.311067600001728,3.599791720897583e-05,0.23017767601592443,0.018480651399190758,0.25092964801592443
CsOPiv,PPhtBu2,BuOAc,0.153,90,PENDING,PENDING,0.0,-17.780567673831015,27.758730325883395,6.786823517820786e-05,0.23155268491136227,0.018192806467039156,0.2523046569113623
CsOPiv,PPhtBu2,BuOAc,0.1,120,PENDING,PENDING,0.0,-12.058994348018224,25.400208676014742,2.8053831195141684e-05,0.23465567152870145,0.018630030072961417,0.25540764352870143
CsOPiv,PPhtBu2,BuOAc,0.1,105,PENDING,PENDING,0.0,-16.150967595790895,25.64759160677033,1.6037256543677248e-05,0.2363552598772784,0.017626582688532212,0.2571072318772784
CsOPiv,PPhtBu2,BuOAc,0.1,90,PENDING,PENDING,0.0,-18.979108825159365,27.150940528156383,3.447742165130522e-05,0.23773315027652833,0.017315641213744112,0.2584851222765283
CsOPiv,PPhtBu2,BuOAc,0.057,120,PENDING,PENDING,0.0,-12.875881495525825,25.3015667320777,2.200878073046515e-05,0.239122721571419,0.019132601362050274,0.259874693571419
CsOPiv,PPhtBu2,BuOAc,0.057,105,PENDING,PENDING,0.0,-16.920158971924003,25.539640813775733,1.2524113223224501e-05,0.24082133022564273,0.01815675073322712,0.26157330222564273
CsOPiv,PPhtBu2,BuOAc,0.057,90,PENDING,PENDING,0.0,-19.687389098548202,27.054539719728194,2.811631192612546e-05,0.24219419300084458,0.017855173771097868,0.26294616500084456
CsOPiv,PPhtBu2,BuCN,0.153,120,PENDING,PENDING,0.0,-10.847595844516327,25.657543107210646,4.379343145356957e-05,0.220550731892373,0.021271010013560857,0.24130270389237302
CsOPiv,PPhtBu2,BuCN,0.153,105,PENDING,PENDING,0.0,-14.856518184660573,25.984455323346,2.7531797292704966e-05,0.22216726604944714,0.020462893601862698,0.24291923804944715
CsOPiv,PPhtBu2,BuCN,0.153,90,PENDING,PENDING,0.0,-17.62933089036831,27.527812697587304,5.850498235454842e-05,0.22349366234033097,0.02024140556160223,0.24424563434033097
CsOPiv,PPhtBu2,BuCN,0.1,120,PENDING,PENDING,0.0,-12.12090838994638,24.995859117054653,1.932285719216534e-05,0.22665709840980072,0.020205744968861676,0.24740907040980073
CsOPiv,PPhtBu2,BuCN,0.1,105,PENDING,PENDING,0.0,-16.10022033513274,25.33336391916626,1.2127565937305172e-05,0.2282861685847725,0.019344906141567107,0.2490381405847725
CsOPiv,PPhtBu2,BuCN,0.1,90,PENDING,PENDING,0.0,-18.813561955506806,26.940535449622484,2.991163968559061e-05,0.2296151117190182,0.019107456600410508,0.25036708371901817
CsOPiv,PPhtBu2,BuCN,0.057,120,PENDING,PENDING,0.0,-12.924461654493179,24.907478905101517,1.5210564142213126e-05,0.2311166574700075,0.02036554948269994,0.2518686294700075
CsOPiv,PPhtBu2,BuCN,0.057,105,PENDING,PENDING,0.0,-16.85675801803768,25.239246901451512,9.556473661393177e-06,0.23274514497584217,0.019513712647745828,0.25349711697584215
CsOPiv,PPhtBu2,BuCN,0.057,90,PENDING,PENDING,0.0,-19.510152935375977,26.86104569879411,2.471460425020793e-05,0.23406931106142076,0.019282152143979627,0.25482128306142077
CsOPiv,PPhMe2,p-Xylene,0.153,120,PENDING,PENDING,0.0,-3.1841254137746233,20.67734639387663,1.223707276595179e-06,0.1387286884922818,0.01761884033425926,0.1594806604922818
CsOPiv,PPhMe2,p-Xylene,0.153,105,PENDING,PENDING,0.0,-5.063809474240358,18.36024484403335,1.6983137701948096e-08,0.13988253209464863,0.016366563494911834,0.16063450409464863
CsOPiv,PPhMe2,p-Xylene,0.153,90,PENDING,PENDING,0.0,-6.062989053591359,17.839552765259633,4.202136194346777e-09,0.14097072964560164,0.015884476462385555,0.16172270164560165
CsOPiv,PPhMe2,p-Xylene,0.1,120,PENDING,PENDING,0.0,-4.328523125598203,19.69461780080361,2.1657675048555858e-07,0.14406367517510804,0.014994200457296972,0.16481564717510805
CsOPiv,PPhMe2,p-Xylene,0.1,105,PENDING,PENDING,0.0,-6.145026761191282,17.24942465643614,1.0867021181097905e-09,0.145222708713847,0.013510520335954852,0.165974680713847
CsOPiv,PPhMe2,p-Xylene,0.1,90,PENDING,PENDING,0.0,-7.06178783812166,16.752035936136803,2.228123601225056e-10,0.14631111849425116,0.012949429738896784,0.16706309049425117
CsOPiv,PPhMe2,p-Xylene,0.057,120,PENDING,PENDING,0.0,-5.094710186707694,19.476281505940793,1.2232724267131767e-07,0.1483084256938897,0.014201244688114513,0.1690603976938897
CsOPiv,PPhMe2,p-Xylene,0.057,105,PENDING,PENDING,0.0,-6.864061840178941,17.037015184195816,4.957404245616657e-10,0.14946776461560318,0.01264818055507892,0.1702197366156032
CsOPiv,PPhMe2,p-Xylene,0.057,90,PENDING,PENDING,0.0,-7.722540815016757,16.610653798185847,1.1742418716433557e-10,0.15055251578121412,0.012080720369882437,0.17130448778121413
CsOPiv,PPhMe2,DMAc,0.153,120,PENDING,PENDING,0.0,9.786303339042732,18.71035779525726,2.7037498366118873e-06,0.13940390445061382,0.016058431427338638,0.16015587645061383
CsOPiv,PPhMe2,DMAc,0.153,105,PENDING,PENDING,0.0,6.741093751011292,17.941986731122142,3.457839997773376e-07,0.14055956316531099,0.014737710383564218,0.161311535165311
CsOPiv,PPhMe2,DMAc,0.153,90,PENDING,PENDING,0.0,4.383229085482483,19.028280334233518,9.385850829154322e-07,0.14164811512745054,0.014265447586559642,0.16240008712745055
CsOPiv,PPhMe2,DMAc,0.1,120,PENDING,PENDING,0.0,8.183628015249912,17.325430819052247,1.8957708829734303e-07,0.14472605594379503,0.012698666431439335,0.16547802794379504
CsOPiv,PPhMe2,DMAc,0.1,105,PENDING,PENDING,0.0,5.198580346996877,16.61958677652697,1.7262766327190575e-08,0.14588671640234685,0.010993601386196821,0.16663868840234686
CsOPiv,PPhMe2,DMAc,0.1,90,PENDING,PENDING,0.0,2.9459548556857413,17.964182023714798,1.0915174673089057e-07,0.14697540487269037,0.010388417807714432,0.16772737687269038
CsOPiv,PPhMe2,DMAc,0.057,120,PENDING,PENDING,0.0,6.992556109790726,16.848912251316047,5.209405546840205e-08,0.14895842601772624,0.01136031009926787,0.16971039801772625
CsOPiv,PPhMe2,DMAc,0.057,105,PENDING,PENDING,0.0,4.0650055328588905,16.226696099419293,4.7321873564960065e-09,0.1501192873566758,0.00944766138807104,0.1708712593566758
CsOPiv,PPhMe2,DMAc,0.057,90,PENDING,PENDING,0.0,1.8999126756180473,17.743690206662105,5.1983484593129e-08,0.1512042770221851,0.008784878739588142,0.17195624902218512
CsOPiv,PPhMe2,BuOAc,0.153,120,PENDING,PENDING,0.0,1.2621533727226861,17.786224231881718,4.562635529788098e-08,0.15279079017138203,0.015480013451646792,0.17354276217138204
CsOPiv,PPhMe2,BuOAc,0.153,105,PENDING,PENDING,0.0,-1.0022228296137285,15.09115180766345,2.585782574652335e-11,0.15401570375398732,0.01402452661768909,0.17476767575398733
CsOPiv,PPhMe2,BuOAc,0.153,90,PENDING,PENDING,0.0,-2.477873158575264,14.627607120205088,2.7133243557664417e-12,0.15514787659685741,0.013450916523512765,0.17589984859685742
CsOPiv,PPhMe2,BuOAc,0.1,120,PENDING,PENDING,0.0,0.01187882091328163,16.464804515912345,1.7454681338633106e-09,0.15818351413578702,0.012848045109170324,0.17893548613578703
CsOPiv,PPhMe2,BuOAc,0.1,105,PENDING,PENDING,0.0,-2.1859523031846493,13.515305668902187,3.8680705857301453e-14,0.15941401076011114,0.01105922730456997,0.18016598276011114
CsOPiv,PPhMe2,BuOAc,0.1,90,PENDING,PENDING,0.0,-3.5728430699497125,13.092426131029217,2.3093090019332108e-15,0.16054656873978188,0.010349667094825887,0.18129854073978188
CsOPiv,PPhMe2,BuOAc,0.057,120,PENDING,PENDING,0.0,-0.8701762827445947,16.10765814817202,5.032699291637973e-10,0.1624252672774858,0.012298717780034248,0.1831772392774858
CsOPiv,PPhMe2,BuOAc,0.057,105,PENDING,PENDING,0.0,-3.015902446278588,13.12712149246861,3.868249814783297e-15,0.1636558185368625,0.010441137479869123,0.18440779053686251
CsOPiv,PPhMe2,BuOAc,0.057,90,PENDING,PENDING,0.0,-4.335941345696924,12.805886651773315,3.213278471726196e-16,0.16478453783831842,0.009722955620370144,0.18553650983831843
CsOPiv,PPhMe2,BuCN,0.153,120,PENDING,PENDING,0.0,1.35675764996909,17.076215578430435,1.1420203040068815e-08,0.14394743309499472,0.012992920047273742,0.16469940509499473
CsOPiv,PPhMe2,BuCN,0.153,105,PENDING,PENDING,0.0,-0.7290463854368099,13.788931839396543,2.8028559164608135e-13,0.14511167061401586,0.011208992936378124,0.16586364261401587
CsOPiv,PPhMe2,BuCN,0.153,90,PENDING,PENDING,0.0,-2.0402573647300315,12.759967562893243,1.1171155909196567e-15,0.14620393087695327,0.010483815601161644,0.16695590287695328
CsOPiv,PPhMe2,BuCN,0.1,120,PENDING,PENDING,0.0,0.12205413616018035,15.853136774571977,3.86525700216104e-10,0.14927436714593423,0.009065649428314358,0.17002633914593424
CsOPiv,PPhMe2,BuCN,0.1,105,PENDING,PENDING,0.0,-1.8930403373652211,12.253818241297747,7.495886525223763e-17,0.1504431930588791,0.006264487029043925,0.1711951650588791
CsOPiv,PPhMe2,BuCN,0.1,90,PENDING,PENDING,0.0,-3.112122106617356,11.182023726247094,2.043362145232212e-20,0.15153545275358782,0.00492039838230602,0.17228742475358783
CsOPiv,PPhMe2,BuCN,0.057,120,PENDING,PENDING,0.0,-0.7482341399313057,15.605935707430474,1.351903708350066e-10,0.1535014299687763,0.007680785422288292,0.1742534019687763
CsOPiv,PPhMe2,BuCN,0.057,105,PENDING,PENDING,0.0,-2.711260244664821,12.00355500440715,9.117492358771017e-18,0.15467022155474175,0.004079637613799761,0.17542219355474176
CsOPiv,PPh3,p-Xylene,0.153,120,PENDING,PENDING,0.0,11.56273781919689,15.910344406351408,3.943529225993949e-08,0.20418394009748292,0.023085445686878203,0.22493591209748293
CsOPiv,PPh3,p-Xylene,0.153,105,PENDING,PENDING,0.0,6.07427646839713,15.405452816826333,1.4077585340238304e-09,0.20579231229065964,0.022343698234327882,0.22654428429065965
CsOPiv,PPh3,p-Xylene,0.153,90,PENDING,PENDING,0.0,1.5440107723944791,16.31586356220424,2.209740212824917e-09,0.2071372965693763,0.022132392081327435,0.2278892685693763
CsOPiv,PPh3,p-Xylene,0.1,120,PENDING,PENDING,0.0,10.55290286952168,15.721990762185179,1.7930370506976874e-08,0.2103644359388657,0.02218597870734573,0.2311164079388657
CsOPiv,PPh3,p-Xylene,0.1,105,PENDING,PENDING,0.0,5.088047535019008,15.076083450971373,3.805997591774821e-10,0.2119851292471699,0.021403759097759018,0.2327371012471699
CsOPiv,PPh3,p-Xylene,0.1,90,PENDING,PENDING,0.0,0.5919465082930415,15.864742338472144,4.843072021660865e-10,0.21333245795717545,0.021178097424175858,0.23408442995717546
CsOPiv,PPh3,p-Xylene,0.057,120,PENDING,PENDING,0.0,9.83118639322483,16.184902925123676,3.718457209630932e-08,0.2149327167189507,0.022381534282535188,0.2356846887189507
CsOPiv,PPh3,p-Xylene,0.057,105,PENDING,PENDING,0.0,4.42144134415615,15.450868466101221,7.959732156881825e-10,0.2165531016077587,0.021606292591995688,0.2373050736077587
CsOPiv,PPh3,p-Xylene,0.057,90,PENDING,PENDING,0.0,-0.02383192978990678,16.131803699851393,7.542151140450656e-10,0.21789559033880337,0.021384167310371995,0.23864756233880338
CsOPiv,PPh3,DMAc,0.153,120,PENDING,PENDING,0.0,47.210772687356865,12.378656634800464,2.8484615373397157e-05,0.2055573690075238,0.020823165161282936,0.2263093410075238
CsOPiv,PPh3,DMAc,0.153,105,PENDING,PENDING,0.0,39.609677159849696,12.439536109115323,1.5541155041439003e-06,0.20717255347558008,0.02000579964124534,0.2279245254755801
CsOPiv,PPh3,DMAc,0.153,90,PENDING,PENDING,0.0,31.597306045977923,14.119227765074994,1.8413309067287606e-06,0.20851852726491105,0.019780827408012094,0.22927049926491105
CsOPiv,PPh3,DMAc,0.1,120,PENDING,PENDING,0.0,45.776612232349095,11.918042978660656,7.010297524613998e-06,0.2117368759823517,0.019519842432661492,0.2324888479823517
CsOPiv,PPh3,DMAc,0.1,105,PENDING,PENDING,0.0,38.17993338930038,12.081021439518832,3.731953410243124e-07,0.213364488681131,0.01863564057957488,0.234116460681131
CsOPiv,PPh3,DMAc,0.1,90,PENDING,PENDING,0.0,30.210895098330944,13.884889708841772,6.93843088419646e-07,0.2147127921527817,0.01839058199541911,0.2354647641527817
CsOPiv,PPh3,DMAc,0.057,120,PENDING,PENDING,0.0,44.30722421030497,12.309203186896825,8.17477081896769e-06,0.2162943505737942,0.019501833493653073,0.2370463225737942
CsOPiv,PPh3,DMAc,0.057,105,PENDING,PENDING,0.0,36.789674215731075,12.537308961372009,5.809081684526661e-07,0.2179215306250087,0.01861764279189653,0.23867350262500872
CsOPiv,PPh3,DMAc,0.057,90,PENDING,PENDING,0.0,28.947537470597062,14.37277727645815,1.1138801035293625e-06,0.2192649239834565,0.018376080563308098,0.24001689598345652
CsOPiv,PPh3,BuOAc,0.153,120,PENDING,PENDING,0.0,17.705016820189627,12.27508541656179,1.981928631564644e-11,0.21883147022233596,0.01831125361818047,0.23958344222233596
CsOPiv,PPh3,BuOAc,0.153,105,PENDING,PENDING,0.0,11.44779453007622,11.291100413111835,3.528091530604791e-15,0.22053841229160204,0.017295622530175202,0.24129038429160204
CsOPiv,PPh3,BuOAc,0.153,90,PENDING,PENDING,0.0,6.046361808352806,12.131881863562036,8.263541323654629e-15,0.22194350784743408,0.01697727289166987,0.2426954798474341
CsOPiv,PPh3,BuOAc,0.1,120,PENDING,PENDING,0.0,16.52617066071316,12.003948996861917,3.309493752209509e-12,0.22508424129201107,0.01752980721035027,0.24583621329201108
CsOPiv,PPh3,BuOAc,0.1,105,PENDING,PENDING,0.0,10.294944055144672,10.804140824653796,7.475258289474108e-17,0.22680476736107877,0.016448841113627505,0.24755673936107878
CsOPiv,PPh3,BuOAc,0.1,90,PENDING,PENDING,0.0,4.935960539897394,11.471194277542034,8.988397468232716e-17,0.22821274225675936,0.016100695599383038,0.24896471425675937
CsOPiv,PPh3,BuOAc,0.057,120,PENDING,PENDING,0.0,15.617447280451184,12.640894534597557,2.4871398712043566e-11,0.2296401063726143,0.0181157531719697,0.2503920783726143
CsOPiv,PPh3,BuOAc,0.057,105,PENDING,PENDING,0.0,9.451024100723746,11.367673565775094,1.3074095449200613e-15,0.2313595651895722,0.017069265009027067,0.2521115371895722
CsOPiv,PPh3,BuOAc,0.057,90,PENDING,PENDING,0.0,4.157106445669271,11.882088953979983,5.926268201808867e-16,0.23276229484457403,0.016731490604215915,0.253514266844574
CsOPiv,PPh3,BuCN,0.153,120,PENDING,PENDING,0.0,18.479836729357867,12.933400581916043,3.1499285898687734e-10,0.2107235510270397,0.02031187674428618,0.23147552302703972
CsOPiv,PPh3,BuCN,0.153,105,PENDING,PENDING,0.0,12.394065296960385,12.441338364099927,1.8089948383056415e-12,0.21235983780199835,0.01946357565268373,0.23311180980199836
CsOPiv,PPh3,BuCN,0.153,90,PENDING,PENDING,0.0,7.113721934783108,13.495975414292849,6.131553252462626e-12,0.2137160789360928,0.019226967110862924,0.2344680509360928
CsOPiv,PPh3,BuCN,0.1,120,PENDING,PENDING,0.0,17.351324687031873,12.859542107064673,1.3750542520702352e-10,0.21691791155633633,0.019276023914399126,0.23766988355633634
CsOPiv,PPh3,BuCN,0.1,105,PENDING,PENDING,0.0,11.288454716533629,12.223826439547954,3.608439960067583e-13,0.21856697711732798,0.018368786098797357,0.23931894911732798
CsOPiv,PPh3,BuCN,0.1,90,PENDING,PENDING,0.0,6.0457463424991715,13.130405655431364,8.212855702650759e-13,0.21992574406553558,0.018111942621870276,0.2406777160655356
CsOPiv,PPh3,BuCN,0.057,120,PENDING,PENDING,0.0,16.47559873121109,13.551758008076366,8.170282838356475e-10,0.22146710973420722,0.01950900412639628,0.24221908173420723
CsOPiv,PPh3,BuCN,0.057,105,PENDING,PENDING,0.0,10.474279739947065,12.836764719280035,3.0339511072739786e-12,0.2231155304566252,0.01861318351048465,0.2438675024566252
CsOPiv,PPh3,BuCN,0.057,90,PENDING,PENDING,0.0,5.29335100824801,13.603971047565647,3.497376513543863e-12,0.22446931071565782,0.018361534910307016,0.24522128271565782
CsOPiv,PPh2Me,p-Xylene,0.153,120,PENDING,PENDING,0.0,-6.367030223022894,19.316583011535517,6.410584256190997e-08,0.11973940917238257,0.015668547409814618,0.14049138117238258
CsOPiv,PPh2Me,p-Xylene,0.153,105,PENDING,PENDING,0.0,-7.885285354233012,17.47965581502507,9.76283331790107e-10,0.12071887890593835,0.014196198857737844,0.14147085090593836
CsOPiv,PPh2Me,p-Xylene,0.153,90,PENDING,PENDING,0.0,-8.470848580964187,17.64742091947992,1.1610910633676056e-09,0.12167104069365542,0.01366365228890948,0.14242301269365543
CsOPiv,PPh2Me,p-Xylene,0.1,120,PENDING,PENDING,0.0,-6.720341849810843,19.21665116154341,4.844504181374439e-08,0.12486340047403822,0.014505470937717958,0.14561537247403822
CsOPiv,PPh2Me,p-Xylene,0.1,105,PENDING,PENDING,0.0,-8.208694180535275,17.192745457633038,4.3438347442312277e-10,0.12584961591557137,0.01288584474111172,0.14660158791557137
CsOPiv,PPh2Me,p-Xylene,0.1,90,PENDING,PENDING,0.0,-8.772955709197966,17.195387614849153,3.521347093915278e-10,0.12680275241842204,0.012287898000931993,0.14755472441842205
CsOPiv,PPh2Me,p-Xylene,0.057,120,PENDING,PENDING,0.0,-6.835489604986215,19.834454408872208,1.315363150571248e-07,0.12900560262254024,0.015278358285323312,0.14975757462254025
CsOPiv,PPh2Me,p-Xylene,0.057,105,PENDING,PENDING,0.0,-8.308394415791298,17.782437376669744,1.6725196458883973e-09,0.12999451276996718,0.013753473684695918,0.1507464847699672
CsOPiv,PPh2Me,p-Xylene,0.057,90,PENDING,PENDING,0.0,-8.868055393885747,17.68112652982951,1.0853132157741954e-09,0.13094540818941436,0.013197528470879329,0.15169738018941437
CsOPiv,PPh2Me,DMAc,0.153,120,PENDING,PENDING,0.0,6.724507529810012,17.303359547173724,1.1290222783606127e-07,0.12091397849443833,0.013613061608529452,0.14166595049443834
CsOPiv,PPh2Me,DMAc,0.153,105,PENDING,PENDING,0.0,4.070916037705814,16.694238891514214,1.3449272391389901e-08,0.12189383494287404,0.01191054516394202,0.14264580694287404
CsOPiv,PPh2Me,DMAc,0.153,90,PENDING,PENDING,0.0,2.1551722160505165,18.205106470169678,1.2976495038082445e-07,0.12284430066571936,0.011294031508534351,0.14359627266571937
CsOPiv,PPh2Me,DMAc,0.1,120,PENDING,PENDING,0.0,6.158693656769401,17.329067647598993,9.816076652145672e-08,0.12602948410602194,0.011935722864630226,0.14678145610602195
CsOPiv,PPh2Me,DMAc,0.1,105,PENDING,PENDING,0.0,3.524286402200879,16.627854610718686,9.541573177723983e-09,0.1270160296843331,0.009931240217910557,0.1477680016843331
CsOPiv,PPh2Me,DMAc,0.1,90,PENDING,PENDING,0.0,1.626166419054691,18.052581675295652,8.384090768355326e-08,0.12796744260974754,0.009173474511881278,0.14871941460974755
CsOPiv,PPh2Me,DMAc,0.057,120,PENDING,PENDING,0.0,5.813276622290381,18.111491832806294,3.4390516646200195e-07,0.13016162626822952,0.012617287253896967,0.15091359826822953
CsOPiv,PPh2Me,DMAc,0.057,105,PENDING,PENDING,0.0,3.199017331283727,17.381165922320655,4.018231973232539e-08,0.1311508887676585,0.010746071407972202,0.15190286076765852
CsOPiv,PPh2Me,DMAc,0.057,90,PENDING,PENDING,0.0,1.3142573473773567,18.678571937968034,2.2282442013252495e-07,0.13210007533412788,0.010055456255072075,0.15285204733412788
CsOPiv,PPh2Me,BuOAc,0.153,120,PENDING,PENDING,0.0,-2.6040479432858277,15.69452344391074,7.807946385295505e-11,0.13160291887220127,0.013740815969324487,0.15235489087220128
CsOPiv,PPh2Me,BuOAc,0.153,105,PENDING,PENDING,0.0,-4.463375157707688,13.761185067074509,3.099517756438007e-14,0.1326418738074041,0.012030455870503196,0.15339384580740412
CsOPiv,PPh2Me,BuOAc,0.153,90,PENDING,PENDING,0.0,-5.455038843809454,14.392761335840055,2.4685230233938917e-13,0.13363332528560765,0.011397151810630852,0.15438529728560765
CsOPiv,PPh2Me,BuOAc,0.1,120,PENDING,PENDING,0.0,-3.035826236915767,15.661928813005337,5.881959238453469e-11,0.13677011298448866,0.012809644151086595,0.15752208498448866
CsOPiv,PPh2Me,BuOAc,0.1,105,PENDING,PENDING,0.0,-4.86440140432471,13.487287453939839,7.098433628926501e-15,0.13781610011717996,0.010933121941026086,0.15856807211717996
CsOPiv,PPh2Me,BuOAc,0.1,90,PENDING,PENDING,0.0,-5.832275063954327,13.903461938096015,2.65797025056671e-14,0.13880866862447933,0.010215753241972316,0.15956064062447933
CsOPiv,PPh2Me,BuOAc,0.057,120,PENDING,PENDING,0.0,-3.23695086281041,16.53441777668223,5.818507801380339e-10,0.1409102581544082,0.013992454130719626,0.1616622301544082
CsOPiv,PPh2Me,BuOAc,0.057,105,PENDING,PENDING,0.0,-5.048271668680165,14.354517408642083,2.6325679403469533e-13,0.14195879773353715,0.012298913879466548,0.16271076973353715
CsOPiv,PPh2Me,BuOAc,0.057,90,PENDING,PENDING,0.0,-6.007690527740948,14.59901997538164,4.1027411309879756e-13,0.14294900613077433,0.011664730550271197,0.16370097813077433
CsOPiv,PPh2Me,BuCN,0.153,120,PENDING,PENDING,0.0,-2.1487689447815654,15.24618659701542,2.4833066853655412e-11,0.12453965718754229,0.009892486046203294,0.1452916291875423
CsOPiv,PPh2Me,BuCN,0.153,105,PENDING,PENDING,0.0,-3.8316530833960485,12.544911754032725,1.0609658091292478e-16,0.1255265074541088,0.007307675111395115,0.1462784794541088
CsOPiv,PPh2Me,BuCN,0.153,90,PENDING,PENDING,0.0,-4.678419236865203,12.574986453765707,7.091679840498849e-17,0.1264810628870655,0.006211053024351673,0.14723303488706552
CsOPiv,PPh2Me,BuCN,0.1,120,PENDING,PENDING,0.0,-2.546087985875495,15.17152934897082,1.634194905337768e-11,0.12966217293377694,0.007896786597538211,0.15041414493377694
CsOPiv,PPh2Me,BuCN,0.1,105,PENDING,PENDING,0.0,-4.1963176168086065,12.187962882943493,9.876060251529181e-18,0.13065560956318256,0.00418146631653033,0.15140758156318257
CsOPiv,PPh2Me,BuCN,0.057,120,PENDING,PENDING,0.0,-2.7257019824928292,16.03920259551277,1.953426186720351e-10,0.13379449890729875,0.0092736948738932,0.15454647090729876
CsOPiv,PPh2Me,BuCN,0.057,105,PENDING,PENDING,0.0,-4.361159877475757,13.119752557568658,1.6208362279006767e-15,0.13479074956050574,0.006421710513005041,0.15554272156050575
CsOPiv,PPh2Me,BuCN,0.057,90,PENDING,PENDING,0.0,-5.178756072272272,12.760141732012173,1.4370225990682679e-16,0.1357440486227759,0.00512516546404991,0.1564960206227759
CsOPiv,PCy3 HBF4,p-Xylene,0.153,120,PENDING,PENDING,0.0,-3.6627306014437835,17.638589941538058,6.358266487301491e-09,0.20421251825158082,0.024602040671933712,0.22496449025158083
CsOPiv,PCy3 HBF4,p-Xylene,0.153,105,PENDING,PENDING,0.0,-8.155213999569341,16.577430987174786,8.990719626304748e-11,0.20572773347395618,0.023890501759147295,0.22647970547395618
CsOPiv,PCy3 HBF4,p-Xylene,0.153,90,PENDING,PENDING,0.0,-11.465005259054315,17.328406155825157,1.7410458401035626e-10,0.20698465852831094,0.023675509042660258,0.22773663052831095
CsOPiv,PCy3 HBF4,p-Xylene,0.1,120,PENDING,PENDING,0.0,-4.464489752548509,17.72506634195901,5.765027393370721e-09,0.21026056475215016,0.023764357616763793,0.23101253675215017
CsOPiv,PCy3 HBF4,p-Xylene,0.1,105,PENDING,PENDING,0.0,-8.932407242078341,16.5755032216764,6.494429147860299e-11,0.21178770953293632,0.023019162034541824,0.23253968153293633
CsOPiv,PCy3 HBF4,p-Xylene,0.1,90,PENDING,PENDING,0.0,-12.211462444930838,17.20905810805448,9.547379734696196e-11,0.2130470016652094,0.02279218237189815,0.2337989736652094
CsOPiv,PCy3 HBF4,p-Xylene,0.057,120,PENDING,PENDING,0.0,-4.9309679994979305,18.406812984170596,1.9400603004316737e-08,0.2147308892925936,0.023946899984299472,0.2354828612925936
CsOPiv,PCy3 HBF4,p-Xylene,0.057,105,PENDING,PENDING,0.0,-9.352787521548017,17.242445589306072,3.1678920662741517e-10,0.21625810157577036,0.023208218658387455,0.23701007357577036
CsOPiv,PCy3 HBF4,p-Xylene,0.057,90,PENDING,PENDING,0.0,-12.592242459073482,17.7756731737603,3.436169031258774e-10,0.21751305495122622,0.022985175317815878,0.23826502695122623
CsOPiv,PCy3 HBF4,DMAc,0.153,120,PENDING,PENDING,0.0,20.587261558808933,16.352936770779614,1.989190487290747e-06,0.2062320711552633,0.022649624733369428,0.2269840431552633
CsOPiv,PCy3 HBF4,DMAc,0.153,105,PENDING,PENDING,0.0,14.477431354923848,16.372332728829846,2.7498334575847137e-07,0.20775349062558163,0.021898479765440813,0.22850546262558163
CsOPiv,PCy3 HBF4,DMAc,0.153,90,PENDING,PENDING,0.0,8.858259590763229,17.954121435787087,6.731821768830237e-07,0.20900960278851655,0.021690120328769616,0.22976157478851655
CsOPiv,PCy3 HBF4,DMAc,0.1,120,PENDING,PENDING,0.0,19.485064393392616,16.246526147039255,1.1702146609203162e-06,0.21227659777725996,0.021460622232755924,0.23302856977725997
CsOPiv,PCy3 HBF4,DMAc,0.1,105,PENDING,PENDING,0.0,13.38640214038988,16.284505679857354,1.6047204144455857e-07,0.21381003748482036,0.020658094555695013,0.23456200948482037
CsOPiv,PCy3 HBF4,DMAc,0.1,90,PENDING,PENDING,0.0,7.7972545468071175,17.881688572816362,4.334881336930773e-07,0.2150685064212179,0.020434657290355273,0.2358204784212179
CsOPiv,PCy3 HBF4,DMAc,0.057,120,PENDING,PENDING,0.0,18.57084797156887,16.792218697926543,2.1147041331123927e-06,0.21673189763600945,0.021441756850149915,0.23748386963600945
CsOPiv,PCy3 HBF4,DMAc,0.057,105,PENDING,PENDING,0.0,12.530035025931017,16.83788980801592,3.3116206248956484e-07,0.21826529478554912,0.020639685269413434,0.23901726678554913
CsOPiv,PCy3 HBF4,DMAc,0.057,90,PENDING,PENDING,0.0,7.011393493863295,18.399611444250944,7.783037065434668e-07,0.21951937844650393,0.0204198389683459,0.24027135044650394
CsOPiv,PCy3 HBF4,BuOAc,0.153,120,PENDING,PENDING,0.0,1.4556653980878238,16.555276493598466,3.750626037625718e-09,0.21870594213782202,0.020373594259677514,0.23945791413782203
CsOPiv,PCy3 HBF4,BuOAc,0.153,105,PENDING,PENDING,0.0,-3.6550077716676697,15.121604999237084,8.283781868504928e-12,0.22031621878599303,0.01945528936643941,0.24106819078599304
CsOPiv,PCy3 HBF4,BuOAc,0.153,90,PENDING,PENDING,0.0,-7.665271285771212,15.45022214560929,3.735371824836307e-12,0.22163127345325948,0.019160286897168408,0.24238324545325948
CsOPiv,PCy3 HBF4,BuOAc,0.1,120,PENDING,PENDING,0.0,0.5257492743791232,16.495330327970795,2.2883766845895256e-09,0.224822252140069,0.019684612597545826,0.24557422414006902
CsOPiv,PCy3 HBF4,BuOAc,0.1,105,PENDING,PENDING,0.0,-4.559173107886458,14.934366518709833,2.8575149081799507e-12,0.22644556860115117,0.01871888229546381,0.24719754060115118
CsOPiv,PCy3 HBF4,BuOAc,0.1,90,PENDING,PENDING,0.0,-8.533468947279559,15.129192690813241,8.145441653886446e-13,0.2277634683173705,0.018402015732950507,0.2485154403173705
CsOPiv,PCy3 HBF4,BuOAc,0.057,120,PENDING,PENDING,0.0,-0.08114674925629117,17.11419743993071,7.40171183440939e-09,0.2292797927226091,0.020210516643877765,0.2500317647226091
CsOPiv,PCy3 HBF4,BuOAc,0.057,105,PENDING,PENDING,0.0,-5.112229137949683,15.542704482309997,1.6279117887450176e-11,0.23090251244590992,0.019269803632015487,0.25165448444590993
CsOPiv,PCy3 HBF4,BuOAc,0.057,90,PENDING,PENDING,0.0,-9.035678688734173,15.652908038274719,3.854062299695753e-12,0.232215711552195,0.018960972799652295,0.252967683552195
CsOPiv,PCy3 HBF4,BuCN,0.153,120,PENDING,PENDING,0.0,1.6313549818333328,16.93757251301605,9.376565425329312e-09,0.21094854490507173,0.02220607667298787,0.23170051690507174
CsOPiv,PCy3 HBF4,BuCN,0.153,105,PENDING,PENDING,0.0,-3.335450858309976,15.864252927629291,9.273670646642076e-11,0.21249004472649133,0.021422031727114238,0.23324201672649134
CsOPiv,PCy3 HBF4,BuCN,0.153,90,PENDING,PENDING,0.0,-7.213843086467072,16.42914647202979,8.820836082082102e-11,0.213756702729552,0.021195087586309173,0.234508674729552
CsOPiv,PCy3 HBF4,BuCN,0.1,120,PENDING,PENDING,0.0,0.7409133933396177,17.013541529932425,8.008996262285381e-09,0.21700793726588913,0.02126057109501749,0.23775990926588914
CsOPiv,PCy3 HBF4,BuCN,0.1,105,PENDING,PENDING,0.0,-4.201395620936104,15.849074441872563,6.117472018212536e-11,0.21856176500709043,0.020431142444339596,0.23931373700709044
CsOPiv,PCy3 HBF4,BuCN,0.1,90,PENDING,PENDING,0.0,-8.046644343995176,16.295551815174786,4.2749071577891144e-11,0.21983095432544242,0.020188620036565772,0.24058292632544243
CsOPiv,PCy3 HBF4,BuCN,0.057,120,PENDING,PENDING,0.0,0.1658096697916278,17.693478175060083,2.649316224526215e-08,0.2214573706987247,0.021465157149903248,0.2422093426987247
CsOPiv,PCy3 HBF4,BuCN,0.057,105,PENDING,PENDING,0.0,-4.724962411173074,16.51520032158238,3.06314278461157e-10,0.22301097114829618,0.02064467888742293,0.2437629431482962
CsOPiv,PCy3 HBF4,BuCN,0.057,90,PENDING,PENDING,0.0,-8.522781168782487,16.874610682885436,1.7145502524462979e-10,0.22427570141511902,0.02040702632544282,0.24502767341511902
CsOPiv,P(fur)3,p-Xylene,0.153,120,PENDING,PENDING,0.0,13.38615607867941,13.095513661770628,3.923710953442523e-11,0.12245973088409845,0.015509627658323316,0.14321170288409846
CsOPiv,P(fur)3,p-Xylene,0.153,105,PENDING,PENDING,0.0,7.717026734328343,12.863089295470822,7.015647705059706e-13,0.12381644960374984,0.015895690336716218,0.14456842160374983
CsOPiv,P(fur)3,p-Xylene,0.153,90,PENDING,PENDING,0.0,2.98931962411654,14.37430354247098,1.6716009352846387e-11,0.125147767497374,0.01703374740029779,0.145899739497374
CsOPiv,P(fur)3,p-Xylene,0.1,120,PENDING,PENDING,0.0,12.650866989351726,12.554895408540535,3.3579392433995314e-12,0.12852127696146248,0.013514005409408229,0.1492732489614625
CsOPiv,P(fur)3,p-Xylene,0.1,105,PENDING,PENDING,0.0,7.012658697549497,12.20304303443373,2.2225400891686935e-14,0.12988712929479185,0.013964422882983711,0.15063910129479186
CsOPiv,P(fur)3,p-Xylene,0.1,90,PENDING,PENDING,0.0,2.310626135018417,13.698261546554761,1.0183446938561137e-12,0.13121881698407267,0.015265266548373277,0.15197078898407268
CsOPiv,P(fur)3,p-Xylene,0.057,120,PENDING,PENDING,0.0,12.138079336767834,12.931795743435954,1.104319217891206e-11,0.1334318874562793,0.013356790457794608,0.1541838594562793
CsOPiv,P(fur)3,p-Xylene,0.057,105,PENDING,PENDING,0.0,6.562078791064877,12.494110740611363,6.827005724594475e-14,0.13479847688997695,0.013815208183437875,0.15555044888997696
CsOPiv,P(fur)3,p-Xylene,0.057,90,PENDING,PENDING,0.0,1.9049343215413117,13.903489967531852,1.8050529200745768e-12,0.13612342266209015,0.015136385637561226,0.15687539466209016
CsOPiv,P(fur)3,DMAc,0.153,120,PENDING,PENDING,0.0,48.97178759425701,10.39561872787822,9.948842068829752e-07,0.12416734293482484,0.00997621737113885,0.14491931493482485
CsOPiv,P(fur)3,DMAc,0.153,105,PENDING,PENDING,0.0,40.943319557989106,10.693855776110123,3.386281902937989e-08,0.12552179858246923,0.01059617343537722,0.14627377058246924
CsOPiv,P(fur)3,DMAc,0.153,90,PENDING,PENDING,0.0,32.51905833184331,12.726785109138609,1.402026547237842e-07,0.1268437259248557,0.01227993788383241,0.14759569792485572
CsOPiv,P(fur)3,DMAc,0.1,120,PENDING,PENDING,0.0,47.89763202317742,9.289075472957533,1.7971328357987617e-08,0.13024192859165246,0.004678087310419357,0.15099390059165246
CsOPiv,P(fur)3,DMAc,0.1,105,PENDING,PENDING,0.0,39.87442875457907,9.849928201285184,8.984075802594903e-10,0.13160520213578436,0.0059202649362955235,0.15235717413578437
CsOPiv,P(fur)3,DMAc,0.1,90,PENDING,PENDING,0.0,31.468662503309424,12.234964930098092,2.4065990534088037e-08,0.1329266280043696,0.008627073889145133,0.15367860000436961
CsOPiv,P(fur)3,DMAc,0.057,105,PENDING,PENDING,0.0,38.7647888880367,10.086863210129865,1.13487546629709e-09,0.1365140102831909,0.00397234591873485,0.1572659822831909
CsOPiv,P(fur)3,DMAc,0.057,90,PENDING,PENDING,0.0,30.4758191450321,12.61752301328845,4.22678527348147e-08,0.13782829226969476,0.007457732679580047,0.15858026426969477
CsOPiv,P(fur)3,BuOAc,0.153,120,PENDING,PENDING,0.0,20.268798519665793,10.139783040956758,2.725390775166521e-15,0.13087860481866134,0.005790962202350776,0.15163057681866135
CsOPiv,P(fur)3,BuOAc,0.153,105,PENDING,PENDING,0.0,13.837584987513207,9.729854750454518,5.333296886073058e-19,0.13230967316938955,0.006835699497098066,0.15306164516938955
CsOPiv,P(fur)3,BuOAc,0.153,90,PENDING,PENDING,0.0,8.201580277807224,11.36390581793896,5.166129963524758e-16,0.13371299205818804,0.009292534405269497,0.15446496405818805
CsOPiv,P(fur)3,BuOAc,0.1,105,PENDING,PENDING,0.0,12.97746620448888,8.901296272281654,7.848080290376458e-23,0.13839646797183786,0.003972466659109413,0.15914843997183786
CsOPiv,P(fur)3,BuOAc,0.1,90,PENDING,PENDING,0.0,7.379081713390185,10.557242579292227,1.1980951184946216e-18,0.13980140133411603,0.00746532443256113,0.16055337333411604
CsOPiv,P(fur)3,BuOAc,0.057,120,PENDING,PENDING,0.0,18.66443771161512,10.026488618709655,3.500020887469396e-16,0.14187701908645745,0.00469990955415704,0.16262899108645745
CsOPiv,P(fur)3,BuOAc,0.057,105,PENDING,PENDING,0.0,12.34578747624121,9.406685679910026,7.074646426521263e-21,0.14331824588285635,0.005953958797332921,0.16407021788285636
CsOPiv,P(fur)3,BuOAc,0.057,90,PENDING,PENDING,0.0,6.809107118840387,10.929214729251491,1.0938502941502285e-17,0.14471554783171237,0.008682252839329026,0.16546751983171237
CsOPiv,P(fur)3,BuCN,0.153,120,PENDING,PENDING,0.0,21.006179913010847,11.361262147952019,3.1743756991993825e-12,0.12687905417644524,0.010913578263000696,0.14763102617644525
CsOPiv,P(fur)3,BuCN,0.153,105,PENDING,PENDING,0.0,14.703774093623586,11.277487791726525,3.2311531660890424e-14,0.12825237981477475,0.01148965032138584,0.14900435181477475
CsOPiv,P(fur)3,BuCN,0.153,90,PENDING,PENDING,0.0,9.150179126147606,12.819515101423663,1.3334866300111206e-12,0.12959634117451135,0.01306175937175408,0.15034831317451136
CsOPiv,P(fur)3,BuCN,0.1,120,PENDING,PENDING,0.0,20.165085658963918,10.918285612001693,2.1638982239061468e-13,0.13294563151771235,0.007845802848004825,0.15369760351771236
CsOPiv,P(fur)3,BuCN,0.1,105,PENDING,PENDING,0.0,13.895881075643025,10.762443404894622,9.364011085103338e-16,0.13432817590587004,0.00864760508361524,0.15508014790587005
CsOPiv,P(fur)3,BuCN,0.1,90,PENDING,PENDING,0.0,8.372732772102424,12.294004110698058,8.195257310405432e-14,0.1356724977065653,0.010677251774886036,0.15642446970656532
CsOPiv,P(fur)3,BuCN,0.057,120,PENDING,PENDING,0.0,19.495400497046592,11.472890420459548,2.0140219494347043e-12,0.1378540752526521,0.00763384101044877,0.1586060472526521
CsOPiv,P(fur)3,BuCN,0.057,105,PENDING,PENDING,0.0,13.297918169770625,11.25309893620835,1.0608710328113261e-14,0.139237133099878,0.008463044078235876,0.15998910509987802
CsOPiv,P(fur)3,BuCN,0.057,90,PENDING,PENDING,0.0,7.833674650893322,12.689714377716284,3.570809366984245e-13,0.14057425784169036,0.010541164554676246,0.16132622984169037
CsOPiv,JackiePhos,p-Xylene,0.153,120,PENDING,PENDING,0.0,3.9143076980822684,17.243633172962465,3.920037892856461e-08,0.4475533769395815,0.022722715602249446,0.46830534893958153
CsOPiv,JackiePhos,p-Xylene,0.153,105,PENDING,PENDING,0.0,-1.1936284753392812,15.6308568697356,1.197501281006689e-10,0.44793547465315264,0.022255510179845516,0.46868744665315265
CsOPiv,JackiePhos,p-Xylene,0.153,90,PENDING,PENDING,0.0,-5.178502570147295,15.692174038251833,2.502922852684463e-11,0.44797553364713255,0.022687946886658265,0.46872750564713256
CsOPiv,JackiePhos,p-Xylene,0.1,120,PENDING,PENDING,0.0,2.8526554065580925,16.444333094663747,4.9275422171637454e-09,0.4495992361187302,0.019566318838457646,0.4703512081187302
CsOPiv,JackiePhos,p-Xylene,0.1,105,PENDING,PENDING,0.0,-2.219267271485748,14.570297773032229,2.5176911498448792e-12,0.44998356314145166,0.01901650438537486,0.47073553514145167
CsOPiv,JackiePhos,p-Xylene,0.1,90,PENDING,PENDING,0.0,-6.150971009890888,14.50287125666721,2.6335570783961005e-13,0.4500228764509168,0.01952761767953694,0.4707748484509168
CsOPiv,JackiePhos,p-Xylene,0.057,120,PENDING,PENDING,0.0,2.134198639546156,16.424565642919305,3.5846493258519197e-09,0.4506324768335994,0.018686423695594593,0.4713844488335994
CsOPiv,JackiePhos,p-Xylene,0.057,105,PENDING,PENDING,0.0,-2.876920882877286,14.43228641183271,1.0934032893867263e-12,0.451017572515259,0.018108635627292254,0.471769544515259
CsOPiv,JackiePhos,p-Xylene,0.057,90,PENDING,PENDING,0.0,-6.747483672048887,14.293350078343742,8.327279633394795e-14,0.4510565801204161,0.018646647673128527,0.4718085521204161
CsOPiv,JackiePhos,DMAc,0.153,120,PENDING,PENDING,0.0,30.526622623242368,14.097360490779172,1.1870685357668925e-06,0.44902894903891805,0.014018205136320471,0.46978092103891805
CsOPiv,JackiePhos,DMAc,0.153,105,PENDING,PENDING,0.0,23.269191076552882,12.919644304664713,3.246544631287901e-09,0.4494122749414676,0.013250401595013462,0.47016424694146763
CsOPiv,JackiePhos,DMAc,0.153,90,PENDING,PENDING,0.0,16.414519863067905,13.923837833752682,2.3275092385835304e-09,0.4494492720585284,0.014013373344209165,0.4702012440585284
CsOPiv,JackiePhos,DMAc,0.1,120,PENDING,PENDING,0.0,28.951038580649943,12.740862758399357,2.890817922479521e-08,0.4510877412097311,0.0076519845880302995,0.4718397132097311
CsOPiv,JackiePhos,DMAc,0.1,105,PENDING,PENDING,0.0,21.693639893004786,11.441743963618913,6.9677370325056215e-12,0.45147342618630765,0.006115127940570053,0.47222539818630765
CsOPiv,JackiePhos,DMAc,0.1,90,PENDING,PENDING,0.0,14.909239144326431,12.68314626951006,1.9744499001007836e-11,0.45150953592906096,0.0076484626485436615,0.47226150792906096
CsOPiv,JackiePhos,DMAc,0.057,120,PENDING,PENDING,0.0,27.584683734798205,12.402058526823955,5.8131137448528616e-09,0.4521235600782658,0.004862961311380925,0.4728755320782658
CsOPiv,JackiePhos,DMAc,0.057,90,PENDING,PENDING,0.0,13.736483700248954,12.508031598438407,5.177540695298067e-12,0.4525458153896125,0.0048607773746132885,0.47329778738961253
CsOPiv,JackiePhos,BuOAc,0.153,120,PENDING,PENDING,0.0,9.244982233680414,16.626919454393704,7.367886689456846e-08,0.44867371923655885,0.022319244994315212,0.46942569123655886
CsOPiv,JackiePhos,BuOAc,0.153,105,PENDING,PENDING,0.0,3.39312282939202,15.188403931066382,2.492726507256801e-10,0.44905788913522204,0.021850026018717494,0.46980986113522205
CsOPiv,JackiePhos,BuOAc,0.153,90,PENDING,PENDING,0.0,-1.406141779303212,15.305028619711425,4.1708749450676664e-11,0.44909957366183173,0.022300195015684726,0.46985154566183174
CsOPiv,JackiePhos,BuOAc,0.1,120,PENDING,PENDING,0.0,8.01317547319124,15.87656364802165,9.60868339624718e-09,0.4507200136016585,0.019088253040092065,0.4714719856016585
CsOPiv,JackiePhos,BuOAc,0.1,105,PENDING,PENDING,0.0,2.195782458874632,14.2139398071686,6.501227236366234e-12,0.45110641254730693,0.018532036029708654,0.47185838454730694
CsOPiv,JackiePhos,BuOAc,0.1,90,PENDING,PENDING,0.0,-2.543631957164756,14.216004822608465,5.739253298529599e-13,0.4511473432412133,0.0190678040154164,0.4718993152412133
CsOPiv,JackiePhos,BuOAc,0.057,120,PENDING,PENDING,0.0,7.118757983054266,15.921293349837365,7.546261421134432e-09,0.4517527889789273,0.01818609082423727,0.4725047609789273
CsOPiv,JackiePhos,BuOAc,0.057,105,PENDING,PENDING,0.0,1.370534134171443,14.162626419344623,3.5648855753717713e-12,0.4521399540563194,0.01760004973839742,0.4728919260563194
CsOPiv,JackiePhos,BuOAc,0.057,90,PENDING,PENDING,0.0,-3.293433149120368,14.101878362050893,2.4634090606877864e-13,0.4521805745633882,0.01816539098588011,0.47293254656338823
CsOPiv,JackiePhos,BuCN,0.153,120,PENDING,PENDING,0.0,9.603717640510364,16.44250068536813,5.8013871165508055e-08,0.44922229919365425,0.018021569475464058,0.46997427119365426
CsOPiv,JackiePhos,BuCN,0.153,105,PENDING,PENDING,0.0,3.892188945774123,15.093672861461387,2.3680765330006663e-10,0.4496055563643544,0.017430351796273787,0.4703575283643544
CsOPiv,JackiePhos,BuCN,0.153,90,PENDING,PENDING,0.0,-0.7828497516992314,15.284561082087102,5.188758946230999e-11,0.44964376186658433,0.018001886782194956,0.47039573386658434
CsOPiv,JackiePhos,BuCN,0.1,120,PENDING,PENDING,0.0,8.405138031952756,15.744608331767036,8.250539173693828e-09,0.4512763485126246,0.01373907456573084,0.4720283205126246
CsOPiv,JackiePhos,BuCN,0.1,105,PENDING,PENDING,0.0,2.7261691578137146,14.191115285421084,7.831116621177341e-12,0.4516619006753113,0.012945747979526934,0.4724138726753113
CsOPiv,JackiePhos,BuCN,0.1,90,PENDING,PENDING,0.0,-1.8909286313400742,14.282629084827892,1.0388508246087196e-12,0.45169929004747017,0.013715991313761269,0.4724512620474702
CsOPiv,JackiePhos,BuCN,0.057,120,PENDING,PENDING,0.0,7.536084712088908,15.818384875822508,6.986244592291301e-09,0.45231067839223954,0.012428087510189312,0.47306265039223955
CsOPiv,JackiePhos,BuCN,0.057,105,PENDING,PENDING,0.0,1.9240584399656129,14.177488068389296,4.9816551033322785e-12,0.45269701922920247,0.011542882876796681,0.4734489912292025
CsOPiv,JackiePhos,BuCN,0.057,90,PENDING,PENDING,0.0,-2.619885511595335,14.214540517377552,5.482905299474724e-13,0.4527340827158648,0.01240380438600122,0.4734860547158648
CsOPiv,GorlosPhos HBF4,p-Xylene,0.153,120,PENDING,PENDING,0.0,-6.604638259986999,24.25278382353044,2.8996837932987744e-05,0.2126430827814647,0.024226127418060083,0.23339505478146472
CsOPiv,GorlosPhos HBF4,p-Xylene,0.153,105,PENDING,PENDING,0.0,-10.963681379890907,24.306093729396814,1.271856791086075e-05,0.21422971780024824,0.02352247873143687,0.23498168980024825
CsOPiv,GorlosPhos HBF4,p-Xylene,0.153,90,PENDING,PENDING,0.0,-14.095690959019699,25.483304543096356,2.0498460454939455e-05,0.2155454310026873,0.023325947670600648,0.2362974030026873
CsOPiv,GorlosPhos HBF4,p-Xylene,0.1,120,PENDING,PENDING,0.0,-7.757923732908743,23.65397309031927,1.2996968256240033e-05,0.21872562756725109,0.023259284738007452,0.2394775995672511
CsOPiv,GorlosPhos HBF4,p-Xylene,0.1,105,PENDING,PENDING,0.0,-12.084521660739561,23.689656054870568,5.3854081903705324e-06,0.22032432015127112,0.022518647124370243,0.24107629215127113
CsOPiv,GorlosPhos HBF4,p-Xylene,0.1,90,PENDING,PENDING,0.0,-15.160875420990465,24.8981981937585,9.656412333034528e-06,0.2216424091468352,0.022310988819933784,0.2423943811468352
CsOPiv,GorlosPhos HBF4,p-Xylene,0.057,120,PENDING,PENDING,0.0,-8.485090389522085,23.60091084873324,1.0580705563701293e-05,0.22320087680715164,0.02335508958197309,0.24395284880715165
CsOPiv,GorlosPhos HBF4,p-Xylene,0.057,105,PENDING,PENDING,0.0,-12.759494618866412,23.61589768178577,4.299883242037906e-06,0.22479934027499526,0.022619142322689984,0.24555131227499527
CsOPiv,GorlosPhos HBF4,p-Xylene,0.057,90,PENDING,PENDING,0.0,-15.777018843244676,24.826873694407325,7.952721918270261e-06,0.2261128164067596,0.022415703899684634,0.2468647884067596
CsOPiv,GorlosPhos HBF4,DMAc,0.153,120,PENDING,PENDING,0.0,16.477189593826175,19.129619113855703,2.658551689736614e-05,0.21420924597671903,0.022125575706248218,0.23496121797671904
CsOPiv,GorlosPhos HBF4,DMAc,0.153,105,PENDING,PENDING,0.0,10.696558646074578,19.694908988993088,1.211250128827163e-05,0.21580243593511778,0.0213659965257418,0.23655440793511778
CsOPiv,GorlosPhos HBF4,DMAc,0.153,90,PENDING,PENDING,0.0,5.500987773357295,21.759259888113206,3.357449230678689e-05,0.217118595020298,0.021165561186485837,0.23787056702029802
CsOPiv,GorlosPhos HBF4,DMAc,0.1,120,PENDING,PENDING,0.0,14.925187273145188,17.96095511173982,4.026695711029522e-06,0.22028949389140753,0.02077725295295203,0.24104146589140754
CsOPiv,GorlosPhos HBF4,DMAc,0.1,105,PENDING,PENDING,0.0,9.173631532328258,18.65708820845207,2.115475833794746e-06,0.22189483829922235,0.01995950079849817,0.24264681029922236
CsOPiv,GorlosPhos HBF4,DMAc,0.1,90,PENDING,PENDING,0.0,4.051439809621186,20.95800653339308,1.0353086122328101e-05,0.22321336053931798,0.019744302189308137,0.243965332539318
CsOPiv,GorlosPhos HBF4,DMAc,0.057,120,PENDING,PENDING,0.0,13.693651795601642,17.619397114988764,1.710882465768227e-06,0.22475236311199215,0.02065582202071462,0.24550433511199216
CsOPiv,GorlosPhos HBF4,DMAc,0.057,105,PENDING,PENDING,0.0,8.008766508347584,18.39145111300797,1.028959356854243e-06,0.2263573628576075,0.019835601254566047,0.2471093348576075
CsOPiv,GorlosPhos HBF4,DMAc,0.057,90,PENDING,PENDING,0.0,2.9845003426468253,20.816252807447622,6.813481976963729e-06,0.22767121260895792,0.019624617299685933,0.24842318460895793
CsOPiv,GorlosPhos HBF4,BuOAc,0.153,120,PENDING,PENDING,0.0,-1.6205396694017011,22.59726193776143,1.6584754457709566e-05,0.2271391922091745,0.019858762657567208,0.2478911642091745
CsOPiv,GorlosPhos HBF4,BuOAc,0.153,105,PENDING,PENDING,0.0,-6.536194936504295,22.600946924179464,5.630228859333515e-06,0.22882234391624426,0.01893626616751304,0.24957431591624427
CsOPiv,GorlosPhos HBF4,BuOAc,0.153,90,PENDING,PENDING,0.0,-10.31519012031746,23.794726416716117,8.755827994206232e-06,0.23019720878362573,0.018657854557638253,0.2509491807836257
CsOPiv,GorlosPhos HBF4,BuOAc,0.1,120,PENDING,PENDING,0.0,-2.9055420570927666,21.93634172641261,6.139674083697908e-06,0.23329197370792332,0.01902282863331728,0.2540439457079233
CsOPiv,GorlosPhos HBF4,BuOAc,0.1,105,PENDING,PENDING,0.0,-7.787918646780383,21.923591800277148,1.9132872784478566e-06,0.2349883471577447,0.018045086170094485,0.2557403191577447
CsOPiv,GorlosPhos HBF4,BuOAc,0.1,90,PENDING,PENDING,0.0,-11.505377594598976,23.156767907938487,3.4235050183344405e-06,0.23636608477413293,0.017744349436412635,0.2571180567741329
CsOPiv,GorlosPhos HBF4,BuOAc,0.057,120,PENDING,PENDING,0.0,-3.7743508653964284,21.8855016931487,4.735700767584953e-06,0.23775520682007004,0.019468866735176223,0.25850717882007
CsOPiv,GorlosPhos HBF4,BuOAc,0.057,105,PENDING,PENDING,0.0,-8.598019599380464,21.854588753412795,1.4435210417110514e-06,0.23945065446397776,0.018514550537789595,0.26020262646397774
CsOPiv,GorlosPhos HBF4,BuOAc,0.057,90,PENDING,PENDING,0.0,-12.245399829926832,23.09346919270322,2.698488528557919e-06,0.2408233999553125,0.01822190747780192,0.2615753719553125
CsOPiv,GorlosPhos HBF4,BuCN,0.153,120,PENDING,PENDING,0.0,-1.4979798291971633,22.38703969714553,1.372750195765838e-05,0.21920505794647363,0.02161877297582675,0.23995702994647364
CsOPiv,GorlosPhos HBF4,BuCN,0.153,105,PENDING,PENDING,0.0,-6.2824152234365584,22.51231566325642,5.4049405143681865e-06,0.22081879291436635,0.02082690896568339,0.24157076491436635
CsOPiv,GorlosPhos HBF4,BuCN,0.153,90,PENDING,PENDING,0.0,-9.937259641360917,23.81025659198516,9.630344590826198e-06,0.22214524083712534,0.0206112698212665,0.24289721283712534
CsOPiv,GorlosPhos HBF4,BuCN,0.1,120,PENDING,PENDING,0.0,-2.7607073263584994,21.751575401185498,5.145348580868318e-06,0.22530013101430985,0.02051934942770349,0.24605210301430985
CsOPiv,GorlosPhos HBF4,BuCN,0.1,105,PENDING,PENDING,0.0,-7.511806489140653,21.87387658648885,1.9237899454424616e-06,0.2269263430344515,0.019675297582562496,0.2476783150344515
CsOPiv,GorlosPhos HBF4,BuCN,0.1,90,PENDING,PENDING,0.0,-11.105546751121302,23.220859222406812,4.018613889650866e-06,0.2282553363886235,0.019444236934208964,0.2490073083886235
CsOPiv,GorlosPhos HBF4,BuCN,0.057,120,PENDING,PENDING,0.0,-3.6108301752203076,21.717880915946086,4.050380728531713e-06,0.2297557725884674,0.02063291761524055,0.2505077445884674
CsOPiv,GorlosPhos HBF4,BuCN,0.057,105,PENDING,PENDING,0.0,-8.304420382982343,21.82744371110071,1.498690471113375e-06,0.23138144511267272,0.019795683585381016,0.25213341711267273
CsOPiv,GorlosPhos HBF4,BuCN,0.057,90,PENDING,PENDING,0.0,-11.829690136696811,23.184423202043874,3.284001013294176e-06,0.2327056925551015,0.01956999834735328,0.2534576645551015
CsOPiv,CgMe-PPh,p-Xylene,0.153,120,PENDING,PENDING,0.0,53.68673182801957,19.052582249446566,0.048667613915847785,0.22483729878143216,0.022503741452968802,0.24558927078143217
CsOPiv,CgMe-PPh,p-Xylene,0.153,105,PENDING,PENDING,0.0,48.254304879633295,19.306141777946177,0.022536141703756007,0.2264327121273623,0.02173495825477123,0.2471846841273623
CsOPiv,CgMe-PPh,p-Xylene,0.153,90,PENDING,PENDING,0.0,42.481644088672674,21.03022675523665,0.020471069908242268,0.22773667813831122,0.021517077975093276,0.24848865013831123
CsOPiv,CgMe-PPh,p-Xylene,0.1,120,PENDING,PENDING,0.0,52.399535573082375,19.067828007604973,0.0398547115776452,0.23094518084560178,0.021556794489396406,0.2516971528456018
CsOPiv,CgMe-PPh,p-Xylene,0.1,105,PENDING,PENDING,0.0,47.00530908347468,19.255418967109083,0.01776006766277305,0.23255292389533402,0.02074436803541315,0.253304895895334
CsOPiv,CgMe-PPh,p-Xylene,0.1,90,PENDING,PENDING,0.0,41.29964029085712,20.908348191406642,0.015997629682738185,0.23385935512890832,0.020512048459658937,0.2546113271289083
CsOPiv,CgMe-PPh,p-Xylene,0.057,120,PENDING,PENDING,0.0,51.13672865172679,19.612556716966,0.04158825311974612,0.2354033723280229,0.02173466906412032,0.2561553443280229
CsOPiv,CgMe-PPh,p-Xylene,0.057,105,PENDING,PENDING,0.0,45.81289586719999,19.735413783353692,0.018584317130374534,0.2370107522361511,0.02093020733020645,0.2577627242361511
CsOPiv,CgMe-PPh,p-Xylene,0.057,90,PENDING,PENDING,0.0,40.207872116264376,21.289986361356192,0.016228669516889976,0.23831255831942857,0.02070268846582089,0.25906453031942855
CsOPiv,CgMe-PPh,DMAc,0.153,105,PENDING,PENDING,0.0,74.98316035909372,15.119321650215968,0.3180050307117348,0.22796105145333043,0.019336058027112378,0.24871302345333043
CsOPiv,CgMe-PPh,DMAc,0.153,90,PENDING,PENDING,0.0,66.6309603014858,17.84051158459463,0.21880416466441233,0.22926573212533824,0.019109021540128727,0.25001770412533825
CsOPiv,CgMe-PPh,DMAc,0.1,120,PENDING,PENDING,0.0,80.39407020535265,13.999874127530434,0.5283819921375876,0.23246505672851003,0.018810044280407716,0.25321702872851004
CsOPiv,CgMe-PPh,DMAc,0.1,105,PENDING,PENDING,0.0,73.32373965776111,14.959796639488868,0.22994176580089598,0.23407985291725075,0.017889868092470926,0.25483182491725076
CsOPiv,CgMe-PPh,DMAc,0.1,90,PENDING,PENDING,0.0,65.05434474840439,17.75033200607351,0.16852995754446465,0.23538698710650874,0.01764198862227054,0.25613895910650875
CsOPiv,CgMe-PPh,DMAc,0.057,120,PENDING,PENDING,0.0,78.5411021293444,14.533847420001065,0.46275714705977067,0.2369112744075139,0.018765222821507575,0.25766324640751387
CsOPiv,CgMe-PPh,DMAc,0.057,105,PENDING,PENDING,0.0,71.5604393680706,15.493449247568385,0.208522607600635,0.2385255777351419,0.01784481826639855,0.2592775497351419
CsOPiv,CgMe-PPh,DMAc,0.057,90,PENDING,PENDING,0.0,63.44300914324768,18.234003809942042,0.15713281208510887,0.23982801799647063,0.017601511772408485,0.26057998999647064
CsOPiv,CgMe-PPh,BuOAc,0.153,120,PENDING,PENDING,0.0,60.00093165762449,16.48220400688137,0.042817492792050715,0.23945372127460562,0.017586318873504102,0.26020569327460563
CsOPiv,CgMe-PPh,BuOAc,0.153,105,PENDING,PENDING,0.0,53.93909939836641,16.70776040975916,0.015250195603581373,0.24114838013820958,0.01652239634583842,0.26190035213820956
CsOPiv,CgMe-PPh,BuOAc,0.153,90,PENDING,PENDING,0.0,47.3893083770611,18.599465249820437,0.013305960412691109,0.24251277163845913,0.016194324313372734,0.26326474363845914
CsOPiv,CgMe-PPh,BuOAc,0.1,120,PENDING,PENDING,0.0,58.568495470126855,16.517742648888802,0.03343350204219375,0.24563392672161632,0.016772694379441577,0.26638589872161633
CsOPiv,CgMe-PPh,BuOAc,0.1,105,PENDING,PENDING,0.0,52.54647771515425,16.67026249247742,0.01126731332046485,0.24734223203531178,0.015637376819045593,0.26809420403531176
CsOPiv,CgMe-PPh,BuOAc,0.1,90,PENDING,PENDING,0.0,46.071123923402524,18.47802309200472,0.009728043245981546,0.24870964516351432,0.015278627258801704,0.2694616171635143
CsOPiv,CgMe-PPh,BuOAc,0.057,120,PENDING,PENDING,0.0,57.13465236577581,17.18773930152304,0.036316941254680546,0.2500790540593781,0.017380964078283247,0.2708310260593781
CsOPiv,CgMe-PPh,BuOAc,0.057,105,PENDING,PENDING,0.0,51.19163330432424,17.270471718256474,0.012492717251724642,0.2517861983816082,0.016287232343813796,0.2725381703816082
CsOPiv,CgMe-PPh,BuOAc,0.057,90,PENDING,PENDING,0.0,44.832173499770626,18.952591632720353,0.010237593006114307,0.25314856561336296,0.01594241827885272,0.27390053761336297
CsOPiv,CgMe-PPh,BuCN,0.153,120,PENDING,PENDING,0.0,61.300998265469545,15.807955088290091,0.038556349690039904,0.2315201569712375,0.01963700692613151,0.2522721289712375
CsOPiv,CgMe-PPh,BuCN,0.153,105,PENDING,PENDING,0.0,55.343003779562046,16.264884196385275,0.015424011264833948,0.23314367239463843,0.018750172140468823,0.2538956443946384
CsOPiv,CgMe-PPh,BuCN,0.153,90,PENDING,PENDING,0.0,48.83034709315121,18.39845631738518,0.01543595017982316,0.23445857595442504,0.018504303433921454,0.25521054795442505
CsOPiv,CgMe-PPh,BuCN,0.1,120,PENDING,PENDING,0.0,59.88815072381961,15.95677495830494,0.03179431383856032,0.23764131195425303,0.01853375123367563,0.25839328395425304
CsOPiv,CgMe-PPh,BuCN,0.1,105,PENDING,PENDING,0.0,53.97014982002432,16.34652677559655,0.012264517065664102,0.2392776348877172,0.017580952097207954,0.2600296068877172
CsOPiv,CgMe-PPh,BuCN,0.1,90,PENDING,PENDING,0.0,47.5320790666252,18.38718197673604,0.012096256715346212,0.240595194710565,0.017313772679619657,0.261347166710565
CsOPiv,CgMe-PPh,BuCN,0.057,120,PENDING,PENDING,0.0,58.45383824399122,16.72692435579347,0.036500653460049104,0.24207900754986572,0.01874685437279471,0.26283097954986573
CsOPiv,CgMe-PPh,BuCN,0.057,105,PENDING,PENDING,0.0,52.614735685385575,17.0379948425049,0.014335786662312333,0.24371461541864006,0.01780693773952569,0.26446658741864004
CsOPiv,CgMe-PPh,BuCN,0.057,90,PENDING,PENDING,0.0,46.29390320141843,18.935937492299864,0.01319597046189297,0.2450274017095616,0.01754660855479111,0.2657793737095616
CsOPiv,BrettPhos,p-Xylene,0.153,120,PENDING,PENDING,0.0,13.995322511245906,14.421937423631784,3.0821687636445666e-09,0.21923403482413892,0.017217466367532446,0.23998600682413893
CsOPiv,BrettPhos,p-Xylene,0.153,105,PENDING,PENDING,0.0,8.43892550905073,13.62287717342727,1.9340843623369006e-11,0.22088017820586903,0.01611726028281285,0.24163215020586903
CsOPiv,BrettPhos,p-Xylene,0.153,90,PENDING,PENDING,0.0,3.788420435454441,14.35821980702388,2.3374457670781102e-11,0.22222806937042827,0.01575591062089738,0.24298004137042828
CsOPiv,BrettPhos,p-Xylene,0.1,120,PENDING,PENDING,0.0,13.069576395103013,14.05581224353636,7.360497169723549e-10,0.22543982250393396,0.01588368836397283,0.24619179450393397
CsOPiv,BrettPhos,p-Xylene,0.1,105,PENDING,PENDING,0.0,7.550377033955961,13.113220507899701,1.7806194496425544e-12,0.2270991626860818,0.014671491621407169,0.2478511346860818
CsOPiv,BrettPhos,p-Xylene,0.1,90,PENDING,PENDING,0.0,2.939960246616508,13.753937563799683,1.7685514521643179e-12,0.22844972130878394,0.01426835711888174,0.24920169330878394
CsOPiv,BrettPhos,p-Xylene,0.057,120,PENDING,PENDING,0.0,12.388879718719615,14.442309222438292,1.612817397170732e-09,0.22996501523160442,0.01610837016073612,0.2507169872316044
CsOPiv,BrettPhos,p-Xylene,0.057,105,PENDING,PENDING,0.0,6.934998874609754,13.435415349733145,4.445206555375041e-12,0.23162337913974523,0.014917071644563303,0.25237535113974524
CsOPiv,BrettPhos,p-Xylene,0.057,90,PENDING,PENDING,0.0,2.380201428110645,13.998815894921425,3.2967584959753048e-12,0.23296884031532866,0.014525733945413382,0.25372081231532867
CsOPiv,BrettPhos,DMAc,0.153,120,PENDING,PENDING,0.0,47.98437763319922,11.502260206852354,7.765576235120212e-06,0.22090806828692192,0.013993013033353926,0.24166004028692192
CsOPiv,BrettPhos,DMAc,0.153,105,PENDING,PENDING,0.0,40.13847333149086,11.354659595593443,1.4980614022562212e-07,0.22256214808645622,0.012635766021862824,0.24331412008645623
CsOPiv,BrettPhos,DMAc,0.153,90,PENDING,PENDING,0.0,31.9412899920422,12.791341551585967,1.269601027766819e-07,0.22391072788707253,0.012199387883058299,0.24466269988707254
CsOPiv,BrettPhos,DMAc,0.1,120,PENDING,PENDING,0.0,46.64144132084191,10.619536538016993,5.477690430091129e-07,0.22711332670915874,0.011800719487103276,0.24786529870915874
CsOPiv,BrettPhos,DMAc,0.1,105,PENDING,PENDING,0.0,38.80760257876451,10.63172056782581,8.415220301661616e-09,0.22878079452837713,0.010138053709609874,0.24953276652837714
CsOPiv,BrettPhos,DMAc,0.1,90,PENDING,PENDING,0.0,30.65357052234203,12.319988982364116,2.0574119531999362e-08,0.23013205280791296,0.00958542503839903,0.25088402480791294
CsOPiv,BrettPhos,DMAc,0.057,120,PENDING,PENDING,0.0,45.23801332968468,10.709750089878487,3.4156739041941674e-07,0.2316254485295491,0.011688506908980588,0.2523774205295491
CsOPiv,BrettPhos,DMAc,0.057,105,PENDING,PENDING,0.0,37.49630204247716,10.854253266769557,8.427619209512245e-09,0.2332917516575608,0.010012794025538308,0.2540437236575608
CsOPiv,BrettPhos,DMAc,0.057,90,PENDING,PENDING,0.0,29.47291019861824,12.684730920548668,3.172122628647498e-08,0.2346378199882124,0.009464520949562415,0.2553897919882124
CsOPiv,BrettPhos,BuOAc,0.153,120,PENDING,PENDING,0.0,20.622969262934827,10.792094584972446,1.5457775851051584e-13,0.23416343316206273,0.009266785037125117,0.25491540516206274
CsOPiv,BrettPhos,BuOAc,0.153,105,PENDING,PENDING,0.0,14.30238908420742,9.366798008451457,3.472903895622409e-20,0.23591847045316103,0.006828767706765478,0.256670442453161
CsOPiv,BrettPhos,BuOAc,0.153,90,PENDING,PENDING,0.0,8.765997857669205,9.958196937209044,3.244718238761732e-20,0.23733122767884474,0.00580228686393619,0.25808319967884474
CsOPiv,BrettPhos,BuOAc,0.1,120,PENDING,PENDING,0.0,19.532507120781634,10.311667893141022,4.471795931676199e-15,0.2404490360446152,0.00745243873873499,0.2612010080446152
CsOPiv,BrettPhos,BuOAc,0.1,105,PENDING,PENDING,0.0,13.258298551975308,8.641858586417078,5.520074688902095e-24,0.2422195651821296,0.003969688668926853,0.26297153718212957
CsOPiv,BrettPhos,BuOAc,0.057,120,PENDING,PENDING,0.0,18.659225668345837,10.907153301207028,7.127159065123064e-14,0.24495725036564983,0.008724586214613266,0.2657092223656498
CsOPiv,BrettPhos,BuOAc,0.057,105,PENDING,PENDING,0.0,12.462046487224864,9.235421165205688,1.5010559559907955e-21,0.24672533242736377,0.006029154307743329,0.2674773044273638
CsOPiv,BrettPhos,BuOAc,0.057,90,PENDING,PENDING,0.0,7.0486274683484496,9.573295545156341,1.6157930488374783e-22,0.24813592034434484,0.004798858519328675,0.26888789234434485
CsOPiv,BrettPhos,BuCN,0.153,120,PENDING,PENDING,0.0,21.270162510973034,12.04057351109335,6.094356211300696e-11,0.22600744785769192,0.01316716827316907,0.24675941985769193
CsOPiv,BrettPhos,BuCN,0.153,105,PENDING,PENDING,0.0,15.093851325186723,11.201731706037,2.8278596293188152e-14,0.22768549296435103,0.01168619098456696,0.24843746496435104
CsOPiv,BrettPhos,BuCN,0.153,90,PENDING,PENDING,0.0,9.65572012702631,11.923657528026958,3.053079295085944e-14,0.22904601305443392,0.011191856541225646,0.24979798505443393
CsOPiv,BrettPhos,BuCN,0.1,120,PENDING,PENDING,0.0,20.22816227956316,11.768677652155379,1.1360600868913668e-11,0.23222950772536183,0.011348270936537385,0.25298147972536184
CsOPiv,BrettPhos,BuCN,0.1,105,PENDING,PENDING,0.0,14.09215508908121,10.80431379348463,1.4060007944477992e-15,0.2339215233011193,0.009570588137162635,0.25467349530111927
CsOPiv,BrettPhos,BuCN,0.1,90,PENDING,PENDING,0.0,8.700096527254665,11.420692368750743,1.0366788439337523e-15,0.23528501473885033,0.008951671778569406,0.25603698673885034
CsOPiv,BrettPhos,BuCN,0.057,120,PENDING,PENDING,0.0,19.387300005431772,12.350103505879424,6.73816680837923e-11,0.2367326334516605,0.011673211568337066,0.2574846054516605
CsOPiv,BrettPhos,BuCN,0.057,105,PENDING,PENDING,0.0,13.325549376065172,11.35684496144378,1.9009693409244564e-14,0.2384231095802921,0.009958270544360645,0.25917508158029207
CsOPiv,BrettPhos,BuCN,0.057,90,PENDING,PENDING,0.0,8.001807558543106,11.891659445864923,8.654783723201876e-15,0.23978126593986684,0.009373211842447214,0.2605332379398668
CsOAc,tBPh-CPhos,p-Xylene,0.153,120,PENDING,PENDING,0.0,18.517365740358386,15.167871023366438,1.11000023991115e-07,0.2834718071447329,0.030041342456108403,0.3042237791447329
CsOAc,tBPh-CPhos,p-Xylene,0.153,105,PENDING,PENDING,0.0,11.512733690187932,14.547279139831643,1.4620347033929092e-09,0.28345460718043336,0.029730442818125858,0.30420657918043337
CsOAc,tBPh-CPhos,p-Xylene,0.153,90,PENDING,PENDING,0.0,5.24356045372955,15.2591523844172,6.741176201542534e-10,0.28323225841362054,0.029880803479509516,0.30398423041362055
CsOAc,tBPh-CPhos,p-Xylene,0.1,120,PENDING,PENDING,0.0,17.344055915120666,14.812636267687676,3.249476806912295e-08,0.2872993282939498,0.02867549576112546,0.3080513002939498
CsOAc,tBPh-CPhos,p-Xylene,0.1,105,PENDING,PENDING,0.0,10.350091161023567,14.040900586514846,1.9731612903884862e-10,0.28728480438875303,0.028462650586769115,0.30803677638875304
CsOAc,tBPh-CPhos,p-Xylene,0.1,90,PENDING,PENDING,0.0,4.112063954103611,14.655359701245187,7.074158540726076e-11,0.2870606035294472,0.02873498267748499,0.3078125755294472
CsOAc,tBPh-CPhos,p-Xylene,0.057,120,PENDING,PENDING,0.0,16.42145302295036,15.141632803615618,4.7247630006622244e-08,0.2900455707605397,0.028539209035140005,0.3107975427605397
CsOAc,tBPh-CPhos,p-Xylene,0.057,105,PENDING,PENDING,0.0,9.499083546159966,14.284426259426013,2.7803681278380114e-10,0.29003369312265415,0.028419237573983645,0.31078566512265415
CsOAc,tBPh-CPhos,p-Xylene,0.057,90,PENDING,PENDING,0.0,3.339197384980629,14.827220526688375,8.402071241795806e-11,0.2898093526262281,0.028785418871092813,0.3105613246262281
CsOAc,tBPh-CPhos,DMAc,0.153,120,PENDING,PENDING,0.0,55.38655268912569,12.417978379753503,0.000532436087463316,0.28476656371869835,0.02651707839668377,0.30551853571869836
CsOAc,tBPh-CPhos,DMAc,0.153,105,PENDING,PENDING,0.0,46.2573055102658,12.59662066507299,2.8694757789133533e-05,0.2847468347923878,0.026539673105402,0.30549880679238783
CsOAc,tBPh-CPhos,DMAc,0.153,90,PENDING,PENDING,0.0,36.403346838964865,13.983196952959545,8.195016576804774e-06,0.2845182721462459,0.02708362620860028,0.30527024414624593
CsOAc,tBPh-CPhos,DMAc,0.1,120,PENDING,PENDING,0.0,53.861465333399494,11.776048687711853,0.0001294240248892074,0.28859799183247886,0.024499785480209955,0.30934996383247887
CsOAc,tBPh-CPhos,DMAc,0.1,105,PENDING,PENDING,0.0,44.73322455332628,12.134563659681481,6.960921382700985e-06,0.2885808775037968,0.024661446824834808,0.3093328495037968
CsOAc,tBPh-CPhos,DMAc,0.1,90,PENDING,PENDING,0.0,34.91673355733949,13.7265620903742,3.0539916226366776e-06,0.28835029381819743,0.025385156785902894,0.30910226581819744
CsOAc,tBPh-CPhos,DMAc,0.057,120,PENDING,PENDING,0.0,52.21196684395632,11.948430641166015,9.179156814657723e-05,0.29134074563877055,0.023981895536555234,0.31209271763877056
CsOAc,tBPh-CPhos,DMAc,0.057,105,PENDING,PENDING,0.0,43.18789351790113,12.427842948876716,6.547498216671427e-06,0.2913262638356935,0.02425895168625223,0.3120782358356935
CsOAc,tBPh-CPhos,DMAc,0.057,90,PENDING,PENDING,0.0,33.528730666974624,14.151415367995643,3.935128361707272e-06,0.2910955033198994,0.02510498817721813,0.3118474753198994
CsOAc,tBPh-CPhos,BuOAc,0.153,120,PENDING,PENDING,0.0,25.78986638442176,13.555505630435352,5.550996531936634e-08,0.28914646092752594,0.026133784511607444,0.30989843292752595
CsOAc,tBPh-CPhos,BuOAc,0.153,105,PENDING,PENDING,0.0,17.740627187528986,12.448634172899544,3.910164292519175e-11,0.28914004032912977,0.025216295542609825,0.3098920123291298
CsOAc,tBPh-CPhos,BuOAc,0.153,90,PENDING,PENDING,0.0,10.257907059080477,12.653860096055473,1.268428723061382e-12,0.2889230419333877,0.024841321544075222,0.3096750139333877
CsOAc,tBPh-CPhos,BuOAc,0.1,120,PENDING,PENDING,0.0,24.39621111332579,13.153776991137885,1.0701182379752038e-08,0.2929850396971059,0.025075019121304894,0.3137370116971059
CsOAc,tBPh-CPhos,BuOAc,0.1,105,PENDING,PENDING,0.0,16.350821601720295,11.854379529803511,1.5547992433456488e-12,0.29298131125518057,0.024247626558135,0.3137332832551806
CsOAc,tBPh-CPhos,BuOAc,0.1,90,PENDING,PENDING,0.0,8.90653714100424,11.912011461211662,1.757049652594117e-14,0.292762458657353,0.023990645838360535,0.313514430657353
CsOAc,tBPh-CPhos,BuOAc,0.057,120,PENDING,PENDING,0.0,23.223009640131387,13.529411435417057,1.7027406618525165e-08,0.2957303020290929,0.02536687508698878,0.3164822740290929
CsOAc,tBPh-CPhos,BuOAc,0.057,105,PENDING,PENDING,0.0,15.265907813638968,12.166869578977133,3.105670251587343e-12,0.2957292156096573,0.024660974947945717,0.3164811876096573
CsOAc,tBPh-CPhos,BuOAc,0.057,90,PENDING,PENDING,0.0,7.929452798534967,12.163007710927433,3.285790802248985e-14,0.2955102182771436,0.024519235632690255,0.3162621902771436
CsOAc,tBPh-CPhos,BuCN,0.153,120,PENDING,PENDING,0.0,26.327126733476568,14.196010355617991,2.9061153670175297e-07,0.28756229289865465,0.02718703312310615,0.30831426489865466
CsOAc,tBPh-CPhos,BuCN,0.153,105,PENDING,PENDING,0.0,18.524192159798496,13.657307576932258,2.890918135396446e-09,0.2875439404278106,0.026840623518912105,0.3082959124278106
CsOAc,tBPh-CPhos,BuCN,0.153,90,PENDING,PENDING,0.0,11.250143227811755,14.214738997222234,5.072168467375232e-10,0.28731501985579533,0.027011406576983907,0.30806699185579534
CsOAc,tBPh-CPhos,BuCN,0.1,120,PENDING,PENDING,0.0,25.007072513622894,13.989255332785536,1.0983962837078609e-07,0.29139571773480566,0.02564484636345348,0.31214768973480567
CsOAc,tBPh-CPhos,BuCN,0.1,105,PENDING,PENDING,0.0,17.20934094209817,13.337469898788415,6.056404368126939e-10,0.2913800170412787,0.025406992354719476,0.3121319890412787
CsOAc,tBPh-CPhos,BuCN,0.1,90,PENDING,PENDING,0.0,9.969311598001237,13.793611748065716,7.459245284929083e-11,0.2911491543230396,0.025719315578887306,0.3119011263230396
CsOAc,tBPh-CPhos,BuCN,0.057,120,PENDING,PENDING,0.0,23.88903858663695,14.441400675003266,1.884827627600519e-07,0.29413686305032294,0.0254887651988911,0.31488883505032295
CsOAc,tBPh-CPhos,BuCN,0.057,105,PENDING,PENDING,0.0,16.17471279348422,13.73144383856485,1.2059790116037369e-09,0.294123811538593,0.025357240649727313,0.314875783538593
CsOAc,tBPh-CPhos,BuCN,0.057,90,PENDING,PENDING,0.0,9.034038437082387,14.131486308242193,1.3996808730869493e-10,0.29389280290840053,0.02577705249964086,0.31464477490840054
CsOAc,X-Phos,p-Xylene,0.153,120,PENDING,PENDING,0.0,39.00686092716182,13.49580450100727,9.127300637883155e-06,0.06588529815346195,0.014725569413981225,0.08663727015823436
CsOAc,X-Phos,p-Xylene,0.153,105,PENDING,PENDING,0.0,31.139473792987154,13.223311547622673,2.4660880987481095e-07,0.06614396510421855,0.014744019413293766,0.08689593710870447
CsOAc,X-Phos,p-Xylene,0.153,90,PENDING,PENDING,0.0,23.468186317995105,14.50190548703394,1.8189869982777772e-07,0.0664736056968975,0.014880246184125036,0.08722557770241045
CsOAc,X-Phos,p-Xylene,0.1,120,PENDING,PENDING,0.0,37.74084044248873,13.520911324959567,6.001413208364307e-06,0.0725590306954476,0.014790807214048686,0.0933110026957626
CsOAc,X-Phos,p-Xylene,0.1,105,PENDING,PENDING,0.0,29.90766148985921,13.149757984317535,1.233187786815192e-07,0.07282959270456085,0.014844128379567832,0.0935815647048864
CsOAc,X-Phos,p-Xylene,0.1,90,PENDING,PENDING,0.0,22.293226764393683,14.327092473067902,7.830987166572732e-08,0.07316216305952464,0.015018716124928796,0.0939141350599857
CsOAc,X-Phos,p-Xylene,0.057,120,PENDING,PENDING,0.0,36.55862090984276,14.220767437643625,1.2728659522646393e-05,0.07826805307921404,0.014997636610284774,0.0990200250792581
CsOAc,X-Phos,p-Xylene,0.057,105,PENDING,PENDING,0.0,28.831151727970138,13.785653763478381,3.285300307465615e-07,0.07854664063232106,0.015079608834892748,0.099298612632371
CsOAc,X-Phos,p-Xylene,0.057,90,PENDING,PENDING,0.0,21.339056787850442,14.853306256156534,1.6762566821785289e-07,0.07887820068626661,0.015295047504274399,0.09963017268634894
CsOAc,X-Phos,DMAc,0.153,120,PENDING,PENDING,0.0,75.02766179681393,8.825743149683985,0.0065398357112216934,0.06586331070758836,0.01085081452441232,0.08661528270758838
CsOAc,X-Phos,DMAc,0.153,105,PENDING,PENDING,0.0,65.01008855133523,8.97553226743719,0.0001097676598728317,0.06612929792496802,0.010854781197339744,0.08688126992496804
CsOAc,X-Phos,DMAc,0.153,90,PENDING,PENDING,0.0,53.85044348161147,10.837557641349713,2.5935904001967835e-05,0.06646484151802795,0.010983086697649868,0.08721681351802796
CsOAc,X-Phos,DMAc,0.1,120,PENDING,PENDING,0.0,73.38623059904454,8.63275295058471,0.002656400666336791,0.07248449124383341,0.010864007902738768,0.09323646324383342
CsOAc,X-Phos,DMAc,0.1,105,PENDING,PENDING,0.0,63.39876747925556,9.082632460085597,6.23892214180943e-05,0.07276239581671336,0.010916457078732837,0.09351436781671335
CsOAc,X-Phos,DMAc,0.1,90,PENDING,PENDING,0.0,52.30598804506871,11.141437973386248,2.3955478009764946e-05,0.07310131329989288,0.011099178962464032,0.09385328529989287
CsOAc,X-Phos,DMAc,0.057,120,PENDING,PENDING,0.0,71.47527994254871,9.455152283023232,0.0036550409323016647,0.07816171033448983,0.011023049296627292,0.09891368233448983
CsOAc,X-Phos,DMAc,0.057,105,PENDING,PENDING,0.0,61.634816646374134,10.073336255892515,0.0001791369639434887,0.07844724400374332,0.011116430778612288,0.09919921600374332
CsOAc,X-Phos,DMAc,0.057,90,PENDING,PENDING,0.0,50.743729333096006,12.17305935811168,7.587197327694442e-05,0.07878475310400485,0.011358761482203841,0.09953672510400485
CsOAc,X-Phos,BuOAc,0.153,120,PENDING,PENDING,0.0,47.3628104028178,11.027783833175475,2.122122371954066e-06,0.07597078218535937,0.01151715567615829,0.09672275418535936
CsOAc,X-Phos,BuOAc,0.153,105,PENDING,PENDING,0.0,38.360813008786714,10.699170273379366,8.186559607195973e-09,0.07626457813290102,0.011580830332470824,0.09701655013290103
CsOAc,X-Phos,BuOAc,0.153,90,PENDING,PENDING,0.0,29.338388112899082,12.056686508256746,4.955131388764888e-09,0.07661796902663712,0.011803996517762108,0.09736994102663712
CsOAc,X-Phos,BuOAc,0.1,120,PENDING,PENDING,0.0,45.86955082685384,11.187856317918497,1.5357223430769256e-06,0.0826884444040351,0.011613398206204521,0.10344041640403509
CsOAc,X-Phos,BuOAc,0.1,105,PENDING,PENDING,0.0,36.90549335625767,10.752970903730782,4.286717821285657e-09,0.08299421824595811,0.011712965717409162,0.1037461902459581
CsOAc,X-Phos,BuOAc,0.1,90,PENDING,PENDING,0.0,27.955639437014675,11.959974945187605,1.7790157180441433e-09,0.08335042763979371,0.011974643672039563,0.1041023996397937
CsOAc,X-Phos,BuOAc,0.057,120,PENDING,PENDING,0.0,44.40245400284825,12.14095822231029,6.159605108925687e-06,0.0884129105036562,0.01190961599022922,0.10916488250365619
CsOAc,X-Phos,BuOAc,0.057,105,PENDING,PENDING,0.0,35.57307029389277,11.64926214602383,3.489048497148821e-08,0.08872655853995315,0.012036720208274898,0.10947853053995316
CsOAc,X-Phos,BuOAc,0.057,90,PENDING,PENDING,0.0,26.787162022105875,12.695084162161917,9.214355343095866e-09,0.08908138959346551,0.012338219938192134,0.10983336159346552
CsOAc,X-Phos,BuCN,0.153,120,PENDING,PENDING,0.0,47.623075138145104,12.02755564375558,1.814546928866962e-05,0.0726608111361165,0.01224191777946241,0.09341278313611653
CsOAc,X-Phos,BuCN,0.153,105,PENDING,PENDING,0.0,38.88283051305243,12.031664482810056,4.5575524710686836e-07,0.0729238946845936,0.012282963634814122,0.09367586668459361
CsOAc,X-Phos,BuCN,0.153,90,PENDING,PENDING,0.0,30.101625239938848,13.378102498459695,2.2640641646782185e-07,0.07324694077879186,0.01244526606004393,0.0939989127787919
CsOAc,X-Phos,BuCN,0.1,120,PENDING,PENDING,0.0,46.20114682218996,12.314798577439307,1.7361782538417717e-05,0.07932035217870681,0.01231028179896461,0.10007232417870682
CsOAc,X-Phos,BuCN,0.1,105,PENDING,PENDING,0.0,37.49658455573665,12.257219591119503,4.167077611969151e-07,0.07959542143926421,0.012394979130057843,0.10034739343926422
CsOAc,X-Phos,BuCN,0.1,90,PENDING,PENDING,0.0,28.781153475450147,13.480952218542527,1.648112235185369e-07,0.07992164508431286,0.012605050599194643,0.10067361708431286
CsOAc,X-Phos,BuCN,0.057,120,PENDING,PENDING,0.0,44.79651667149459,13.244149610279191,4.734442815699277e-05,0.08500527659984528,0.012517957060848205,0.10575724859984528
CsOAc,X-Phos,BuCN,0.057,105,PENDING,PENDING,0.0,36.21800427602007,13.129571032240548,1.6066172802256233e-06,0.08528821529428712,0.012638185847828108,0.10604018729428713
CsOAc,X-Phos,BuCN,0.057,90,PENDING,PENDING,0.0,27.654753784602455,14.231079112611013,5.20796857434794e-07,0.08561324662664087,0.012898919831514926,0.10636521862664086
CsOAc,PPhtBu2,p-Xylene,0.153,120,PENDING,PENDING,0.0,-9.493071759011315,25.03488379506655,3.320306740460955e-05,0.08493611025067024,0.010302793427649861,0.10568808225067025
CsOAc,PPhtBu2,p-Xylene,0.153,105,PENDING,PENDING,0.0,-13.871595513532654,25.473432916204366,2.120674595276588e-05,0.08490743960839056,0.010355258750769048,0.10565941160839057
CsOAc,PPhtBu2,p-Xylene,0.153,90,PENDING,PENDING,0.0,-17.06401159726515,27.179608265362546,4.9278542861403004e-05,0.08496499579279441,0.010773278184352928,0.10571696779279441
CsOAc,PPhtBu2,p-Xylene,0.1,120,PENDING,PENDING,0.0,-10.846928810508388,24.34975028806377,1.3584517685981835e-05,0.09218270041679447,0.010024880550001329,0.11293467241679447
CsOAc,PPhtBu2,p-Xylene,0.1,105,PENDING,PENDING,0.0,-15.200838094340533,24.7881944276624,8.605156877548756e-06,0.09217256274007456,0.010089123800705427,0.11292453474007455
CsOAc,PPhtBu2,p-Xylene,0.1,90,PENDING,PENDING,0.0,-18.33509829358438,26.556211894818485,2.3649040771937845e-05,0.09223760559242976,0.010533147755877886,0.11298957759242975
CsOAc,PPhtBu2,p-Xylene,0.057,120,PENDING,PENDING,0.0,-11.723012167746866,24.255469669627814,1.036306601190812e-05,0.09830875751566266,0.010317752320189645,0.11906072951566266
CsOAc,PPhtBu2,p-Xylene,0.057,105,PENDING,PENDING,0.0,-16.03012845484063,24.67566103591677,6.496333939487621e-06,0.09831586806950429,0.010389800563768098,0.1190678400695043
CsOAc,PPhtBu2,p-Xylene,0.057,90,PENDING,PENDING,0.0,-19.101296449871334,26.451394169843233,1.8774898974175964e-05,0.09838796091823564,0.010844397680323161,0.11913993291823563
CsOAc,PPhtBu2,DMAc,0.153,120,PENDING,PENDING,0.0,10.065114988116012,17.42179393077504,4.0939278242858863e-07,0.08273336608483026,0.007874348290105079,0.10348533808483026
CsOAc,PPhtBu2,DMAc,0.153,105,PENDING,PENDING,0.0,4.6301702203315145,18.633280012463953,5.550445016501649e-07,0.08270520070944055,0.008090945903047906,0.10345717270944055
CsOAc,PPhtBu2,DMAc,0.153,90,PENDING,PENDING,0.0,-0.09652191960286416,21.74128927208086,9.42970833308249e-06,0.08277081923576836,0.008722693083474573,0.10352279123576835
CsOAc,PPhtBu2,DMAc,0.1,120,PENDING,PENDING,0.0,8.349878754464683,16.019012080944737,1.5045605922586285e-08,0.08991411172522006,0.007367333228866393,0.11066608372522005
CsOAc,PPhtBu2,DMAc,0.1,105,PENDING,PENDING,0.0,2.943858572444718,17.424513988665076,4.008945777181052e-08,0.08990466010858719,0.007614890907537503,0.1106566321085872
CsOAc,PPhtBu2,DMAc,0.1,90,PENDING,PENDING,0.0,-1.7022591750536051,20.85540738599901,2.251011897803573e-06,0.08997836024245469,0.00830666128893832,0.11073033224245468
CsOAc,PPhtBu2,DMAc,0.057,120,PENDING,PENDING,0.0,7.0531381692757265,15.684158509382879,4.203242788064187e-09,0.09600445514189386,0.007574866156232785,0.11675642714189385
CsOAc,PPhtBu2,DMAc,0.057,105,PENDING,PENDING,0.0,1.706361636122665,17.1682350121696,1.5666489981234627e-08,0.09601236798753011,0.007830572766123287,0.11676433998753011
CsOAc,PPhtBu2,DMAc,0.057,90,PENDING,PENDING,0.0,-2.8459039825065773,20.718536390866173,1.4101687602108856e-06,0.09609345083395453,0.008537727795535228,0.11684542283395452
CsOAc,PPhtBu2,BuOAc,0.153,120,PENDING,PENDING,0.0,-4.7661301209159745,24.059142970349782,3.499710565402247e-05,0.09944998112838843,0.01028746781990265,0.12020195312838844
CsOAc,PPhtBu2,BuOAc,0.153,105,PENDING,PENDING,0.0,-9.66451171415951,24.502262957859497,1.9890583455707414e-05,0.09945970344943345,0.010210127031753733,0.12021167544943345
CsOAc,PPhtBu2,BuOAc,0.153,90,PENDING,PENDING,0.0,-13.468062236908274,26.236223878956228,4.37871658049751e-05,0.09952750746364775,0.010493986348500047,0.12027947946364775
CsOAc,PPhtBu2,BuOAc,0.1,120,PENDING,PENDING,0.0,-6.250825258159118,23.317637507421914,1.2751496356404248e-05,0.10673812989661498,0.00958662911196778,0.12749010189661497
CsOAc,PPhtBu2,BuOAc,0.1,105,PENDING,PENDING,0.0,-11.125275168879213,23.764400917547384,7.150509738940088e-06,0.1067666469160781,0.009487252122710739,0.1275186189160781
CsOAc,PPhtBu2,BuOAc,0.1,90,PENDING,PENDING,0.0,-14.865791985340536,25.56986365443138,1.9119514784501598e-05,0.10684206765262584,0.009784853318440003,0.12759403965262583
CsOAc,PPhtBu2,BuOAc,0.057,120,PENDING,PENDING,0.0,-7.264234182202493,23.20621762483623,9.164027963511805e-06,0.11284723852647816,0.009538818288992232,0.13359921052647816
CsOAc,PPhtBu2,BuOAc,0.057,105,PENDING,PENDING,0.0,-12.086915013027955,23.63644046304157,5.086614370772313e-06,0.11289304621363314,0.00942924270703171,0.13364501821363314
CsOAc,PPhtBu2,BuOAc,0.057,90,PENDING,PENDING,0.0,-15.754142910768202,25.454060780934533,1.4510281635827095e-05,0.11297571477047656,0.009736865852276788,0.13372768677047656
CsOAc,PPhtBu2,BuCN,0.153,120,PENDING,PENDING,0.0,-5.009099355274408,23.398126584652374,1.792716685392005e-05,0.09289345089991026,0.00871395378775895,0.11364542289991025
CsOAc,PPhtBu2,BuCN,0.153,105,PENDING,PENDING,0.0,-9.771521379738338,23.966676959403333,1.1654245273032997e-05,0.0928613431316643,0.008935461895978448,0.11361331513166431
CsOAc,PPhtBu2,BuCN,0.153,90,PENDING,PENDING,0.0,-13.429574489410697,25.857559722646872,3.2178893133330316e-05,0.09289915706933882,0.009541236249966062,0.11365112906933883
CsOAc,PPhtBu2,BuCN,0.1,120,PENDING,PENDING,0.0,-6.474975949241767,22.666012476473913,6.130846987184569e-06,0.10011523321903798,0.008365607839725146,0.12086720521903799
CsOAc,PPhtBu2,BuCN,0.1,105,PENDING,PENDING,0.0,-11.212351732032218,23.251110330729006,4.057592002006084e-06,0.1001019920835148,0.008607300924935623,0.12085396408351481
CsOAc,PPhtBu2,BuCN,0.1,90,PENDING,PENDING,0.0,-14.806755766400556,25.22521886789077,1.4124576235729992e-05,0.10014785350255814,0.009251973718732374,0.12089982550255815
CsOAc,PPhtBu2,BuCN,0.057,120,PENDING,PENDING,0.0,-7.468470962703968,22.580884055428935,4.459627140577607e-06,0.10619382237190865,0.008658959998177064,0.12694579437190864
CsOAc,PPhtBu2,BuCN,0.057,105,PENDING,PENDING,0.0,-12.154774405239891,23.154034702878835,2.9503366196141585e-06,0.10619819064851502,0.008901903983910045,0.12695016264851502
CsOAc,PPhtBu2,BuCN,0.057,90,PENDING,PENDING,0.0,-15.677323746140189,25.14275309584474,1.101304270371468e-05,0.10625181731964761,0.009551828772900362,0.12700378931964762
CsOAc,PPhMe2,p-Xylene,0.153,120,PENDING,PENDING,0.0,0.2847732657887363,18.272192686659253,8.10058382742078e-08,0.07491248475511104,0.011744316028017447,0.09566445675511102
CsOAc,PPhMe2,p-Xylene,0.153,105,PENDING,PENDING,0.0,-2.3452432349107113,16.3158661449516,4.754211917547641e-10,0.07494866644604019,0.011233506007455478,0.09570063844604018
CsOAc,PPhMe2,p-Xylene,0.153,90,PENDING,PENDING,0.0,-4.124525459421832,16.440908296940204,3.2135262563155937e-10,0.07502664037577747,0.011199034948686898,0.09577861237577748
CsOAc,PPhMe2,p-Xylene,0.1,120,PENDING,PENDING,0.0,-1.0938087905699163,17.413595457858474,9.756228270519696e-09,0.0820354034201357,0.010845706621422584,0.10278737542013569
CsOAc,PPhMe2,p-Xylene,0.1,105,PENDING,PENDING,0.0,-3.6702046393496914,15.448496436349775,2.3319555496004235e-11,0.08209028361206376,0.010519191580501292,0.10284225561206375
CsOAc,PPhMe2,p-Xylene,0.1,90,PENDING,PENDING,0.0,-5.363931524214657,15.719789178764927,2.506582729183697e-11,0.08217393983622175,0.010714210120228385,0.10292591183622174
CsOAc,PPhMe2,p-Xylene,0.057,120,PENDING,PENDING,0.0,-2.0559676869193453,17.380192307083288,6.470996123637208e-09,0.0879655168100438,0.010754548825996845,0.10871748881004381
CsOAc,PPhMe2,p-Xylene,0.057,105,PENDING,PENDING,0.0,-4.584320201803465,15.511882245483806,1.877717611711749e-11,0.08803588192389145,0.010612116273009238,0.10878785392389145
CsOAc,PPhMe2,p-Xylene,0.057,90,PENDING,PENDING,0.0,-6.210003189938,15.909690970828192,3.054455183257851e-11,0.0881246970432597,0.010998964631897494,0.10887666904325971
CsOAc,PPhMe2,DMAc,0.153,120,PENDING,PENDING,0.0,14.586102600174257,15.34551837116196,3.6472612706137864e-08,0.07214373272884371,0.009981709681311698,0.0928957047288437
CsOAc,PPhMe2,DMAc,0.153,105,PENDING,PENDING,0.0,10.841948483318973,15.271009353837194,7.057917094458705e-09,0.07218304635433279,0.009745979835612385,0.0929350183543328
CsOAc,PPhMe2,DMAc,0.153,90,PENDING,PENDING,0.0,7.717741288419994,17.30249924207847,1.562948448933911e-07,0.07227321116189743,0.010038330840955479,0.09302518316189742
CsOAc,PPhMe2,DMAc,0.1,120,PENDING,PENDING,0.0,12.725374122276634,13.884284118730141,3.761995489513892e-10,0.07920650139613229,0.008340221423815929,0.09995847339613229
CsOAc,PPhMe2,DMAc,0.1,105,PENDING,PENDING,0.0,9.041220419454103,14.057777885763633,1.1137507268019861e-10,0.07926484648803617,0.00835347840186719,0.10001681848803617
CsOAc,PPhMe2,DMAc,0.1,90,PENDING,PENDING,0.0,6.03739859619354,16.51317333196611,1.867050597625108e-08,0.07936128328765321,0.008981418128891644,0.10011325528765322
CsOAc,PPhMe2,DMAc,0.057,120,PENDING,PENDING,0.0,11.314967258707519,13.531703893584652,6.103682382420314e-11,0.0851072610290616,0.007655900686577788,0.10585923302906161
CsOAc,PPhMe2,DMAc,0.057,105,PENDING,PENDING,0.0,7.693490106590275,13.894069759137405,3.374988640397243e-11,0.08518123863832719,0.00792332684673971,0.1059332106383272
CsOAc,PPhMe2,DMAc,0.057,90,PENDING,PENDING,0.0,4.79285658663985,16.571067298322998,1.3426225616658779e-08,0.08528306782922623,0.008830209147411644,0.10603503982922624
CsOAc,PPhMe2,BuOAc,0.153,120,PENDING,PENDING,0.0,5.293446728059045,14.652126030109537,1.2098475806472724e-10,0.09093577073970852,0.007201094828612719,0.11168774273970852
CsOAc,PPhMe2,BuOAc,0.153,105,PENDING,PENDING,0.0,2.196610873184895,12.149122394367604,6.893332329167879e-16,0.09101422885866303,0.006144069446862041,0.11176620085866304
CsOAc,PPhMe2,BuOAc,0.153,90,PENDING,PENDING,0.0,-0.16034160543518539,12.570533366053567,1.3993005580020476e-15,0.09109568127962557,0.005923426661489936,0.11184765327962556
CsOAc,PPhMe2,BuOAc,0.1,120,PENDING,PENDING,0.0,3.7846349137005006,13.276194923272797,4.187200145129853e-13,0.09815138501025786,0.0043952893162302565,0.11890335701025787
CsOAc,PPhMe2,BuOAc,0.1,105,PENDING,PENDING,0.0,0.7428606658321897,10.596834302889235,4.917619443596039e-21,0.09824954655117077,0.0030989055005183207,0.11900151855117078
CsOAc,PPhMe2,BuOAc,0.1,90,PENDING,PENDING,0.0,-1.522280023572641,11.322983490491234,2.2107609185073185e-19,0.09833595524073202,0.0034071144719060374,0.11908792724073203
CsOAc,PPhMe2,BuOAc,0.057,120,PENDING,PENDING,0.0,2.681693575186827,13.067318426577776,9.026655970920148e-14,0.10408562319343498,0.002908554077392979,0.12483759519343499
CsOAc,PPhMe2,BuOAc,0.057,90,PENDING,PENDING,0.0,-2.4935366490962636,11.427547644483532,2.1685631579805857e-19,0.10429093230834707,0.0029066519031567214,0.12504290430834708
CsOAc,PPhMe2,BuCN,0.153,120,PENDING,PENDING,0.0,5.14620559528084,14.68836145273938,1.2619392831725478e-10,0.08223356629510224,0.008647596050868026,0.10298553829510224
CsOAc,PPhMe2,BuCN,0.153,105,PENDING,PENDING,0.0,2.2465889762935873,11.821563173378944,1.0759233701218322e-16,0.08227033763002434,0.00798398579052042,0.10302230963002434
CsOAc,PPhMe2,BuCN,0.153,90,PENDING,PENDING,0.0,0.08713025719822554,11.709965661492394,1.1054987963657081e-17,0.08233368614501459,0.007966240130584046,0.10308565814501458
CsOAc,PPhMe2,BuCN,0.1,120,PENDING,PENDING,0.0,3.6536272193936767,13.641088081036752,1.6793586558174488e-12,0.08935683073694346,0.007496150561610381,0.11010880273694346
CsOAc,PPhMe2,BuCN,0.1,105,PENDING,PENDING,0.0,0.8121379014433501,10.683988278667517,1.0895761762125475e-20,0.08941293037859842,0.00707819426379653,0.11016490237859841
CsOAc,PPhMe2,BuCN,0.1,90,PENDING,PENDING,0.0,-1.252777288351453,10.81061665298728,5.029969285566575e-21,0.08948213689955677,0.007410525542635858,0.11023410889955676
CsOAc,PPhMe2,BuCN,0.057,120,PENDING,PENDING,0.0,2.567378588397567,13.66446427418678,1.0247606522292196e-12,0.09526077783497104,0.007426909379491843,0.11601274983497104
CsOAc,PPhMe2,BuCN,0.057,105,PENDING,PENDING,0.0,-0.22180005154630322,10.902521851882192,2.6201177626136584e-20,0.09533276336303609,0.00729056030918968,0.1160847353630361
CsOAc,PPhMe2,BuCN,0.057,90,PENDING,PENDING,0.0,-2.2094153509887633,11.250604582197086,7.353727014063768e-20,0.09540745637249452,0.007895861401637116,0.11615942837249452
CsOAc,PPh3,p-Xylene,0.153,120,PENDING,PENDING,0.0,21.171109761770012,13.158932364705542,2.391971361521682e-09,0.06894736943671707,0.008473119540919257,0.08969934143671707
CsOAc,PPh3,p-Xylene,0.153,105,PENDING,PENDING,0.0,14.409463958821629,12.855008697611964,2.845048182880773e-11,0.06894637628622856,0.00852842988930708,0.08969834828622855
CsOAc,PPh3,p-Xylene,0.153,90,PENDING,PENDING,0.0,8.310604687673408,14.06927005278949,8.127778011473449e-11,0.06906578759144591,0.008960636647290056,0.08981775959144592
CsOAc,PPh3,p-Xylene,0.1,120,PENDING,PENDING,0.0,19.92594190215273,13.142621410252035,1.2505908534077676e-09,0.07639653820182236,0.008872678559883327,0.09714851020182236
CsOAc,PPh3,p-Xylene,0.1,105,PENDING,PENDING,0.0,13.16414940971488,12.603549728131691,5.4748198550834354e-12,0.07641493960813023,0.008917602808904532,0.09716691160813024
CsOAc,PPh3,p-Xylene,0.1,90,PENDING,PENDING,0.0,7.090315217764143,13.612867778743077,9.29537265325498e-12,0.07654144600639545,0.009325711948809257,0.09729341800639546
CsOAc,PPh3,p-Xylene,0.057,120,PENDING,PENDING,0.0,18.936649266115502,13.821887901843013,5.471479330880716e-09,0.08274742774688351,0.009710450152068695,0.10349939974688352
CsOAc,PPh3,p-Xylene,0.057,105,PENDING,PENDING,0.0,12.232255809218941,13.122268233532212,2.3482376132344227e-11,0.0827834827910347,0.009746071058839019,0.10353545479103471
CsOAc,PPh3,p-Xylene,0.057,90,PENDING,PENDING,0.0,6.2264125005542255,13.944931860616078,1.928450759857628e-11,0.08291604502249494,0.010128099414002384,0.10366801702249495
CsOAc,PPh3,DMAc,0.153,120,PENDING,PENDING,0.0,61.22024393330421,9.551240368616407,5.7042825724815767e-05,0.06615906821925477,0.005494193433714075,0.08691104021925478
CsOAc,PPh3,DMAc,0.153,105,PENDING,PENDING,0.0,52.30693834160263,9.95928691693302,1.785185156595267e-06,0.06615908731740884,0.005698769009599131,0.08691105931740883
CsOAc,PPh3,DMAc,0.153,90,PENDING,PENDING,0.0,42.33038046611693,11.924139005380628,1.6444344257783298e-06,0.06629132455266858,0.006379498827125395,0.08704329655266857
CsOAc,PPh3,DMAc,0.1,120,PENDING,PENDING,0.0,59.57681697609791,9.748763574588658,3.937939649742981e-05,0.07355028507965425,0.006039496648219445,0.09430225707965426
CsOAc,PPh3,DMAc,0.1,105,PENDING,PENDING,0.0,50.65487311868194,10.248003335346464,1.5995023453391639e-06,0.07356988706677861,0.006221553629819098,0.09432185906677862
CsOAc,PPh3,DMAc,0.1,90,PENDING,PENDING,0.0,40.719948695100506,12.199623592816241,1.4914329359346369e-06,0.07370963706038088,0.006848695565063051,0.09446160906038087
CsOAc,PPh3,DMAc,0.057,120,PENDING,PENDING,0.0,57.753697628076665,10.719459005254626,0.00010728856263139967,0.07987908503960245,0.007091499015468536,0.10063105703960246
CsOAc,PPh3,DMAc,0.057,105,PENDING,PENDING,0.0,48.923676927274954,11.23798919489964,6.797857806902993e-06,0.07991644577669242,0.007245431578476594,0.10066841777669241
CsOAc,PPh3,DMAc,0.057,90,PENDING,PENDING,0.0,39.157304425197005,13.110349265366036,4.868290689510245e-06,0.08006226702786982,0.007806668565851496,0.10081423902786982
CsOAc,PPh3,BuOAc,0.153,120,PENDING,PENDING,0.0,28.56235785166851,11.567236918359905,6.533829423471944e-10,0.08369534943591543,0.00771408384879925,0.10444732143591542
CsOAc,PPh3,BuOAc,0.153,105,PENDING,PENDING,0.0,20.758378567546025,10.873635302335158,2.5946211222214506e-13,0.08373514478904538,0.007510942206584569,0.10448711678904538
CsOAc,PPh3,BuOAc,0.153,90,PENDING,PENDING,0.0,13.441666473759014,11.682688572538906,1.0973679619365093e-13,0.08386568734461798,0.0077261992602864525,0.10461765934461797
CsOAc,PPh3,BuOAc,0.1,120,PENDING,PENDING,0.0,27.085132659842312,11.516841277249055,2.3584995703059903e-10,0.09119176044160796,0.007329946876414054,0.11194373244160796
CsOAc,PPh3,BuOAc,0.1,105,PENDING,PENDING,0.0,19.269799601806625,10.522367791041205,1.2949778727311011e-14,0.09125139550247763,0.007059030730206701,0.11200336750247764
CsOAc,PPh3,BuOAc,0.1,90,PENDING,PENDING,0.0,11.983005914473779,11.051430654068037,1.2883340367687281e-15,0.09138922139902128,0.007240828777359825,0.11214119339902129
CsOAc,PPh3,BuOAc,0.057,120,PENDING,PENDING,0.0,25.834580654710123,12.262837307190072,1.5612103080420773e-09,0.09752749749049998,0.007673529851194239,0.11827946949049997
CsOAc,PPh3,BuOAc,0.057,105,PENDING,PENDING,0.0,18.089209509294186,11.108572206957355,1.3765078658848935e-13,0.09760488209821364,0.007375848605112784,0.11835685409821364
CsOAc,PPh3,BuOAc,0.057,90,PENDING,PENDING,0.0,10.89768573107726,11.427501421604676,5.1403289785938505e-15,0.09774897409677627,0.007533786736710761,0.11850094609677628
CsOAc,PPh3,BuCN,0.153,120,PENDING,PENDING,0.0,29.08535155879654,11.463187427647972,6.058401783254535e-10,0.07676189123934361,0.006299243002456928,0.0975138632393436
CsOAc,PPh3,BuCN,0.153,105,PENDING,PENDING,0.0,21.551157885651907,11.401059790521279,5.340010941901927e-12,0.07675827118827284,0.006583808038062759,0.09751024318827284
CsOAc,PPh3,BuCN,0.153,90,PENDING,PENDING,0.0,14.467376028726143,12.66649070038015,1.4525618717332466e-11,0.07685979531293127,0.007288562162922826,0.09761176731293128
CsOAc,PPh3,BuCN,0.1,120,PENDING,PENDING,0.0,27.68893382940167,11.717383456301667,6.808862217652012e-10,0.0841921178458542,0.0068533560698274005,0.10494408984585421
CsOAc,PPh3,BuCN,0.1,105,PENDING,PENDING,0.0,20.145067988080918,11.426207371694918,2.462353280915e-12,0.0842083153968227,0.007103322697896929,0.1049602873968227
CsOAc,PPh3,BuCN,0.1,90,PENDING,PENDING,0.0,13.086284934457485,12.438501354973504,2.6790298092008718e-12,0.08431745917060256,0.007751531724926311,0.10506943117060255
CsOAc,PPh3,BuCN,0.057,120,PENDING,PENDING,0.0,26.502656195862198,12.65114818104894,7.088902166128499e-09,0.09050194687254619,0.00787923137097657,0.11125391887254618
CsOAc,PPh3,BuCN,0.057,105,PENDING,PENDING,0.0,19.02291641813968,12.19332291779394,3.0532632744144414e-11,0.09053620184000186,0.008087769955109519,0.11128817384000186
CsOAc,PPh3,BuCN,0.057,90,PENDING,PENDING,0.0,12.04915565771837,12.989404435982907,1.3064429702376321e-11,0.09065202455756248,0.008668933616308843,0.11140399655756247
CsOAc,PPh2Me,p-Xylene,0.153,120,PENDING,PENDING,0.0,-4.527266522821016,17.739023833980195,5.808670234536849e-09,0.05792323180878825,0.015191946073687942,0.07867520411562101
CsOAc,PPh2Me,p-Xylene,0.153,105,PENDING,PENDING,0.0,-6.8244893765797485,17.31935840797207,9.941040167069132e-10,0.057836480924869815,0.015429380826891733,0.07858845342266317
CsOAc,PPh2Me,p-Xylene,0.153,90,PENDING,PENDING,0.0,-8.139125164173414,18.84860651046328,1.59084830963862e-08,0.0578294919895469,0.016157215407310247,0.07858146576923929
CsOAc,PPh2Me,p-Xylene,0.1,120,PENDING,PENDING,0.0,-5.0099633579525715,17.940793368202378,7.486673085584551e-09,0.06413949137868857,0.01581480325461986,0.08489146348905807
CsOAc,PPh2Me,p-Xylene,0.1,105,PENDING,PENDING,0.0,-7.2866701120201895,17.353132414497523,9.060054998208079e-10,0.0640654555960163,0.016047295038273932,0.08481742777468279
CsOAc,PPh2Me,p-Xylene,0.1,90,PENDING,PENDING,0.0,-8.584435469121267,18.709223206961816,1.0540315187071215e-08,0.06406295549323456,0.01675081195753667,0.08481492812971217
CsOAc,PPh2Me,p-Xylene,0.057,120,PENDING,PENDING,0.0,-5.217523724255429,18.82931913733836,3.880053684445245e-08,0.0693978958392591,0.017092884447772676,0.09014986804211314
CsOAc,PPh2Me,p-Xylene,0.057,105,PENDING,PENDING,0.0,-7.4762054095615085,18.14246933335492,4.87747118330321e-09,0.06933555976467203,0.017309956846596267,0.09008753206798355
CsOAc,PPh2Me,p-Xylene,0.057,90,PENDING,PENDING,0.0,-8.766004202884247,19.309140462488777,3.0441314996661213e-08,0.06933755087412168,0.017965699402923807,0.09008952376252631
CsOAc,PPh2Me,DMAc,0.153,120,PENDING,PENDING,0.0,9.97202482016019,13.77408376719739,7.004361776971706e-11,0.056700670506809894,0.012166314837438125,0.07745264250698693
CsOAc,PPh2Me,DMAc,0.153,105,PENDING,PENDING,0.0,6.6046970767282716,14.65266439502995,2.2068169003509106e-10,0.0566123287108789,0.012518790737735916,0.0773643007114985
CsOAc,PPh2Me,DMAc,0.153,90,PENDING,PENDING,0.0,3.9785305941317546,17.711940345781656,9.678057754123015e-08,0.05660618747205118,0.01345454547774894,0.07735815948196395
CsOAc,PPh2Me,DMAc,0.1,120,PENDING,PENDING,0.0,9.303257066042171,14.305326172156377,2.703561235424994e-10,0.0628706745203109,0.012906379400709803,0.08362264652039883
CsOAc,PPh2Me,DMAc,0.1,105,PENDING,PENDING,0.0,5.946760213908561,15.053568972119304,5.194173618196063e-10,0.06279511487357935,0.013245150728604686,0.08354708687386325
CsOAc,PPh2Me,DMAc,0.1,90,PENDING,PENDING,0.0,3.3318468998473207,17.93137443271267,1.1647190551873453e-07,0.06279371244447249,0.01413670842523429,0.08354568444836158
CsOAc,PPh2Me,DMAc,0.057,120,PENDING,PENDING,0.0,8.877951171643275,15.639323130007424,7.762684313491718e-09,0.06809814747976332,0.01441455958897628,0.08885011948055428
CsOAc,PPh2Me,DMAc,0.057,105,PENDING,PENDING,0.0,5.541377710246216,16.234037634160302,8.43544173190679e-09,0.06803435930049066,0.014721293702646018,0.08878633130238082
CsOAc,PPh2Me,DMAc,0.057,90,PENDING,PENDING,0.0,2.938292351698408,18.821681762570318,4.5333929681997003e-07,0.06803766591703671,0.015530816184162593,0.08878963793097605
CsOAc,PPh2Me,BuOAc,0.153,120,PENDING,PENDING,0.0,-0.3414553655604493,13.47283192631691,9.259093243574164e-14,0.0700773029178552,0.012429517211211029,0.09082927491785542
CsOAc,PPh2Me,BuOAc,0.153,105,PENDING,PENDING,0.0,-3.056703400628791,13.470763581594728,1.90942167605156e-14,0.07002199638735723,0.012686446685274886,0.09077396838735795
CsOAc,PPh2Me,BuOAc,0.153,90,PENDING,PENDING,0.0,-4.861063998106694,15.920449423372935,5.659254138127897e-11,0.07002785211828101,0.01354084584267362,0.09077982411830063
CsOAc,PPh2Me,BuOAc,0.1,120,PENDING,PENDING,0.0,-0.9187392546245974,13.876876567885645,3.60460513081742e-13,0.07632651062142627,0.013050231438961626,0.09707848262142635
CsOAc,PPh2Me,BuOAc,0.1,105,PENDING,PENDING,0.0,-3.6145418115194943,13.641369134431205,2.9701143597234946e-14,0.07628404881198243,0.013290262352339799,0.09703602081198268
CsOAc,PPh2Me,BuOAc,0.1,90,PENDING,PENDING,0.0,-5.400353112186096,15.841361789839127,3.551681414889037e-11,0.07629443098005184,0.014102032244748245,0.09704640298005768
CsOAc,PPh2Me,BuOAc,0.057,120,PENDING,PENDING,0.0,-1.226966361642603,15.179847427110504,3.077989866926093e-11,0.08157782241507477,0.014496179526398686,0.10232979441507645
CsOAc,PPh2Me,BuOAc,0.057,105,PENDING,PENDING,0.0,-3.9026496255303655,14.78574680437895,2.3443958289916978e-12,0.08154704052180994,0.014707489115162998,0.10229901252181352
CsOAc,PPh2Me,BuOAc,0.057,90,PENDING,PENDING,0.0,-5.6757863059043245,16.651754091265165,2.983958411961679e-10,0.08156191469219455,0.01544007122028974,0.10231388669223293
CsOAc,PPh2Me,BuCN,0.153,120,PENDING,PENDING,0.0,-0.11858554115165276,14.000675285022377,8.993124420845087e-13,0.0645505485030689,0.012657361789082935,0.08530252050308325
CsOAc,PPh2Me,BuCN,0.153,105,PENDING,PENDING,0.0,-2.6509141196403903,13.475666390824806,2.474459776722504e-14,0.06446125837045058,0.013014161337666547,0.08521323037050621
CsOAc,PPh2Me,BuCN,0.153,90,PENDING,PENDING,0.0,-4.2892688327445825,15.417886783121595,1.600447604561257e-11,0.06444071753297803,0.01393509156246194,0.08519268953403589
CsOAc,PPh2Me,BuCN,0.1,120,PENDING,PENDING,0.0,-0.6553547007629277,14.376679410945084,2.7597239564065164e-12,0.07075087280265145,0.013424867041993999,0.09150284480266031
CsOAc,PPh2Me,BuCN,0.1,105,PENDING,PENDING,0.0,-3.1669412862708413,13.637281017404362,3.770257580899597e-14,0.07067442877700064,0.013766832797841438,0.09142640077703161
CsOAc,PPh2Me,BuCN,0.1,90,PENDING,PENDING,0.0,-4.787746950461191,15.336869961300247,9.836159771959845e-12,0.07065858373204695,0.014643312328208572,0.091410555732529
CsOAc,PPh2Me,BuCN,0.057,120,PENDING,PENDING,0.0,-0.9331533699406478,15.604145805540933,1.2417671926992269e-10,0.07597743859457048,0.014927405666183885,0.09672941059467162
CsOAc,PPh2Me,BuCN,0.057,105,PENDING,PENDING,0.0,-3.426541087476309,14.762672319955804,2.7327459034699307e-12,0.0759128369611943,0.015237310382122695,0.0966648089614513
CsOAc,PPh2Me,BuCN,0.057,90,PENDING,PENDING,0.0,-5.037933432938786,16.174812653477776,1.0797759034102474e-10,0.07590176228150261,0.016034972924873853,0.0966537342836072
CsOAc,PCy3 HBF4,p-Xylene,0.153,120,PENDING,PENDING,0.0,4.060286637229474,14.016832677577163,8.312069744078604e-12,0.07058705557549055,0.008000052543201387,0.09133902757549056
CsOAc,PCy3 HBF4,p-Xylene,0.153,105,PENDING,PENDING,0.0,-1.4153437101504096,12.642803094641407,9.043313279209815e-16,0.07039719402617825,0.007755824694403365,0.09114916602617826
CsOAc,PCy3 HBF4,p-Xylene,0.153,90,PENDING,PENDING,0.0,-5.928691870181119,13.643578607850548,7.834954226834272e-15,0.07032512253688057,0.00801808961668428,0.09107709453688057
CsOAc,PCy3 HBF4,p-Xylene,0.1,120,PENDING,PENDING,0.0,3.074710482404143,14.332036427732527,1.5116231007106254e-11,0.07774646427823442,0.008378483983391145,0.09849843627823443
CsOAc,PCy3 HBF4,p-Xylene,0.1,105,PENDING,PENDING,0.0,-2.3887620793108724,12.826730985529847,1.2637321891479396e-15,0.0775748736116075,0.00814352301403545,0.09832684561160751
CsOAc,PCy3 HBF4,p-Xylene,0.1,90,PENDING,PENDING,0.0,-6.874948126055642,13.615856170806289,3.939747051178905e-15,0.07751040691385029,0.008393540944600932,0.09826237891385028
CsOAc,PCy3 HBF4,p-Xylene,0.057,120,PENDING,PENDING,0.0,2.4017005956845665,15.330751978988676,2.4221371541597987e-10,0.08385787192542397,0.00929757161904258,0.10460984392542397
CsOAc,PCy3 HBF4,p-Xylene,0.057,105,PENDING,PENDING,0.0,-3.013126815656946,13.831289712512689,9.468283722629993e-14,0.0837051716670334,0.009090655739735122,0.1044571436670334
CsOAc,PCy3 HBF4,p-Xylene,0.057,90,PENDING,PENDING,0.0,-7.447178704924269,14.438177733657339,1.0300720649139031e-13,0.08364923891382726,0.009331338667226899,0.10440121091382726
CsOAc,PCy3 HBF4,DMAc,0.153,120,PENDING,PENDING,0.0,30.76090306753543,13.04343239817537,1.38573479373322e-07,0.06956733005666553,0.006737049526508213,0.09031930205666552
CsOAc,PCy3 HBF4,DMAc,0.153,105,PENDING,PENDING,0.0,23.676015792057015,13.280571235588287,1.0837622624102464e-08,0.06937627749942482,0.006806204018244545,0.09012824949942483
CsOAc,PCy3 HBF4,DMAc,0.153,90,PENDING,PENDING,0.0,16.74456187463006,15.246996757377273,6.713710131493614e-08,0.0693023965896937,0.00737803639743654,0.0900543685896937
CsOAc,PCy3 HBF4,DMAc,0.1,120,PENDING,PENDING,0.0,29.51261648833964,13.362052225413375,1.7072200210086965e-07,0.07665181772915584,0.007064939576532381,0.09740378972915584
CsOAc,PCy3 HBF4,DMAc,0.1,105,PENDING,PENDING,0.0,22.429601099253688,13.59525015483526,1.4210281312821794e-08,0.07647918772213473,0.007125502587203488,0.09723115972213472
CsOAc,PCy3 HBF4,DMAc,0.1,90,PENDING,PENDING,0.0,15.522231883305263,15.491455010721829,7.10581319324595e-08,0.07641368556958908,0.007671769765235866,0.09716565756958909
CsOAc,PCy3 HBF4,DMAc,0.057,120,PENDING,PENDING,0.0,28.390204944806197,14.349031603177764,8.660859929501584e-07,0.08270599941154125,0.00795635582066879,0.10345797141154126
CsOAc,PCy3 HBF4,DMAc,0.057,105,PENDING,PENDING,0.0,21.369246798883122,14.557751136081725,9.0410847890842e-08,0.08255241535452845,0.008009997409464243,0.10330438735452846
CsOAc,PCy3 HBF4,DMAc,0.057,90,PENDING,PENDING,0.0,14.54440357910687,16.329933516705204,2.602449858432396e-07,0.08249627885855082,0.008514599525705073,0.10324825085855083
CsOAc,PCy3 HBF4,BuOAc,0.153,120,PENDING,PENDING,0.0,10.09053516226313,14.483931363280824,6.522302717396362e-10,0.08516380443789826,0.008069492840481472,0.10591577643789826
CsOAc,PCy3 HBF4,BuOAc,0.153,105,PENDING,PENDING,0.0,3.840202102992393,12.740476367210528,4.0675698247376065e-14,0.085008839636543,0.007681354860780596,0.105760811636543
CsOAc,PCy3 HBF4,BuOAc,0.153,90,PENDING,PENDING,0.0,-1.5701714317055462,12.919428885744146,3.399092490005586e-15,0.08494280892316676,0.007779877303391207,0.10569478092316675
CsOAc,PCy3 HBF4,BuOAc,0.1,120,PENDING,PENDING,0.0,8.941625969376247,14.574209455581281,5.042148067402594e-10,0.09235485414095128,0.007830733040458684,0.11310682614095127
CsOAc,PCy3 HBF4,BuOAc,0.1,105,PENDING,PENDING,0.0,2.701101790049613,12.641049580289891,1.2480026703563101e-14,0.09221821371790652,0.007388819640006118,0.11297018571790651
CsOAc,PCy3 HBF4,BuOAc,0.1,90,PENDING,PENDING,0.0,-2.6769772636762568,12.598927122559488,3.1109992511104073e-16,0.09215993057735473,0.007457191928605599,0.11291190257735473
CsOAc,PCy3 HBF4,BuOAc,0.057,120,PENDING,PENDING,0.0,8.086852124365933,15.368803905744242,2.936691076676929e-09,0.0984406851556777,0.008327492454064235,0.1191926571556777
CsOAc,PCy3 HBF4,BuOAc,0.057,105,PENDING,PENDING,0.0,1.9045898787951927,13.430008625636969,2.7555350916484774e-13,0.0983229573331716,0.007890837054276333,0.1190749293331716
CsOAc,PCy3 HBF4,BuOAc,0.057,90,PENDING,PENDING,0.0,-3.4049051146708464,13.270195178673326,6.095391527796461e-15,0.09827357589998549,0.007950514476670346,0.11902554789998548
CsOAc,PCy3 HBF4,BuCN,0.153,120,PENDING,PENDING,0.0,10.040997896000349,14.58142006532676,8.399695002326245e-10,0.07900546202308784,0.007468640606912147,0.09975743402308784
CsOAc,PCy3 HBF4,BuCN,0.153,105,PENDING,PENDING,0.0,3.98355007516912,13.369133600571779,6.857559562896946e-13,0.07880925575920258,0.007494252663556885,0.09956122775920259
CsOAc,PCy3 HBF4,BuCN,0.153,90,PENDING,PENDING,0.0,-1.2349196941738185,13.977534317673907,4.5358462824186584e-13,0.07871124249702618,0.007992230610705215,0.09946321449702619
CsOAc,PCy3 HBF4,BuCN,0.1,120,PENDING,PENDING,0.0,8.947900589503611,14.890773538969082,1.2179351144262041e-09,0.08613279432535682,0.00782251780994784,0.10688476632535682
CsOAc,PCy3 HBF4,BuCN,0.1,105,PENDING,PENDING,0.0,2.9002701146907626,13.547557225327406,7.735534388192473e-13,0.08595510807159738,0.007839731019476694,0.10670708007159738
CsOAc,PCy3 HBF4,BuCN,0.1,90,PENDING,PENDING,0.0,-2.289352888043375,13.959724521385573,2.392387076429103e-13,0.08586533698296264,0.008313104423819185,0.10661730898296265
CsOAc,PCy3 HBF4,BuCN,0.057,120,PENDING,PENDING,0.0,8.141905024796571,15.81343355298631,8.735571488976065e-09,0.0921853445369022,0.00870849806809598,0.1129373165369022
CsOAc,PCy3 HBF4,BuCN,0.057,105,PENDING,PENDING,0.0,2.149546490958471,14.454898866433858,1.4550924007256398e-11,0.09202694960309238,0.008722126580153302,0.11277892160309239
CsOAc,PCy3 HBF4,BuCN,0.057,90,PENDING,PENDING,0.0,-2.9773488176766563,14.73309926304081,3.0730505006642345e-12,0.09194671129770113,0.009161936100537909,0.11269868329770114
CsOAc,P(fur)3,p-Xylene,0.153,120,PENDING,PENDING,0.0,23.194393015110645,10.986814505139462,2.345636301676322e-12,0.07361227218127968,0.0108170201341365,0.09436424418127967
CsOAc,P(fur)3,p-Xylene,0.153,105,PENDING,PENDING,0.0,16.22700145159795,10.87840760656692,1.0624841608098884e-14,0.07357393759764239,0.010833368210093968,0.0943259095976424
CsOAc,P(fur)3,p-Xylene,0.153,90,PENDING,PENDING,0.0,9.899692048773623,12.583531541110217,7.636705077198456e-13,0.07358295511300064,0.011076507492399953,0.09433492711300065
CsOAc,P(fur)3,p-Xylene,0.1,120,PENDING,PENDING,0.0,22.256195729026402,10.63589618547719,2.1551336797727465e-13,0.08115602366794684,0.010780575051159251,0.10190799566794684
CsOAc,P(fur)3,p-Xylene,0.1,105,PENDING,PENDING,0.0,15.297554089073856,10.301510060131019,1.4206902565047157e-16,0.08113420444886725,0.010820201646475241,0.10188617644886724
CsOAc,P(fur)3,p-Xylene,0.1,90,PENDING,PENDING,0.0,8.984779846133971,11.91708948308593,1.899115510650617e-14,0.08114618187151837,0.011092457569029582,0.10189815387151838
CsOAc,P(fur)3,p-Xylene,0.057,120,PENDING,PENDING,0.0,21.498079871214657,11.237504498780774,2.480687118786228e-12,0.08743026422488252,0.011059218145053496,0.10818223622488252
CsOAc,P(fur)3,p-Xylene,0.057,105,PENDING,PENDING,0.0,14.605521835192484,10.738177229309791,1.3853828295137784e-15,0.08742348520094531,0.011118267831481978,0.10817545720094532
CsOAc,P(fur)3,p-Xylene,0.057,90,PENDING,PENDING,0.0,8.353655226292503,12.189032178282135,4.894300500723172e-14,0.08743938538969259,0.011421422778230134,0.1081913573896926
CsOAc,P(fur)3,DMAc,0.153,120,PENDING,PENDING,0.0,63.047648580785165,9.107118148416129,5.5278729887189284e-05,0.07131375206058793,0.010370565514522399,0.09206572406058794
CsOAc,P(fur)3,DMAc,0.153,105,PENDING,PENDING,0.0,53.60382223961358,9.491171053447419,1.019596252449095e-06,0.07125925582400318,0.01042061485632061,0.09201122782400317
CsOAc,P(fur)3,DMAc,0.153,90,PENDING,PENDING,0.0,43.15231557149928,11.302078369436009,5.634025830501377e-07,0.07126059139399228,0.010650083838664372,0.09201256339399227
CsOAc,P(fur)3,DMAc,0.1,120,PENDING,PENDING,0.0,61.820877327810834,8.821593429951731,1.5525174931050776e-05,0.07878841157850792,0.010465821178328423,0.09954038357850792
CsOAc,P(fur)3,DMAc,0.1,105,PENDING,PENDING,0.0,52.3708196851029,9.432169866779686,4.3029083379149557e-07,0.07875050531779151,0.010561156336559827,0.09950247731779152
CsOAc,P(fur)3,DMAc,0.1,90,PENDING,PENDING,0.0,41.92745943017891,11.409928484584148,4.1139049389182333e-07,0.07875538705727463,0.010837754997598419,0.09950735905727462
CsOAc,P(fur)3,DMAc,0.057,120,PENDING,PENDING,0.0,60.310902741218584,9.487831327489262,3.24972678022638e-05,0.08502437829553455,0.010775169489984023,0.10577635029553456
CsOAc,P(fur)3,DMAc,0.057,105,PENDING,PENDING,0.0,50.97219784236449,10.20895120116634,1.7017377893691115e-06,0.08500192780480606,0.010906941347033119,0.10575389980480607
CsOAc,P(fur)3,DMAc,0.057,90,PENDING,PENDING,0.0,40.68335698564584,12.236135480894031,1.5879464558851174e-06,0.08501139233976447,0.01123259792397665,0.10576336433976447
CsOAc,P(fur)3,BuOAc,0.153,120,PENDING,PENDING,0.0,31.53159983545025,11.588092562076383,3.5591875167450514e-09,0.0838644260760384,0.0134894608414945,0.10461639807603841
CsOAc,P(fur)3,BuOAc,0.153,105,PENDING,PENDING,0.0,23.51539130225045,11.334152976434574,1.358295978156923e-11,0.08385346976333452,0.013475291902649834,0.10460544176333454
CsOAc,P(fur)3,BuOAc,0.153,90,PENDING,PENDING,0.0,15.89514277845225,12.402738874093682,1.1668048439167074e-11,0.0838765002866532,0.013623380286211339,0.10462847228665322
CsOAc,P(fur)3,BuOAc,0.1,120,PENDING,PENDING,0.0,30.368923911483567,11.303836180556909,7.093063017496193e-10,0.09140528089167167,0.013461675990337714,0.11215725289167167
CsOAc,P(fur)3,BuOAc,0.1,105,PENDING,PENDING,0.0,22.35855565510978,10.862175511105333,7.349783259508869e-13,0.09141085379022663,0.013466715161526532,0.11216282579022663
CsOAc,P(fur)3,BuOAc,0.1,90,PENDING,PENDING,0.0,14.763862574780322,11.80054693734265,4.518827814760918e-13,0.0914372258659638,0.013638495521872605,0.11218919786596379
CsOAc,P(fur)3,BuOAc,0.057,120,PENDING,PENDING,0.0,29.332746870290627,11.867374549958459,2.7262528715497948e-09,0.0976534244457447,0.013666255598363533,0.11840539644574469
CsOAc,P(fur)3,BuOAc,0.057,105,PENDING,PENDING,0.0,21.40751630394916,11.298996227656534,3.0960280083328387e-12,0.09767407398243266,0.013688744859342955,0.11842604598243267
CsOAc,P(fur)3,BuOAc,0.057,90,PENDING,PENDING,0.0,13.908753889423181,12.11408704274088,1.0958514057863199e-12,0.09770469457295768,0.013889959049756423,0.11845666657295767
CsOAc,P(fur)3,BuCN,0.153,120,PENDING,PENDING,0.0,31.984631096464774,11.742840505091923,7.372531807879182e-09,0.07960559017139349,0.011668655459575445,0.1003575621713935
CsOAc,P(fur)3,BuCN,0.153,105,PENDING,PENDING,0.0,24.18453716306191,11.891911731667479,1.8099128123272837e-10,0.07955692383201984,0.01171535758895908,0.10030889583201985
CsOAc,P(fur)3,BuCN,0.153,90,PENDING,PENDING,0.0,16.753890816359228,13.187819790961923,3.015796951093079e-10,0.07954747728529174,0.011933265249740328,0.10029944928529175
CsOAc,P(fur)3,BuCN,0.1,120,PENDING,PENDING,0.0,30.908121258813736,11.70097304274634,3.674074625773053e-09,0.08711831134715779,0.011742171773824991,0.10787028334715779
CsOAc,P(fur)3,BuCN,0.1,105,PENDING,PENDING,0.0,23.113209134395163,11.714912338955132,5.0337803059984045e-11,0.08708631169748271,0.011822935590373394,0.10783828369748272
CsOAc,P(fur)3,BuCN,0.1,90,PENDING,PENDING,0.0,15.70052467498249,12.888890244835572,6.40035310410738e-11,0.08708027451516785,0.012077592426879245,0.10783224651516785
CsOAc,P(fur)3,BuCN,0.057,120,PENDING,PENDING,0.0,29.939702435735953,12.38886061022592,1.767805253122694e-08,0.09335389308858097,0.012028512359895993,0.11410586508858098
CsOAc,P(fur)3,BuCN,0.057,105,PENDING,PENDING,0.0,22.225180899690354,12.280890558302925,2.467691222881629e-10,0.09333729739856272,0.012136854331906014,0.11408926939856273
CsOAc,P(fur)3,BuCN,0.057,90,PENDING,PENDING,0.0,14.898603505357041,13.3334522641304,1.9126216673289918e-10,0.09333577928614525,0.012431109690590398,0.11408775128614526
CsOAc,JackiePhos,p-Xylene,0.153,120,PENDING,PENDING,0.0,14.706979926593057,15.277219084887285,3.2865218455660706e-08,0.41214697648994253,0.01605382591518655,0.43289894848994254
CsOAc,JackiePhos,p-Xylene,0.153,105,PENDING,PENDING,0.0,8.541014031195225,13.29717947364321,6.24535329365548e-12,0.4124761723497421,0.013987771367699386,0.4332281443497421
CsOAc,JackiePhos,p-Xylene,0.153,90,PENDING,PENDING,0.0,3.113177899795012,13.085313180827127,1.2588573051292648e-13,0.4125133728307939,0.013224885518935236,0.43326534483079393
CsOAc,JackiePhos,p-Xylene,0.1,120,PENDING,PENDING,0.0,13.478628636506922,14.489993093906694,2.9506310989638315e-09,0.41414888731885063,0.011007053202023203,0.43490085931885064
CsOAc,JackiePhos,p-Xylene,0.1,105,PENDING,PENDING,0.0,7.342167351453121,12.086595549406907,1.5321605582750293e-14,0.4144810173613704,0.007635409308379137,0.4352329893613704
CsOAc,JackiePhos,p-Xylene,0.1,90,PENDING,PENDING,0.0,1.9656693306529434,11.604113297322728,2.2792764591404975e-17,0.41451864105445274,0.006104039280575573,0.43527061305445275
CsOAc,JackiePhos,p-Xylene,0.057,120,PENDING,PENDING,0.0,12.523356112386033,14.536772568397168,2.2087050536263098e-09,0.41523979999607386,0.009305673244816457,0.43599177199607386
CsOAc,JackiePhos,p-Xylene,0.057,105,PENDING,PENDING,0.0,6.455531408989849,11.943590603944285,4.030657240981871e-15,0.4155730877967634,0.004851920834332042,0.4363250597967634
CsOAc,JackiePhos,DMAc,0.153,120,PENDING,PENDING,0.0,45.02656217223425,14.782592027480554,0.0003738235123908083,0.41226101932093207,0.02392698098809994,0.4330129913209321
CsOAc,JackiePhos,DMAc,0.153,105,PENDING,PENDING,0.0,36.68221665073833,13.872310769313046,7.507604723556652e-06,0.4125869842913781,0.022651347998597877,0.4333389562913781
CsOAc,JackiePhos,DMAc,0.153,90,PENDING,PENDING,0.0,28.079839885490212,14.473022990662813,9.780670977756691e-07,0.4126220154046274,0.022219482164075384,0.4333739874046274
CsOAc,JackiePhos,DMAc,0.1,120,PENDING,PENDING,0.0,43.33814442329509,14.03698707004885,9.052443391987359e-05,0.4142573239345651,0.020979065787457733,0.4350092959345651
CsOAc,JackiePhos,DMAc,0.1,105,PENDING,PENDING,0.0,34.997286211001324,13.093324208689607,9.138580943488722e-07,0.414586030511766,0.019493729626716295,0.435338002511766
CsOAc,JackiePhos,DMAc,0.1,90,PENDING,PENDING,0.0,26.454134096168758,13.784668815624876,1.2517478756216243e-07,0.41462140712307527,0.018983806098695762,0.4353733791230753
CsOAc,JackiePhos,DMAc,0.057,120,PENDING,PENDING,0.0,41.6995043083661,14.041614640107719,5.383931670512e-05,0.4153457057686424,0.0201646720357624,0.4360976777686424
CsOAc,JackiePhos,DMAc,0.057,105,PENDING,PENDING,0.0,33.449264639622896,13.131014103049585,5.255461806994897e-07,0.41567550914143836,0.01860985313003217,0.43642748114143837
CsOAc,JackiePhos,DMAc,0.057,90,PENDING,PENDING,0.0,25.050979098257137,13.914189694881937,9.436423351155756e-08,0.4157110054849227,0.018073564416499627,0.4364629774849227
CsOAc,JackiePhos,BuOAc,0.153,120,PENDING,PENDING,0.0,21.152628499379972,16.908970492996524,5.524109348356321e-06,0.4128330450232506,0.024958773691902858,0.4335850170232506
CsOAc,JackiePhos,BuOAc,0.153,105,PENDING,PENDING,0.0,14.025786366392218,15.52801198771552,4.380431516301572e-08,0.4131605490106216,0.023735304988200406,0.4339125210106216
CsOAc,JackiePhos,BuOAc,0.153,90,PENDING,PENDING,0.0,7.507470555554441,15.355213258844646,2.2376164874209206e-09,0.4131977720819796,0.023317820026782916,0.4339497440819796
CsOAc,JackiePhos,BuOAc,0.1,120,PENDING,PENDING,0.0,19.70488554211417,16.315679686203637,1.410114336548938e-06,0.4148277348800359,0.02215863262709344,0.4355797068800359
CsOAc,JackiePhos,BuOAc,0.1,105,PENDING,PENDING,0.0,12.59706039031827,14.675507516003192,3.2877760331387653e-09,0.4151579574787315,0.020754082848069576,0.43590992947873153
CsOAc,JackiePhos,BuOAc,0.1,90,PENDING,PENDING,0.0,6.134222700927857,14.311678975056958,6.214166386226955e-11,0.41519552409268284,0.020269274141536387,0.43594749609268285
CsOAc,JackiePhos,BuOAc,0.057,120,PENDING,PENDING,0.0,18.515137792530325,16.400367634553106,1.103816342738609e-06,0.41591598127895446,0.02139300181767135,0.43666795327895447
CsOAc,JackiePhos,BuOAc,0.057,105,PENDING,PENDING,0.0,11.486079106926201,14.626081435796491,1.7890376593511113e-09,0.4162472920665043,0.019930258617151447,0.4369992640665043
CsOAc,JackiePhos,BuOAc,0.057,90,PENDING,PENDING,0.0,5.125641800569468,14.165857733958422,2.3644613264742906e-11,0.416284975321509,0.019423509953939315,0.437036947321509
CsOAc,JackiePhos,BuCN,0.153,120,PENDING,PENDING,0.0,21.356432338856965,16.292087556307198,2.3059136212168332e-06,0.4132440191805958,0.02123887148594381,0.4339959911805958
CsOAc,JackiePhos,BuCN,0.153,105,PENDING,PENDING,0.0,14.438524579382253,15.010025952984753,1.608004510698087e-08,0.41357139198038523,0.019764873077002924,0.43432336398038524
CsOAc,JackiePhos,BuCN,0.153,90,PENDING,PENDING,0.0,8.115755048467001,14.978018890942598,1.0774182075660635e-09,0.4136067685889113,0.019254381669594294,0.43435874058891133
CsOAc,JackiePhos,BuCN,0.1,120,PENDING,PENDING,0.0,19.966081780682973,15.790699792515865,6.229985712192619e-07,0.41524324535396084,0.0178094869860186,0.43599521735396085
CsOAc,JackiePhos,BuCN,0.1,105,PENDING,PENDING,0.0,13.068690126079353,14.268409557345834,1.3489724176980905e-09,0.4155734219786794,0.016000303044422064,0.4363253939786794
CsOAc,JackiePhos,BuCN,0.1,90,PENDING,PENDING,0.0,6.799017068530468,14.060113438771458,3.7797252932492135e-11,0.4156091691641383,0.015356944238355728,0.4363611411641383
CsOAc,JackiePhos,BuCN,0.057,120,PENDING,PENDING,0.0,18.82301064541637,15.959786547280691,5.709457538857485e-07,0.41633201890647387,0.016832088859917,0.4370839909064739
CsOAc,JackiePhos,BuCN,0.057,105,PENDING,PENDING,0.0,12.00169289292759,14.317244312834006,9.58773378961329e-10,0.4166633109102805,0.01489869255295975,0.43741528291028053
CsOAc,JackiePhos,BuCN,0.057,90,PENDING,PENDING,0.0,5.828807654032957,14.019534071710948,2.0409520581121126e-11,0.4166991860077395,0.014203561322690263,0.4374511580077395
CsOAc,GorlosPhos HBF4,p-Xylene,0.153,120,PENDING,PENDING,0.0,0.3468213205878996,21.410154070762925,7.2165240394667346e-06,0.08311541790375956,0.008556688635943785,0.10386738990375957
CsOAc,GorlosPhos HBF4,p-Xylene,0.153,105,PENDING,PENDING,0.0,-4.909911633377995,21.687903479114112,2.8683554880931726e-06,0.08309002565142319,0.008625456084688262,0.10384199765142318
CsOAc,GorlosPhos HBF4,p-Xylene,0.153,90,PENDING,PENDING,0.0,-9.11601786290332,23.2292053684822,6.283004717852513e-06,0.08315524852195123,0.009145772307103754,0.10390722052195123
CsOAc,GorlosPhos HBF4,p-Xylene,0.1,120,PENDING,PENDING,0.0,-1.0117855464412955,20.732045164718354,2.2891451771899697e-06,0.09033911400544933,0.007601689247848919,0.11109108600544934
CsOAc,GorlosPhos HBF4,p-Xylene,0.1,105,PENDING,PENDING,0.0,-6.243542143826474,20.98449117198075,8.391376739825929e-07,0.0903322933946015,0.007695322052982151,0.1110842653946015
CsOAc,GorlosPhos HBF4,p-Xylene,0.1,90,PENDING,PENDING,0.0,-10.391638009032121,22.57045751680699,2.250291826306339e-06,0.09040524559059172,0.008301572660285871,0.11115721759059172
CsOAc,GorlosPhos HBF4,p-Xylene,0.057,120,PENDING,PENDING,0.0,-1.951543377329891,20.687534226399393,1.7024656655791677e-06,0.09645474399870702,0.007511648078189375,0.11720671599870702
CsOAc,GorlosPhos HBF4,p-Xylene,0.057,105,PENDING,PENDING,0.0,-7.126428197864492,20.903034842733998,5.967360568946634e-07,0.09646512979805148,0.007621390206469476,0.11721710179805148
CsOAc,GorlosPhos HBF4,p-Xylene,0.057,90,PENDING,PENDING,0.0,-11.201590318650403,22.486134995433023,1.6830670297105554e-06,0.09654516362557584,0.00826829283228628,0.11729713562557584
CsOAc,GorlosPhos HBF4,DMAc,0.153,120,PENDING,PENDING,0.0,25.65580690769783,14.532023833792824,4.4545056366446065e-07,0.08087739591517856,0.005068870211890008,0.10162936791517857
CsOAc,GorlosPhos HBF4,DMAc,0.153,105,PENDING,PENDING,0.0,18.9918010461366,15.622853204778199,3.255793275694094e-07,0.08085278244588333,0.005410132188545735,0.10160475444588332
CsOAc,GorlosPhos HBF4,DMAc,0.153,90,PENDING,PENDING,0.0,12.633606179925948,18.51434097016713,4.537702914563362e-06,0.08092682164561986,0.00635534332011871,0.10167879364561985
CsOAc,GorlosPhos HBF4,DMAc,0.1,120,PENDING,PENDING,0.0,23.888744615162317,13.027908840119322,5.960787038099255e-09,0.08803343533327349,0.002693164259755243,0.10878540733327349
CsOAc,GorlosPhos HBF4,DMAc,0.1,105,PENDING,PENDING,0.0,17.25454500105253,14.37736635173747,1.1089184835928643e-08,0.0880276460685944,0.003337560831121304,0.1087796180685944
CsOAc,GorlosPhos HBF4,DMAc,0.1,90,PENDING,PENDING,0.0,10.981045635291967,17.655186184009114,7.975797182032711e-07,0.08811018878775073,0.004777380438458699,0.10886216078775074
CsOAc,GorlosPhos HBF4,DMAc,0.057,105,PENDING,PENDING,0.0,15.854489782061307,14.14152713288229,3.288187779436316e-09,0.0941244338644531,0.0025653980654578067,0.11487640586445311
CsOAc,GorlosPhos HBF4,DMAc,0.057,90,PENDING,PENDING,0.0,9.700220937574446,17.582352088452637,4.773327022992067e-07,0.09421445315557327,0.004351402932079862,0.11496642515557326
CsOAc,GorlosPhos HBF4,BuOAc,0.153,120,PENDING,PENDING,0.0,6.151352230178915,20.504436240344866,1.0196649345289177e-05,0.09760920100157411,0.008945310698568538,0.11836117300157412
CsOAc,GorlosPhos HBF4,BuOAc,0.153,105,PENDING,PENDING,0.0,0.21546544279492963,20.744458143821028,3.1638977234892655e-06,0.0976221569265302,0.008862667287847115,0.11837412892653021
CsOAc,GorlosPhos HBF4,BuOAc,0.153,90,PENDING,PENDING,0.0,-4.796638716942674,22.230147470739663,5.531274790980008e-06,0.09769770594839852,0.009210122805053674,0.11844967794839853
CsOAc,GorlosPhos HBF4,BuOAc,0.1,120,PENDING,PENDING,0.0,4.629368781045919,19.76941972788526,2.8111971007694324e-06,0.10487426576690868,0.007507950668850911,0.12562623776690868
CsOAc,GorlosPhos HBF4,BuOAc,0.1,105,PENDING,PENDING,0.0,-1.2829872867659091,19.986074998622666,7.809464727712875e-07,0.10490605588160784,0.007391369885321597,0.12565802788160785
CsOAc,GorlosPhos HBF4,BuOAc,0.1,90,PENDING,PENDING,0.0,-6.230506213001711,21.523125423606764,1.6992954196796164e-06,0.1049894700635044,0.007803833722744479,0.1257414420635044
CsOAc,GorlosPhos HBF4,BuOAc,0.057,120,PENDING,PENDING,0.0,3.5116553759324205,19.707413316167035,1.9255952393778402e-06,0.11097301380084121,0.006937785627208743,0.13172498580084122
CsOAc,GorlosPhos HBF4,BuOAc,0.057,105,PENDING,PENDING,0.0,-2.3361185277585435,19.889330821232104,5.091559155313044e-07,0.11102205253692399,0.006800244241596769,0.131774024536924
CsOAc,GorlosPhos HBF4,BuOAc,0.057,90,PENDING,PENDING,0.0,-7.195187560987193,21.42898387805796,1.186368028734839e-06,0.11111274526096673,0.007263479356915375,0.13186471726096674
CsOAc,GorlosPhos HBF4,BuCN,0.153,120,PENDING,PENDING,0.0,6.073561286903541,19.921298478659086,4.96392319039128e-06,0.09103875105063701,0.0064101690841325935,0.111790723050637
CsOAc,GorlosPhos HBF4,BuCN,0.153,105,PENDING,PENDING,0.0,0.30642255451855505,20.34830187367081,1.950772166739071e-06,0.0910101110351186,0.006715239265914148,0.11176208303511859
CsOAc,GorlosPhos HBF4,BuCN,0.153,90,PENDING,PENDING,0.0,-4.534387813160301,22.0286203376114,4.676088912826951e-06,0.0910561333644615,0.007532100854804716,0.11180810536446151
CsOAc,GorlosPhos HBF4,BuCN,0.1,120,PENDING,PENDING,0.0,4.58363655061666,19.226115647536496,1.321290425096166e-06,0.09823667503571801,0.004985751660958342,0.11898864703571801
CsOAc,GorlosPhos HBF4,BuCN,0.1,105,PENDING,PENDING,0.0,-1.1587153351738166,19.650492887977816,4.961732077319181e-07,0.09822696912821693,0.005394905633898522,0.11897894112821694
CsOAc,GorlosPhos HBF4,BuCN,0.1,90,PENDING,PENDING,0.0,-5.935135159430665,21.39639173425387,1.5570653807287364e-06,0.09828135986547797,0.00641968674755442,0.11903333186547796
CsOAc,GorlosPhos HBF4,BuCN,0.057,120,PENDING,PENDING,0.0,3.4956935122210737,19.21108064211228,9.553775286037803e-07,0.1043047492527101,0.004711968083297645,0.1250567212527101
CsOAc,GorlosPhos HBF4,BuCN,0.057,105,PENDING,PENDING,0.0,-2.1834185204204886,19.607823276479813,3.487789343023797e-07,0.1043126172693816,0.005162100605369375,0.1250645892693816
CsOAc,GorlosPhos HBF4,BuCN,0.057,90,PENDING,PENDING,0.0,-6.874161218782589,21.35883115865736,1.1738333036013645e-06,0.10437482288965469,0.006271482910944032,0.1251267948896547
CsOAc,CgMe-PPh,p-Xylene,0.153,120,PENDING,PENDING,0.0,64.47856137851548,15.421803888764103,0.05797357885604976,0.10110770300920688,0.006855277446632351,0.12185967500920689
CsOAc,CgMe-PPh,p-Xylene,0.153,105,PENDING,PENDING,0.0,57.970235509647985,16.077566271382288,0.023358690539624943,0.10105549401837516,0.006940974595526266,0.12180746601837517
CsOAc,CgMe-PPh,p-Xylene,0.153,90,PENDING,PENDING,0.0,50.75628667853779,18.43442450074249,0.02218746257736412,0.10105111819095111,0.007566770627182123,0.12180309019095112
CsOAc,CgMe-PPh,p-Xylene,0.1,120,PENDING,PENDING,0.0,62.957096047711325,15.62427187905757,0.048103762749400314,0.10834998855216686,0.007272211773382364,0.12910196055216686
CsOAc,CgMe-PPh,p-Xylene,0.1,105,PENDING,PENDING,0.0,56.47917670284609,16.162789364176504,0.018235801649068212,0.10831676561350959,0.007359072284817441,0.1290687376135096
CsOAc,CgMe-PPh,p-Xylene,0.1,90,PENDING,PENDING,0.0,49.33694788127179,18.392919807530834,0.01686229167490122,0.10832066117590333,0.007958877156820261,0.12907263317590334
CsOAc,CgMe-PPh,p-Xylene,0.057,120,PENDING,PENDING,0.0,61.403310345602534,16.43124541599688,0.053887597495939576,0.11440394002750916,0.008070753039343561,0.13515591202750915
CsOAc,CgMe-PPh,p-Xylene,0.057,105,PENDING,PENDING,0.0,55.005031437605,16.845314721734695,0.020353459502049726,0.11438877499355418,0.008157670186915118,0.1351407469935542
CsOAc,CgMe-PPh,p-Xylene,0.057,90,PENDING,PENDING,0.0,47.988853714854905,18.8999539096357,0.017458893419708327,0.11440145735746268,0.008724841657410215,0.1351534293574627
CsOAc,CgMe-PPh,DMAc,0.153,105,PENDING,PENDING,0.0,87.6578648498716,10.41824458839834,0.6258910527952202,0.09867974121684026,0.0024795054246999,0.11943171321684026
CsOAc,CgMe-PPh,DMAc,0.153,90,PENDING,PENDING,0.0,77.66198036089669,14.482400350556128,0.39687220474851426,0.09868243540601832,0.004154648509594429,0.11943440740601832
CsOAc,CgMe-PPh,DMAc,0.1,120,PENDING,PENDING,0.0,93.93904466051339,8.684236946311705,1.291911564727574,0.10590739393799295,0.002594234066902715,0.12665936593799296
CsOAc,CgMe-PPh,DMAc,0.1,105,PENDING,PENDING,0.0,85.76304569125223,10.692125839871386,0.4727151526414657,0.10587453280722116,0.0032553432210205477,0.12662650480722115
CsOAc,CgMe-PPh,DMAc,0.1,90,PENDING,PENDING,0.0,75.86250929882964,14.707197055126802,0.31967178188860634,0.10588647499132088,0.0046748672388107785,0.12663844699132087
CsOAc,CgMe-PPh,DMAc,0.057,105,PENDING,PENDING,0.0,83.67425640448747,11.791385141437992,0.46331801860438615,0.11191021245759225,0.004502491823324243,0.13266218445759226
CsOAc,CgMe-PPh,DMAc,0.057,90,PENDING,PENDING,0.0,73.9638633639284,15.538148785494418,0.310502877221535,0.11193180877102378,0.005653088659917713,0.13268378077102377
CsOAc,CgMe-PPh,BuOAc,0.153,120,PENDING,PENDING,0.0,71.83264289247303,13.747619904193147,0.1062046134213237,0.11570946356595385,0.006584351331173237,0.13646143556595386
CsOAc,CgMe-PPh,BuOAc,0.153,105,PENDING,PENDING,0.0,64.54110028467673,14.423941321810707,0.034217119571816834,0.11569574739158511,0.00646286313573784,0.13644771939158512
CsOAc,CgMe-PPh,BuOAc,0.153,90,PENDING,PENDING,0.0,56.341181430857645,16.867483697747954,0.026555576833398736,0.11570111911857713,0.006915314294503126,0.13645309111857712
CsOAc,CgMe-PPh,BuOAc,0.1,120,PENDING,PENDING,0.0,70.12723760724438,14.00224262632122,0.08572338505292343,0.12299337549434947,0.00655116099732731,0.14374534749434947
CsOAc,CgMe-PPh,BuOAc,0.1,105,PENDING,PENDING,0.0,62.864932120433615,14.547203712273514,0.025765373801051872,0.12299892156841677,0.006395537729247337,0.14375089356841678
CsOAc,CgMe-PPh,BuOAc,0.1,90,PENDING,PENDING,0.0,54.745447308894114,16.84116512868787,0.019315335037914272,0.12301271949886088,0.0068249016042455975,0.14376469149886087
CsOAc,CgMe-PPh,BuOAc,0.057,120,PENDING,PENDING,0.0,68.35398405743443,14.928036814140727,0.09466206753540662,0.12902941377474253,0.007066228324772723,0.14978138577474254
CsOAc,CgMe-PPh,BuOAc,0.057,105,PENDING,PENDING,0.0,61.182279749777464,15.333917252247756,0.02896056421100221,0.12905307817634903,0.006904820748664596,0.14980505017634904
CsOAc,CgMe-PPh,BuOAc,0.057,90,PENDING,PENDING,0.0,53.21111992683774,17.42086980683896,0.02004320503748183,0.12907591046678873,0.007306935968298013,0.14982788246678874
CsOAc,CgMe-PPh,BuCN,0.153,120,PENDING,PENDING,0.0,73.06527227892371,12.236783848749003,0.06229648516355468,0.10930403981513626,0.0037477039937955123,0.13005601181513626
CsOAc,CgMe-PPh,BuCN,0.153,105,PENDING,PENDING,0.0,65.91067909289964,13.353580601786367,0.023730962484861923,0.10924693742511804,0.004255466867856148,0.12999890942511805
CsOAc,CgMe-PPh,BuCN,0.153,90,PENDING,PENDING,0.0,57.778185844883296,16.291515565475166,0.02541408162851294,0.10921870279520818,0.005445918542869855,0.12997067479520819
CsOAc,CgMe-PPh,BuCN,0.1,120,PENDING,PENDING,0.0,71.38894323300346,12.728958851464155,0.05664091990774661,0.11651841250802272,0.004478939546632709,0.13727038450802273
CsOAc,CgMe-PPh,BuCN,0.1,105,PENDING,PENDING,0.0,64.26584103134316,13.696062523885999,0.020357330816339447,0.1164807349426218,0.00491818405762165,0.1372327069426218
CsOAc,CgMe-PPh,BuCN,0.1,90,PENDING,PENDING,0.0,56.214920093744574,16.44288674311141,0.02041957954675605,0.11646159392394201,0.005985074757049651,0.13721356592394202
CsOAc,CgMe-PPh,BuCN,0.057,120,PENDING,PENDING,0.0,69.62132689969265,13.897610932117502,0.07347961109432749,0.12251802040708962,0.005619693373242344,0.14326999240708962
CsOAc,CgMe-PPh,BuCN,0.057,105,PENDING,PENDING,0.0,62.58967546797559,14.682481543330828,0.026386445488590426,0.12249894257678715,0.005983853649163902,0.14325091457678715
CsOAc,CgMe-PPh,BuCN,0.057,90,PENDING,PENDING,0.0,54.688856944765966,17.164087627182756,0.022915526284348287,0.12248977422341456,0.006913415059386834,0.14324174622341457
CsOAc,BrettPhos,p-Xylene,0.153,120,PENDING,PENDING,0.0,24.13560643449251,12.280392080268134,6.813204313102726e-10,0.08781488309690791,0.010919702964640569,0.10856685509690792
CsOAc,BrettPhos,p-Xylene,0.153,105,PENDING,PENDING,0.0,17.242611578067613,11.742669439355948,1.6444239695108608e-12,0.08776652072672818,0.010919639532825808,0.10851849272672817
CsOAc,BrettPhos,p-Xylene,0.153,90,PENDING,PENDING,0.0,10.925880369244755,12.72669624720248,2.5151177064029892e-12,0.08780163875777408,0.011193626926106518,0.10855361075777409
CsOAc,BrettPhos,p-Xylene,0.1,120,PENDING,PENDING,0.0,22.97485175773365,12.07341109026472,1.7822061936964422e-10,0.09520034539688389,0.011021543798743445,0.11595231739688389
CsOAc,BrettPhos,p-Xylene,0.1,105,PENDING,PENDING,0.0,16.096203094951544,11.308371216178767,9.841630752467562e-14,0.09517150532176762,0.011028152700048161,0.11592347732176761
CsOAc,BrettPhos,p-Xylene,0.1,90,PENDING,PENDING,0.0,9.811269948454026,12.126506111679413,9.134056758950035e-14,0.0952146177015777,0.011308715777497869,0.1159665897015777
CsOAc,BrettPhos,p-Xylene,0.057,120,PENDING,PENDING,0.0,22.015506217575012,12.634617513448879,7.238226700264803e-10,0.10143681849399638,0.011417028177357489,0.12218879049399639
CsOAc,BrettPhos,p-Xylene,0.057,105,PENDING,PENDING,0.0,15.20771341107558,11.734692386447538,4.4064566739810927e-13,0.10142646568204232,0.011430867850560432,0.12217843768204231
CsOAc,BrettPhos,p-Xylene,0.057,90,PENDING,PENDING,0.0,8.99991179600094,12.410055991601242,2.069458481865241e-13,0.1014774628102357,0.011721652270867461,0.12222943481023571
CsOAc,BrettPhos,DMAc,0.153,120,PENDING,PENDING,0.0,62.37068906679994,9.82300565374571,0.00015931877398174706,0.08559884646026668,0.009380221847697542,0.10635081846026667
CsOAc,BrettPhos,DMAc,0.153,105,PENDING,PENDING,0.0,53.11773995332689,10.032524813977238,3.240244805772892e-06,0.08555071909251773,0.009512025162178219,0.10630269109251772
CsOAc,BrettPhos,DMAc,0.153,90,PENDING,PENDING,0.0,42.86545863693705,11.471260831042748,7.429786935174914e-07,0.08559348228315727,0.009913964066672866,0.10634545428315728
CsOAc,BrettPhos,DMAc,0.1,120,PENDING,PENDING,0.0,60.835585093258096,9.5822069337442,5.0685617622387444e-05,0.09291523838467898,0.00941379357101772,0.11366721038467897
CsOAc,BrettPhos,DMAc,0.1,105,PENDING,PENDING,0.0,51.58417741364311,9.97323602261122,1.2716353008104483e-06,0.09288686815733806,0.00955474650241596,0.11363884015733805
CsOAc,BrettPhos,DMAc,0.1,90,PENDING,PENDING,0.0,41.369961317025584,11.547293401648556,4.445120023342721e-07,0.09293836520988066,0.009968099416338477,0.11369033720988067
CsOAc,BrettPhos,DMAc,0.057,120,PENDING,PENDING,0.0,59.08448112352334,10.158115238366063,6.96914527717374e-05,0.0991135911074516,0.009730547165636826,0.11986556310745161
CsOAc,BrettPhos,DMAc,0.057,105,PENDING,PENDING,0.0,49.944922431416906,10.654621137317566,3.0170249607572585e-06,0.09910389043379372,0.00987694963581789,0.11985586243379373
CsOAc,BrettPhos,DMAc,0.057,90,PENDING,PENDING,0.0,39.903664696852275,12.302261808968693,1.3132585848153974e-06,0.09916377332224988,0.01030295050769581,0.11991574532224988
CsOAc,BrettPhos,BuOAc,0.153,120,PENDING,PENDING,0.0,32.17356293316544,11.527516245424877,4.126694907596673e-09,0.1026260671048395,0.010809893182004027,0.1233780391048395
CsOAc,BrettPhos,BuOAc,0.153,105,PENDING,PENDING,0.0,24.209185184193792,10.702905151685936,1.1844035182214981e-12,0.10261708116076018,0.0106754453572131,0.12336905316076019
CsOAc,BrettPhos,BuOAc,0.153,90,PENDING,PENDING,0.0,16.603717923037163,11.149001106307365,6.103053010500139e-14,0.10266170488338812,0.010808721705543107,0.12341367688338811
CsOAc,BrettPhos,BuOAc,0.1,120,PENDING,PENDING,0.0,30.778968715227997,11.33083181297553,9.85437410315249e-10,0.11005453549379234,0.010496402186391276,0.13080650749379233
CsOAc,BrettPhos,BuOAc,0.1,105,PENDING,PENDING,0.0,22.823785002214265,10.261710699129909,4.148903168685608e-14,0.11006536974174061,0.010337314031632194,0.13081734174174062
CsOAc,BrettPhos,BuOAc,0.1,90,PENDING,PENDING,0.0,15.26010756141839,10.483448694742194,4.620410628464252e-16,0.11011814751288104,0.010460346583456154,0.13087011951288105
CsOAc,BrettPhos,BuOAc,0.057,120,PENDING,PENDING,0.0,29.540007657947704,11.928261584335417,3.688002265014461e-09,0.11627229568271366,0.010566629442683544,0.13702426768271367
CsOAc,BrettPhos,BuOAc,0.057,105,PENDING,PENDING,0.0,21.673885730617,10.746199893150962,2.5446060180799594e-13,0.11630168271435726,0.010396599468276892,0.13705365471435726
CsOAc,BrettPhos,BuOAc,0.057,90,PENDING,PENDING,0.0,14.221267240242483,10.83856991234181,1.90716384204452e-15,0.11636260972231875,0.010523662940077316,0.13711458172231875
CsOAc,BrettPhos,BuCN,0.153,120,PENDING,PENDING,0.0,32.53718622356277,11.882592625550945,1.4893909763468794e-08,0.09598557047916755,0.00987583952927972,0.11673754247916754
CsOAc,BrettPhos,BuCN,0.153,105,PENDING,PENDING,0.0,24.819181153788563,11.606738307957254,8.942499273509501e-11,0.0959328805102425,0.0100261707262623,0.11668485251024249
CsOAc,BrettPhos,BuCN,0.153,90,PENDING,PENDING,0.0,17.435239564571496,12.392784532814526,2.674684643420384e-11,0.09594571295916801,0.01044064896781415,0.11669768495916802
CsOAc,BrettPhos,BuCN,0.1,120,PENDING,PENDING,0.0,31.223037225180395,11.936861271318463,8.998728733413992e-09,0.10334435069971992,0.009986817049182202,0.12409632269971993
CsOAc,BrettPhos,BuCN,0.1,105,PENDING,PENDING,0.0,23.51423784908888,11.496579571714337,2.6703551047328958e-11,0.10331158774311211,0.010141432864658921,0.12406355974311212
CsOAc,BrettPhos,BuCN,0.1,90,PENDING,PENDING,0.0,16.16570330234828,12.10194628021806,4.034642340223692e-12,0.1033331131425171,0.010560321929270285,0.1240850851425171
CsOAc,BrettPhos,BuCN,0.057,120,PENDING,PENDING,0.0,30.049906473316057,12.650778749378604,3.788044032572342e-08,0.1095291932174988,0.010376240949122546,0.1302811652174988
CsOAc,BrettPhos,BuCN,0.057,105,PENDING,PENDING,0.0,22.424549170092227,12.100195760183308,1.4485773884491932e-10,0.1095153804942824,0.01053098762686838,0.1302673524942824
CsOAc,BrettPhos,BuCN,0.057,90,PENDING,PENDING,0.0,15.176790593724807,12.583434989706188,1.5686694314134753e-11,0.10954573097922338,0.010955007715312094,0.13029770297922338
KOPiv,tBPh-CPhos,DMAc,0.057,120,55.96,0.278106848,-1.0,55.07921498458896,9.694644355865567,3.8295862149975176e-06,0.2780737282856307,0.0015561031690843777,0.2988257002856307
KOPiv,tBPh-CPhos,BuOAc,0.1,90,0.0,0.279534515,-1.0,8.103126550309131,10.011838078778458,2.7763410262752616e-20,0.27953597429273,0.001556103246107985,0.30028794629273003
KOPiv,X-Phos,DMAc,0.153,120,80.39,0.02897608,-1.0,77.78276739202053,6.667190239930186,0.0008362824655406761,0.028306527646642786,0.001335481706430016,0.049058499646642786
KOPiv,X-Phos,DMAc,0.153,90,60.68,0.02891926,-1.0,56.11029823446472,8.721129476397627,4.4002582455063716e-07,0.028908720280791805,0.001468656874135918,0.049660692280791806
KOPiv,X-Phos,DMAc,0.1,120,80.61,0.033627204,-1.0,75.97031320908813,6.181988038052068,8.272513398747375e-05,0.03574378610647986,0.0009275907136195961,0.05649575810647986
KOPiv,X-Phos,DMAc,0.057,120,62.07,0.043701389,-1.0,73.87810361497061,7.148467464693851,0.000249787522916955,0.04224052635112202,0.0013396457989033905,0.06299249835112203
KOPiv,PPhtBu2,DMAc,0.057,120,2.82,0.052242372,-1.0,7.877980767061544,13.031379814025993,1.5394109551686117e-12,0.052264915438689365,0.0015575078340452316,0.07301688743868937
KOPiv,PPhMe2,DMAc,0.057,120,2.15,0.037645824,-1.0,11.27722848832121,11.621471929574618,1.9021127145508697e-14,0.037739866572185574,0.001540607786879404,0.058491838572185574
KOPiv,PPhMe2,BuCN,0.153,90,0.0,0.034838214,-1.0,-1.2136637667416466,10.589017454019096,7.729950705091491e-22,0.034882192348295954,0.00154190668174233,0.055634164348295954
KOPiv,PPh3,DMAc,0.153,120,79.1,0.020775005,-1.0,64.96913663333271,7.18339527328675,8.484659636897278e-07,0.02090235790875143,0.0012473312102738857,0.04165432990875143
KOPiv,PPh3,DMAc,0.153,105,71.11,0.020751972,-1.0,55.767042275048425,7.368255135047445,1.3283917639167202e-09,0.020871944641847384,0.0013131245050420407,0.041623916641847385
KOPiv,PPh3,BuOAc,0.057,90,0.05,0.055472263,-1.0,10.177076984715487,9.55717418905144,3.3329552198329727e-21,0.05538763140328484,0.0015389076073407837,0.07613960340328485
KOPiv,PPh3,BuCN,0.153,120,15.64,0.032643774,-1.0,29.83545455137906,9.3550857057903,4.500277023759597e-14,0.03257218690670581,0.0014446432100823788,0.05332415890670581
KOPiv,PPh2Me,DMAc,0.153,120,2.64,0.021613286,-1.0,10.079367992428988,11.795349971247724,2.1007850199949405e-14,0.021584444016624904,0.001557407185924809,0.042336416016624905
KOPiv,PCy3 HBF4,p-Xylene,0.153,105,0.0,0.027987971,-1.0,-1.3664002888827298,10.716865686543443,2.0539281151518624e-21,0.02814627871622799,0.001542092170344048,0.04889825071622799
KOPiv,PCy3 HBF4,DMAc,0.153,120,24.11,0.026484397,-1.0,32.72924061357267,10.81159447178435,4.5590199776356777e-10,0.026274378617727898,0.0015324290487923223,0.0470263506177279
KOPiv,P(fur)3,p-Xylene,0.057,105,14.68,0.051646282,-1.0,15.320952664279066,9.272308031501204,4.022268463607013e-20,0.05154181270334213,0.0015227377897294866,0.07229378470334213
KOPiv,P(fur)3,DMAc,0.153,120,78.93,0.033074821,-1.0,67.06947814640134,7.043075523146683,2.33833820804675e-06,0.0330941187674525,0.001468502220981792,0.053846090767452504
KOPiv,P(fur)3,DMAc,0.153,90,37.37,0.032955013,-1.0,46.16543578142303,9.014997880393999,1.9229764154357155e-09,0.03302611104574005,0.001499077024135965,0.05377808304574005
KOPiv,P(fur)3,DMAc,0.057,120,83.62,0.047866463,-1.0,64.00538293380751,7.2798945276728935,6.012855639101309e-07,0.04785834861119676,0.0014944334498878616,0.06861032061119676
KOPiv,CgMe-PPh,DMAc,0.153,120,99.81,0.052306616,-1.0,98.12604354329471,7.5504030402347295,2.244803274806015,0.05263147691390429,0.0013953508528644603,0.07338344891390429
KOPiv,CgMe-PPh,DMAc,0.057,120,89.95,0.067056313,-1.0,93.74922180184387,8.618094270427,1.2245601121744163,0.06706874285150806,0.001497094220349109,0.08782071485150805
KOPiv,CgMe-PPh,BuCN,0.153,120,80.65,0.064614841,-1.0,73.66743643677276,10.491225457792236,0.021562930377874795,0.06433802994452736,0.0014454193210177804,0.08509000194452737
KOAc,X-Phos,DMAc,0.153,120,84.67,0.030082718,-1.0,75.92044246591568,6.511066969954787,0.0001918596854700561,0.029614936860623747,0.0012260914598346366,0.05036690886062375
KOAc,X-Phos,DMAc,0.153,105,48.86,0.029979486,-1.0,65.68584436725766,7.218659642767896,1.6089677703009042e-06,0.029865233293323516,0.0013018077347695402,0.05061720529332352
KOAc,X-Phos,DMAc,0.1,120,88.41,0.03474399,-1.0,74.44119074379608,6.800137052867658,0.000155118503730684,0.03522077830581144,0.0013992478203744098,0.05597275030581144
KOAc,X-Phos,BuOAc,0.153,120,76.24,0.038112992,-1.0,51.627333686928736,9.36429740969371,2.2736215395429693e-07,0.03819751919383677,0.001545621660828553,0.05894949119383677
KOAc,PPh3,DMAc,0.153,120,51.83,0.021790691,-1.0,60.04679622675437,8.299086020648053,1.3311618956892083e-06,0.02183528256320115,0.0015385323657034432,0.04258725456320115
KOAc,PPh2Me,BuOAc,0.153,120,0.0,0.030545517,-1.0,1.4031015670993483,11.528881708630282,9.167130547822615e-18,0.030555535938036935,0.0015574597886028393,0.051307507938036935
KOAc,PCy3 HBF4,BuOAc,0.1,90,0.0,0.043876303,-1.0,-0.2877569337888204,11.171179831844514,1.9700166489799996e-19,0.04402087726467869,0.0015488203213731607,0.06477284926467869
KOAc,P(fur)3,p-Xylene,0.153,120,11.99,0.035558421,-1.0,23.904071487623227,9.762868342153768,4.5931437266905925e-15,0.03560767006500131,0.0015282243296583027,0.05635964206500131
KOAc,P(fur)3,DMAc,0.153,120,52.08,0.034091718,-1.0,61.53344896018877,7.721937088010757,5.198140483691198e-07,0.034014934997006696,0.001525223755254673,0.0547669069970067
KOAc,CgMe-PPh,DMAc,0.153,120,98.38,0.053396793,-1.0,95.28943718382357,8.833328963242819,1.7153602219291724,0.05341261201392973,0.0015353884904025198,0.07416458401392972
CsOPiv,X-Phos,BuOAc,0.153,105,5.53,0.124088991,-1.0,24.666933890106314,9.577496695669105,2.546790542585406e-15,0.12417947002319527,0.0015602516930239268,0.14493144202319527
CsOPiv,PPhMe2,BuCN,0.057,90,0.0,0.155660199,-1.0,-3.8636799276877696,11.046069835907055,3.6031316334014864e-21,0.1557586805098231,0.0015599248606575006,0.17651065250982312
CsOPiv,PPh2Me,BuCN,0.1,90,0.0,0.131546476,-1.0,-5.019191457676683,11.957655482033523,1.224002890741867e-18,0.13161109066760213,0.0015603353061548017,0.15236306266760213
CsOPiv,P(fur)3,DMAc,0.057,120,50.7,0.135239574,-1.0,46.69703713678557,9.367542756624225,1.1162960834574462e-08,0.13515017802022328,0.0015528190506455598,0.15590215002022328
CsOPiv,P(fur)3,BuOAc,0.1,120,15.21,0.136767955,-1.0,19.370224294579906,9.453034777887963,9.458743512050747e-18,0.13695548318747405,0.0015523323644085008,0.15770745518747406
CsOPiv,JackiePhos,DMAc,0.057,105,9.52,0.452540223,-1.0,20.401597186873964,11.106373395074897,6.5081385928756e-13,0.4525100590194998,0.0015609669328460797,0.4732620310194998
CsOPiv,BrettPhos,BuOAc,0.1,90,23.75,0.243983628,-1.0,7.775247620480748,9.08778453262568,1.840643290708637e-24,0.24363598919016263,0.0015582961147420265,0.2643879611901626
CsOAc,PPhMe2,BuOAc,0.057,105,0.0,0.104381255,-1.0,-0.3069072444667782,10.486535502255615,7.166503953491603e-22,0.10419956966750415,0.0015529993138770767,0.12495154166750416
CsOAc,JackiePhos,p-Xylene,0.057,90,5.48,0.415626812,-1.0,1.1588810236230884,11.318490842357496,1.826204137120488e-18,0.41561085635170913,0.0015609668162611377,0.43636282835170914
CsOAc,GorlosPhos HBF4,DMAc,0.057,120,16.77,0.094081907,-1.0,22.41244317697916,12.670720261622922,9.942335776024807e-10,0.09411287237249391,0.0015577868242415025,0.11486484437249392
CsOAc,CgMe-PPh,DMAc,0.153,120,99.22,0.098899661,-1.0,95.86638055616163,8.438205546152442,1.7556366565699815,0.09873194889566553,0.001547602219349335,0.11948392089566554
