base,ligand,solvent,concentration,temperature,PC1,PC2,PC3,PC4,yield,cost,priority,yield_predicted_mean,yield_predicted_std_dev,yield_expected_improvement,cost_predicted_mean,cost_predicted_std_dev,cost_expected_improvement
KOPiv,P(fur)3,DMAc,0.153,120,-4.3,3.0,-3.4,0.5,PENDING,PENDING,1.0,10.319899253255961,6.311479017726678,0.03778641908046124,0.042241517954993604,0.06234292861250444,0.07428799711404102
KOAc,P(fur)3,DMAc,0.153,120,-4.3,3.0,-3.4,0.5,PENDING,PENDING,1.0,9.956191728546987,6.671084950307256,0.047156470894144875,0.0430450947471,0.065308419394423,0.07562495980902137
CsOPiv,P(fur)3,DMAc,0.057,120,-4.3,3.0,-3.4,0.5,PENDING,PENDING,1.0,14.155540302266427,5.5242180744267175,0.09231060425917664,0.1480856322314074,0.05498103437899988,0.17608369640412166
CsOPiv,GorlosPhos HBF4,p-Xylene,0.057,120,5.7,-2.2,0.0,1.3,PENDING,PENDING,1.0,11.004064005149951,6.15094889545902,0.042948765833338565,0.15249451311920112,0.06532345228802258,0.18053876082697617
KOPiv,tBPh-CPhos,p-Xylene,0.153,120,5.7,-2.2,0.0,1.3,PENDING,PENDING,0.0,3.8823852674476127,5.514795995883986,0.0002134175314392455,0.23034368608803824,0.07073134771189582,0.258333890571579
KOPiv,tBPh-CPhos,p-Xylene,0.153,105,5.7,-2.2,0.0,1.3,PENDING,PENDING,0.0,3.3915727467983183,5.087100207453252,3.603241525402905e-05,0.23928400296476116,0.06351926972890393,0.26727215115137054
KOPiv,tBPh-CPhos,p-Xylene,0.153,90,5.7,-2.2,0.0,1.3,PENDING,PENDING,0.0,2.939863572124988,5.055166671767158,2.1407853445595804e-05,0.24727643931512558,0.061390352137674846,0.2752644564354443
KOPiv,tBPh-CPhos,p-Xylene,0.1,120,5.7,-2.2,0.0,1.3,PENDING,PENDING,0.0,4.345276737252729,5.337860903502269,0.00018074046888574532,0.23693207467099395,0.06862953059994895,0.26492094902609215
KOPiv,tBPh-CPhos,p-Xylene,0.1,105,5.7,-2.2,0.0,1.3,PENDING,PENDING,0.0,3.839416246067599,4.857157460567296,2.225503274111136e-05,0.24595783889522768,0.06076530801767371,0.27394585040659
KOPiv,tBPh-CPhos,p-Xylene,0.1,90,5.7,-2.2,0.0,1.3,PENDING,PENDING,0.0,3.3644251553383735,4.78826007499403,1.0603703615378614e-05,0.2539531962911011,0.05817940402990686,0.28194117431267135
KOPiv,tBPh-CPhos,p-Xylene,0.057,120,5.7,-2.2,0.0,1.3,PENDING,PENDING,0.0,4.731853893290162,5.507254478434464,0.0003874516515208785,0.24149920267592262,0.07063100483593408,0.26948829971605415
KOPiv,tBPh-CPhos,p-Xylene,0.057,105,5.7,-2.2,0.0,1.3,PENDING,PENDING,0.0,4.221412581595775,5.024163659061058,5.891061563187915e-05,0.250489333533482,0.06286238018712256,0.2784773658793063
KOPiv,tBPh-CPhos,p-Xylene,0.057,90,5.7,-2.2,0.0,1.3,PENDING,PENDING,0.0,3.7343481604922477,4.93519739092094,2.7510140132607462e-05,0.25840845512620186,0.060168327421977266,0.2863964374688959
KOPiv,tBPh-CPhos,DMAc,0.153,120,-4.3,3.0,-3.4,0.5,PENDING,PENDING,0.0,5.646060855465398,6.0412260270535905,0.002335469541010743,0.23615946142259545,0.07592862301526442,0.26415226077602316
KOPiv,tBPh-CPhos,DMAc,0.153,105,-4.3,3.0,-3.4,0.5,PENDING,PENDING,0.0,5.135741755069777,5.793230518958097,0.0010221790953166172,0.2449689287944533,0.06988645831228475,0.272957655118216
KOPiv,tBPh-CPhos,DMAc,0.153,90,-4.3,3.0,-3.4,0.5,PENDING,PENDING,0.0,4.634076455398706,5.881807745438121,0.0009041039860333104,0.25278774632396905,0.06841383712316579,0.2807760239806166
KOPiv,tBPh-CPhos,DMAc,0.1,120,-4.3,3.0,-3.4,0.5,PENDING,PENDING,0.0,6.106916112713383,5.76947335700758,0.0017936825336138072,0.24270661759425574,0.07356362576041013,0.2706966627467187
KOPiv,tBPh-CPhos,DMAc,0.1,105,-4.3,3.0,-3.4,0.5,PENDING,PENDING,0.0,5.579584236701033,5.48839053198562,0.0006706483034915646,0.25159810683853984,0.06701392047534825,0.2795862981627909
KOPiv,tBPh-CPhos,DMAc,0.1,90,-4.3,3.0,-3.4,0.5,PENDING,PENDING,0.0,5.053208612333185,5.567447436267782,0.0005670954450847079,0.2594182821612887,0.06523697963936931,0.28740632475887595
KOPiv,tBPh-CPhos,DMAc,0.057,120,-4.3,3.0,-3.4,0.5,PENDING,PENDING,0.0,6.465011594637774,5.834745917287042,0.0025446972496535013,0.24721040183980364,0.07506429695588188,0.2752006113924943
KOPiv,tBPh-CPhos,DMAc,0.057,105,-4.3,3.0,-3.4,0.5,PENDING,PENDING,0.0,5.932051978939696,5.545743582246712,0.0009792397405639416,0.25606778678891884,0.06855840277218304,0.28405601494481963
KOPiv,tBPh-CPhos,DMAc,0.057,90,-4.3,3.0,-3.4,0.5,PENDING,PENDING,0.0,5.393896858243324,5.613263830223441,0.0007999089432240442,0.263813812380574,0.06669609186774542,0.2918018680912011
KOPiv,tBPh-CPhos,BuOAc,0.153,120,1.6,0.1,-0.8,-1.9,PENDING,PENDING,0.0,3.8808226104976056,4.99327540788236,3.91184835989624e-05,0.24360818207017365,0.056181211133997884,0.2715961602797997
KOPiv,tBPh-CPhos,BuOAc,0.153,105,1.6,0.1,-0.8,-1.9,PENDING,PENDING,0.0,3.373977970080425,4.511363010374963,2.8870879735343153e-06,0.253091598557448,0.04543792513984048,0.28107956955960883
KOPiv,tBPh-CPhos,BuOAc,0.153,90,1.6,0.1,-0.8,-1.9,PENDING,PENDING,0.0,2.909315619032737,4.473552874042643,1.4120570173134435e-06,0.261388510130098,0.04146736526017133,0.28937648113010656
KOPiv,tBPh-CPhos,BuOAc,0.1,120,1.6,0.1,-0.8,-1.9,PENDING,PENDING,0.0,4.319454917621425,4.794365043343184,2.707552085244678e-05,0.25044288030626694,0.05337448203634417,0.2784308521802887
KOPiv,tBPh-CPhos,BuOAc,0.1,105,1.6,0.1,-0.8,-1.9,PENDING,PENDING,0.0,3.7946118890107163,4.247327174495825,1.0966513414093842e-06,0.26002590119217134,0.041273699738882806,0.2880138721921799
KOPiv,tBPh-CPhos,BuOAc,0.057,120,1.6,0.1,-0.8,-1.9,PENDING,PENDING,0.0,4.688128343685416,4.992042597446123,7.856474589529013e-05,0.2550275772048993,0.05619313811313837,0.2830155506738319
KOPiv,tBPh-CPhos,BuOAc,0.057,105,1.6,0.1,-0.8,-1.9,PENDING,PENDING,0.0,4.15747827345808,4.4506109782692675,4.964122521384682e-06,0.2645644306436429,0.04467670953554184,0.2925524016438332
KOPiv,tBPh-CPhos,BuOAc,0.057,90,1.6,0.1,-0.8,-1.9,PENDING,PENDING,0.0,3.65574342815689,4.3509195520715656,1.6810817572979935e-06,0.27278513675672617,0.03980705152322576,0.3007731077567263
KOPiv,tBPh-CPhos,BuCN,0.153,120,-1.6,-2.1,-1.8,-0.9,PENDING,PENDING,0.0,3.375637726060728,5.308718055525965,7.688043251283467e-05,0.23005548458938846,0.06326214246145623,0.25804377322573424
KOPiv,tBPh-CPhos,BuCN,0.153,105,-1.6,-2.1,-1.8,-0.9,PENDING,PENDING,0.0,2.8481263469563474,4.836877544670604,7.93123666543969e-06,0.23916363595614412,0.053818845568203925,0.26715161044564467
KOPiv,tBPh-CPhos,BuCN,0.153,90,-1.6,-2.1,-1.8,-0.9,PENDING,PENDING,0.0,2.3706089128948373,4.769855070627187,3.6123685129581235e-06,0.24727629991012476,0.05013055826936142,0.2752642710821424
KOPiv,tBPh-CPhos,BuCN,0.1,120,-1.6,-2.1,-1.8,-0.9,PENDING,PENDING,0.0,3.8116528369701252,5.130819106465062,6.040545870304682e-05,0.23677326342635835,0.06101258504765096,0.2647613262527666
KOPiv,tBPh-CPhos,BuCN,0.1,105,-1.6,-2.1,-1.8,-0.9,PENDING,PENDING,0.0,3.2661739605306956,4.60502761307925,4.115331369530323e-06,0.24597386579342911,0.0506715387321838,0.27396183707664
KOPiv,tBPh-CPhos,BuCN,0.1,90,-1.6,-2.1,-1.8,-0.9,PENDING,PENDING,0.0,2.763973053871043,4.500065947024572,1.3860930870827773e-06,0.2540912553667053,0.04629074507541435,0.28207922637069716
KOPiv,tBPh-CPhos,BuCN,0.057,120,-1.6,-2.1,-1.8,-0.9,PENDING,PENDING,0.0,4.185134939268146,5.311862802157653,0.00014761083359592087,0.24140699118444464,0.06350013330195281,0.2693951129769545
KOPiv,tBPh-CPhos,BuCN,0.057,105,-1.6,-2.1,-1.8,-0.9,PENDING,PENDING,0.0,3.6341430327878497,4.790777585798445,1.3922129782299416e-05,0.25056777456208595,0.05350250453629229,0.2785557464890677
KOPiv,tBPh-CPhos,BuCN,0.057,90,-1.6,-2.1,-1.8,-0.9,PENDING,PENDING,0.0,3.119622204169125,4.67074019095044,4.853284439799922e-06,0.2586052909158434,0.04916662724804188,0.2865932619381416
KOPiv,X-Phos,p-Xylene,0.153,120,5.7,-2.2,0.0,1.3,PENDING,PENDING,0.0,4.32696953301191,5.494152054015616,0.00027914452165954395,0.023916716508188718,0.05206751962757277,0.056268613253040625
KOPiv,X-Phos,p-Xylene,0.153,105,5.7,-2.2,0.0,1.3,PENDING,PENDING,0.0,3.860668834351519,5.154204150597382,6.822153901001201e-05,0.031410928098165716,0.04912903841796432,0.062104449805315556
KOPiv,X-Phos,p-Xylene,0.153,90,5.7,-2.2,0.0,1.3,PENDING,PENDING,0.0,3.4240639508587876,5.210958954060225,5.758248928860977e-05,0.04099091802239474,0.05166664577801607,0.07116110370595259
KOPiv,X-Phos,p-Xylene,0.1,120,5.7,-2.2,0.0,1.3,PENDING,PENDING,0.0,4.808385608248102,5.41257877082376,0.00031709398644878296,0.03142267342214243,0.053214165776231385,0.06294501614445551
KOPiv,X-Phos,p-Xylene,0.1,105,5.7,-2.2,0.0,1.3,PENDING,PENDING,0.0,4.328041617852474,5.034645083623282,6.698229771484382e-05,0.03898660998866685,0.04974674743032425,0.06902539861169794
KOPiv,X-Phos,p-Xylene,0.1,90,5.7,-2.2,0.0,1.3,PENDING,PENDING,0.0,3.8683017228503487,5.058855144143513,4.9169563160201255e-05,0.048539078768059254,0.051611350315982414,0.0781000721778999
KOPiv,X-Phos,p-Xylene,0.057,120,5.7,-2.2,0.0,1.3,PENDING,PENDING,0.0,5.20095030343076,5.645685511875219,0.0007590590625167776,0.0389490278411119,0.05730557951988249,0.0703682696933515
KOPiv,X-Phos,p-Xylene,0.057,105,5.7,-2.2,0.0,1.3,PENDING,PENDING,0.0,4.715648619248931,5.2659280141551905,0.0001940412985812507,0.046509901379336444,0.05363302435658048,0.0765124955767885
KOPiv,X-Phos,p-Xylene,0.057,90,5.7,-2.2,0.0,1.3,PENDING,PENDING,0.0,4.243293369332582,5.264759775973421,0.00013357773657584173,0.05594002555787836,0.05487571978973738,0.08543140406481341
KOPiv,X-Phos,DMAc,0.153,120,-4.3,3.0,-3.4,0.5,PENDING,PENDING,0.0,6.084029696544743,6.135349234367814,0.0035673877275232066,0.03482024772044037,0.06506699562369997,0.06859726944538938
KOPiv,X-Phos,DMAc,0.153,105,-4.3,3.0,-3.4,0.5,PENDING,PENDING,0.0,5.596840555946912,5.969680410471988,0.0019730450355883306,0.042248068370553574,0.06374664534578825,0.07459476051676121
KOPiv,X-Phos,DMAc,0.153,90,-4.3,3.0,-3.4,0.5,PENDING,PENDING,0.0,5.109297303439574,6.127641026269529,0.0020167754553582877,0.05157482612217215,0.06623993777468738,0.08327041270732796
KOPiv,X-Phos,DMAc,0.1,120,-4.3,3.0,-3.4,0.5,PENDING,PENDING,0.0,6.562569150091198,5.954325924445419,0.003378031297741689,0.042291343025123634,0.06508361766798612,0.07492630929085682
KOPiv,X-Phos,DMAc,0.1,105,-4.3,3.0,-3.4,0.5,PENDING,PENDING,0.0,6.059228475202336,5.766886161357386,0.0017319230683805337,0.049787375149737564,0.06347602040087594,0.08115581699250338
KOPiv,X-Phos,DMAc,0.1,90,-4.3,3.0,-3.4,0.5,PENDING,PENDING,0.0,5.547074738784874,5.916536705206197,0.0017204590346684909,0.05908615920725864,0.06565846633981166,0.08990091990690946
KOPiv,X-Phos,DMAc,0.057,120,-4.3,3.0,-3.4,0.5,PENDING,PENDING,0.0,6.926393926683127,6.075171687224461,0.005124637121682124,0.04965746360525475,0.06769570889496022,0.08187523526950478
KOPiv,X-Phos,DMAc,0.057,105,-4.3,3.0,-3.4,0.5,PENDING,PENDING,0.0,6.41709465148832,5.880304821392056,0.0027006548375807064,0.05714901368529489,0.06589362292839632,0.08818813996630488
KOPiv,X-Phos,DMAc,0.057,90,-4.3,3.0,-3.4,0.5,PENDING,PENDING,0.0,5.892678504993498,6.014451609507474,0.0025627282104951216,0.06633031695464939,0.06773593171369968,0.09684367827399606
KOPiv,X-Phos,BuOAc,0.153,120,1.6,0.1,-0.8,-1.9,PENDING,PENDING,0.0,4.356069275205158,5.100183046102986,8.587480643912414e-05,0.03304416103200582,0.05090010654944203,0.06389328001103858
KOPiv,X-Phos,BuOAc,0.153,105,1.6,0.1,-0.8,-1.9,PENDING,PENDING,0.0,3.8786283924052976,4.7499433240596405,1.4816916228766808e-05,0.04102269574593059,0.047318369672061426,0.07053422423770175
KOPiv,X-Phos,BuOAc,0.153,90,1.6,0.1,-0.8,-1.9,PENDING,PENDING,0.0,3.4320438559699276,4.8258860273597675,1.3308778268219417e-05,0.050988727697251296,0.048973801896695125,0.08008147699340991
KOPiv,X-Phos,BuOAc,0.1,120,1.6,0.1,-0.8,-1.9,PENDING,PENDING,0.0,4.815996030392446,5.028598134897835,9.917144843149843e-05,0.040857405061197005,0.05268124195896789,0.07120923044736814
KOPiv,X-Phos,BuOAc,0.1,105,1.6,0.1,-0.8,-1.9,PENDING,PENDING,0.0,4.322215189585183,4.639718183343991,1.4223417535389837e-05,0.048911132103030136,0.04862363282283482,0.07807939102382196
KOPiv,X-Phos,BuOAc,0.1,90,1.6,0.1,-0.8,-1.9,PENDING,PENDING,0.0,3.8514353445542566,4.681633942820301,1.071488070740275e-05,0.05884447416609956,0.0495370510194114,0.08762795224884144
KOPiv,X-Phos,BuOAc,0.057,120,1.6,0.1,-0.8,-1.9,PENDING,PENDING,0.0,5.1908959779327155,5.29550296796132,0.00030395710485747653,0.0485515029176411,0.057147887517376345,0.07893121212076461
KOPiv,X-Phos,BuOAc,0.057,105,1.6,0.1,-0.8,-1.9,PENDING,PENDING,0.0,4.6905665993033,4.909231681744053,5.871183378385091e-05,0.05659646442232037,0.05297232589131369,0.08582503364509361
KOPiv,X-Phos,BuOAc,0.057,90,1.6,0.1,-0.8,-1.9,PENDING,PENDING,0.0,4.206479998638363,4.923815362058188,4.031392906536353e-05,0.0663949497073423,0.053317994548422086,0.09520308060698468
KOPiv,X-Phos,BuCN,0.153,120,-1.6,-2.1,-1.8,-0.9,PENDING,PENDING,0.0,3.837746950554077,5.384714388978307,0.0001407898150916232,0.017617557660612876,0.054397025654365716,0.051713598626728724
KOPiv,X-Phos,BuCN,0.153,105,-1.6,-2.1,-1.8,-0.9,PENDING,PENDING,0.0,3.3373904847550913,5.024927527551579,2.7196079422845093e-05,0.025092150597607527,0.050002847106155594,0.05678034911973765
KOPiv,X-Phos,BuCN,0.153,90,-1.6,-2.1,-1.8,-0.9,PENDING,PENDING,0.0,2.8765673344969556,5.059683686162337,2.058388418270591e-05,0.034781354361717476,0.050490592238825724,0.06536003537849151
KOPiv,X-Phos,BuCN,0.1,120,-1.6,-2.1,-1.8,-0.9,PENDING,PENDING,0.0,4.2938205272812535,5.318640525359808,0.00016397088250597134,0.02527517469515174,0.056389099092954385,0.058478531617001395
KOPiv,X-Phos,BuCN,0.1,105,-1.6,-2.1,-1.8,-0.9,PENDING,PENDING,0.0,3.776804356378303,4.9253196662455245,2.751500318231388e-05,0.032821514549299644,0.051669702522924014,0.06384839825211876
KOPiv,X-Phos,BuCN,0.1,90,-1.6,-2.1,-1.8,-0.9,PENDING,PENDING,0.0,3.291556874674806,4.9290686532427905,1.7881929725220992e-05,0.042479374788466404,0.051525943579676055,0.07249559592851681
KOPiv,X-Phos,BuCN,0.057,120,-1.6,-2.1,-1.8,-0.9,PENDING,PENDING,0.0,4.673444007530131,5.564620503873008,0.00043202068602441433,0.03301255671928287,0.06074151794594129,0.06602027604234055
KOPiv,X-Phos,BuCN,0.057,105,-1.6,-2.1,-1.8,-0.9,PENDING,PENDING,0.0,4.150369519386885,5.174844794106711,9.290537370645674e-05,0.04055970191262978,0.05602853427618201,0.07154283633066091
KOPiv,X-Phos,BuCN,0.057,90,-1.6,-2.1,-1.8,-0.9,PENDING,PENDING,0.0,3.652113688483255,5.157081727091471,5.7851843378572314e-05,0.05009060547948334,0.05548292719825845,0.08008074739509934
KOPiv,PPhtBu2,p-Xylene,0.153,120,5.7,-2.2,0.0,1.3,PENDING,PENDING,0.0,4.879308447551516,6.1414380233855,0.0018113260880231567,0.04706196240015717,0.07199282157564689,0.08057850610645784
KOPiv,PPhtBu2,p-Xylene,0.153,105,5.7,-2.2,0.0,1.3,PENDING,PENDING,0.0,4.422807491431353,5.830371848399647,0.0007010850905054163,0.05461413706163212,0.06968944442552924,0.08663130204280381
KOPiv,PPhtBu2,p-Xylene,0.153,90,5.7,-2.2,0.0,1.3,PENDING,PENDING,0.0,3.9853341797143473,5.853238297957593,0.0005551874457616918,0.06387237019950197,0.07092903061332255,0.09512336987021831
KOPiv,PPhtBu2,p-Xylene,0.1,120,5.7,-2.2,0.0,1.3,PENDING,PENDING,0.0,5.348938068457008,5.991332557515559,0.001775989033598619,0.05429388952853606,0.07142039494386615,0.08669879033741955
KOPiv,PPhtBu2,p-Xylene,0.1,105,5.7,-2.2,0.0,1.3,PENDING,PENDING,0.0,4.878537731797519,5.64202440307983,0.0006051450106495928,0.06191148025520392,0.068658379235852,0.09296354536733117
KOPiv,PPhtBu2,p-Xylene,0.1,90,5.7,-2.2,0.0,1.3,PENDING,PENDING,0.0,4.418573398296034,5.637400655700413,0.0004360435023755089,0.0711461392091669,0.06947259842159856,0.1015340576778953
KOPiv,PPhtBu2,p-Xylene,0.057,120,5.7,-2.2,0.0,1.3,PENDING,PENDING,0.0,5.723951165888954,6.132853901033071,0.00289986210189061,0.061331289554872784,0.07325803436129799,0.09326962467273617
KOPiv,PPhtBu2,p-Xylene,0.057,105,5.7,-2.2,0.0,1.3,PENDING,PENDING,0.0,5.248437366441021,5.774790289206974,0.0010545854225035498,0.06893978552407944,0.07021261051162017,0.09961497016165073
KOPiv,PPhtBu2,p-Xylene,0.057,90,5.7,-2.2,0.0,1.3,PENDING,PENDING,0.0,4.776419425237958,5.750419147878644,0.0007332076704523426,0.07806208263524274,0.0706659900479632,0.10811763787294586
KOPiv,PPhtBu2,DMAc,0.153,120,-4.3,3.0,-3.4,0.5,PENDING,PENDING,0.0,6.60545353530713,6.665802487446964,0.010663762031010077,0.0574577231567118,0.08084167888427926,0.09148172620655029
KOPiv,PPhtBu2,DMAc,0.153,105,-4.3,3.0,-3.4,0.5,PENDING,PENDING,0.0,6.128284717774184,6.502920719976504,0.006675723446134672,0.06493815699214642,0.0795723583285252,0.0976930957184796
KOPiv,PPhtBu2,DMAc,0.153,90,-4.3,3.0,-3.4,0.5,PENDING,PENDING,0.0,5.641246177912324,6.6238293790587335,0.006282350536561926,0.07395646062692854,0.08110084345700505,0.10598738309651515
KOPiv,PPhtBu2,DMAc,0.1,120,-4.3,3.0,-3.4,0.5,PENDING,PENDING,0.0,7.072601109767556,6.430918612955855,0.009616440755165462,0.06466026525320447,0.07959413476069867,0.09745346077121102
KOPiv,PPhtBu2,DMAc,0.1,105,-4.3,3.0,-3.4,0.5,PENDING,PENDING,0.0,6.57954618271725,6.245395960244819,0.005629025505768881,0.0722047644441769,0.07805459892935498,0.10387194319515727
KOPiv,PPhtBu2,DMAc,0.1,90,-4.3,3.0,-3.4,0.5,PENDING,PENDING,0.0,6.068584860820913,6.359845449350153,0.0051728176971561415,0.08119885790096208,0.07936934451579497,0.1122565905896044
KOPiv,PPhtBu2,DMAc,0.057,120,-4.3,3.0,-3.4,0.5,PENDING,PENDING,0.0,7.420123505240351,6.480916813344537,0.012218044604110037,0.07155420042870123,0.08061751173242938,0.10375200228463184
KOPiv,PPhtBu2,DMAc,0.057,105,-4.3,3.0,-3.4,0.5,PENDING,PENDING,0.0,6.921032095389817,6.285808521252253,0.007175642813625441,0.07908870870107192,0.0788774724949276,0.11025052455313838
KOPiv,PPhtBu2,DMAc,0.057,90,-4.3,3.0,-3.4,0.5,PENDING,PENDING,0.0,6.398323648765511,6.389382154727006,0.006433623759702495,0.08797456105007327,0.07998363745736589,0.11858805696763094
KOPiv,PPhtBu2,BuOAc,0.153,120,1.6,0.1,-0.8,-1.9,PENDING,PENDING,0.0,4.939748525946105,5.877895483879383,0.0010881840600978632,0.05694886584039477,0.07212700505402929,0.08917278665842066
KOPiv,PPhtBu2,BuOAc,0.153,105,1.6,0.1,-0.8,-1.9,PENDING,PENDING,0.0,4.47297991196667,5.567232517898393,0.00037758551201661633,0.06498495886114201,0.06945628947737324,0.09588444328724353
KOPiv,PPhtBu2,BuOAc,0.153,90,1.6,0.1,-0.8,-1.9,PENDING,PENDING,0.0,4.024939887728119,5.599479129428325,0.00029916794636969304,0.07460030136173892,0.07001055471307951,0.10480778188892677
KOPiv,PPhtBu2,BuOAc,0.1,120,1.6,0.1,-0.8,-1.9,PENDING,PENDING,0.0,5.38775667544783,5.723732727101875,0.001028932245211861,0.06446074699181335,0.0717883903505677,0.09580283383608824
KOPiv,PPhtBu2,BuOAc,0.1,105,1.6,0.1,-0.8,-1.9,PENDING,PENDING,0.0,4.90487476342285,5.373986182598609,0.000305966033163233,0.07256690497719186,0.06866230287938115,0.10273577144103939
KOPiv,PPhtBu2,BuOAc,0.1,90,1.6,0.1,-0.8,-1.9,PENDING,PENDING,0.0,4.433359373916885,5.378832390484989,0.00021800228981636981,0.0821548132685954,0.06876008814313775,0.11173397699794674
KOPiv,PPhtBu2,BuOAc,0.057,120,1.6,0.1,-0.8,-1.9,PENDING,PENDING,0.0,5.743993119734339,5.875707370556325,0.0017847647345571732,0.07162586843613476,0.0737034361396279,0.10261803509286584
KOPiv,PPhtBu2,BuOAc,0.057,105,1.6,0.1,-0.8,-1.9,PENDING,PENDING,0.0,5.254421645697247,5.518354525773174,0.000576521906394855,0.07971647801582665,0.0703143091671979,0.10962047630681658
KOPiv,PPhtBu2,BuOAc,0.057,90,1.6,0.1,-0.8,-1.9,PENDING,PENDING,0.0,4.770268398809477,5.503611239159128,0.00039441108593324305,0.08918176889547841,0.070076887321154,0.11854130447334608
KOPiv,PPhtBu2,BuCN,0.153,120,-1.6,-2.1,-1.8,-0.9,PENDING,PENDING,0.0,4.414474290664455,6.057689854380845,0.0011563718193907356,0.04148489934047875,0.07338282564953275,0.07623278219253193
KOPiv,PPhtBu2,BuCN,0.153,105,-1.6,-2.1,-1.8,-0.9,PENDING,PENDING,0.0,3.925023340100993,5.730423487125489,0.0003932550494642256,0.04903233472699202,0.070008665946653,0.08182280470431713
KOPiv,PPhtBu2,BuCN,0.153,90,-1.6,-2.1,-1.8,-0.9,PENDING,PENDING,0.0,3.4633924871088486,5.7315740163878015,0.00028630885285099543,0.05838842935732445,0.06982511290608757,0.09000532319623833
KOPiv,PPhtBu2,BuCN,0.1,120,-1.6,-2.1,-1.8,-0.9,PENDING,PENDING,0.0,4.85900975830445,5.913580624011959,0.0011179954574749816,0.04885254941851491,0.0733430069755761,0.08241608668068556
KOPiv,PPhtBu2,BuCN,0.1,105,-1.6,-2.1,-1.8,-0.9,PENDING,PENDING,0.0,4.353150941974622,5.5509613579551464,0.0003320353799037756,0.056466797969662225,0.06958461688397331,0.08825020971083786
KOPiv,PPhtBu2,BuCN,0.1,90,-1.6,-2.1,-1.8,-0.9,PENDING,PENDING,0.0,3.867805068845146,5.526182019139436,0.00021806151284098525,0.06579620959642485,0.06897604181294577,0.09654665248444333
KOPiv,PPhtBu2,BuCN,0.057,120,-1.6,-2.1,-1.8,-0.9,PENDING,PENDING,0.0,5.220519281156069,6.059412517818092,0.001884088383571049,0.05607100031961536,0.07540904514080658,0.08908481346739025
KOPiv,PPhtBu2,BuCN,0.057,105,-1.6,-2.1,-1.8,-0.9,PENDING,PENDING,0.0,4.708465952182294,5.691650700742206,0.0006087895330439928,0.06367860655274007,0.07147262535161814,0.09504325246364786
KOPiv,PPhtBu2,BuCN,0.057,90,-1.6,-2.1,-1.8,-0.9,PENDING,PENDING,0.0,4.21072784117789,5.650605574937414,0.0003903732311222492,0.07289193830589154,0.07059309124152927,0.1033073043502851
KOPiv,PPhMe2,p-Xylene,0.153,120,5.7,-2.2,0.0,1.3,PENDING,PENDING,0.0,1.8127919139417181,5.388734216438774,2.8050732348995308e-05,0.03457579924289304,0.046119623915245406,0.06442335374842581
KOPiv,PPhMe2,p-Xylene,0.153,105,5.7,-2.2,0.0,1.3,PENDING,PENDING,0.0,1.3032024175297643,4.942689851164691,2.7995132517975467e-06,0.041932034507590504,0.04092020230323492,0.07065264002981785
KOPiv,PPhMe2,p-Xylene,0.153,90,5.7,-2.2,0.0,1.3,PENDING,PENDING,0.0,0.866873783525719,4.912343412635679,1.5533093725014839e-06,0.05124803411096501,0.04220375576368665,0.07973056681414112
KOPiv,PPhMe2,p-Xylene,0.1,120,5.7,-2.2,0.0,1.3,PENDING,PENDING,0.0,2.193060210010812,5.193149207416073,1.88000199804379e-05,0.042156040575598214,0.04501075510745689,0.07129722036294768
KOPiv,PPhMe2,p-Xylene,0.1,105,5.7,-2.2,0.0,1.3,PENDING,PENDING,0.0,1.6666416049367472,4.699597518414523,1.2094327099591096e-06,0.04958571748623984,0.03896443545483774,0.07791269230314786
KOPiv,PPhMe2,p-Xylene,0.1,90,5.7,-2.2,0.0,1.3,PENDING,PENDING,0.0,1.2083803652509006,4.641256362374772,5.29626329215149e-07,0.05887266735893827,0.03960280842029193,0.08705790127325175
KOPiv,PPhMe2,p-Xylene,0.057,120,5.7,-2.2,0.0,1.3,PENDING,PENDING,0.0,2.5432124513334395,5.351403168914843,4.505386960667213e-05,0.04964619924646135,0.047937109515209714,0.07869809742392389
KOPiv,PPhMe2,p-Xylene,0.057,105,5.7,-2.2,0.0,1.3,PENDING,PENDING,0.0,2.0110680436662545,4.8608854412326075,3.864624665469378e-06,0.05708196337279746,0.04178432279848983,0.08539197985283263
KOPiv,PPhMe2,p-Xylene,0.057,90,5.7,-2.2,0.0,1.3,PENDING,PENDING,0.0,1.5411576097172563,4.788134570349394,1.6742108629565897e-06,0.0662532767267307,0.04187299643096675,0.0944182327752275
KOPiv,PPhMe2,DMAc,0.153,120,-4.3,3.0,-3.4,0.5,PENDING,PENDING,0.0,3.572050345607086,5.958852928630821,0.0005447798328975604,0.04542383862720045,0.059085365613009026,0.07644806343902895
KOPiv,PPhMe2,DMAc,0.153,105,-4.3,3.0,-3.4,0.5,PENDING,PENDING,0.0,3.0446105721632257,5.69262614510853,0.0001912330646468693,0.05272066939194103,0.056150209777095894,0.08260387760562864
KOPiv,PPhMe2,DMAc,0.153,90,-4.3,3.0,-3.4,0.5,PENDING,PENDING,0.0,2.56023750081193,5.776536308205236,0.00017079469241068103,0.06178954071309749,0.057617144065012234,0.09125442565828482
KOPiv,PPhMe2,DMAc,0.1,120,-4.3,3.0,-3.4,0.5,PENDING,PENDING,0.0,3.9532624663195177,5.68487243122,0.00035658150970540193,0.05296618050250147,0.05731649419929301,0.08299907467169608
KOPiv,PPhMe2,DMAc,0.1,105,-4.3,3.0,-3.4,0.5,PENDING,PENDING,0.0,3.4073956115118933,5.39121296425022,0.00010278135904735752,0.060334359756732875,0.053996758714461045,0.08947543914989006
KOPiv,PPhMe2,DMAc,0.1,90,-4.3,3.0,-3.4,0.5,PENDING,PENDING,0.0,2.8997165619090324,5.471780958919597,8.9079494333373e-05,0.06937372244828083,0.05523191611360241,0.09822711396914692
KOPiv,PPhMe2,DMAc,0.057,120,-4.3,3.0,-3.4,0.5,PENDING,PENDING,0.0,4.277579624347494,5.747228695758574,0.0005215218141695552,0.0602937270890624,0.05888338646157266,0.09001028162614749
KOPiv,PPhMe2,DMAc,0.057,105,-4.3,3.0,-3.4,0.5,PENDING,PENDING,0.0,3.7251876492812674,5.450573785835854,0.00015744192701042927,0.06766546599670552,0.05541757280307399,0.09660431126306489
KOPiv,PPhMe2,DMAc,0.057,90,-4.3,3.0,-3.4,0.5,PENDING,PENDING,0.0,3.206129718491486,5.524132648977011,0.0001323296569779608,0.07659359889190379,0.056410890187715355,0.10528383885470807
KOPiv,PPhMe2,BuOAc,0.153,120,1.6,0.1,-0.8,-1.9,PENDING,PENDING,0.0,1.7468741930884661,4.8814516321155415,3.266597776538073e-06,0.04467425726136734,0.043275033802834435,0.07349488069206071
KOPiv,PPhMe2,BuOAc,0.153,105,1.6,0.1,-0.8,-1.9,PENDING,PENDING,0.0,1.222631367403709,4.393631045380145,1.1780825855542031e-07,0.05251777682030799,0.03677051253415002,0.08069093304898006
KOPiv,PPhMe2,BuOAc,0.153,90,1.6,0.1,-0.8,-1.9,PENDING,PENDING,0.0,0.7765771220362376,4.372739741976241,5.8166005608391113e-08,0.06218962898805519,0.036786608228045324,0.09026322812746902
KOPiv,PPhMe2,BuOAc,0.1,120,1.6,0.1,-0.8,-1.9,PENDING,PENDING,0.0,2.0981876175800216,4.654231631420741,1.5185562935925723e-06,0.052580042642037056,0.04245697975042142,0.08104023455553376
KOPiv,PPhMe2,BuOAc,0.1,105,1.6,0.1,-0.8,-1.9,PENDING,PENDING,0.0,1.5543894387357007,4.109062741148909,2.3634940001172486e-08,0.060505054502209776,0.035049197698266754,0.08855805171328579
KOPiv,PPhMe2,BuOAc,0.1,90,1.6,0.1,-0.8,-1.9,PENDING,PENDING,0.0,1.0856654291512182,4.060088928329091,8.153836617646071e-09,0.07014197799052664,0.03425428714187135,0.09815088768004873
KOPiv,PPhMe2,BuOAc,0.057,120,1.6,0.1,-0.8,-1.9,PENDING,PENDING,0.0,2.428163208464916,4.83125891964443,5.108625433055693e-06,0.06022836036301582,0.04572343863340188,0.08868451057349917
KOPiv,PPhMe2,BuOAc,0.057,105,1.6,0.1,-0.8,-1.9,PENDING,PENDING,0.0,1.8770039456273055,4.2959713145011875,1.400536039844167e-07,0.06815613394915915,0.03841090056631939,0.09622036314942851
KOPiv,PPhMe2,BuOAc,0.057,90,1.6,0.1,-0.8,-1.9,PENDING,PENDING,0.0,1.3961570911231913,4.233597650371332,4.8579466760565386e-08,0.07766673764917988,0.037170624069458806,0.1056792239380125
KOPiv,PPhMe2,BuCN,0.153,120,-1.6,-2.1,-1.8,-0.9,PENDING,PENDING,0.0,1.2214518533105476,4.884680402888249,1.947833384239358e-06,0.02826665781439923,0.042125813331860905,0.058032647974841034
KOPiv,PPhMe2,BuCN,0.153,105,-1.6,-2.1,-1.8,-0.9,PENDING,PENDING,0.0,0.6735917983428035,4.334405821124311,3.8816309814685954e-08,0.03555427283365645,0.03327557482877077,0.06390103264889184
KOPiv,PPhMe2,BuCN,0.1,120,-1.6,-2.1,-1.8,-0.9,PENDING,PENDING,0.0,1.5696213120115523,4.678682685829064,9.732029041236912e-07,0.03601106522242667,0.04205690397076644,0.06517182034699665
KOPiv,PPhMe2,BuCN,0.1,105,-1.6,-2.1,-1.8,-0.9,PENDING,PENDING,0.0,1.0017969437589889,4.0739273883838285,8.103406316532236e-09,0.04337839456687226,0.03252818994354476,0.07152807230917542
KOPiv,PPhMe2,BuCN,0.1,90,-1.6,-2.1,-1.8,-0.9,PENDING,PENDING,0.0,0.5178522291905976,3.9629069234189567,1.4631022146271877e-09,0.052732173556183745,0.0295846560050554,0.08074871129691405
KOPiv,PPhMe2,BuCN,0.057,120,-1.6,-2.1,-1.8,-0.9,PENDING,PENDING,0.0,1.9049219404391566,4.8701784653342655,3.6296269514576976e-06,0.043725887199352456,0.04591237646931483,0.07288038631303134
KOPiv,PPhMe2,BuCN,0.057,105,-1.6,-2.1,-1.8,-0.9,PENDING,PENDING,0.0,1.3301957723321447,4.284916528552369,6.428524586496645e-08,0.05111053248556406,0.0369821167353095,0.07931325456832108
KOPiv,PPhMe2,BuCN,0.057,90,-1.6,-2.1,-1.8,-0.9,PENDING,PENDING,0.0,0.8342882918180834,4.166995741665498,1.3616202335516235e-08,0.060348292208031215,0.033968968535588444,0.08838591078780718
KOPiv,PPh3,p-Xylene,0.153,120,5.7,-2.2,0.0,1.3,PENDING,PENDING,0.0,3.8231042527088417,5.623488810975131,0.00027636371266019037,0.02679379054494413,0.05495847467197904,0.05938875800889973
KOPiv,PPh3,p-Xylene,0.153,105,5.7,-2.2,0.0,1.3,PENDING,PENDING,0.0,3.332233173098277,5.217372003666827,5.453127731407689e-05,0.0340115122745588,0.050313043998624914,0.06464033770553301
KOPiv,PPh3,p-Xylene,0.153,90,5.7,-2.2,0.0,1.3,PENDING,PENDING,0.0,2.8808540222747676,5.194372292422667,3.4317966166262626e-05,0.04329877999809369,0.0508125459111651,0.07313793760819891
KOPiv,PPh3,p-Xylene,0.1,120,5.7,-2.2,0.0,1.3,PENDING,PENDING,0.0,4.265037055116009,5.365435581970353,0.00018447125083758406,0.033759368898505684,0.05178188049259516,0.06469770035328339
KOPiv,PPh3,p-Xylene,0.1,105,5.7,-2.2,0.0,1.3,PENDING,PENDING,0.0,3.757708337033678,4.893826216695842,2.3888913517673574e-05,0.04101718419508367,0.045908239430243775,0.07034106741435163
KOPiv,PPh3,p-Xylene,0.1,90,5.7,-2.2,0.0,1.3,PENDING,PENDING,0.0,3.2825703696153217,4.830855116991661,1.1775593417284009e-05,0.05026913016644931,0.04561644828208644,0.07906023596710221
KOPiv,PPh3,p-Xylene,0.057,120,5.7,-2.2,0.0,1.3,PENDING,PENDING,0.0,4.634983235213966,5.461211731544255,0.0003191962744269715,0.040848382901433,0.052590144220697535,0.07118561770596041
KOPiv,PPh3,p-Xylene,0.057,105,5.7,-2.2,0.0,1.3,PENDING,PENDING,0.0,4.121800862809533,4.973346312568107,4.4951565424568816e-05,0.048090000018741016,0.04611471543252438,0.07703020014425886
KOPiv,PPh3,p-Xylene,0.057,90,5.7,-2.2,0.0,1.3,PENDING,PENDING,0.0,3.6341332128798367,4.885586539651238,2.0616295113828876e-05,0.057221837548039806,0.04519511550418457,0.08572871034598632
KOPiv,PPh3,DMAc,0.153,120,-4.3,3.0,-3.4,0.5,PENDING,PENDING,0.0,5.584985467728508,6.151536449711367,0.002773437624115794,0.03769997585549216,0.06401082500057555,0.07076022453226932
KOPiv,PPh3,DMAc,0.153,105,-4.3,3.0,-3.4,0.5,PENDING,PENDING,0.0,5.074558300264152,5.918617150644485,0.001292643086752393,0.044863188379656624,0.06104898936521877,0.07632332786990431
KOPiv,PPh3,DMAc,0.153,90,-4.3,3.0,-3.4,0.5,PENDING,PENDING,0.0,4.573308619411047,6.011374678860266,0.0011553297507679618,0.05390696734125709,0.06205872441779958,0.08460441775654928
KOPiv,PPh3,DMAc,0.1,120,-4.3,3.0,-3.4,0.5,PENDING,PENDING,0.0,6.025807640481455,5.808867525654139,0.0018502780873471784,0.044649718267620986,0.06021552649166148,0.07597254095365943
KOPiv,PPh3,DMAc,0.1,105,-4.3,3.0,-3.4,0.5,PENDING,PENDING,0.0,5.497122450396452,5.534941641921221,0.0007104609776670597,0.05185434755169485,0.056514630816928146,0.08185699819757601
KOPiv,PPh3,DMAc,0.1,90,-4.3,3.0,-3.4,0.5,PENDING,PENDING,0.0,4.970753666680917,5.617012088605448,0.0006059939511625697,0.060863321647081095,0.05715290668558638,0.0903284388779896
KOPiv,PPh3,DMAc,0.057,120,-4.3,3.0,-3.4,0.5,PENDING,PENDING,0.0,6.368145870234346,5.806861558170398,0.0022719757617680227,0.05159155252539095,0.06003600635983438,0.08216778883866725
KOPiv,PPh3,DMAc,0.057,105,-4.3,3.0,-3.4,0.5,PENDING,PENDING,0.0,5.832726512566086,5.515938517771762,0.000853405564062857,0.05877969812603939,0.05589019064415804,0.08821943194745464
KOPiv,PPh3,DMAc,0.057,90,-4.3,3.0,-3.4,0.5,PENDING,PENDING,0.0,5.294188067669652,5.584859620951994,0.0006984225944115206,0.06767349524525089,0.05619599962236513,0.09668346440011383
KOPiv,PPh3,BuOAc,0.153,120,1.6,0.1,-0.8,-1.9,PENDING,PENDING,0.0,3.8204840816686163,5.129183849084331,6.051253039553932e-05,0.03599706743986711,0.04797510351120819,0.06601728591722522
KOPiv,PPh3,BuOAc,0.153,105,1.6,0.1,-0.8,-1.9,PENDING,PENDING,0.0,3.314233064665329,4.679125180578789,6.164409187861021e-06,0.04365447605266115,0.04137617401617886,0.07234295454647759
KOPiv,PPh3,BuOAc,0.153,90,1.6,0.1,-0.8,-1.9,PENDING,PENDING,0.0,2.8502573188915017,4.6538423489230025,3.3784690897321396e-06,0.053288672698429754,0.040502638648755994,0.08161441480002429
KOPiv,PPh3,BuOAc,0.1,120,1.6,0.1,-0.8,-1.9,PENDING,PENDING,0.0,4.23510917467477,4.824354745461131,2.820182711240802e-05,0.04319951720572113,0.044044173144706635,0.07217252212845446
KOPiv,PPh3,BuOAc,0.1,105,1.6,0.1,-0.8,-1.9,PENDING,PENDING,0.0,3.708792213404233,4.289695819555466,1.2661041076906192e-06,0.050887524939294784,0.035458676301581754,0.07903710556899793
KOPiv,PPh3,BuOAc,0.1,90,1.6,0.1,-0.8,-1.9,PENDING,PENDING,0.0,3.219423153559084,4.217354859527584,4.5356458382587e-07,0.060474749115429965,0.033207467865753085,0.08850230748064156
KOPiv,PPh3,BuOAc,0.057,120,1.6,0.1,-0.8,-1.9,PENDING,PENDING,0.0,4.584359505135848,4.924617658271379,5.653822521208083e-05,0.05040686860818229,0.04484648564289255,0.07912365017819271
KOPiv,PPh3,BuOAc,0.057,105,1.6,0.1,-0.8,-1.9,PENDING,PENDING,0.0,4.050078204355421,4.372642442261783,2.9582517336728417e-06,0.05806662476613218,0.03550722029835316,0.0861445445914018
KOPiv,PPh3,BuCN,0.153,120,-1.6,-2.1,-1.8,-0.9,PENDING,PENDING,0.0,3.316208146716761,5.429110989593978,0.0001077584616825918,0.020518795374594778,0.05318402323836339,0.05373111357519732
KOPiv,PPh3,BuCN,0.153,105,-1.6,-2.1,-1.8,-0.9,PENDING,PENDING,0.0,2.7890128189318073,4.983645329862928,1.4016435367349644e-05,0.02768872698350676,0.04635841645243796,0.0582721612596204
KOPiv,PPh3,BuCN,0.153,90,-1.6,-2.1,-1.8,-0.9,PENDING,PENDING,0.0,2.312029925437314,4.928167342750168,7.051632313316152e-06,0.03706095059752118,0.0444753802651622,0.06646763794131562
KOPiv,PPh3,BuCN,0.1,120,-1.6,-2.1,-1.8,-0.9,PENDING,PENDING,0.0,3.729535833763844,5.157989241404014,6.19323212005282e-05,0.02759342305207485,0.05032900977599471,0.05900527369973757
KOPiv,PPh3,BuCN,0.1,105,-1.6,-2.1,-1.8,-0.9,PENDING,PENDING,0.0,3.1826204222861763,4.642424250072871,4.522587278984417e-06,0.034797535416651246,0.04209766081665989,0.06404357158163723
KOPiv,PPh3,BuCN,0.1,90,-1.6,-2.1,-1.8,-0.9,PENDING,PENDING,0.0,2.680329901063298,4.544479716419206,1.6049443813006455e-06,0.04412750492295989,0.039056616256586185,0.07261110287911991
KOPiv,PPh3,BuCN,0.057,120,-1.6,-2.1,-1.8,-0.9,PENDING,PENDING,0.0,4.08481344667226,5.254240427000532,0.00011392953009999474,0.03486386709796417,0.051399255439167985,0.06560309073463258
KOPiv,PPh3,BuCN,0.057,105,-1.6,-2.1,-1.8,-0.9,PENDING,PENDING,0.0,3.530696270592776,4.725416527177374,9.465940442001595e-06,0.042052464889060934,0.04270000369182158,0.07094235227140558
KOPiv,PPh3,BuCN,0.057,90,-1.6,-2.1,-1.8,-0.9,PENDING,PENDING,0.0,3.0154267246378117,4.605601394167336,3.1655897441530088e-06,0.051257292127721676,0.039076191804217945,0.07955299420642985
KOPiv,PPh2Me,p-Xylene,0.153,120,5.7,-2.2,0.0,1.3,PENDING,PENDING,0.0,2.3434250967215444,5.487080636088343,6.0461475102693016e-05,0.025128537857596195,0.046622982136853196,0.056075041485272835
KOPiv,PPh2Me,p-Xylene,0.153,105,5.7,-2.2,0.0,1.3,PENDING,PENDING,0.0,1.8513857411559234,5.185635718414,1.3481749327247416e-05,0.03254703371554138,0.04388930969339355,0.06221926140638337
KOPiv,PPh2Me,p-Xylene,0.153,90,5.7,-2.2,0.0,1.3,PENDING,PENDING,0.0,1.4226083947184733,5.273012844234536,1.3005892712685853e-05,0.042038468458738154,0.04710350815049665,0.07144944941376938
KOPiv,PPh2Me,p-Xylene,0.1,120,5.7,-2.2,0.0,1.3,PENDING,PENDING,0.0,2.7998975296127706,5.409766994493583,6.747325448848668e-05,0.03245518897174138,0.047204612184804824,0.06268317969841662
KOPiv,PPh2Me,p-Xylene,0.1,105,5.7,-2.2,0.0,1.3,PENDING,PENDING,0.0,2.29292081373585,5.066305287288228,1.2439486021960844e-05,0.03993548264279255,0.0436851545744734,0.06905195158373112
KOPiv,PPh2Me,p-Xylene,0.1,90,5.7,-2.2,0.0,1.3,PENDING,PENDING,0.0,1.8411508263732816,5.1177140952250575,1.0149268590672585e-05,0.0493975886167059,0.04608264103031311,0.07827180773323854
KOPiv,PPh2Me,p-Xylene,0.057,120,5.7,-2.2,0.0,1.3,PENDING,PENDING,0.0,3.20302116870217,5.651721255094752,0.0001911903007264762,0.03983848217872567,0.051352174697472025,0.07006285781942531
KOPiv,PPh2Me,p-Xylene,0.057,105,5.7,-2.2,0.0,1.3,PENDING,PENDING,0.0,2.691333113087986,5.300941245063775,4.2747748035132306e-05,0.04731202680587375,0.04749381668655694,0.07644222551158254
KOPiv,PPh2Me,p-Xylene,0.057,90,5.7,-2.2,0.0,1.3,PENDING,PENDING,0.0,2.2269566960028926,5.32196446138014,3.123432644129315e-05,0.05665259961829461,0.049072212913093494,0.0854851220953707
KOPiv,PPh2Me,DMAc,0.153,120,-4.3,3.0,-3.4,0.5,PENDING,PENDING,0.0,4.103848244877035,6.132996803927101,0.0011220709985596301,0.036044367533231175,0.06181608379673147,0.06884045257532934
KOPiv,PPh2Me,DMAc,0.153,105,-4.3,3.0,-3.4,0.5,PENDING,PENDING,0.0,3.592964971175748,5.993315885299084,0.0005987837273220805,0.043397771714860325,0.06077001386665498,0.07497591710937024
KOPiv,PPh2Me,DMAc,0.153,90,-4.3,3.0,-3.4,0.5,PENDING,PENDING,0.0,3.1152143828580328,6.170851856595316,0.0006641335315258155,0.05263631582264429,0.06357742243522152,0.08372060082212276
KOPiv,PPh2Me,DMAc,0.1,120,-4.3,3.0,-3.4,0.5,PENDING,PENDING,0.0,4.558264319783752,5.961594418571047,0.0010281716469813882,0.04334132002116209,0.06124564548579086,0.07502204277791925
KOPiv,PPh2Me,DMAc,0.1,105,-4.3,3.0,-3.4,0.5,PENDING,PENDING,0.0,4.030631598788521,5.796399567195339,0.0004984166343001226,0.05075548777411766,0.05978363584310773,0.08136758516668562
KOPiv,PPh2Me,DMAc,0.1,90,-4.3,3.0,-3.4,0.5,PENDING,PENDING,0.0,3.5285665530654384,5.961573551104606,0.0005330119413486951,0.059964337876251994,0.062220659960074774,0.09016656639657811
KOPiv,PPh2Me,DMAc,0.057,120,-4.3,3.0,-3.4,0.5,PENDING,PENDING,0.0,4.933163797086702,6.094269144684212,0.0017031867341581568,0.0505673237981515,0.06361384712172237,0.08187629367681959
KOPiv,PPh2Me,DMAc,0.057,105,-4.3,3.0,-3.4,0.5,PENDING,PENDING,0.0,4.39990498050306,5.917472768243978,0.0008436957130817206,0.057973536266682,0.06185035227480731,0.08828072075127576
KOPiv,PPh2Me,DMAc,0.057,90,-4.3,3.0,-3.4,0.5,PENDING,PENDING,0.0,3.8855793475463147,6.062882784576327,0.000843778631418407,0.06706576596075915,0.06387211846232928,0.0969766065363798
KOPiv,PPh2Me,BuOAc,0.153,120,1.6,0.1,-0.8,-1.9,PENDING,PENDING,0.0,2.3057642522788373,5.088712677007588,1.3784096158251475e-05,0.034661210036411316,0.04734040442514382,0.0646995626568218
KOPiv,PPh2Me,BuOAc,0.153,105,1.6,0.1,-0.8,-1.9,PENDING,PENDING,0.0,1.8016441595526298,4.792777794974796,2.248521228494613e-06,0.04257491618848738,0.044281910944191975,0.07160798184021568
KOPiv,PPh2Me,BuOAc,0.153,90,1.6,0.1,-0.8,-1.9,PENDING,PENDING,0.0,1.3641765236642582,4.912848240871612,2.581655029033924e-06,0.052447994988912505,0.046563987137263445,0.08123222190488176
KOPiv,PPh2Me,BuOAc,0.1,120,1.6,0.1,-0.8,-1.9,PENDING,PENDING,0.0,2.7411910275545988,5.022946031105157,1.5735662004585655e-05,0.04228277780991621,0.048480886078936046,0.0718635110983125
KOPiv,PPh2Me,BuOAc,0.1,105,1.6,0.1,-0.8,-1.9,PENDING,PENDING,0.0,2.219788311779052,4.6829843389285095,2.00799861936899e-06,0.05026224066289174,0.044677606814571204,0.07897024228791069
KOPiv,PPh2Me,BuOAc,0.1,90,1.6,0.1,-0.8,-1.9,PENDING,PENDING,0.0,1.7581550626103999,4.764588776397753,1.8660172291096782e-06,0.06010035520212821,0.04606342465192356,0.0885814495057379
KOPiv,PPh2Me,BuOAc,0.057,120,1.6,0.1,-0.8,-1.9,PENDING,PENDING,0.0,3.129227145809516,5.301139984499313,6.137137220293422e-05,0.04981557999203734,0.05278833804291736,0.07944509547186324
KOPiv,PPh2Me,BuOAc,0.057,105,1.6,0.1,-0.8,-1.9,PENDING,PENDING,0.0,2.6015909557596943,4.9554439720474415,1.0457892969775284e-05,0.057780970260652764,0.048684068211440494,0.0865337284204744
KOPiv,PPh2Me,BuOAc,0.057,90,1.6,0.1,-0.8,-1.9,PENDING,PENDING,0.0,2.1265328789142397,5.002244347412846,8.148411432288714e-06,0.06748496230225763,0.049325012000059884,0.09596978391746246
KOPiv,PPh2Me,BuCN,0.153,120,-1.6,-2.1,-1.8,-0.9,PENDING,PENDING,0.0,1.766832906718474,5.210182056693539,1.3777795461609153e-05,0.01867597739918772,0.04698917468306876,0.050630745424166415
KOPiv,PPh2Me,BuCN,0.153,105,-1.6,-2.1,-1.8,-0.9,PENDING,PENDING,0.0,1.2376089507046313,4.872134571495024,1.861390219635062e-06,0.026058512820819807,0.042272166289054766,0.05606056388592858
KOPiv,PPh2Me,BuCN,0.153,90,-1.6,-2.1,-1.8,-0.9,PENDING,PENDING,0.0,0.7847461459128118,4.940920046699913,1.6457062021694782e-06,0.035647684641359215,0.043172025442886196,0.06497778685409877
KOPiv,PPh2Me,BuCN,0.1,120,-1.6,-2.1,-1.8,-0.9,PENDING,PENDING,0.0,2.197419240845971,5.142210264378515,1.547390802165451e-05,0.02614053754384188,0.048485233750613206,0.057349131218199415
KOPiv,PPh2Me,BuCN,0.1,105,-1.6,-2.1,-1.8,-0.9,PENDING,PENDING,0.0,1.6505102803379383,4.762587781250061,1.649297231923167e-06,0.03358533301097315,0.043176968066601165,0.06306779766656445
KOPiv,PPh2Me,BuCN,0.1,90,-1.6,-2.1,-1.8,-0.9,PENDING,PENDING,0.0,1.1732585446507313,4.794403205334586,1.1727304818017308e-06,0.04314083081992415,0.043197286261227374,0.07202754832425357
KOPiv,PPh2Me,BuCN,0.057,120,-1.6,-2.1,-1.8,-0.9,PENDING,PENDING,0.0,2.5901664992699183,5.408260782723851,5.6752583191981443e-05,0.03372917487419266,0.0530382774874177,0.06492157782048802
KOPiv,PPh2Me,BuCN,0.057,105,-1.6,-2.1,-1.8,-0.9,PENDING,PENDING,0.0,2.037641308731954,5.027613436864702,8.3512924669311e-06,0.0411710117809434,0.04769081225918373,0.0707233310272429
KOPiv,PPh2Me,BuCN,0.057,90,-1.6,-2.1,-1.8,-0.9,PENDING,PENDING,0.0,1.547364568293892,5.030842939852972,5.319806407240606e-06,0.050600707316485735,0.04713094817098986,0.07952135101949909
KOPiv,PCy3 HBF4,p-Xylene,0.153,120,5.7,-2.2,0.0,1.3,PENDING,PENDING,0.0,3.201146577701878,4.859393444495944,1.2300971232427545e-05,0.023352214176042635,0.03829719431161437,0.052938674041240974
KOPiv,PCy3 HBF4,p-Xylene,0.153,90,5.7,-2.2,0.0,1.3,PENDING,PENDING,0.0,2.2733890118514686,4.456072730904499,6.171324503712657e-07,0.03997491238165879,0.03399842116612981,0.06825232735211308
KOPiv,PCy3 HBF4,p-Xylene,0.1,120,5.7,-2.2,0.0,1.3,PENDING,PENDING,0.0,3.680027447126461,4.7955857829285256,1.4849793361485495e-05,0.030641835034246112,0.040136378424204304,0.059915360345121384
KOPiv,PCy3 HBF4,p-Xylene,0.1,105,5.7,-2.2,0.0,1.3,PENDING,PENDING,0.0,3.1744172878998973,4.305223484287676,7.348987304051873e-07,0.03795091168630099,0.03306709265819838,0.06622411995942734
KOPiv,PCy3 HBF4,p-Xylene,0.1,90,5.7,-2.2,0.0,1.3,PENDING,PENDING,0.0,2.7146685102792976,4.305592986746324,4.225107028842963e-07,0.04729704022651031,0.034036714099549184,0.07544581301773425
KOPiv,PCy3 HBF4,p-Xylene,0.057,120,5.7,-2.2,0.0,1.3,PENDING,PENDING,0.0,4.090850979878748,5.10073365075036,6.888519246230681e-05,0.038029487210740606,0.0459599693068806,0.06757206341101162
KOPiv,PCy3 HBF4,p-Xylene,0.057,105,5.7,-2.2,0.0,1.3,PENDING,PENDING,0.0,3.581362184895054,4.623638719166336,6.249097480240731e-06,0.045337749590599316,0.03929793390660041,0.07380015673060444
KOPiv,PCy3 HBF4,p-Xylene,0.057,90,5.7,-2.2,0.0,1.3,PENDING,PENDING,0.0,3.1084620976224064,4.5936354275950135,3.291843220002116e-06,0.05456462847034091,0.03935213138258083,0.08280869758697475
KOPiv,PCy3 HBF4,DMAc,0.153,120,-4.3,3.0,-3.4,0.5,PENDING,PENDING,0.0,5.0893622429091785,5.951008572477734,0.0013967245159747996,0.03469598092715258,0.06270805342267195,0.06791232785745656
KOPiv,PCy3 HBF4,DMAc,0.153,105,-4.3,3.0,-3.4,0.5,PENDING,PENDING,0.0,4.581525997871224,5.735647031158189,0.0006218643724650291,0.04189651516937615,0.06004492065214947,0.07351050823383612
KOPiv,PCy3 HBF4,DMAc,0.153,90,-4.3,3.0,-3.4,0.5,PENDING,PENDING,0.0,4.091330116725684,5.8617817654058175,0.00060758104605017,0.051013342448997134,0.061391898451966916,0.08187550798075258
KOPiv,PCy3 HBF4,DMAc,0.1,120,-4.3,3.0,-3.4,0.5,PENDING,PENDING,0.0,5.561730124636329,5.753937912405418,0.001230917002221249,0.04194780664436695,0.06221160446629965,0.07400472000353482
KOPiv,PCy3 HBF4,DMAc,0.1,105,-4.3,3.0,-3.4,0.5,PENDING,PENDING,0.0,5.037481969124262,5.5119873447817564,0.0004872711577703767,0.04920846966208674,0.059161257437907226,0.07986228807376321
KOPiv,PCy3 HBF4,DMAc,0.1,90,-4.3,3.0,-3.4,0.5,PENDING,PENDING,0.0,4.52261563509529,5.627486349689284,0.00045697597751495535,0.05829641993363484,0.06013049301868656,0.08832494838597726
KOPiv,PCy3 HBF4,DMAc,0.057,120,-4.3,3.0,-3.4,0.5,PENDING,PENDING,0.0,5.935957433789305,5.877489851208141,0.0020130567148355823,0.04915785299403584,0.06459153940003945,0.08081165533018797
KOPiv,PCy3 HBF4,DMAc,0.057,105,-4.3,3.0,-3.4,0.5,PENDING,PENDING,0.0,5.406220612556702,5.629398542828321,0.0008379155157499651,0.056414420038294,0.06136809941030341,0.08677765055887492
KOPiv,PCy3 HBF4,DMAc,0.057,90,-4.3,3.0,-3.4,0.5,PENDING,PENDING,0.0,4.879136992156701,5.729485533526491,0.0007470040586095624,0.06538944444643353,0.062010469844463505,0.09517071485435154
KOPiv,PCy3 HBF4,BuOAc,0.153,120,1.6,0.1,-0.8,-1.9,PENDING,PENDING,0.0,3.2805543557031576,4.846131502749175,1.2544516030506595e-05,0.03288452449652261,0.04764016690774162,0.06314607610290038
KOPiv,PCy3 HBF4,BuOAc,0.153,105,1.6,0.1,-0.8,-1.9,PENDING,PENDING,0.0,2.778065616252609,4.4100898951283405,8.507020826143902e-07,0.040600299007839624,0.04172390864430204,0.06946208066930404
KOPiv,PCy3 HBF4,BuOAc,0.153,90,1.6,0.1,-0.8,-1.9,PENDING,PENDING,0.0,2.328103795657363,4.435292283980579,5.824030219786038e-07,0.05032657555202098,0.04148318431587151,0.0787877771762756
KOPiv,PCy3 HBF4,BuOAc,0.1,120,1.6,0.1,-0.8,-1.9,PENDING,PENDING,0.0,3.734063714386288,4.75827530905665,1.3345648580861166e-05,0.040448316754792116,0.0488976421492399,0.07023092245790404
KOPiv,PCy3 HBF4,BuOAc,0.1,105,1.6,0.1,-0.8,-1.9,PENDING,PENDING,0.0,3.214846655927287,4.274936576224547,6.432971890349682e-07,0.048228098423340596,0.04236493194380304,0.07682232136339745
KOPiv,PCy3 HBF4,BuOAc,0.1,90,1.6,0.1,-0.8,-1.9,PENDING,PENDING,0.0,2.7404811793329142,4.2595536567198575,3.266269499504089e-07,0.05792001414652194,0.04119811630974297,0.08618552949163996
KOPiv,PCy3 HBF4,BuOAc,0.057,120,1.6,0.1,-0.8,-1.9,PENDING,PENDING,0.0,4.12205302493999,5.039626818235321,5.713099031674871e-05,0.04796850111060562,0.05328126885015722,0.07780272864752075
KOPiv,PCy3 HBF4,BuOAc,0.057,105,1.6,0.1,-0.8,-1.9,PENDING,PENDING,0.0,3.597014717341241,4.56685450123939,4.838993230861581e-06,0.05574045876655748,0.04681775299884789,0.08441656040592214
KOPiv,PCy3 HBF4,BuOAc,0.057,90,1.6,0.1,-0.8,-1.9,PENDING,PENDING,0.0,3.1093404994798637,4.525564971974794,2.327899448029125e-06,0.0653034357465008,0.04516592236923088,0.09361257882992091
KOPiv,PCy3 HBF4,BuCN,0.153,120,-1.6,-2.1,-1.8,-0.9,PENDING,PENDING,0.0,2.7625850330887567,5.060704252499922,1.865004286488275e-05,0.017295348659805032,0.049374100223499036,0.05008810744661907
KOPiv,PCy3 HBF4,BuCN,0.153,105,-1.6,-2.1,-1.8,-0.9,PENDING,PENDING,0.0,2.237983581470687,4.616943137656906,1.4520301900183038e-06,0.02451079297656296,0.042518540227771635,0.05471916553836111
KOPiv,PCy3 HBF4,BuCN,0.153,90,-1.6,-2.1,-1.8,-0.9,PENDING,PENDING,0.0,1.774735695689381,4.608721270360946,8.326512258195417e-07,0.03396976005809514,0.04111923072697331,0.06314429442467484
KOPiv,PCy3 HBF4,BuCN,0.1,120,-1.6,-2.1,-1.8,-0.9,PENDING,PENDING,0.0,3.2131594896353644,4.986497202892831,2.0937278734940788e-05,0.024714028939570892,0.051102066736774546,0.05671175198334309
KOPiv,PCy3 HBF4,BuCN,0.1,105,-1.6,-2.1,-1.8,-0.9,PENDING,PENDING,0.0,2.671612913252161,4.502285346112023,1.264785587730237e-06,0.031991274001794315,0.04384966404362009,0.061704467478376365
KOPiv,PCy3 HBF4,BuCN,0.1,90,-1.6,-2.1,-1.8,-0.9,PENDING,PENDING,0.0,2.1837311823283136,4.456652305046543,5.577035093354307e-07,0.04141740316868253,0.041641591626985656,0.07023085328620943
KOPiv,PCy3 HBF4,BuCN,0.057,120,-1.6,-2.1,-1.8,-0.9,PENDING,PENDING,0.0,3.6065657754199614,5.25658081232433,7.806122126193882e-05,0.03228877595215425,0.055635669976350104,0.06422126619198781
KOPiv,PCy3 HBF4,BuCN,0.057,105,-1.6,-2.1,-1.8,-0.9,PENDING,PENDING,0.0,3.059690626643992,4.784082734453107,7.717109101807281e-06,0.039568182666244456,0.048627116245249645,0.0693817805602349
KOPiv,PCy3 HBF4,BuCN,0.057,90,-1.6,-2.1,-1.8,-0.9,PENDING,PENDING,0.0,2.5587164735949623,4.717610502125886,3.406481661698659e-06,0.048872703256053904,0.04612586906019215,0.07777594530423218
KOPiv,P(fur)3,p-Xylene,0.153,120,5.7,-2.2,0.0,1.3,PENDING,PENDING,0.0,9.047377136448247,5.0960699304800565,0.0029055928300047162,0.031129879857095435,0.039728903350538074,0.06031431550152378
KOPiv,P(fur)3,p-Xylene,0.153,105,5.7,-2.2,0.0,1.3,PENDING,PENDING,0.0,8.622012532620865,4.895053164915396,0.0013540979146682754,0.03887733271755239,0.03805507873239283,0.06747010782680588
KOPiv,P(fur)3,p-Xylene,0.153,90,5.7,-2.2,0.0,1.3,PENDING,PENDING,0.0,8.133160494401045,5.133222597702088,0.0016880456838760452,0.048617728603037424,0.04343239659914749,0.07728452412027945
KOPiv,P(fur)3,p-Xylene,0.1,120,5.7,-2.2,0.0,1.3,PENDING,PENDING,0.0,9.61409045076488,4.7118884285168905,0.001800338801396028,0.03839058596313606,0.0344514028983054,0.06673374407189746
KOPiv,P(fur)3,p-Xylene,0.1,105,5.7,-2.2,0.0,1.3,PENDING,PENDING,0.0,9.178310396685069,4.456882080004499,0.0006366783443275716,0.046204950895715774,0.031443562725013606,0.07428948141787803
KOPiv,P(fur)3,p-Xylene,0.1,90,5.7,-2.2,0.0,1.3,PENDING,PENDING,0.0,8.664371181040792,4.696080831244608,0.0008308107050937069,0.05592575381512764,0.037052868663014445,0.08406409464853545
KOPiv,P(fur)3,p-Xylene,0.057,120,5.7,-2.2,0.0,1.3,PENDING,PENDING,0.0,9.996079221566252,4.77610815537423,0.002773644455310517,0.04566633930067897,0.035489269181150335,0.07389994506030223
KOPiv,P(fur)3,p-Xylene,0.057,90,5.7,-2.2,0.0,1.3,PENDING,PENDING,0.0,9.030711155818546,4.713219711678772,0.0011587751134800855,0.06307100816661698,0.036563942894071846,0.09113446690654564
KOPiv,P(fur)3,DMAc,0.153,105,-4.3,3.0,-3.4,0.5,PENDING,PENDING,0.0,9.866826771076255,6.273414514040536,0.029541530911765645,0.04992209018591698,0.062452661188854626,0.08108583781793101
KOPiv,P(fur)3,DMAc,0.153,90,-4.3,3.0,-3.4,0.5,PENDING,PENDING,0.0,9.340628502925604,6.536024687694725,0.0315253275306924,0.05939767588385947,0.06626616113857041,0.09028458359152246
KOPiv,P(fur)3,DMAc,0.1,120,-4.3,3.0,-3.4,0.5,PENDING,PENDING,0.0,10.85606348697766,5.974644994181839,0.03286971439075284,0.04949071055393331,0.05899079030102285,0.0800887790568596
KOPiv,P(fur)3,DMAc,0.1,105,-4.3,3.0,-3.4,0.5,PENDING,PENDING,0.0,10.389026762457155,5.919065107273337,0.024543161778579736,0.05723819278899152,0.058769252907009774,0.08715377742561115
KOPiv,P(fur)3,DMAc,0.1,90,-4.3,3.0,-3.4,0.5,PENDING,PENDING,0.0,9.838294827721242,6.190282512742218,0.0264148457241854,0.06669192873659219,0.06254378318608242,0.09645588904937467
KOPiv,P(fur)3,DMAc,0.057,120,-4.3,3.0,-3.4,0.5,PENDING,PENDING,0.0,11.204613786162891,5.973199294361819,0.038606739264537726,0.056616031630710065,0.05922879279858036,0.08664337890281379
KOPiv,P(fur)3,DMAc,0.057,105,-4.3,3.0,-3.4,0.5,PENDING,PENDING,0.0,10.732387655928774,5.903388548339523,0.028433337585372004,0.06435284360219332,0.058661993806910506,0.09378965060185646
KOPiv,P(fur)3,DMAc,0.057,90,-4.3,3.0,-3.4,0.5,PENDING,PENDING,0.0,10.170598808787592,6.164413917442333,0.029880480728521897,0.07369050315948941,0.062187453247892155,0.10300860428637064
KOPiv,P(fur)3,BuOAc,0.153,120,1.6,0.1,-0.8,-1.9,PENDING,PENDING,0.0,9.006160775231475,5.09141640101222,0.002797835359551446,0.04090230395984111,0.0453771575888691,0.07016601031212016
KOPiv,P(fur)3,BuOAc,0.153,105,1.6,0.1,-0.8,-1.9,PENDING,PENDING,0.0,8.56532610264485,4.936140929340267,0.0014374118033175926,0.04916907987335538,0.04377083580229052,0.07784293951462613
KOPiv,P(fur)3,BuOAc,0.153,90,1.6,0.1,-0.8,-1.9,PENDING,PENDING,0.0,8.066727428681778,5.193972562594718,0.001852378587124684,0.05930372883703952,0.04762727224527556,0.08791744625943551
KOPiv,P(fur)3,BuOAc,0.1,120,1.6,0.1,-0.8,-1.9,PENDING,PENDING,0.0,9.540488569795201,4.757972402487511,0.0019071792052862205,0.04846008244266446,0.04208835665427368,0.0770245738164035
KOPiv,P(fur)3,BuOAc,0.1,105,1.6,0.1,-0.8,-1.9,PENDING,PENDING,0.0,9.08607265050615,4.559856764062334,0.0007963067476105257,0.05679993687437909,0.03955016388797784,0.08501439831136626
KOPiv,P(fur)3,BuOAc,0.1,90,1.6,0.1,-0.8,-1.9,PENDING,PENDING,0.0,8.56241736269115,4.816652460303179,0.0010606196153340776,0.06691005597167703,0.04310912554828156,0.09510789729173531
KOPiv,P(fur)3,BuOAc,0.057,120,1.6,0.1,-0.8,-1.9,PENDING,PENDING,0.0,9.899817123425485,4.852834946385826,0.003076707543150474,0.055880165136216284,0.04357322071681751,0.08431968716387105
KOPiv,P(fur)3,BuOAc,0.057,105,1.6,0.1,-0.8,-1.9,PENDING,PENDING,0.0,9.439914764879257,4.634417700999498,0.0012944634688337921,0.06420277429782194,0.04042081145307531,0.09234729821462404
KOPiv,P(fur)3,BuOAc,0.057,90,1.6,0.1,-0.8,-1.9,PENDING,PENDING,0.0,8.904369812589868,4.86538858890062,0.0015495165740058575,0.07417985255562207,0.043354670558235005,0.102302155291997
KOPiv,P(fur)3,BuCN,0.153,120,-1.6,-2.1,-1.8,-0.9,PENDING,PENDING,0.0,8.481688079940481,5.3268756154807315,0.0032392086976540738,0.025160687239939028,0.04761272860794267,0.05631209039405537
KOPiv,P(fur)3,BuCN,0.153,105,-1.6,-2.1,-1.8,-0.9,PENDING,PENDING,0.0,8.02026228781575,5.142246291558488,0.0015934346307535097,0.03290376418785701,0.044712780217988746,0.06267401460801841
KOPiv,P(fur)3,BuCN,0.153,90,-1.6,-2.1,-1.8,-0.9,PENDING,PENDING,0.0,7.510041814771493,5.3508172412708275,0.001805785009300391,0.04275434270344855,0.04723767215930561,0.07213434533544312
KOPiv,P(fur)3,BuCN,0.1,120,-1.6,-2.1,-1.8,-0.9,PENDING,PENDING,0.0,9.012975556868648,5.011704841272052,0.0023593562741264923,0.032569172009951436,0.044966536317262155,0.062409273580653485
KOPiv,P(fur)3,BuCN,0.1,105,-1.6,-2.1,-1.8,-0.9,PENDING,PENDING,0.0,8.53778550983628,4.78683192995952,0.0009621858026370011,0.04038204940954186,0.041210870999055516,0.06920225267038778
KOPiv,P(fur)3,BuCN,0.1,90,-1.6,-2.1,-1.8,-0.9,PENDING,PENDING,0.0,8.002312879707954,4.991451531758723,0.0010919133584068909,0.05020906041213431,0.04333515584372326,0.07880873863765137
KOPiv,P(fur)3,BuCN,0.057,120,-1.6,-2.1,-1.8,-0.9,PENDING,PENDING,0.0,9.377981784433764,5.096049432242501,0.0036232510142929844,0.0400447836226496,0.046655010600038176,0.06953570941422836
KOPiv,P(fur)3,BuCN,0.057,105,-1.6,-2.1,-1.8,-0.9,PENDING,PENDING,0.0,8.897731654060008,4.854360612395837,0.0015007313120847937,0.04785124867830204,0.04248045910953517,0.07646849820817292
KOPiv,P(fur)3,BuCN,0.057,90,-1.6,-2.1,-1.8,-0.9,PENDING,PENDING,0.0,8.350507307586694,5.037585996937022,0.0015722556426011197,0.05755327570289155,0.04407893132623481,0.08597939896991248
KOPiv,JackiePhos,p-Xylene,0.153,120,5.7,-2.2,0.0,1.3,PENDING,PENDING,0.0,4.703316016933556,5.302361772463623,0.0002141362343408,0.36699868408705927,0.07772264666299593,0.3949866577555517
KOPiv,JackiePhos,p-Xylene,0.153,105,5.7,-2.2,0.0,1.3,PENDING,PENDING,0.0,4.237000103417915,4.873060121836532,3.416768187095281e-05,0.3739984185285017,0.07040128745874343,0.4019863895944432
KOPiv,JackiePhos,p-Xylene,0.153,90,5.7,-2.2,0.0,1.3,PENDING,PENDING,0.0,3.7933301920871303,4.859999595610692,2.156513830061128e-05,0.37880889332703893,0.0681602310815291,0.4067968643400544
KOPiv,JackiePhos,p-Xylene,0.1,120,5.7,-2.2,0.0,1.3,PENDING,PENDING,0.0,5.177262352939224,5.027902726593657,0.0001336573099914042,0.3745650315940367,0.07110860113682796,0.402553002683357
KOPiv,JackiePhos,p-Xylene,0.1,105,5.7,-2.2,0.0,1.3,PENDING,PENDING,0.0,4.696441552406826,4.525907283760944,1.2499710974498042e-05,0.38166903367196464,0.06254299486292739,0.4096570046722278
KOPiv,JackiePhos,p-Xylene,0.1,90,5.7,-2.2,0.0,1.3,PENDING,PENDING,0.0,4.2294671071791345,4.471165349762822,5.934490128052538e-06,0.3864799536144652,0.059729317829500014,0.4144679246144815
KOPiv,JackiePhos,p-Xylene,0.057,120,5.7,-2.2,0.0,1.3,PENDING,PENDING,0.0,5.558064700855127,5.135843780945269,0.0002537811174991183,0.3790214495653339,0.06966433498749716,0.40700942059442496
KOPiv,JackiePhos,p-Xylene,0.057,105,5.7,-2.2,0.0,1.3,PENDING,PENDING,0.0,5.071920840488424,4.619074103127443,2.7170621423135036e-05,0.38614095080113464,0.06068882274432226,0.4141289218011725
KOPiv,JackiePhos,p-Xylene,0.057,90,5.7,-2.2,0.0,1.3,PENDING,PENDING,0.0,4.5924168194537955,4.53823845087074,1.1884689754895029e-05,0.39091740861974444,0.05763413053314809,0.41890537961974583
KOPiv,JackiePhos,DMAc,0.153,120,-4.3,3.0,-3.4,0.5,PENDING,PENDING,0.0,6.452096345929059,5.868574457696103,0.0026959480476643274,0.37293436727568596,0.08486028564439703,0.40092235745426386
KOPiv,JackiePhos,DMAc,0.153,105,-4.3,3.0,-3.4,0.5,PENDING,PENDING,0.0,5.9645993064930485,5.649712454688922,0.0012676346265241504,0.3797272269386536,0.08098939453224883,0.40771520154145247
KOPiv,JackiePhos,DMAc,0.153,90,-4.3,3.0,-3.4,0.5,PENDING,PENDING,0.0,5.470051476999052,5.778652320078044,0.00122559030013864,0.384279634441831,0.08156649835414988,0.41226760869520773
KOPiv,JackiePhos,DMAc,0.1,120,-4.3,3.0,-3.4,0.5,PENDING,PENDING,0.0,6.922840910880543,5.506946801294353,0.0017267367346587396,0.3804974916790367,0.0789493605428037,0.4084854643157851
KOPiv,JackiePhos,DMAc,0.1,105,-4.3,3.0,-3.4,0.5,PENDING,PENDING,0.0,6.418713585243113,5.248591957363347,0.0006627187777639553,0.3873820097839139,0.07454212569993975,0.4153699809426705
KOPiv,JackiePhos,DMAc,0.1,90,-4.3,3.0,-3.4,0.5,PENDING,PENDING,0.0,5.8994196617898895,5.37301163680677,0.0006282207285159287,0.39192374372445093,0.07510033565472286,0.4199117148673548
KOPiv,JackiePhos,DMAc,0.057,120,-4.3,3.0,-3.4,0.5,PENDING,PENDING,0.0,7.274891851685101,5.509098314993527,0.0021768784589354523,0.3849136905066769,0.07756713074982442,0.4129016622046943
KOPiv,JackiePhos,DMAc,0.057,105,-4.3,3.0,-3.4,0.5,PENDING,PENDING,0.0,6.7644411162984195,5.2347429157998375,0.000820597963551755,0.3918102316732668,0.07296167535508787,0.4197982027257038
KOPiv,JackiePhos,DMAc,0.057,90,-4.3,3.0,-3.4,0.5,PENDING,PENDING,0.0,6.232986087207674,5.347017096834021,0.0007451741081791821,0.39631502345889325,0.07346747716791371,0.42430299450516096
KOPiv,JackiePhos,BuOAc,0.153,120,1.6,0.1,-0.8,-1.9,PENDING,PENDING,0.0,4.761699954028502,5.203952539372955,0.00016668850895124564,0.3726121212963114,0.08472777245902754,0.40060011109759275
KOPiv,JackiePhos,BuOAc,0.153,105,1.6,0.1,-0.8,-1.9,PENDING,PENDING,0.0,4.28502269735257,4.804471177298708,2.7298212434753526e-05,0.37969211633738964,0.07930336243310439,0.4076800893120631
KOPiv,JackiePhos,BuOAc,0.153,90,1.6,0.1,-0.8,-1.9,PENDING,PENDING,0.0,3.830747293966012,4.812190491703116,1.8377045316187628e-05,0.3845430483873716,0.07829055736511037,0.41253102034236033
KOPiv,JackiePhos,BuOAc,0.1,120,1.6,0.1,-0.8,-1.9,PENDING,PENDING,0.0,5.2128114883845305,4.941338809805277,0.0001032886758183069,0.38025939613636606,0.07909300116766889,0.40824736889232105
KOPiv,JackiePhos,BuOAc,0.1,105,1.6,0.1,-0.8,-1.9,PENDING,PENDING,0.0,4.719245867974696,4.4754483111942704,1.0152127233252153e-05,0.38743756765353576,0.07292282298012415,0.4154255387274711
KOPiv,JackiePhos,BuOAc,0.1,90,1.6,0.1,-0.8,-1.9,PENDING,PENDING,0.0,4.240665603067438,4.445742656874816,5.30037660358845e-06,0.3922835888576336,0.07164736455240345,0.4202715598835303
KOPiv,JackiePhos,BuOAc,0.057,120,1.6,0.1,-0.8,-1.9,PENDING,PENDING,0.0,5.573871106432035,5.059140266825058,0.00020380196003413637,0.38475110198329565,0.07791697845707161,0.4127390737954448
KOPiv,JackiePhos,BuOAc,0.057,105,1.6,0.1,-0.8,-1.9,PENDING,PENDING,0.0,5.073260612765619,4.580482891538126,2.3153744392244283e-05,0.39194185124541603,0.0714940363657345,0.41992982227004017
KOPiv,JackiePhos,BuOAc,0.057,90,1.6,0.1,-0.8,-1.9,PENDING,PENDING,0.0,4.581541675640295,4.526403941313758,1.113672869552422e-05,0.396750563801133,0.07008692390093764,0.42473853480861684
KOPiv,JackiePhos,BuCN,0.153,120,-1.6,-2.1,-1.8,-0.9,PENDING,PENDING,0.0,4.226870201469015,5.3595587804600004,0.00017606530064396587,0.3657782002358128,0.08344657866698071,0.39376619065300766
KOPiv,JackiePhos,BuCN,0.153,105,-1.6,-2.1,-1.8,-0.9,PENDING,PENDING,0.0,3.7266499156605253,4.938624270606401,2.7684618057740554e-05,0.3727232230101173,0.07774047373571508,0.40071119580529135
KOPiv,JackiePhos,BuCN,0.153,90,-1.6,-2.1,-1.8,-0.9,PENDING,PENDING,0.0,3.2582642343573376,4.909409455078515,1.5999780092788374e-05,0.3774917454708169,0.07655496061609006,0.4054797172713918
KOPiv,JackiePhos,BuCN,0.1,120,-1.6,-2.1,-1.8,-0.9,PENDING,PENDING,0.0,4.674403825291915,5.108692620749709,0.00011492730247615818,0.3734032211548577,0.07770045484111754,0.4013911938397617
KOPiv,JackiePhos,BuCN,0.1,105,-1.6,-2.1,-1.8,-0.9,PENDING,PENDING,0.0,4.156989335085819,4.626118306922186,1.1356005310492596e-05,0.38044668532716464,0.07120326975389632,0.4084346563840706
KOPiv,JackiePhos,BuCN,0.1,90,-1.6,-2.1,-1.8,-0.9,PENDING,PENDING,0.0,3.6640448192459734,4.560178485031845,5.027223932010431e-06,0.3852101826246152,0.06973453705411674,0.41319815364203755
KOPiv,JackiePhos,BuCN,0.057,120,-1.6,-2.1,-1.8,-0.9,PENDING,PENDING,0.0,5.040964051022322,5.220595022219388,0.00021815673107214786,0.3779162277914778,0.07651494358632266,0.4059041995549302
KOPiv,JackiePhos,BuCN,0.057,105,-1.6,-2.1,-1.8,-0.9,PENDING,PENDING,0.0,4.517049801466711,4.728320636788374,2.498448407058779e-05,0.3849734822483728,0.06975868548591084,0.41296145326640304
KOPiv,JackiePhos,BuCN,0.057,90,-1.6,-2.1,-1.8,-0.9,PENDING,PENDING,0.0,4.011236263685703,4.6420348445254325,1.0533812917419864e-05,0.38970040348913615,0.06815649678694506,0.4176883744938397
KOPiv,GorlosPhos HBF4,p-Xylene,0.153,120,5.7,-2.2,0.0,1.3,PENDING,PENDING,0.0,6.9639576054321735,5.933404401800878,0.0040943704691112776,0.04469932091788012,0.05719115097153184,0.07545608055128634
KOPiv,GorlosPhos HBF4,p-Xylene,0.153,105,5.7,-2.2,0.0,1.3,PENDING,PENDING,0.0,6.492965475147558,5.700386675503261,0.0019772040535786135,0.052347585562619134,0.05565462858812339,0.08218866513679485
KOPiv,GorlosPhos HBF4,p-Xylene,0.153,90,5.7,-2.2,0.0,1.3,PENDING,PENDING,0.0,6.007274610008733,5.812349850195098,0.0018423966873096498,0.06176752671554757,0.05868756451350967,0.09136348870060637
KOPiv,GorlosPhos HBF4,p-Xylene,0.1,120,5.7,-2.2,0.0,1.3,PENDING,PENDING,0.0,7.48609366574797,5.71532529216928,0.0037281953898805134,0.05204442535238034,0.0553817077092317,0.08186966910250965
KOPiv,GorlosPhos HBF4,p-Xylene,0.1,105,5.7,-2.2,0.0,1.3,PENDING,PENDING,0.0,7.000398934771352,5.447562711472886,0.0015950827191463825,0.059759764062217724,0.0532856888754781,0.08885601173350258
KOPiv,GorlosPhos HBF4,p-Xylene,0.1,90,5.7,-2.2,0.0,1.3,PENDING,PENDING,0.0,6.489815832226123,5.54321217626985,0.0014093495712099065,0.06915485522323539,0.05597442432190102,0.09808120275566311
KOPiv,GorlosPhos HBF4,p-Xylene,0.057,120,5.7,-2.2,0.0,1.3,PENDING,PENDING,0.0,7.872737936773035,5.820375966184457,0.005630690798946951,0.05921749745225517,0.057049329886633186,0.08877138566800176
KOPiv,GorlosPhos HBF4,p-Xylene,0.057,105,5.7,-2.2,0.0,1.3,PENDING,PENDING,0.0,7.381732679933428,5.5413625695855195,0.0024904034979918756,0.06692414090939612,0.05457020482474227,0.09581845661935284
KOPiv,GorlosPhos HBF4,p-Xylene,0.057,90,5.7,-2.2,0.0,1.3,PENDING,PENDING,0.0,6.858557793836023,5.618168815449176,0.0020976825242277584,0.07620262736249815,0.05680297247750607,0.10493417679961253
KOPiv,GorlosPhos HBF4,DMAc,0.153,120,-4.3,3.0,-3.4,0.5,PENDING,PENDING,0.0,8.983761389932445,5.819156256115495,0.010376122011940284,0.055313943437546365,0.0529771272189483,0.08461556489213533
KOPiv,GorlosPhos HBF4,DMAc,0.153,105,-4.3,3.0,-3.4,0.5,PENDING,PENDING,0.0,8.486215239505558,5.745063264085966,0.007007736893097902,0.0628912139353435,0.05297388523249712,0.09181185386109952
KOPiv,GorlosPhos HBF4,DMAc,0.153,90,-4.3,3.0,-3.4,0.5,PENDING,PENDING,0.0,7.9347479173985285,6.013429866873931,0.007998158604360511,0.07206290028398284,0.057678926774893016,0.10101989496391055
KOPiv,GorlosPhos HBF4,DMAc,0.1,120,-4.3,3.0,-3.4,0.5,PENDING,PENDING,0.0,9.524660771825587,5.431492619431169,0.007481981404781193,0.06262864096325665,0.04878921669471612,0.09121875622149905
KOPiv,GorlosPhos HBF4,DMAc,0.1,105,-4.3,3.0,-3.4,0.5,PENDING,PENDING,0.0,9.009447919322204,5.3413220109639274,0.004650564457448991,0.07027164370229387,0.04850514237494899,0.09864388892338655
KOPiv,GorlosPhos HBF4,DMAc,0.1,90,-4.3,3.0,-3.4,0.5,PENDING,PENDING,0.0,8.429100392554528,5.628742144561895,0.005553395686570574,0.0794178788758484,0.05342412802069847,0.1078469289421022
KOPiv,GorlosPhos HBF4,DMAc,0.057,120,-4.3,3.0,-3.4,0.5,PENDING,PENDING,0.0,9.890176559154003,5.42832380792723,0.009213466388812236,0.0696514678869816,0.0492942718618162,0.09808007384182692
KOPiv,GorlosPhos HBF4,DMAc,0.057,105,-4.3,3.0,-3.4,0.5,PENDING,PENDING,0.0,9.368440176853701,5.327694049885429,0.00565907136002837,0.07728470234319837,0.0486919801590213,0.10553763003053647
KOPiv,GorlosPhos HBF4,DMAc,0.057,90,-4.3,3.0,-3.4,0.5,PENDING,PENDING,0.0,8.77501091295414,5.60899037021536,0.0065603853732763215,0.08631885210428944,0.053372645915265506,0.1146142988918889
KOPiv,GorlosPhos HBF4,BuOAc,0.153,120,1.6,0.1,-0.8,-1.9,PENDING,PENDING,0.0,7.152732341487831,5.5363107415631205,0.0021315255994773102,0.05473468092360813,0.05600158426976669,0.08445128914402417
KOPiv,GorlosPhos HBF4,BuOAc,0.153,105,1.6,0.1,-0.8,-1.9,PENDING,PENDING,0.0,6.6692379606094585,5.3130494406569495,0.0009313172809409104,0.06288320198733223,0.05407052894064028,0.09190770754835179
KOPiv,GorlosPhos HBF4,BuOAc,0.153,90,1.6,0.1,-0.8,-1.9,PENDING,PENDING,0.0,6.1666027164320765,5.456432494273283,0.0009296142838328362,0.072672569275102,0.05644840346637945,0.10150101826941331
KOPiv,GorlosPhos HBF4,BuOAc,0.1,120,1.6,0.1,-0.8,-1.9,PENDING,PENDING,0.0,7.6614872580029205,5.291137303275295,0.0017502771520954384,0.06237066477758248,0.05431824742310032,0.09144381564766625
KOPiv,GorlosPhos HBF4,BuOAc,0.1,105,1.6,0.1,-0.8,-1.9,PENDING,PENDING,0.0,7.160846668588794,5.032025611323222,0.0006484607407095961,0.07059106349439102,0.05181227352726929,0.09914789993995003
KOPiv,GorlosPhos HBF4,BuOAc,0.1,90,1.6,0.1,-0.8,-1.9,PENDING,PENDING,0.0,6.631552744429871,5.1630527383252325,0.0006193029679209001,0.08035109831942647,0.05379691297455331,0.10877916465923035
KOPiv,GorlosPhos HBF4,BuOAc,0.057,120,1.6,0.1,-0.8,-1.9,PENDING,PENDING,0.0,8.031859150197105,5.4023036603776395,0.002831717008623204,0.0696769556210818,0.05604916920780659,0.09858846113902292
KOPiv,GorlosPhos HBF4,BuOAc,0.057,105,1.6,0.1,-0.8,-1.9,PENDING,PENDING,0.0,7.524303249505676,5.132450652623737,0.0010964281697382582,0.07788163735542056,0.05318071853534294,0.10633246273978712
KOPiv,GorlosPhos HBF4,BuOAc,0.057,90,1.6,0.1,-0.8,-1.9,PENDING,PENDING,0.0,6.981617223219219,5.244447667085446,0.000981077564966279,0.08751391705533255,0.05473233026289287,0.11584596534509015
KOPiv,GorlosPhos HBF4,BuCN,0.153,120,-1.6,-2.1,-1.8,-0.9,PENDING,PENDING,0.0,6.641189268541231,5.657940034306026,0.0019869518356170103,0.03897971699179002,0.055232384980930964,0.06998792710050905
KOPiv,GorlosPhos HBF4,BuCN,0.153,105,-1.6,-2.1,-1.8,-0.9,PENDING,PENDING,0.0,6.1351712993308105,5.4130378710557014,0.0008192107838119952,0.046618597269267925,0.05226321880829103,0.07640975480990363
KOPiv,GorlosPhos HBF4,BuCN,0.153,90,-1.6,-2.1,-1.8,-0.9,PENDING,PENDING,0.0,5.618632117562939,5.52611526291132,0.0007557219646625608,0.05613770572542791,0.053840215251847894,0.08549193319325535
KOPiv,GorlosPhos HBF4,BuCN,0.1,120,-1.6,-2.1,-1.8,-0.9,PENDING,PENDING,0.0,7.147151835767122,5.420284510502202,0.0016546494507364562,0.04646634247533958,0.05384363860137917,0.07650470726083848
KOPiv,GorlosPhos HBF4,BuCN,0.1,105,-1.6,-2.1,-1.8,-0.9,PENDING,PENDING,0.0,6.6236679205091935,5.142175171434374,0.000582469567486389,0.05417392142163523,0.05035004955602298,0.08324712708109659
KOPiv,GorlosPhos HBF4,BuCN,0.1,90,-1.6,-2.1,-1.8,-0.9,PENDING,PENDING,0.0,6.080162276530182,5.243402182616002,0.0005105605464371084,0.06366476506435392,0.05153359920846161,0.09242916199118463
KOPiv,GorlosPhos HBF4,BuCN,0.057,120,-1.6,-2.1,-1.8,-0.9,PENDING,PENDING,0.0,7.522877245528122,5.52666099904352,0.0026416123898871414,0.05382892407089347,0.05584080772060839,0.08358776543139053
KOPiv,GorlosPhos HBF4,BuCN,0.057,105,-1.6,-2.1,-1.8,-0.9,PENDING,PENDING,0.0,6.992944407911886,5.240612916624792,0.0009797127833485412,0.06153086213282845,0.05211146019385802,0.09043119120587738
KOPiv,GorlosPhos HBF4,BuCN,0.057,90,-1.6,-2.1,-1.8,-0.9,PENDING,PENDING,0.0,6.436261085939825,5.325910905043405,0.0008160721471628454,0.07090128876400116,0.05292293000284726,0.09952383328737878
KOPiv,CgMe-PPh,p-Xylene,0.153,120,5.7,-2.2,0.0,1.3,PENDING,PENDING,0.0,4.879308447551516,6.1414380233855,0.0018113260880231567,0.04706196240015717,0.07199282157564689,0.08057850610645784
KOPiv,CgMe-PPh,p-Xylene,0.153,105,5.7,-2.2,0.0,1.3,PENDING,PENDING,0.0,4.422807491431353,5.830371848399647,0.0007010850905054163,0.05461413706163212,0.06968944442552924,0.08663130204280381
KOPiv,CgMe-PPh,p-Xylene,0.153,90,5.7,-2.2,0.0,1.3,PENDING,PENDING,0.0,3.9853341797143473,5.853238297957593,0.0005551874457616918,0.06387237019950197,0.07092903061332255,0.09512336987021831
KOPiv,CgMe-PPh,p-Xylene,0.1,120,5.7,-2.2,0.0,1.3,PENDING,PENDING,0.0,5.348938068457008,5.991332557515559,0.001775989033598619,0.05429388952853606,0.07142039494386611,0.08669879033741952
KOPiv,CgMe-PPh,p-Xylene,0.1,105,5.7,-2.2,0.0,1.3,PENDING,PENDING,0.0,4.878537731797519,5.64202440307983,0.0006051450106495928,0.06191148025520392,0.068658379235852,0.09296354536733117
KOPiv,CgMe-PPh,p-Xylene,0.1,90,5.7,-2.2,0.0,1.3,PENDING,PENDING,0.0,4.418573398296034,5.637400655700413,0.0004360435023755089,0.0711461392091669,0.06947259842159856,0.1015340576778953
KOPiv,CgMe-PPh,p-Xylene,0.057,120,5.7,-2.2,0.0,1.3,PENDING,PENDING,0.0,5.723951165888954,6.132853901033071,0.00289986210189061,0.061331289554872784,0.07325803436129799,0.09326962467273617
KOPiv,CgMe-PPh,p-Xylene,0.057,105,5.7,-2.2,0.0,1.3,PENDING,PENDING,0.0,5.248437366441021,5.774790289206974,0.0010545854225035498,0.06893978552407944,0.07021261051162017,0.09961497016165073
KOPiv,CgMe-PPh,p-Xylene,0.057,90,5.7,-2.2,0.0,1.3,PENDING,PENDING,0.0,4.776419425237958,5.750419147878644,0.0007332076704523426,0.07806208263524274,0.0706659900479632,0.10811763787294586
KOPiv,CgMe-PPh,DMAc,0.153,120,-4.3,3.0,-3.4,0.5,PENDING,PENDING,0.0,6.60545353530713,6.665802487446964,0.010663762031010077,0.0574577231567118,0.08084167888427926,0.09148172620655029
KOPiv,CgMe-PPh,DMAc,0.153,105,-4.3,3.0,-3.4,0.5,PENDING,PENDING,0.0,6.128284717774184,6.502920719976504,0.006675723446134672,0.06493815699214596,0.07957235832852515,0.09769309571847919
KOPiv,CgMe-PPh,DMAc,0.153,90,-4.3,3.0,-3.4,0.5,PENDING,PENDING,0.0,5.641246177912324,6.6238293790587335,0.006282350536561926,0.07395646062692854,0.08110084345700505,0.10598738309651515
KOPiv,CgMe-PPh,DMAc,0.1,120,-4.3,3.0,-3.4,0.5,PENDING,PENDING,0.0,7.072601109767556,6.430918612955855,0.009616440755165462,0.06466026525320447,0.07959413476069867,0.09745346077121102
KOPiv,CgMe-PPh,DMAc,0.1,105,-4.3,3.0,-3.4,0.5,PENDING,PENDING,0.0,6.57954618271725,6.245395960244815,0.0056290255057688116,0.0722047644441769,0.07805459892935498,0.10387194319515727
KOPiv,CgMe-PPh,DMAc,0.1,90,-4.3,3.0,-3.4,0.5,PENDING,PENDING,0.0,6.068584860820913,6.359845449350153,0.0051728176971561415,0.08119885790096208,0.07936934451579497,0.1122565905896044
KOPiv,CgMe-PPh,DMAc,0.057,120,-4.3,3.0,-3.4,0.5,PENDING,PENDING,0.0,7.420123505240351,6.480916813344537,0.012218044604110037,0.07155420042870123,0.08061751173242938,0.10375200228463184
KOPiv,CgMe-PPh,DMAc,0.057,105,-4.3,3.0,-3.4,0.5,PENDING,PENDING,0.0,6.921032095389817,6.285808521252253,0.007175642813625441,0.07908870870107192,0.0788774724949276,0.11025052455313838
KOPiv,CgMe-PPh,DMAc,0.057,90,-4.3,3.0,-3.4,0.5,PENDING,PENDING,0.0,6.398323648765511,6.389382154727006,0.006433623759702495,0.08797456105007327,0.07998363745736589,0.11858805696763094
KOPiv,CgMe-PPh,BuOAc,0.153,120,1.6,0.1,-0.8,-1.9,PENDING,PENDING,0.0,4.939748525946112,5.877895483879383,0.0010881840600978961,0.05694886584039477,0.07212700505402929,0.08917278665842066
KOPiv,CgMe-PPh,BuOAc,0.153,105,1.6,0.1,-0.8,-1.9,PENDING,PENDING,0.0,4.47297991196667,5.567232517898393,0.00037758551201661633,0.06498495886114201,0.06945628947737324,0.09588444328724353
KOPiv,CgMe-PPh,BuOAc,0.153,90,1.6,0.1,-0.8,-1.9,PENDING,PENDING,0.0,4.024939887728119,5.599479129428325,0.00029916794636969304,0.07460030136173892,0.07001055471307951,0.10480778188892677
KOPiv,CgMe-PPh,BuOAc,0.1,120,1.6,0.1,-0.8,-1.9,PENDING,PENDING,0.0,5.38775667544783,5.723732727101875,0.001028932245211861,0.06446074699181335,0.0717883903505677,0.09580283383608824
KOPiv,CgMe-PPh,BuOAc,0.1,105,1.6,0.1,-0.8,-1.9,PENDING,PENDING,0.0,4.90487476342285,5.373986182598609,0.000305966033163233,0.07256690497719186,0.06866230287938115,0.10273577144103939
KOPiv,CgMe-PPh,BuOAc,0.1,90,1.6,0.1,-0.8,-1.9,PENDING,PENDING,0.0,4.433359373916885,5.378832390484989,0.00021800228981636981,0.0821548132685954,0.06876008814313775,0.11173397699794674
KOPiv,CgMe-PPh,BuOAc,0.057,120,1.6,0.1,-0.8,-1.9,PENDING,PENDING,0.0,5.743993119734339,5.875707370556325,0.0017847647345571732,0.07162586843613476,0.0737034361396279,0.10261803509286584
KOPiv,CgMe-PPh,BuOAc,0.057,105,1.6,0.1,-0.8,-1.9,PENDING,PENDING,0.0,5.254421645697247,5.518354525773174,0.000576521906394855,0.07971647801582665,0.0703143091671979,0.10962047630681658
KOPiv,CgMe-PPh,BuOAc,0.057,90,1.6,0.1,-0.8,-1.9,PENDING,PENDING,0.0,4.770268398809477,5.503611239159128,0.00039441108593324305,0.08918176889547841,0.070076887321154,0.11854130447334608
KOPiv,CgMe-PPh,BuCN,0.153,120,-1.6,-2.1,-1.8,-0.9,PENDING,PENDING,0.0,4.414474290664476,6.057689854380845,0.0011563718193907477,0.04148489934047875,0.07338282564953275,0.07623278219253193
KOPiv,CgMe-PPh,BuCN,0.153,105,-1.6,-2.1,-1.8,-0.9,PENDING,PENDING,0.0,3.925023340100993,5.730423487125489,0.0003932550494642256,0.04903233472699202,0.070008665946653,0.08182280470431713
KOPiv,CgMe-PPh,BuCN,0.153,90,-1.6,-2.1,-1.8,-0.9,PENDING,PENDING,0.0,3.4633924871088486,5.7315740163878015,0.00028630885285099543,0.05838842935732445,0.06982511290608757,0.09000532319623833
KOPiv,CgMe-PPh,BuCN,0.1,120,-1.6,-2.1,-1.8,-0.9,PENDING,PENDING,0.0,4.85900975830445,5.913580624011955,0.0011179954574749781,0.04885254941851491,0.0733430069755761,0.08241608668068556
KOPiv,CgMe-PPh,BuCN,0.1,105,-1.6,-2.1,-1.8,-0.9,PENDING,PENDING,0.0,4.353150941974622,5.5509613579551464,0.0003320353799037756,0.056466797969662225,0.06958461688397331,0.08825020971083786
KOPiv,CgMe-PPh,BuCN,0.1,90,-1.6,-2.1,-1.8,-0.9,PENDING,PENDING,0.0,3.8678050688451395,5.526182019139436,0.00021806151284098482,0.06579620959642485,0.06897604181294577,0.09654665248444333
KOPiv,CgMe-PPh,BuCN,0.057,120,-1.6,-2.1,-1.8,-0.9,PENDING,PENDING,0.0,5.220519281156055,6.059412517818092,0.0018840883835710524,0.05607100031961536,0.07540904514080658,0.08908481346739025
KOPiv,CgMe-PPh,BuCN,0.057,105,-1.6,-2.1,-1.8,-0.9,PENDING,PENDING,0.0,4.708465952182294,5.691650700742206,0.0006087895330439928,0.06367860655274007,0.07147262535161814,0.09504325246364786
KOPiv,CgMe-PPh,BuCN,0.057,90,-1.6,-2.1,-1.8,-0.9,PENDING,PENDING,0.0,4.2107278411778974,5.650605574937414,0.00039037323112225183,0.07289193830589154,0.07059309124152927,0.1033073043502851
KOPiv,BrettPhos,p-Xylene,0.153,120,5.7,-2.2,0.0,1.3,PENDING,PENDING,0.0,4.850251386329148,4.642361870285971,2.4142677565655818e-05,0.04010631938897685,0.04063447189253835,0.06888240814373714
KOPiv,BrettPhos,p-Xylene,0.153,105,5.7,-2.2,0.0,1.3,PENDING,PENDING,0.0,4.371304319522717,4.1779521401103645,1.4607373733525658e-06,0.04793342983447699,0.035961361749678726,0.07614691732692655
KOPiv,BrettPhos,p-Xylene,0.153,90,5.7,-2.2,0.0,1.3,PENDING,PENDING,0.0,3.913623775406583,4.207397418094273,9.99888299628714e-07,0.05766894055435387,0.03851865889818488,0.0858327985132948
KOPiv,BrettPhos,p-Xylene,0.1,120,5.7,-2.2,0.0,1.3,PENDING,PENDING,0.0,5.34862734957985,4.4286878484761045,1.5741559577018942e-05,0.04767415899857404,0.039593931748361275,0.0760875167604818
KOPiv,BrettPhos,p-Xylene,0.1,105,5.7,-2.2,0.0,1.3,PENDING,PENDING,0.0,4.854488667332302,3.8903333119176615,4.433586756006073e-07,0.05557159147997599,0.033801846550869104,0.08363341153112433
KOPiv,BrettPhos,p-Xylene,0.1,90,5.7,-2.2,0.0,1.3,PENDING,PENDING,0.0,4.371641988220677,3.8754273256849907,2.068369345090971e-07,0.06527934081844577,0.035559455526051144,0.09331570201805015
KOPiv,BrettPhos,p-Xylene,0.057,120,5.7,-2.2,0.0,1.3,PENDING,PENDING,0.0,5.746010585656021,4.635958090202735,5.51596346204064e-05,0.05511822228377583,0.04310118600338276,0.08354889065267364
KOPiv,BrettPhos,p-Xylene,0.057,105,5.7,-2.2,0.0,1.3,PENDING,PENDING,0.0,5.246282264846104,4.09766570128409,2.6343014323710297e-06,0.06300832428097368,0.037105333215804726,0.09108239968780489
KOPiv,BrettPhos,p-Xylene,0.057,90,5.7,-2.2,0.0,1.3,PENDING,PENDING,0.0,4.749791743341959,4.051964831496325,1.0962448940046496e-06,0.07259055497462774,0.03801238313645991,0.10062655530278686
KOPiv,BrettPhos,DMAc,0.153,120,-4.3,3.0,-3.4,0.5,PENDING,PENDING,0.0,6.67441674112985,5.385025627804536,0.0011106882229783201,0.05117111528057562,0.056398071259413776,0.08121085716026392
KOPiv,BrettPhos,DMAc,0.153,105,-4.3,3.0,-3.4,0.5,PENDING,PENDING,0.0,6.172645067059188,5.163967030863933,0.00044086075724013383,0.058930380892159864,0.054393557536632914,0.08818867922950731
KOPiv,BrettPhos,DMAc,0.153,90,-4.3,3.0,-3.4,0.5,PENDING,PENDING,0.0,5.659511998078867,5.326018802923776,0.0004676451456256626,0.06839949712870409,0.0567482520671434,0.09742904268733543
KOPiv,BrettPhos,DMAc,0.1,120,-4.3,3.0,-3.4,0.5,PENDING,PENDING,0.0,7.169459604993808,5.064013345794359,0.0007106682271539513,0.058707018205105155,0.05444761100139812,0.0879837211078194
KOPiv,BrettPhos,DMAc,0.1,105,-4.3,3.0,-3.4,0.5,PENDING,PENDING,0.0,6.649876859000019,4.804904841473316,0.00022196549865737642,0.06653532341818211,0.05197437786752104,0.09523113346544776
KOPiv,BrettPhos,DMAc,0.1,90,-4.3,3.0,-3.4,0.5,PENDING,PENDING,0.0,6.1098733093018165,4.96316585293777,0.00023364092109631578,0.0759761143731241,0.05405798926714832,0.10452659382091269
KOPiv,BrettPhos,DMAc,0.057,120,-4.3,3.0,-3.4,0.5,PENDING,PENDING,0.0,7.535542414288621,5.129760194319619,0.0010980014515834559,0.06598597901029371,0.05602803284759407,0.09505672151371888
KOPiv,BrettPhos,DMAc,0.057,105,-4.3,3.0,-3.4,0.5,PENDING,PENDING,0.0,7.009114511405286,4.858654102956505,0.0003523415363987448,0.07380533114863198,0.053279056223004245,0.10236629132861166
KOPiv,BrettPhos,DMAc,0.057,90,-4.3,3.0,-3.4,0.5,PENDING,PENDING,0.0,6.45593065411691,5.001451321569991,0.00034565895955299564,0.08312608644173164,0.05501662570736669,0.1115571645003879
KOPiv,BrettPhos,BuOAc,0.153,120,1.6,0.1,-0.8,-1.9,PENDING,PENDING,0.0,4.915185755165678,4.269179311833451,4.546924042926357e-06,0.05043215857119465,0.04137312239699082,0.07888293271414384
KOPiv,BrettPhos,BuOAc,0.153,105,1.6,0.1,-0.8,-1.9,PENDING,PENDING,0.0,4.425387875025922,3.7817058987528083,1.1144284351438361e-07,0.05879209453555889,0.03594719451365759,0.08687378247642023
KOPiv,BrettPhos,BuOAc,0.153,90,1.6,0.1,-0.8,-1.9,PENDING,PENDING,0.0,3.956383444953434,3.8234447243658076,7.801098894525233e-08,0.06892100091301238,0.0369303252323259,0.0969590271502282
KOPiv,BrettPhos,BuOAc,0.1,120,1.6,0.1,-0.8,-1.9,PENDING,PENDING,0.0,5.388217886257298,4.039473886091165,2.2412902516075466e-06,0.05831427597494418,0.04081687346557667,0.08655596388739223
KOPiv,BrettPhos,BuOAc,0.1,105,1.6,0.1,-0.8,-1.9,PENDING,PENDING,0.0,4.880262380520951,3.467610957081119,1.583311525107441e-08,0.06674934432610462,0.03433395926047706,0.09476725191718911
KOPiv,BrettPhos,BuOAc,0.1,90,1.6,0.1,-0.8,-1.9,PENDING,PENDING,0.0,4.384950132280969,3.462862851715444,6.555593468920697e-09,0.07684409108864004,0.03434034949698316,0.10484294157777811
KOPiv,BrettPhos,BuOAc,0.057,120,1.6,0.1,-0.8,-1.9,PENDING,PENDING,0.0,5.7636054286561835,4.270632012948893,1.1699042802188495e-05,0.06590335685531264,0.044363848740948716,0.09416555447437737
KOPiv,BrettPhos,BuOAc,0.057,105,1.6,0.1,-0.8,-1.9,PENDING,PENDING,0.0,5.247897382788794,3.7059913392580235,2.06270436793691e-07,0.0743226852292288,0.03776836827412693,0.10234954502471434
KOPiv,BrettPhos,BuOAc,0.057,90,1.6,0.1,-0.8,-1.9,PENDING,PENDING,0.0,4.7382441219060745,3.6693172114262693,7.307769299113756e-08,0.08427862080021609,0.037091408813633174,0.11227948413735891
KOPiv,BrettPhos,BuCN,0.153,120,-1.6,-2.1,-1.8,-0.9,PENDING,PENDING,0.0,4.362269125949853,4.540482309411823,9.481375951342661e-06,0.034099892401079246,0.04375295412510798,0.06362605272514506
KOPiv,BrettPhos,BuCN,0.153,105,-1.6,-2.1,-1.8,-0.9,PENDING,PENDING,0.0,3.8470423267952065,4.04502873246624,3.3047833980853185e-07,0.04190410856378565,0.03707613189746325,0.07031807283126655
KOPiv,BrettPhos,BuCN,0.153,90,-1.6,-2.1,-1.8,-0.9,PENDING,PENDING,0.0,3.3627163175620165,4.037053412649522,1.6484306586749677e-07,0.05173857573005444,0.03646735237257727,0.07991186098225507
KOPiv,BrettPhos,BuCN,0.1,120,-1.6,-2.1,-1.8,-0.9,PENDING,PENDING,0.0,4.831681267323161,4.334794890349074,5.796936957373799e-06,0.04182238347325409,0.04383054922061953,0.07084664647549414
KOPiv,BrettPhos,BuCN,0.1,105,-1.6,-2.1,-1.8,-0.9,PENDING,PENDING,0.0,4.297999252773555,3.7686586886140323,8.371167340879719e-08,0.04969936193429464,0.03638561856884881,0.07790082664353801
KOPiv,BrettPhos,BuCN,0.1,90,-1.6,-2.1,-1.8,-0.9,PENDING,PENDING,0.0,3.7870852566219675,3.7166726151040304,2.5449469760718052e-08,0.05950197862716301,0.03485168287562345,0.08755758953507974
KOPiv,BrettPhos,BuCN,0.057,120,-1.6,-2.1,-1.8,-0.9,PENDING,PENDING,0.0,5.213162366924146,4.5494048435120975,2.3298620461352482e-05,0.04947475188320617,0.04752316150220741,0.07849146359164179
KOPiv,BrettPhos,BuCN,0.057,105,-1.6,-2.1,-1.8,-0.9,PENDING,PENDING,0.0,4.672417378495037,3.9912698977078858,6.791535489454783e-07,0.05734945907611887,0.040213932737753394,0.08558210449340108
KOPiv,BrettPhos,BuCN,0.057,90,-1.6,-2.1,-1.8,-0.9,PENDING,PENDING,0.0,4.147498978608354,3.915552001547903,2.023548358661773e-07,0.06702291805910077,0.03826856436756632,0.09509178749929571
KOAc,tBPh-CPhos,p-Xylene,0.153,120,5.7,-2.2,0.0,1.3,PENDING,PENDING,0.0,3.7421152223340597,6.300542466136498,0.0012774693205812471,0.22202134874068324,0.09033849879757039,0.25008597335709953
KOAc,tBPh-CPhos,p-Xylene,0.153,105,5.7,-2.2,0.0,1.3,PENDING,PENDING,0.0,3.283752162097961,6.033162606555763,0.0005387235539095897,0.23070920363305306,0.08617825721183998,0.2587298894754996
KOAc,tBPh-CPhos,p-Xylene,0.153,90,5.7,-2.2,0.0,1.3,PENDING,PENDING,0.0,2.8637490412375146,6.07782673176961,0.0004568050413395735,0.2386394596791659,0.0854158196124705,0.26664854236128244
KOAc,tBPh-CPhos,p-Xylene,0.1,120,5.7,-2.2,0.0,1.3,PENDING,PENDING,0.0,4.188704285322098,6.15297188000657,0.0012311759134652957,0.22854012460596526,0.08875896256538143,0.25657782846951793
KOAc,tBPh-CPhos,p-Xylene,0.1,105,5.7,-2.2,0.0,1.3,PENDING,PENDING,0.0,3.7160120239064414,5.844620999740917,0.0004545076346725591,0.2373033147446867,0.08421077989982467,0.2653100212827415
KOAc,tBPh-CPhos,p-Xylene,0.1,90,5.7,-2.2,0.0,1.3,PENDING,PENDING,0.0,3.274187391985696,5.858729875523906,0.0003496090208652495,0.245231710006048,0.0831540641727984,0.27323085349307635
KOAc,tBPh-CPhos,p-Xylene,0.057,120,5.7,-2.2,0.0,1.3,PENDING,PENDING,0.0,4.562817280577141,6.2915001709229825,0.0020150144415617514,0.23319925338304595,0.09003696099840203,0.26123584592679794
KOAc,tBPh-CPhos,p-Xylene,0.057,105,5.7,-2.2,0.0,1.3,PENDING,PENDING,0.0,4.084811872706056,5.96916885499984,0.0007758369111318646,0.2419322176068443,0.08538912199300325,0.26993845233581293
KOAc,tBPh-CPhos,p-Xylene,0.057,90,5.7,-2.2,0.0,1.3,PENDING,PENDING,0.0,3.630988227788094,5.959995045536876,0.0005675698995599564,0.24978546240259752,0.08416460740863231,0.2777841303666151
KOAc,tBPh-CPhos,DMAc,0.153,120,-4.3,3.0,-3.4,0.5,PENDING,PENDING,0.0,5.539685356860479,6.449235339346037,0.004532836061365092,0.22771671253847658,0.09112273627255693,0.25577261594507006
KOAc,tBPh-CPhos,DMAc,0.153,105,-4.3,3.0,-3.4,0.5,PENDING,PENDING,0.0,5.061170409832311,6.312988227315793,0.002773048014614917,0.23628603188402106,0.08747805143944636,0.2643050333598741
KOAc,tBPh-CPhos,DMAc,0.153,90,-4.3,3.0,-3.4,0.5,PENDING,PENDING,0.0,4.590162734734591,6.4714661815523,0.0028398155890351877,0.2440512140034123,0.08716084419456398,0.2720607598413624
KOAc,tBPh-CPhos,DMAc,0.1,120,-4.3,3.0,-3.4,0.5,PENDING,PENDING,0.0,5.992807912427074,6.206083328422319,0.0038390985679298273,0.2341969805372962,0.08916949382017021,0.2622269622997862
KOAc,tBPh-CPhos,DMAc,0.1,105,-4.3,3.0,-3.4,0.5,PENDING,PENDING,0.0,5.498292712383413,6.042783700783643,0.0021482253030285156,0.24283932682103912,0.08518917925296025,0.2708443458664716
KOAc,tBPh-CPhos,DMAc,0.1,90,-4.3,3.0,-3.4,0.5,PENDING,PENDING,0.0,5.0036568298253545,6.192375006061849,0.0021479874927143247,0.2506016370264445,0.08465302971355441,0.27860075778369325
KOAc,tBPh-CPhos,DMAc,0.057,120,-4.3,3.0,-3.4,0.5,PENDING,PENDING,0.0,6.344547034248896,6.269751501396714,0.005169209289818094,0.23879174567879047,0.09015639326753952,0.26681949937294097
KOAc,tBPh-CPhos,DMAc,0.057,105,-4.3,3.0,-3.4,0.5,PENDING,PENDING,0.0,5.844002294840019,6.092907697768632,0.0028853178649491454,0.2474046883119596,0.08608997320176583,0.2754086727830822
KOAc,tBPh-CPhos,DMAc,0.057,90,-4.3,3.0,-3.4,0.5,PENDING,PENDING,0.0,5.337455509695446,6.226936369443955,0.0027685259753522443,0.25509357438806285,0.08541997956516881,0.2830918529321861
KOAc,tBPh-CPhos,BuOAc,0.153,120,1.6,0.1,-0.8,-1.9,PENDING,PENDING,0.0,3.78677282267532,5.493126664178849,0.00018682327005396316,0.2342020838611587,0.07665710689412712,0.2621961927309119
KOAc,tBPh-CPhos,BuOAc,0.153,105,1.6,0.1,-0.8,-1.9,PENDING,PENDING,0.0,3.318475524382946,5.1993308273868015,5.063071791192931e-05,0.24336303876891185,0.07108205904388146,0.27135213332763547
KOAc,tBPh-CPhos,BuOAc,0.153,90,1.6,0.1,-0.8,-1.9,PENDING,PENDING,0.0,2.8892602974563797,5.281033251569463,4.7016680576764634e-05,0.251575782080691,0.06983950040795543,0.27956424562596843
KOAc,tBPh-CPhos,BuOAc,0.1,120,1.6,0.1,-0.8,-1.9,PENDING,PENDING,0.0,4.218256519502452,5.333537638194999,0.00016177409985057394,0.24094883550875046,0.07475150015738627,0.26893975705650264
KOAc,tBPh-CPhos,BuOAc,0.1,105,1.6,0.1,-0.8,-1.9,PENDING,PENDING,0.0,3.733709215273444,4.99137765057646,3.40905167601791e-05,0.2501924747971189,0.06862421268723465,0.2781808318007458
KOAc,tBPh-CPhos,BuOAc,0.1,90,1.6,0.1,-0.8,-1.9,PENDING,PENDING,0.0,3.281454286214299,5.039636677152025,2.736857227060704e-05,0.2584043177238277,0.06698004342941238,0.2863924248335378
KOAc,tBPh-CPhos,BuOAc,0.057,120,1.6,0.1,-0.8,-1.9,PENDING,PENDING,0.0,4.579505312034697,5.520674869224815,0.000360065617779624,0.2456478428582241,0.07650952419991866,0.27363910568160954
KOAc,tBPh-CPhos,BuOAc,0.057,105,1.6,0.1,-0.8,-1.9,PENDING,PENDING,0.0,4.088331752020624,5.167483342972332,8.61655111082985e-05,0.25485554411396016,0.07034045811156511,0.2828439728189421
KOAc,tBPh-CPhos,BuOAc,0.057,90,1.6,0.1,-0.8,-1.9,PENDING,PENDING,0.0,3.6232580376863712,5.187727588727875,6.276617276173039e-05,0.2629870510123408,0.06851440159632473,0.2909751813477449
KOAc,tBPh-CPhos,BuCN,0.153,120,-1.6,-2.1,-1.8,-0.9,PENDING,PENDING,0.0,3.27528754919079,5.915627581543476,0.0004035363352001258,0.22121399463321528,0.08293320465689676,0.24923312008628398
KOAc,tBPh-CPhos,BuCN,0.153,105,-1.6,-2.1,-1.8,-0.9,PENDING,PENDING,0.0,2.7842485845877274,5.622713295808928,0.00012926888160445316,0.23003455143000406,0.07767065934283857,0.25803161280743053
KOAc,tBPh-CPhos,BuCN,0.153,90,-1.6,-2.1,-1.8,-0.9,PENDING,PENDING,0.0,2.3407577532175923,5.664866842532838,0.00010528738198874199,0.23807551914720831,0.07623764294600545,0.2660681307323874
KOAc,tBPh-CPhos,BuCN,0.1,120,-1.6,-2.1,-1.8,-0.9,PENDING,PENDING,0.0,3.7020243903047283,5.765026360761717,0.0003686021925263742,0.22784910877102227,0.08125856416466164,0.25585528428545584
KOAc,tBPh-CPhos,BuCN,0.1,105,-1.6,-2.1,-1.8,-0.9,PENDING,PENDING,0.0,3.1943687133298626,5.4301928825038255,9.833974872071631e-05,0.2367484660737651,0.0755369851509262,0.2647407722321223
KOAc,tBPh-CPhos,BuCN,0.1,90,-1.6,-2.1,-1.8,-0.9,PENDING,PENDING,0.0,2.7276235456019386,5.441712388575876,7.06950636835109e-05,0.24478764176583165,0.07375408294286581,0.27277753694460516
KOAc,tBPh-CPhos,BuCN,0.057,120,-1.6,-2.1,-1.8,-0.9,PENDING,PENDING,0.0,4.066993522837002,5.923928840988885,0.0006916836097548423,0.2325841689136743,0.082818733329402,0.2605908397819185
KOAc,tBPh-CPhos,BuCN,0.057,105,-1.6,-2.1,-1.8,-0.9,PENDING,PENDING,0.0,3.5531273225811484,5.578655487038197,0.0002007862228642649,0.24145129686061087,0.07704725402084552,0.2694438265477199
KOAc,tBPh-CPhos,BuCN,0.057,90,-1.6,-2.1,-1.8,-0.9,PENDING,PENDING,0.0,3.073857689359668,5.567538095545587,0.00013631580760597572,0.2494126464270004,0.07511125612543196,0.27740262023875883
KOAc,X-Phos,p-Xylene,0.153,120,5.7,-2.2,0.0,1.3,PENDING,PENDING,0.0,4.1123836454110085,6.076735204994622,0.0010007192520598718,0.02515754035339346,0.06390186654081585,0.06040738594115491
KOAc,X-Phos,p-Xylene,0.153,105,5.7,-2.2,0.0,1.3,PENDING,PENDING,0.0,3.673444580202504,5.858081437633028,0.0004566424493790142,0.032846319510916946,0.06317979661252356,0.06648093704658767
KOAc,X-Phos,p-Xylene,0.153,90,5.7,-2.2,0.0,1.3,PENDING,PENDING,0.0,3.2666097879982217,5.970341671372744,0.00045869868098536923,0.04254170592526013,0.06625803163040767,0.07540487976497619
KOAc,X-Phos,p-Xylene,0.1,120,5.7,-2.2,0.0,1.3,PENDING,PENDING,0.0,4.57533398530937,6.00420204098719,0.001139207428669943,0.032748844316508624,0.06452481008834611,0.06674114630256456
KOAc,X-Phos,p-Xylene,0.1,105,5.7,-2.2,0.0,1.3,PENDING,PENDING,0.0,4.122728528403826,5.750449451378271,0.00047341746877815113,0.04050797630745048,0.06320042617014121,0.07297354220144042
KOAc,X-Phos,p-Xylene,0.1,90,5.7,-2.2,0.0,1.3,PENDING,PENDING,0.0,3.694095469400507,5.83197059884655,0.0004340646317176561,0.05017297459714436,0.06564676303475554,0.08191523911159869
KOAc,X-Phos,p-Xylene,0.057,120,5.7,-2.2,0.0,1.3,PENDING,PENDING,0.0,4.956491370058668,6.209098018633971,0.0021580613206692023,0.040300870973325256,0.06767721412683735,0.07383102968212261
KOAc,X-Phos,p-Xylene,0.057,105,5.7,-2.2,0.0,1.3,PENDING,PENDING,0.0,4.498409423749563,5.942730251952173,0.0009501052160912488,0.04805113170959659,0.06590798995941338,0.0801016840587205
KOAc,X-Phos,p-Xylene,0.057,90,5.7,-2.2,0.0,1.3,PENDING,PENDING,0.0,4.057341716255132,5.9962375870474744,0.0008103432878920954,0.05758856597041746,0.06775040872559512,0.08891100377228774
KOAc,X-Phos,DMAc,0.153,120,-4.3,3.0,-3.4,0.5,PENDING,PENDING,0.0,5.906592357687082,6.336442851437618,0.00456989762629495,0.0354569328262339,0.066460212980478,0.06947726404907244
KOAc,X-Phos,DMAc,0.153,105,-4.3,3.0,-3.4,0.5,PENDING,PENDING,0.0,5.446632886243335,6.254714840680652,0.0030933108518812064,0.04306185741885575,0.0667286185697497,0.07595689719544269
KOAc,X-Phos,DMAc,0.153,90,-4.3,3.0,-3.4,0.5,PENDING,PENDING,0.0,4.988030103073797,6.47359411141425,0.0035280062557016545,0.05251110592672628,0.07044466463277253,0.08493839761718358
KOAc,X-Phos,DMAc,0.1,120,-4.3,3.0,-3.4,0.5,PENDING,PENDING,0.0,6.375500337569261,6.166431662662999,0.00442341186347734,0.04300445797801701,0.06599385270594689,0.0757423376050248
KOAc,X-Phos,DMAc,0.1,105,-4.3,3.0,-3.4,0.5,PENDING,PENDING,0.0,5.900130439158303,6.063296079856502,0.002820818038937089,0.05067790131693237,0.06584887919808535,0.08240093430939781
KOAc,X-Phos,DMAc,0.1,90,-4.3,3.0,-3.4,0.5,PENDING,PENDING,0.0,5.417899616273961,6.272745538514686,0.0031436933829246186,0.06009668378115832,0.0691957443972568,0.09142037498529186
KOAc,X-Phos,DMAc,0.057,120,-4.3,3.0,-3.4,0.5,PENDING,PENDING,0.0,6.733963579084733,6.2891510753342175,0.006545709716155479,0.05040507676162048,0.06835720410940575,0.08266557659313849
KOAc,X-Phos,DMAc,0.057,105,-4.3,3.0,-3.4,0.5,PENDING,PENDING,0.0,6.252408730930815,6.1728746021744785,0.004180776148292931,0.058068930205019034,0.06783962153186102,0.08935796579652283
KOAc,X-Phos,DMAc,0.057,90,-4.3,3.0,-3.4,0.5,PENDING,PENDING,0.0,5.757865148620147,6.362442956847111,0.004408412698151835,0.06736485978592775,0.07073161526421302,0.09825753569379954
KOAc,X-Phos,BuOAc,0.153,120,1.6,0.1,-0.8,-1.9,PENDING,PENDING,0.0,4.176947340566564,5.30356857194081,0.0001429833395673514,0.03350748906759371,0.0497278206895655,0.06408203458581209
KOAc,X-Phos,BuOAc,0.153,105,1.6,0.1,-0.8,-1.9,PENDING,PENDING,0.0,3.7306869437231596,5.0804338527753945,4.7184900292537705e-05,0.041679848401751124,0.04841086193566992,0.07129555360832987
KOAc,X-Phos,BuOAc,0.153,90,1.6,0.1,-0.8,-1.9,PENDING,PENDING,0.0,3.3165688647382177,5.250810798827055,6.036723310526835e-05,0.05178436756564349,0.05207015236977373,0.08119037438150578
KOAc,X-Phos,BuOAc,0.1,120,1.6,0.1,-0.8,-1.9,PENDING,PENDING,0.0,4.6267907587328985,5.2463636213737574,0.0001706798546879714,0.04141803901791896,0.05115614092872611,0.07146780182666293
KOAc,X-Phos,BuOAc,0.1,105,1.6,0.1,-0.8,-1.9,PENDING,PENDING,0.0,4.165167627738741,4.985368776647457,4.879862971240176e-05,0.04966696961679182,0.04907371681656402,0.07884365214169975
KOAc,X-Phos,BuOAc,0.1,90,1.6,0.1,-0.8,-1.9,PENDING,PENDING,0.0,3.728063523678231,5.121808806951482,5.453552000482271e-05,0.05973573377928637,0.051842933581397556,0.08869018997705379
KOAc,X-Phos,BuOAc,0.057,120,1.6,0.1,-0.8,-1.9,PENDING,PENDING,0.0,4.995858149036295,5.516406981659784,0.0004786034828401465,0.04916630710925646,0.05575229307937152,0.07927229917889772
KOAc,X-Phos,BuOAc,0.057,105,1.6,0.1,-0.8,-1.9,PENDING,PENDING,0.0,4.527380855083276,5.245541485506524,0.00015747139419351394,0.05740159017237029,0.053216467803891984,0.08661315022565198
KOAc,X-Phos,BuOAc,0.057,90,1.6,0.1,-0.8,-1.9,PENDING,PENDING,0.0,4.076883000606414,5.3462338829778,0.00015069256994096943,0.06732893660678607,0.05513719152020849,0.0962567719903123
KOAc,X-Phos,BuCN,0.153,120,-1.6,-2.1,-1.8,-0.9,PENDING,PENDING,0.0,3.6568610265073427,5.7384688713039225,0.00033361954729160207,0.018680569106001688,0.05834336469194136,0.05368313794543017
KOAc,X-Phos,BuCN,0.153,105,-1.6,-2.1,-1.8,-0.9,PENDING,PENDING,0.0,3.186691982760353,5.506684397387692,0.0001237270644297377,0.026373229964496064,0.05639755280383629,0.05939207024654179
KOAc,X-Phos,BuCN,0.153,90,-1.6,-2.1,-1.8,-0.9,PENDING,PENDING,0.0,2.7574345481884492,5.625789957831056,0.00012787150009757435,0.03620358803908984,0.05859145563065509,0.06824734419457856
KOAc,X-Phos,BuCN,0.1,120,-1.6,-2.1,-1.8,-0.9,PENDING,PENDING,0.0,4.101096352526663,5.6775672053891855,0.00038779557219098277,0.026422069469263815,0.05961458384614388,0.0602591567608694
KOAc,X-Phos,BuCN,0.1,105,-1.6,-2.1,-1.8,-0.9,PENDING,PENDING,0.0,3.6150894074535245,5.412390534935536,0.00012899410643159564,0.034186172734021525,0.05707507126737552,0.0661738603556279
KOAc,X-Phos,BuCN,0.1,90,-1.6,-2.1,-1.8,-0.9,PENDING,PENDING,0.0,3.1626123599701312,5.501001963884293,0.00011940398487486582,0.04398169929983081,0.05854445255388142,0.07506148864956103
KOAc,X-Phos,BuCN,0.057,120,-1.6,-2.1,-1.8,-0.9,PENDING,PENDING,0.0,4.4735597969174465,5.909677595676792,0.0008688613272438764,0.034187683062092494,0.06346320637674169,0.06767057966708959
KOAc,X-Phos,BuCN,0.057,105,-1.6,-2.1,-1.8,-0.9,PENDING,PENDING,0.0,3.981142395701821,5.635480755330886,0.0003193285090924555,0.04194480330640252,0.06058210729842814,0.07366231766803458
KOAc,X-Phos,BuCN,0.057,90,-1.6,-2.1,-1.8,-0.9,PENDING,PENDING,0.0,3.5156278669310637,5.695789206909252,0.00026996444700772265,0.051606193164096606,0.06144634205025357,0.0824194979820983
KOAc,PPhtBu2,p-Xylene,0.153,120,5.7,-2.2,0.0,1.3,PENDING,PENDING,0.0,4.662865567694889,6.653677192602247,0.004013252278205849,0.04820875211120963,0.08042560659135718,0.08359572867413095
KOAc,PPhtBu2,p-Xylene,0.153,105,5.7,-2.2,0.0,1.3,PENDING,PENDING,0.0,4.23299565250456,6.445665735794269,0.0022310818537120414,0.05594223215994748,0.07964501191945839,0.08991339082483885
KOAc,PPhtBu2,p-Xylene,0.153,90,5.7,-2.2,0.0,1.3,PENDING,PENDING,0.0,3.8247365828683986,6.523314520474739,0.0020539009775720415,0.0653097928520312,0.08161649460815894,0.09843702669501347
KOAc,PPhtBu2,p-Xylene,0.1,120,5.7,-2.2,0.0,1.3,PENDING,PENDING,0.0,5.114677140854996,6.5172183953926135,0.00405718461797476,0.05552150788281504,0.07961989256852516,0.08954855902734918
KOAc,PPhtBu2,p-Xylene,0.1,105,5.7,-2.2,0.0,1.3,PENDING,PENDING,0.0,4.67128271439747,6.274291576906014,0.002074586004345149,0.06332099615932053,0.07833831733361638,0.09602342304597195
KOAc,PPhtBu2,p-Xylene,0.1,90,5.7,-2.2,0.0,1.3,PENDING,PENDING,0.0,4.24179141995233,6.325781364360202,0.001791694088335214,0.07266241987175358,0.07986073724680527,0.10460396445943793
KOAc,PPhtBu2,p-Xylene,0.057,120,5.7,-2.2,0.0,1.3,PENDING,PENDING,0.0,5.478845555514764,6.642776491587678,0.005962797407041837,0.0625846496640284,0.0810315638882074,0.09594065382183362
KOAc,PPhtBu2,p-Xylene,0.057,105,5.7,-2.2,0.0,1.3,PENDING,PENDING,0.0,5.029859882346455,6.384496380700159,0.0030946486969558665,0.07036991078171892,0.07935673422773881,0.10246164053879953
KOAc,PPhtBu2,p-Xylene,0.057,90,5.7,-2.2,0.0,1.3,PENDING,PENDING,0.0,4.588467114464099,6.41354056265203,0.0025599120636982317,0.0795942358261995,0.08047171028737807,0.11096775730254427
KOAc,PPhtBu2,DMAc,0.153,120,-4.3,3.0,-3.4,0.5,PENDING,PENDING,0.0,6.42587625476036,6.844577096013096,0.01245323698228741,0.058029493119932246,0.08176265150956258,0.09218083289257412
KOAc,PPhtBu2,DMAc,0.153,105,-4.3,3.0,-3.4,0.5,PENDING,PENDING,0.0,5.975246006496778,6.7578931001698255,0.008981621922236643,0.06567574908905488,0.08175084651457754,0.09878463594303126
KOAc,PPhtBu2,DMAc,0.153,90,-4.3,3.0,-3.4,0.5,PENDING,PENDING,0.0,5.516598538843831,6.937276191895456,0.009276377638916963,0.07480977067288014,0.0843335904771281,0.10734816232776354
KOAc,PPhtBu2,DMAc,0.1,120,-4.3,3.0,-3.4,0.5,PENDING,PENDING,0.0,6.883625343515977,6.621525770666088,0.011453895489067806,0.06530479057105501,0.08011391500483037,0.09812454110738136
KOAc,PPhtBu2,DMAc,0.1,105,-4.3,3.0,-3.4,0.5,PENDING,PENDING,0.0,6.417815873432988,6.51303051739458,0.007834676373530053,0.07301542620080367,0.07974923083296849,0.1049005073993778
KOAc,PPhtBu2,DMAc,0.1,90,-4.3,3.0,-3.4,0.5,PENDING,PENDING,0.0,5.93618172342122,6.685273668866589,0.007951739358038099,0.0821229792365563,0.08207197875270751,0.11352869007393586
KOAc,PPhtBu2,DMAc,0.057,120,-4.3,3.0,-3.4,0.5,PENDING,PENDING,0.0,7.22603750929205,6.676279173240357,0.01445281498346443,0.07223240785549223,0.08093284608530285,0.10441544288413884
KOAc,PPhtBu2,DMAc,0.057,105,-4.3,3.0,-3.4,0.5,PENDING,PENDING,0.0,6.7539785985235286,6.55399696364263,0.009803139820801193,0.07992849107572736,0.08025241433285189,0.11123632233253185
KOAc,PPhtBu2,DMAc,0.057,90,-4.3,3.0,-3.4,0.5,PENDING,PENDING,0.0,6.260541475587895,6.711515600633778,0.00964222753855358,0.08892294549239162,0.0822817912832117,0.11979207998457245
KOAc,PPhtBu2,BuOAc,0.153,120,1.6,0.1,-0.8,-1.9,PENDING,PENDING,0.0,4.757696311548546,6.0459773795727685,0.0013902555121978917,0.05734919328682375,0.07112478447965465,0.089328886460271
KOAc,PPhtBu2,BuOAc,0.153,105,1.6,0.1,-0.8,-1.9,PENDING,PENDING,0.0,4.321170173595224,5.84093686000687,0.0006724372690408136,0.06556541525262978,0.06998907204317902,0.09649924511836191
KOAc,PPhtBu2,BuOAc,0.153,90,1.6,0.1,-0.8,-1.9,PENDING,PENDING,0.0,3.904913262987317,5.958391124511497,0.00067479609501595,0.0753104152387763,0.0719803254449352,0.10574031326593514
KOAc,PPhtBu2,BuOAc,0.1,120,1.6,0.1,-0.8,-1.9,PENDING,PENDING,0.0,5.195863210453287,5.907405351231798,0.0013608058762847146,0.06495253618142026,0.07045668749898201,0.0960200721008137
KOAc,PPhtBu2,BuOAc,0.1,105,1.6,0.1,-0.8,-1.9,PENDING,PENDING,0.0,4.744144797371186,5.665039200498432,0.0005844033128415364,0.07324007556089947,0.06873075799298853,0.10337045962842073
KOAc,PPhtBu2,BuOAc,0.1,90,1.6,0.1,-0.8,-1.9,PENDING,PENDING,0.0,4.305552503290654,5.755581744618441,0.0005424361780335552,0.08295494006820717,0.07018318138828263,0.11264955059741034
KOAc,PPhtBu2,BuOAc,0.057,120,1.6,0.1,-0.8,-1.9,PENDING,PENDING,0.0,5.546583383686686,6.067898849911076,0.0023192516510934583,0.07216892532411043,0.07237406384240805,0.1029063639970221
KOAc,PPhtBu2,BuOAc,0.057,105,1.6,0.1,-0.8,-1.9,PENDING,PENDING,0.0,5.0878934754086815,5.810626840345603,0.0010305451233934854,0.08043651837318751,0.07021912399492525,0.11028421049701984
KOAc,PPhtBu2,BuOAc,0.057,90,1.6,0.1,-0.8,-1.9,PENDING,PENDING,0.0,4.636567155354356,5.875242474907146,0.000892281366497957,0.09002291675581617,0.07119242917395346,0.11945341547041433
KOAc,PPhtBu2,BuCN,0.153,120,-1.6,-2.1,-1.8,-0.9,PENDING,PENDING,0.0,4.230873209573711,6.363835051054693,0.0019143018673705159,0.042457917741902815,0.0760526294868201,0.07772302445887791
KOAc,PPhtBu2,BuCN,0.153,105,-1.6,-2.1,-1.8,-0.9,PENDING,PENDING,0.0,3.7707410513451984,6.145298279369029,0.0009405809643844212,0.05020696089851488,0.07436297940700853,0.08380603888796274
KOAc,PPhtBu2,BuCN,0.153,90,-1.6,-2.1,-1.8,-0.9,PENDING,PENDING,0.0,3.3400333910914,6.224689158762782,0.0008582350309331022,0.05969495715566599,0.07552807073069139,0.09227114914544585
KOAc,PPhtBu2,BuCN,0.1,120,-1.6,-2.1,-1.8,-0.9,PENDING,PENDING,0.0,4.663894422592738,6.228822398973657,0.0018942240731414511,0.04990514175756543,0.07552455850590942,0.08381858630479667
KOAc,PPhtBu2,BuCN,0.1,105,-1.6,-2.1,-1.8,-0.9,PENDING,PENDING,0.0,4.188134787550882,5.976357871930877,0.0008418163187445468,0.0577209130512949,0.07332109350424562,0.09009127263864507
KOAc,PPhtBu2,BuCN,0.1,90,-1.6,-2.1,-1.8,-0.9,PENDING,PENDING,0.0,3.7348508228617256,6.030498679660477,0.0007139773679548534,0.06717920218432934,0.07399229649667105,0.09863611909938488
KOAc,PPhtBu2,BuCN,0.057,120,-1.6,-2.1,-1.8,-0.9,PENDING,PENDING,0.0,5.018608023089619,6.36928002637942,0.0029945494968766327,0.0571517029195016,0.07727810844795692,0.09042433909190482
KOAc,PPhtBu2,BuCN,0.057,105,-1.6,-2.1,-1.8,-0.9,PENDING,PENDING,0.0,4.5363280296026876,6.103765324926174,0.0013704119763887218,0.06495413651080441,0.07472140235922727,0.09677084956948712
KOAc,PPhtBu2,BuCN,0.057,90,-1.6,-2.1,-1.8,-0.9,PENDING,PENDING,0.0,4.070611382263692,6.136179095268184,0.0011071044339249561,0.07429004484796678,0.07499486295163486,0.1052546580002996
KOAc,PPhMe2,p-Xylene,0.153,120,5.7,-2.2,0.0,1.3,PENDING,PENDING,0.0,1.627705635196639,6.1176627044374685,0.00022404051743254907,0.03666504278534026,0.0608564556360382,0.06914901385150296
KOAc,PPhMe2,p-Xylene,0.153,105,5.7,-2.2,0.0,1.3,PENDING,PENDING,0.0,1.1452980047747978,5.831902315282211,7.167883943072495e-05,0.04427866657044906,0.059168243172396134,0.07544318959904843
KOAc,PPhMe2,p-Xylene,0.153,90,5.7,-2.2,0.0,1.3,PENDING,PENDING,0.0,0.7376277177841795,5.879699613781951,6.13338549506372e-05,0.053734677443858514,0.06151947264334535,0.08435856220667387
KOAc,PPhMe2,p-Xylene,0.1,120,5.7,-2.2,0.0,1.3,PENDING,PENDING,0.0,1.9918793135637807,5.921670255099154,0.00017074524198842315,0.04431755179498999,0.05915427316204283,0.0754751211808186
KOAc,PPhMe2,p-Xylene,0.1,105,5.7,-2.2,0.0,1.3,PENDING,PENDING,0.0,1.4930845633726983,5.595013886771795,4.4064605587472764e-05,0.05200227546956805,0.05672345497727172,0.08202399848692132
KOAc,PPhMe2,p-Xylene,0.1,90,5.7,-2.2,0.0,1.3,PENDING,PENDING,0.0,1.064643796743761,5.6185079203107895,3.3958891557191195e-05,0.061424864030621154,0.0585300319745345,0.09102293875317494
KOAc,PPhMe2,p-Xylene,0.057,120,5.7,-2.2,0.0,1.3,PENDING,PENDING,0.0,2.331569216278336,6.031431855493856,0.0002874638143489372,0.051799308149893974,0.06069573048137624,0.08246626708265227
KOAc,PPhMe2,p-Xylene,0.057,105,5.7,-2.2,0.0,1.3,PENDING,PENDING,0.0,1.82658121199302,5.6921826334593595,7.776479528999892e-05,0.05947812318215939,0.05775087441926747,0.08910326870718738
KOAc,PPhMe2,p-Xylene,0.057,90,5.7,-2.2,0.0,1.3,PENDING,PENDING,0.0,1.386598842833986,5.696008882946584,5.631961569317113e-05,0.06877713915294126,0.05901416385990594,0.09801339950405341
KOAc,PPhMe2,DMAc,0.153,120,-4.3,3.0,-3.4,0.5,PENDING,PENDING,0.0,3.4221141507432433,6.327468410511756,0.001118370427645397,0.04686617030804492,0.06260963769555236,0.07839873806602331
KOAc,PPhMe2,DMAc,0.153,105,-4.3,3.0,-3.4,0.5,PENDING,PENDING,0.0,2.921681915592076,6.172203583298666,0.0005903761675659343,0.054397301170337156,0.061925876892919916,0.08502732289609846
KOAc,PPhMe2,DMAc,0.153,90,-4.3,3.0,-3.4,0.5,PENDING,PENDING,0.0,2.4651427925283187,6.327122132481488,0.0006301542159758942,0.06361205863041673,0.06498380104894376,0.09393302181590543
KOAc,PPhMe2,DMAc,0.1,120,-4.3,3.0,-3.4,0.5,PENDING,PENDING,0.0,3.7950966431970103,6.051116910057767,0.0007768110994138024,0.054472361638517,0.05991404824293432,0.08477443536466919
KOAc,PPhMe2,DMAc,0.1,105,-4.3,3.0,-3.4,0.5,PENDING,PENDING,0.0,3.2769674368200254,5.870103742699988,0.00036050977781805407,0.06207258974734749,0.05872920880766489,0.09165452696678023
KOAc,PPhMe2,DMAc,0.1,90,-4.3,3.0,-3.4,0.5,PENDING,PENDING,0.0,2.7979987435962936,6.021509236292257,0.0003819502167826897,0.07125411540314704,0.06154031940799485,0.10063033518547009
KOAc,PPhMe2,DMAc,0.057,120,-4.3,3.0,-3.4,0.5,PENDING,PENDING,0.0,4.11435176999885,6.092162094867454,0.0010356342016618544,0.06180317352696406,0.06074857190724134,0.0916623697848109
KOAc,PPhMe2,DMAc,0.057,105,-4.3,3.0,-3.4,0.5,PENDING,PENDING,0.0,3.5894711904008445,5.899503785107229,0.00047787947869454804,0.06939653219454536,0.05915878368956151,0.09861666223407879
KOAc,PPhMe2,DMAc,0.057,90,-4.3,3.0,-3.4,0.5,PENDING,PENDING,0.0,3.0990511147480198,6.039072619563933,0.00048494392376933083,0.07845906641512038,0.06160536433752119,0.10749932102822915
KOAc,PPhMe2,BuOAc,0.153,120,1.6,0.1,-0.8,-1.9,PENDING,PENDING,0.0,1.5980362965024817,5.298186470382609,1.6714426436890387e-05,0.046018348438610523,0.044466150750616225,0.07489290891033236
KOAc,PPhMe2,BuOAc,0.153,105,1.6,0.1,-0.8,-1.9,PENDING,PENDING,0.0,1.1046318554119035,4.988768806699955,2.8556399396586363e-06,0.05413072489677054,0.041623839184898925,0.08249863779090463
KOAc,PPhMe2,BuOAc,0.153,90,1.6,0.1,-0.8,-1.9,PENDING,PENDING,0.0,0.6896324463320616,5.084323837186432,2.9637254548752683e-06,0.06397330430974256,0.04454032338850131,0.09227873699040852
KOAc,PPhMe2,BuOAc,0.1,120,1.6,0.1,-0.8,-1.9,PENDING,PENDING,0.0,1.9410238908935433,5.067682230984885,9.038755226942565e-06,0.05400625233770402,0.04241437554661152,0.08242418440889092
KOAc,PPhMe2,BuOAc,0.1,105,1.6,0.1,-0.8,-1.9,PENDING,PENDING,0.0,1.4290278208105107,4.708079904472258,9.780098556826116e-07,0.062197025808228,0.03837799110350045,0.0903062814226201
KOAc,PPhMe2,BuOAc,0.1,90,1.6,0.1,-0.8,-1.9,PENDING,PENDING,0.0,0.9923865395551914,4.780444121684065,8.982108494716313e-07,0.0719991923691382,0.04056935598437272,0.10007784741628728
KOAc,PPhMe2,BuOAc,0.057,120,1.6,0.1,-0.8,-1.9,PENDING,PENDING,0.0,2.2655555762343207,5.213244361502062,2.1628690456957224e-05,0.061671125890806505,0.045071854280910054,0.0900529552545894
KOAc,PPhMe2,BuOAc,0.057,105,1.6,0.1,-0.8,-1.9,PENDING,PENDING,0.0,1.745899225527702,4.842985211937071,2.714952890644023e-06,0.06985127674068704,0.04046829513293635,0.09794361505543492
KOAc,PPhMe2,BuOAc,0.057,90,1.6,0.1,-0.8,-1.9,PENDING,PENDING,0.0,1.29700299081159,4.8915794016623,2.1762959058448447e-06,0.07951639951961548,0.041824752406605006,0.10757163295090583
KOAc,PPhMe2,BuCN,0.153,120,-1.6,-2.1,-1.8,-0.9,PENDING,PENDING,0.0,1.0714722946400492,5.49878685421734,2.2488952364927567e-05,0.030272058247519024,0.050109724281079744,0.06129356582514224
KOAc,PPhMe2,BuCN,0.153,105,-1.6,-2.1,-1.8,-0.9,PENDING,PENDING,0.0,0.5537299026450047,5.154623833758875,3.576829690621092e-06,0.03786670033550017,0.046272185842504546,0.06746652994482814
KOAc,PPhMe2,BuCN,0.153,90,-1.6,-2.1,-1.8,-0.9,PENDING,PENDING,0.0,0.12330703941331134,5.19637022052335,2.866427102123819e-06,0.04743169470917348,0.047517689696979976,0.07655785857426531
KOAc,PPhMe2,BuCN,0.1,120,-1.6,-2.1,-1.8,-0.9,PENDING,PENDING,0.0,1.409680353932269,5.283271924280167,1.3385528460041821e-05,0.03808120494887837,0.048594073532297846,0.06801556370660863
KOAc,PPhMe2,BuCN,0.1,105,-1.6,-2.1,-1.8,-0.9,PENDING,PENDING,0.0,0.872800319117208,4.892120739182868,1.4121794419096406e-06,0.04574846772738035,0.04378660278793844,0.07456896202857495
KOAc,PPhMe2,BuCN,0.1,90,-1.6,-2.1,-1.8,-0.9,PENDING,PENDING,0.0,0.42026077517991833,4.909062692012486,9.619495289510716e-07,0.05527467085371296,0.044279766530309975,0.08377764458297816
KOAc,PPhMe2,BuCN,0.057,120,-1.6,-2.1,-1.8,-0.9,PENDING,PENDING,0.0,1.7382713310648916,5.421169775849652,2.9597414325563246e-05,0.04577939227636521,0.051002918338661114,0.07545471728162392
KOAc,PPhMe2,BuCN,0.057,105,-1.6,-2.1,-1.8,-0.9,PENDING,PENDING,0.0,1.194127419941661,5.022884713798484,3.6505879695637234e-06,0.053444309124918835,0.045800075401306095,0.08212320265024298
KOAc,PPhMe2,BuCN,0.057,90,-1.6,-2.1,-1.8,-0.9,PENDING,PENDING,0.0,0.729538916872098,5.020586816323079,2.2890412179535206e-06,0.06284131461044261,0.04567956725610413,0.09122935856289735
KOAc,PPh3,p-Xylene,0.153,120,5.7,-2.2,0.0,1.3,PENDING,PENDING,0.0,3.685384408951986,6.381982792554321,0.0014534425525477707,0.029290133415953407,0.07154739472581238,0.06587010791825967
KOAc,PPh3,p-Xylene,0.153,105,5.7,-2.2,0.0,1.3,PENDING,PENDING,0.0,3.226636211625776,6.126785700751955,0.000644705999033119,0.036775686495472915,0.06998251389684107,0.07147053860487253
KOAc,PPh3,p-Xylene,0.153,90,5.7,-2.2,0.0,1.3,PENDING,PENDING,0.0,2.806772358120867,6.176561559941195,0.0005548196836102125,0.04620542077664547,0.0716197017292837,0.0797631470194698
KOAc,PPh3,p-Xylene,0.1,120,5.7,-2.2,0.0,1.3,PENDING,PENDING,0.0,4.114290350153905,6.177684845694499,0.0012391911190063627,0.03640554825784424,0.0692296258366508,0.07097051572264619
KOAc,PPh3,p-Xylene,0.1,105,5.7,-2.2,0.0,1.3,PENDING,PENDING,0.0,3.640274440830841,5.875462301829025,0.0004661144692483417,0.04394166561764927,0.06689605260558745,0.07674918285467532
KOAc,PPh3,p-Xylene,0.1,90,5.7,-2.2,0.0,1.3,PENDING,PENDING,0.0,3.198291380815226,5.893603953429408,0.0003627541776844191,0.05333717376078133,0.06794686127633007,0.08516148386337416
KOAc,PPh3,p-Xylene,0.057,120,5.7,-2.2,0.0,1.3,PENDING,PENDING,0.0,4.474554184767724,6.265307574641411,0.0018224159328164465,0.04353776801325347,0.06977198527705557,0.07706587108804985
KOAc,PPh3,p-Xylene,0.057,105,5.7,-2.2,0.0,1.3,PENDING,PENDING,0.0,3.9944286336265513,5.9425126732361395,0.0006890458708761239,0.05105472136970893,0.06686512484608523,0.08293364068372312
KOAc,PPh3,p-Xylene,0.057,90,5.7,-2.2,0.0,1.3,PENDING,PENDING,0.0,3.540184023321784,5.93550624393797,0.0005046534933220966,0.06032605142382348,0.06739286410678984,0.09131482853307205
KOAc,PPh3,DMAc,0.153,120,-4.3,3.0,-3.4,0.5,PENDING,PENDING,0.0,5.481225650550099,6.539135896855981,0.005082127843982508,0.03954942033333465,0.07100113634534576,0.07402320182233646
KOAc,PPh3,DMAc,0.153,105,-4.3,3.0,-3.4,0.5,PENDING,PENDING,0.0,5.002357529373295,6.41252291463652,0.0032015394857241378,0.04695729513597145,0.07027541934834217,0.08009611229899055
KOAc,PPh3,DMAc,0.153,90,-4.3,3.0,-3.4,0.5,PENDING,PENDING,0.0,4.531612688456724,6.573208197554857,0.0032800936816851367,0.05614854057733579,0.07270322927593346,0.08858602041424783
KOAc,PPh3,DMAc,0.1,120,-4.3,3.0,-3.4,0.5,PENDING,PENDING,0.0,5.91726856532519,6.2429047357468965,0.003925259418199906,0.04663514258227533,0.06754480901408617,0.07921424220603746
KOAc,PPh3,DMAc,0.1,105,-4.3,3.0,-3.4,0.5,PENDING,PENDING,0.0,5.421545668748932,6.084805824943203,0.002227364715143936,0.054093057699516306,0.06622787926557382,0.08550633427651895
KOAc,PPh3,DMAc,0.1,90,-4.3,3.0,-3.4,0.5,PENDING,PENDING,0.0,4.926913429627055,6.236402411608433,0.0022340674662032663,0.06325028765761258,0.06833095718505036,0.09412329155371212
KOAc,PPh3,DMAc,0.057,120,-4.3,3.0,-3.4,0.5,PENDING,PENDING,0.0,6.255734043609935,6.256739638502345,0.004825174484091942,0.05362769861072837,0.06737143592031544,0.0853076252273598
KOAc,PPh3,DMAc,0.057,105,-4.3,3.0,-3.4,0.5,PENDING,PENDING,0.0,5.753257651520652,6.08011918387303,0.002674919453686645,0.061066386694307875,0.06556935099068796,0.09168891577628453
KOAc,PPh3,DMAc,0.057,90,-4.3,3.0,-3.4,0.5,PENDING,PENDING,0.0,5.246478505265759,6.215721189769825,0.002576795219523878,0.07010398147578266,0.06730145133480567,0.10026346637569529
KOAc,PPh3,BuOAc,0.153,120,1.6,0.1,-0.8,-1.9,PENDING,PENDING,0.0,3.7282574054361866,5.596388899173376,0.00023969113433810032,0.03785495936347458,0.05541690751373406,0.06902835742098576
KOAc,PPh3,BuOAc,0.153,105,1.6,0.1,-0.8,-1.9,PENDING,PENDING,0.0,3.259697987203546,5.3198587403376845,7.262616290707792e-05,0.04580376305560835,0.05276208911787644,0.07573250204672508
KOAc,PPh3,BuOAc,0.153,90,1.6,0.1,-0.8,-1.9,PENDING,PENDING,0.0,2.830680442867571,5.40725007279727,6.858331376788547e-05,0.05561406464108025,0.05447706702578922,0.08507671392500775
KOAc,PPh3,BuOAc,0.1,120,1.6,0.1,-0.8,-1.9,PENDING,PENDING,0.0,4.140043878753057,5.361108470793497,0.0001654804551412402,0.04524073238632663,0.05236140296613813,0.07515494664445897
KOAc,PPh3,BuOAc,0.1,105,1.6,0.1,-0.8,-1.9,PENDING,PENDING,0.0,3.654024205077679,5.026921111081441,3.6291308490564726e-05,0.053240975231673315,0.04849571999124674,0.08217136734060336
KOAc,PPh3,BuOAc,0.1,90,1.6,0.1,-0.8,-1.9,PENDING,PENDING,0.0,3.201564603695874,5.080017765987589,2.9712901522346347e-05,0.0630103931177554,0.04939267006239755,0.09163173154759827
KOAc,PPh3,BuOAc,0.057,120,1.6,0.1,-0.8,-1.9,PENDING,PENDING,0.0,4.48575057798727,5.480065551278296,0.00030148593154443945,0.052526663193626366,0.053373390685956035,0.0820487196787124
KOAc,PPh3,BuOAc,0.057,105,1.6,0.1,-0.8,-1.9,PENDING,PENDING,0.0,3.992045579709079,5.124420761826923,6.877030932689191e-05,0.06050022995775789,0.04874876197621319,0.08915795405048262
KOAc,PPh3,BuOAc,0.057,90,1.6,0.1,-0.8,-1.9,PENDING,PENDING,0.0,3.526400507815635,5.1472430028554825,5.026141496320281e-05,0.07013226490483969,0.04889634405101864,0.09852800743468065
KOAc,PPh3,BuCN,0.153,120,-1.6,-2.1,-1.8,-0.9,PENDING,PENDING,0.0,3.2180161515952745,6.007212920767666,0.0004855373326699596,0.02292413963695855,0.06398639322215234,0.05866259664991072
KOAc,PPh3,BuCN,0.153,105,-1.6,-2.1,-1.8,-0.9,PENDING,PENDING,0.0,2.726719668515736,5.7289698071361315,0.00016841365465670912,0.03039966178374824,0.06101047727644691,0.0639007147765093
KOAc,PPh3,BuCN,0.153,90,-1.6,-2.1,-1.8,-0.9,PENDING,PENDING,0.0,2.283442318006266,5.776965740140686,0.00014015560851969935,0.03994621427638778,0.06162669761614741,0.07214336923211864
KOAc,PPh3,BuCN,0.1,120,-1.6,-2.1,-1.8,-0.9,PENDING,PENDING,0.0,3.625902963142611,5.79050456426209,0.00037340174324913995,0.030159352199667255,0.0615910148069568,0.06384889643906957
KOAc,PPh3,BuCN,0.1,105,-1.6,-2.1,-1.8,-0.9,PENDING,PENDING,0.0,3.1169036332873628,5.46256105284157,0.00010244109557025114,0.0376833604548817,0.0576786673020924,0.06933659944285224
KOAc,PPh3,BuCN,0.1,90,-1.6,-2.1,-1.8,-0.9,PENDING,PENDING,0.0,2.6500191176779633,5.478585613855298,7.489190210033378e-05,0.04719049050041248,0.05755472661915619,0.07776441202828652
KOAc,PPh3,BuCN,0.057,120,-1.6,-2.1,-1.8,-0.9,PENDING,PENDING,0.0,3.9760297462796466,5.890042838822274,0.0006023800529062146,0.037479255824093144,0.06243607188586742,0.0702057246652195
KOAc,PPh3,BuCN,0.057,105,-1.6,-2.1,-1.8,-0.9,PENDING,PENDING,0.0,3.459878385055732,5.543190639379548,0.00016931099182860253,0.04498442440248361,0.05793711692002502,0.07584551642137408
KOAc,PPh3,BuCN,0.057,90,-1.6,-2.1,-1.8,-0.9,PENDING,PENDING,0.0,2.980150036161675,5.5342353833924225,0.00011494235990398274,0.054361224312159645,0.05723639710988674,0.08427513046972658
KOAc,PPh2Me,p-Xylene,0.153,120,5.7,-2.2,0.0,1.3,PENDING,PENDING,0.0,2.0668355195328028,5.572708983007485,6.42140051624442e-05,0.025964838145011743,0.0511664917949846,0.05779172975830475
KOAc,PPh2Me,p-Xylene,0.153,105,5.7,-2.2,0.0,1.3,PENDING,PENDING,0.0,1.6033493878136271,5.393495451658418,2.394686339154289e-05,0.03359230160009086,0.05137560891406211,0.06447068714430981
KOAc,PPh2Me,p-Xylene,0.153,90,5.7,-2.2,0.0,1.3,PENDING,PENDING,0.0,1.2081151872647764,5.584842389086345,3.395965480713914e-05,0.04322713047138631,0.05624410469937954,0.07396551186778548
KOAc,PPh2Me,p-Xylene,0.1,120,5.7,-2.2,0.0,1.3,PENDING,PENDING,0.0,2.5080911124052943,5.521396768360248,7.683672788431624e-05,0.03338842995837775,0.051668815527033285,0.06434794257786679
KOAc,PPh2Me,p-Xylene,0.1,105,5.7,-2.2,0.0,1.3,PENDING,PENDING,0.0,2.0299657716857156,5.299768791391521,2.4385074185138858e-05,0.04107777654788984,0.05097348621683974,0.07112827360132605
KOAc,PPh2Me,p-Xylene,0.1,90,5.7,-2.2,0.0,1.3,PENDING,PENDING,0.0,1.6127056044786015,5.453097086290726,2.9871597875790108e-05,0.05067894272130108,0.05499236411476911,0.08055168094564383
KOAc,PPh2Me,p-Xylene,0.057,120,5.7,-2.2,0.0,1.3,PENDING,PENDING,0.0,2.9044896236505204,5.785138525027332,0.00022325670238974816,0.04081789101742152,0.055640739028370925,0.07170018458091375
KOAc,PPh2Me,p-Xylene,0.057,105,5.7,-2.2,0.0,1.3,PENDING,PENDING,0.0,2.4209773965990538,5.545151053438369,7.742300316141587e-05,0.04849337214347767,0.05423839580967929,0.0784263548553064
KOAc,PPh2Me,p-Xylene,0.057,90,5.7,-2.2,0.0,1.3,PENDING,PENDING,0.0,1.990750571736279,5.657763671198843,7.917107058817924e-05,0.05796500255713494,0.05730056251058161,0.08763212704484658
KOAc,PPh2Me,DMAc,0.153,120,-4.3,3.0,-3.4,0.5,PENDING,PENDING,0.0,3.866845499833345,5.898654857284176,0.0005724237098853483,0.036283541329000774,0.055806148516182576,0.06772547631892255
KOAc,PPh2Me,DMAc,0.153,105,-4.3,3.0,-3.4,0.5,PENDING,PENDING,0.0,3.3842042182697614,5.85665504318559,0.000374668288336006,0.043826732207096666,0.05702158197867271,0.0746428971402586
KOAc,PPh2Me,DMAc,0.153,90,-4.3,3.0,-3.4,0.5,PENDING,PENDING,0.0,2.9387137236758316,6.143118147597065,0.0005583134146808178,0.05321370407835126,0.06220875729477685,0.08400209064635315
KOAc,PPh2Me,DMAc,0.1,120,-4.3,3.0,-3.4,0.5,PENDING,PENDING,0.0,4.3139595821354835,5.746581999958427,0.0005336235066695384,0.0436672081909516,0.05492380271443297,0.07413123849667391
KOAc,PPh2Me,DMAc,0.1,105,-4.3,3.0,-3.4,0.5,PENDING,PENDING,0.0,3.8151954174613625,5.677485398357664,0.0003175349298620688,0.05127101928104984,0.055537842455386476,0.08117685820633162
KOAc,PPh2Me,DMAc,0.1,90,-4.3,3.0,-3.4,0.5,PENDING,PENDING,0.0,3.346098455817946,5.949377830705173,0.00045936913955691057,0.06062459743921246,0.06026312720972076,0.09050120974980431
KOAc,PPh2Me,DMAc,0.057,120,-4.3,3.0,-3.4,0.5,PENDING,PENDING,0.0,4.6872846034685205,5.919630065565317,0.0010170384874213147,0.05094666193412353,0.05773288986940553,0.08120904524492384
KOAc,PPh2Me,DMAc,0.057,105,-4.3,3.0,-3.4,0.5,PENDING,PENDING,0.0,4.182505795520013,5.83097537569989,0.0005995660731151469,0.058536337221594625,0.05775200554052522,0.08822377431931588
KOAc,PPh2Me,DMAc,0.057,90,-4.3,3.0,-3.4,0.5,PENDING,PENDING,0.0,3.700675934827484,6.072384917197312,0.0007677898237034957,0.06776553178612485,0.06178712931912367,0.09736865245250209
KOAc,PPh2Me,BuOAc,0.153,105,1.6,0.1,-0.8,-1.9,PENDING,PENDING,0.0,1.5801420610937624,4.474614932388403,3.048821316649936e-07,0.04276670232485179,0.032751149903105604,0.07093371236929032
KOAc,PPh2Me,BuOAc,0.153,90,1.6,0.1,-0.8,-1.9,PENDING,PENDING,0.0,1.180759672988553,4.772249100477951,1.0525976186696282e-06,0.05281913209567843,0.03998104972738852,0.0811278217343025
KOAc,PPh2Me,BuOAc,0.1,120,1.6,0.1,-0.8,-1.9,PENDING,PENDING,0.0,2.4802005367199396,4.614046417502957,1.8610846349884517e-06,0.04237575097123951,0.034226070876446656,0.0706136137402528
KOAc,PPh2Me,BuOAc,0.1,105,1.6,0.1,-0.8,-1.9,PENDING,PENDING,0.0,1.9925183313337196,4.401367722039563,3.1834720015802765e-07,0.05056900716515576,0.033061292210325055,0.07865361215254622
KOAc,PPh2Me,BuOAc,0.1,90,1.6,0.1,-0.8,-1.9,PENDING,PENDING,0.0,1.5695304826505199,4.65290330964116,8.457260505962549e-07,0.060580233371788694,0.03888629669556182,0.08872020344191593
KOAc,PPh2Me,BuOAc,0.057,120,1.6,0.1,-0.8,-1.9,PENDING,PENDING,0.0,2.86842875209514,4.9784198779936615,1.476773974061691e-05,0.04999397934158985,0.04095086691120577,0.0784296260518965
KOAc,PPh2Me,BuOAc,0.057,105,1.6,0.1,-0.8,-1.9,PENDING,PENDING,0.0,2.373783129753863,4.746423134760816,3.2367029293881255e-06,0.058165689425045505,0.038872383798733014,0.08633499098659514
KOAc,PPh2Me,BuOAc,0.057,90,1.6,0.1,-0.8,-1.9,PENDING,PENDING,0.0,1.9363249071044675,4.937491332052395,5.105125745759792e-06,0.06803080070778654,0.04288250612387347,0.09620614999854382
KOAc,PPh2Me,BuCN,0.153,120,-1.6,-2.1,-1.8,-0.9,PENDING,PENDING,0.0,1.5168146643118998,4.997103323340088,4.4426016551585106e-06,0.019292307844256257,0.0406331792092493,0.049735456635353545
KOAc,PPh2Me,BuCN,0.153,105,-1.6,-2.1,-1.8,-0.9,PENDING,PENDING,0.0,1.0193920151104194,4.793718770454496,9.919546726833488e-07,0.026911404944729045,0.039210585683351236,0.05633678740950397
KOAc,PPh2Me,BuCN,0.153,90,-1.6,-2.1,-1.8,-0.9,PENDING,PENDING,0.0,0.602849368851401,5.0129744322975185,1.946060168083926e-06,0.03667736518238317,0.043803320322882006,0.06602014378284295
KOAc,PPh2Me,BuCN,0.1,120,-1.6,-2.1,-1.8,-0.9,PENDING,PENDING,0.0,1.938862296590222,4.957837027466876,5.606995398745756e-06,0.026855175270308743,0.042036024913866814,0.056738035937449166
KOAc,PPh2Me,BuCN,0.1,105,-1.6,-2.1,-1.8,-0.9,PENDING,PENDING,0.0,1.4243831476047468,4.709195929661038,9.78929275497186e-07,0.034535154495732315,0.039530670536126446,0.06348242411445182
KOAc,PPh2Me,BuCN,0.1,90,-1.6,-2.1,-1.8,-0.9,PENDING,PENDING,0.0,0.9841804972474941,4.886953300972926,1.5437387010021233e-06,0.04426162956890252,0.04294913677054199,0.07306973581346805
KOAc,PPh2Me,BuCN,0.057,120,-1.6,-2.1,-1.8,-0.9,PENDING,PENDING,0.0,2.329683172564779,5.275284028402742,2.8778105157668842e-05,0.034497779899620176,0.04747608280529532,0.06457406329020977
KOAc,PPh2Me,BuCN,0.057,105,-1.6,-2.1,-1.8,-0.9,PENDING,PENDING,0.0,1.8089366531449889,5.0120827669596,6.2890804868476625e-06,0.04216489610569994,0.04439832948832564,0.0712342270516096
KOAc,PPh2Me,BuCN,0.057,90,-1.6,-2.1,-1.8,-0.9,PENDING,PENDING,0.0,1.3549450518453998,5.142459752218724,7.190737477150139e-06,0.05175415719645164,0.04659875304156417,0.08057122866714357
KOAc,PCy3 HBF4,p-Xylene,0.153,120,5.7,-2.2,0.0,1.3,PENDING,PENDING,0.0,3.0047515408274346,5.447853198692863,8.965582487472853e-05,0.023607220701330367,0.05105312053330196,0.05576339790310965
KOAc,PCy3 HBF4,p-Xylene,0.153,105,5.7,-2.2,0.0,1.3,PENDING,PENDING,0.0,2.538810434382077,5.120597487496061,1.9289416798496078e-05,0.03098022323664927,0.047585855496542595,0.061430240411776305
KOAc,PCy3 HBF4,p-Xylene,0.153,90,5.7,-2.2,0.0,1.3,PENDING,PENDING,0.0,2.1279361734336106,5.192923688520615,1.7735842973889266e-05,0.040432951774345055,0.04947685489188171,0.07030461508806604
KOAc,PCy3 HBF4,p-Xylene,0.1,120,5.7,-2.2,0.0,1.3,PENDING,PENDING,0.0,3.4608407557222622,5.355444777127014,9.5729368449338e-05,0.030947903415152717,0.05103229860485574,0.06207417627893222
KOAc,PCy3 HBF4,p-Xylene,0.1,105,5.7,-2.2,0.0,1.3,PENDING,PENDING,0.0,2.9806889499232856,4.982249034643674,1.6637761654376352e-05,0.038378091323181956,0.04662752000112368,0.06798985961306869
KOAc,PCy3 HBF4,p-Xylene,0.1,90,5.7,-2.2,0.0,1.3,PENDING,PENDING,0.0,2.54773120979334,5.016191895266833,1.2811626156527774e-05,0.04779737151333671,0.04759897947882653,0.07691224076395967
KOAc,PCy3 HBF4,p-Xylene,0.057,120,5.7,-2.2,0.0,1.3,PENDING,PENDING,0.0,3.8558338585662755,5.597402812637602,0.00026353002772889307,0.038361307788639235,0.05469309827538661,0.06933603541324733
KOAc,PCy3 HBF4,p-Xylene,0.057,105,5.7,-2.2,0.0,1.3,PENDING,PENDING,0.0,3.3709923587335586,5.2187657667400575,5.659321974863592e-05,0.045786136254048815,0.04993340581186411,0.0753143832297412
KOAc,PCy3 HBF4,p-Xylene,0.057,90,5.7,-2.2,0.0,1.3,PENDING,PENDING,0.0,2.9256177253270574,5.222465490292699,3.9445554463008424e-05,0.05508363299150601,0.050153642407100345,0.08409099104680523
KOAc,PCy3 HBF4,DMAc,0.153,120,-4.3,3.0,-3.4,0.5,PENDING,PENDING,0.0,4.907984949238426,5.996777025078585,0.0013753596370582877,0.03430321765482848,0.059946363115138866,0.06692458118421138
KOAc,PCy3 HBF4,DMAc,0.153,105,-4.3,3.0,-3.4,0.5,PENDING,PENDING,0.0,4.4244351700895015,5.836813452124321,0.0007124676230293708,0.04161315840644128,0.05810141446621964,0.0728746591749939
KOAc,PCy3 HBF4,DMAc,0.153,90,-4.3,3.0,-3.4,0.5,PENDING,PENDING,0.0,3.9605398133759517,6.010624091812456,0.0007873119967615732,0.05082274991768679,0.060363358166799504,0.08152635075585385
KOAc,PCy3 HBF4,DMAc,0.1,120,-4.3,3.0,-3.4,0.5,PENDING,PENDING,0.0,5.368122520172461,5.783181942521278,0.0011599895531304721,0.04160393915443228,0.0582158620705677,0.07288881982161179
KOAc,PCy3 HBF4,DMAc,0.1,105,-4.3,3.0,-3.4,0.5,PENDING,PENDING,0.0,4.868623315652168,5.593333157636979,0.0005326171430492964,0.04897037093693467,0.05572597452771843,0.07908866949214494
KOAc,PCy3 HBF4,DMAc,0.1,90,-4.3,3.0,-3.4,0.5,PENDING,PENDING,0.0,4.3809872031786385,5.755622062365892,0.0005706602750652169,0.05814715642804996,0.057529539539821116,0.08783179683708918
KOAc,PCy3 HBF4,DMAc,0.057,120,-4.3,3.0,-3.4,0.5,PENDING,PENDING,0.0,5.735423864860152,5.900835469446926,0.0018684715742056414,0.04885626112756404,0.060123527453484565,0.0797114504242665
KOAc,PCy3 HBF4,DMAc,0.057,105,-4.3,3.0,-3.4,0.5,PENDING,PENDING,0.0,5.230263007742608,5.699311630292473,0.0008778267990598027,0.05621549416403401,0.05726148390349953,0.08599771020700324
KOAc,PCy3 HBF4,DMAc,0.057,90,-4.3,3.0,-3.4,0.5,PENDING,PENDING,0.0,4.730514853854144,5.842316233363321,0.0008797974793875295,0.06527518668633354,0.058603140247449795,0.09465295138860434
KOAc,PCy3 HBF4,BuOAc,0.153,120,1.6,0.1,-0.8,-1.9,PENDING,PENDING,0.0,3.097164909368281,4.833557478236038,9.960481309366785e-06,0.03214425057216523,0.03975487620565013,0.061264316659245324
KOAc,PCy3 HBF4,BuOAc,0.153,105,1.6,0.1,-0.8,-1.9,PENDING,PENDING,0.0,2.6211435369532747,4.471199756392243,1.0051179883897643e-06,0.03994788682352447,0.03395917015673824,0.06822379675662842
KOAc,PCy3 HBF4,BuOAc,0.153,90,1.6,0.1,-0.8,-1.9,PENDING,PENDING,0.0,2.1993736882841874,4.568509177418181,1.0715859903720646e-06,0.049763529496512,0.03518486322375116,0.07791871479210026
KOAc,PCy3 HBF4,BuOAc,0.1,120,1.6,0.1,-0.8,-1.9,PENDING,PENDING,0.0,3.536560130383504,4.719832759961403,9.28685276606049e-06,0.03976448086323571,0.03954769362438414,0.068452777406169
KOAc,PCy3 HBF4,BuOAc,0.1,105,1.6,0.1,-0.8,-1.9,PENDING,PENDING,0.0,3.04404247052219,4.301133149942394,6.131050048590244e-07,0.04762303267313754,0.03227997622161838,0.07571533294861031
KOAc,PCy3 HBF4,BuOAc,0.057,120,1.6,0.1,-0.8,-1.9,PENDING,PENDING,0.0,3.916486651999883,5.000293106790746,4.143188496939776e-05,0.04735204785985804,0.044217968170463695,0.07614114564282887
KOAc,PCy3 HBF4,BuOAc,0.057,105,1.6,0.1,-0.8,-1.9,PENDING,PENDING,0.0,3.418065056793673,4.582490491689859,4.324808725710065e-06,0.055203982868881216,0.03694837263904087,0.08334770603607937
KOAc,PCy3 HBF4,BuOAc,0.057,90,1.6,0.1,-0.8,-1.9,PENDING,PENDING,0.0,2.9599018673729818,4.603041450622351,2.945754462483583e-06,0.06484571863986248,0.035848722061823136,0.09288793304141811
KOAc,PCy3 HBF4,BuCN,0.153,120,-1.6,-2.1,-1.8,-0.9,PENDING,PENDING,0.0,2.5824118062331585,5.259569303503217,3.369146473676933e-05,0.0172316138846475,0.048684662340858754,0.04985606849315369
KOAc,PCy3 HBF4,BuCN,0.153,105,-1.6,-2.1,-1.8,-0.9,PENDING,PENDING,0.0,2.0842556430695645,4.907600200840168,5.153886694509073e-06,0.024575472174541785,0.043160576337709235,0.05489749400151718
KOAc,PCy3 HBF4,BuCN,0.153,90,-1.6,-2.1,-1.8,-0.9,PENDING,PENDING,0.0,1.648653414021604,4.962545094675674,4.318391939325486e-06,0.03413360468541367,0.043012252475876214,0.06355114345601953
KOAc,PCy3 HBF4,BuCN,0.1,120,-1.6,-2.1,-1.8,-0.9,PENDING,PENDING,0.0,3.0173713473335737,5.15527808141068,3.3460787961314166e-05,0.02469701831396215,0.04875516756442325,0.05616085604424467
KOAc,PCy3 HBF4,BuCN,0.1,105,-1.6,-2.1,-1.8,-0.9,PENDING,PENDING,0.0,2.5025350557337736,4.756186354456501,3.872334093009056e-06,0.03209473361877803,0.042225101010788156,0.06155452561192537
KOAc,PCy3 HBF4,BuCN,0.1,90,-1.6,-2.1,-1.8,-0.9,PENDING,PENDING,0.0,2.043413391016433,4.77323884921019,2.6227584037291434e-06,0.04161346422209229,0.04098291132725655,0.07035402560119533
KOAc,PCy3 HBF4,BuCN,0.057,120,-1.6,-2.1,-1.8,-0.9,PENDING,PENDING,0.0,3.401067216342491,5.40007127067636,0.00010515509446040478,0.03230896336340623,0.05258825804996443,0.06358537292484792
KOAc,PCy3 HBF4,BuCN,0.057,105,-1.6,-2.1,-1.8,-0.9,PENDING,PENDING,0.0,2.8806245546537763,4.999551288677544,1.6272758160002453e-05,0.039704804777227945,0.04593176213670872,0.0691214560160551
KOAc,PCy3 HBF4,BuCN,0.057,90,-1.6,-2.1,-1.8,-0.9,PENDING,PENDING,0.0,2.4087292037499735,4.989303338049373,1.0062055960452987e-05,0.04909741113702917,0.044095521920820384,0.07780185667579825
KOAc,P(fur)3,p-Xylene,0.153,120,5.7,-2.2,0.0,1.3,PENDING,PENDING,0.0,8.588141884540878,5.999456440411874,0.01104825694950698,0.03259347647098573,0.05753965121793914,0.06491190566516905
KOAc,P(fur)3,p-Xylene,0.153,105,5.7,-2.2,0.0,1.3,PENDING,PENDING,0.0,8.182404688302768,5.912348235520592,0.0077864190399478395,0.040546406829066295,0.058301918131039514,0.07197299798288602
KOAc,P(fur)3,p-Xylene,0.153,90,5.7,-2.2,0.0,1.3,PENDING,PENDING,0.0,7.7274518404237815,6.1560332337129475,0.008933413347959884,0.05040044216993353,0.06304045282727745,0.08162122286751715
KOAc,P(fur)3,p-Xylene,0.1,120,5.7,-2.2,0.0,1.3,PENDING,PENDING,0.0,9.119094637071726,5.721116630739005,0.009585698572060417,0.039955318852474594,0.05416625652873369,0.07065860718381523
KOAc,P(fur)3,p-Xylene,0.1,105,5.7,-2.2,0.0,1.3,PENDING,PENDING,0.0,8.701893650771538,5.598626353060629,0.006175904377178215,0.04797705419489458,0.05421070771082669,0.07794718218676414
KOAc,P(fur)3,p-Xylene,0.1,90,5.7,-2.2,0.0,1.3,PENDING,PENDING,0.0,8.224393357223462,5.833035252368961,0.0070050402069577675,0.057807206231586084,0.05864981930345465,0.08766496860575815
KOAc,P(fur)3,p-Xylene,0.057,120,5.7,-2.2,0.0,1.3,PENDING,PENDING,0.0,9.485681134703409,5.789607771992703,0.012973953513383929,0.047260883632580214,0.05481666422750547,0.0773826579747644
KOAc,P(fur)3,p-Xylene,0.057,105,5.7,-2.2,0.0,1.3,PENDING,PENDING,0.0,9.063812665282903,5.643815291513841,0.008204869702089723,0.055266878688870355,0.05416508788372407,0.08471288649127603
KOAc,P(fur)3,p-Xylene,0.057,90,5.7,-2.2,0.0,1.3,PENDING,PENDING,0.0,8.575014693677591,5.853885867878982,0.008782069383621,0.06497065923996403,0.05804623650887677,0.09430310699040192
KOAc,P(fur)3,DMAc,0.153,105,-4.3,3.0,-3.4,0.5,PENDING,PENDING,0.0,9.525419416419382,6.702700884187152,0.04076662959755917,0.05091039640900216,0.06702283505971861,0.08283787607523908
KOAc,P(fur)3,DMAc,0.153,90,-4.3,3.0,-3.4,0.5,PENDING,PENDING,0.0,9.02958414196592,7.00138694689413,0.04497543565508322,0.06050935296550014,0.07189378859252747,0.09228133927983931
KOAc,P(fur)3,DMAc,0.1,120,-4.3,3.0,-3.4,0.5,PENDING,PENDING,0.0,10.473541210193563,6.378300041317436,0.04341293993101944,0.050379266374027745,0.061815823760045595,0.08138012637721787
KOAc,P(fur)3,DMAc,0.1,105,-4.3,3.0,-3.4,0.5,PENDING,PENDING,0.0,10.029102649192096,6.3947362509789185,0.03643154811861449,0.05831203982524677,0.0631663614745063,0.08879392660987245
KOAc,P(fur)3,DMAc,0.1,90,-4.3,3.0,-3.4,0.5,PENDING,PENDING,0.0,9.509931392312094,6.697893203110523,0.04030502208693809,0.067886260920565,0.0679466025910097,0.09830583676798077
KOAc,P(fur)3,DMAc,0.057,120,-4.3,3.0,-3.4,0.5,PENDING,PENDING,0.0,10.814694864256754,6.393205756461023,0.05098762902733972,0.057541518069174694,0.06195267823253545,0.08790019919355795
KOAc,P(fur)3,DMAc,0.057,105,-4.3,3.0,-3.4,0.5,PENDING,PENDING,0.0,10.364768746954697,6.39295617275721,0.042071322713383735,0.06545832285308686,0.06283875561909708,0.09534281665542572
KOAc,P(fur)3,DMAc,0.057,90,-4.3,3.0,-3.4,0.5,PENDING,PENDING,0.0,9.834572554043813,6.682225906023726,0.0453630780385903,0.07491075360652377,0.0672823705597004,0.10474229985486647
KOAc,P(fur)3,BuOAc,0.153,120,1.6,0.1,-0.8,-1.9,PENDING,PENDING,0.0,8.607285374993426,5.543403358109772,0.005296198746403066,0.04155165679610316,0.04645249899885819,0.07091032289114393
KOAc,P(fur)3,BuOAc,0.153,105,1.6,0.1,-0.8,-1.9,PENDING,PENDING,0.0,8.190868512917383,5.496695003660109,0.00377305665932285,0.05002199532718006,0.04739104200892635,0.07899717721551457
KOAc,P(fur)3,BuOAc,0.153,90,1.6,0.1,-0.8,-1.9,PENDING,PENDING,0.0,7.727029271983925,5.80232671595564,0.005022598147902402,0.06029617472519065,0.05297588713890792,0.0893349050545144
KOAc,P(fur)3,BuOAc,0.1,120,1.6,0.1,-0.8,-1.9,PENDING,PENDING,0.0,9.118163297890653,5.282080799204283,0.004443039229877856,0.049219153849403535,0.04318466684320587,0.0778427385599756
KOAc,P(fur)3,BuOAc,0.1,105,1.6,0.1,-0.8,-1.9,PENDING,PENDING,0.0,8.688306882409503,5.202513408027573,0.0028661989644886143,0.05776452769079507,0.04323143433262976,0.08613604353613853
KOAc,P(fur)3,BuOAc,0.1,90,1.6,0.1,-0.8,-1.9,PENDING,PENDING,0.0,8.20111945257335,5.501010093648136,0.00382853544344202,0.06801036924800354,0.04848233747262983,0.09643250051164394
KOAc,P(fur)3,BuOAc,0.057,120,1.6,0.1,-0.8,-1.9,PENDING,PENDING,0.0,9.468538573255417,5.397168479928056,0.00681586967455735,0.05669781203730606,0.044913613230378006,0.08520125355387408
KOAc,P(fur)3,BuOAc,0.057,105,1.6,0.1,-0.8,-1.9,PENDING,PENDING,0.0,9.032725569373728,5.293403594906258,0.00430340339964972,0.06522100428697893,0.04410044937259579,0.09348372396340289
KOAc,P(fur)3,BuOAc,0.057,90,1.6,0.1,-0.8,-1.9,PENDING,PENDING,0.0,8.533743656689117,5.562168121719716,0.0052443443186038635,0.07532670733765247,0.048559215035100335,0.1036056284233202
KOAc,P(fur)3,BuCN,0.153,120,-1.6,-2.1,-1.8,-0.9,PENDING,PENDING,0.0,8.07949567021598,5.915340513033007,0.007397671733737177,0.026424612979530984,0.054432184213777136,0.05895073755654679
KOAc,P(fur)3,BuCN,0.153,105,-1.6,-2.1,-1.8,-0.9,PENDING,PENDING,0.0,7.641556638902415,5.840512705495455,0.005113429506880138,0.03439708482741216,0.054230186247228127,0.06575039913353502
KOAc,P(fur)3,BuCN,0.153,90,-1.6,-2.1,-1.8,-0.9,PENDING,PENDING,0.0,7.165394295450984,6.090057461392123,0.005982463725413577,0.04439002220122018,0.05810089307467411,0.07534344652336508
KOAc,P(fur)3,BuCN,0.1,120,-1.6,-2.1,-1.8,-0.9,PENDING,PENDING,0.0,8.585545730901256,5.666286354549724,0.006490235207357323,0.03392882834486094,0.051802666486791965,0.0648515231162187
KOAc,P(fur)3,BuCN,0.1,105,-1.6,-2.1,-1.8,-0.9,PENDING,PENDING,0.0,8.133836749756988,5.560791480716011,0.0041163343717030496,0.04197120604602912,0.05083355046368984,0.07192285857947753
KOAc,P(fur)3,BuCN,0.1,90,-1.6,-2.1,-1.8,-0.9,PENDING,PENDING,0.0,7.634160731249094,5.801406360061206,0.004754109677836432,0.05193625538524413,0.054272120409813544,0.08161657080365234
KOAc,P(fur)3,BuCN,0.057,120,-1.6,-2.1,-1.8,-0.9,PENDING,PENDING,0.0,8.940352732087772,5.758470039450148,0.009218438105487475,0.0414356798652928,0.053160648664203176,0.07181363265966256
KOAc,P(fur)3,BuCN,0.057,105,-1.6,-2.1,-1.8,-0.9,PENDING,PENDING,0.0,8.48306916197296,5.632137911436537,0.005765408875961865,0.04946345482718745,0.05154956300631885,0.07895370855450733
KOAc,P(fur)3,BuCN,0.057,90,-1.6,-2.1,-1.8,-0.9,PENDING,PENDING,0.0,7.971798355020472,5.848425244809952,0.006243586995981987,0.05929568787875375,0.05438212369528639,0.08853276214138407
KOAc,JackiePhos,p-Xylene,0.153,120,5.7,-2.2,0.0,1.3,PENDING,PENDING,0.0,4.48470519151773,5.8287931266946575,0.0007273240596116139,0.3668315810259589,0.07823857191195634,0.3948195552849539
KOAc,JackiePhos,p-Xylene,0.153,105,5.7,-2.2,0.0,1.3,PENDING,PENDING,0.0,4.04606348330274,5.532786445125401,0.0002531133730670535,0.37386191897550275,0.07120084218897882,0.40184989007463084
KOAc,JackiePhos,p-Xylene,0.153,90,5.7,-2.2,0.0,1.3,PENDING,PENDING,0.0,3.6325921554358,5.590240352206246,0.0002198295100996209,0.37869848525264954,0.06920515024165864,0.4066864562760612
KOAc,JackiePhos,p-Xylene,0.1,120,5.7,-2.2,0.0,1.3,PENDING,PENDING,0.0,4.9400496011159944,5.5795964521137735,0.0005406088722866454,0.3744150932516197,0.0715153948501831,0.4024030643618656
KOAc,JackiePhos,p-Xylene,0.1,105,5.7,-2.2,0.0,1.3,PENDING,PENDING,0.0,4.48729619959798,5.224372024066561,0.00014288388566633227,0.381549564466128,0.06324075890406483,0.40953753546656857
KOAc,JackiePhos,p-Xylene,0.1,90,5.7,-2.2,0.0,1.3,PENDING,PENDING,0.0,4.051896712224101,5.246634874087409,0.00010830600847428536,0.38638622005074263,0.06068983150438766,0.4143741910507795
KOAc,JackiePhos,p-Xylene,0.057,120,5.7,-2.2,0.0,1.3,PENDING,PENDING,0.0,5.309462427580349,5.671483629264822,0.0008670729209329341,0.3788837052070271,0.06997769340060792,0.40687167624176435
KOAc,JackiePhos,p-Xylene,0.057,105,5.7,-2.2,0.0,1.3,PENDING,PENDING,0.0,4.850859922842519,5.2936594359802065,0.00023368134034985584,0.3860332191865944,0.06127031066764735,0.41402119018665556
KOAc,JackiePhos,p-Xylene,0.057,90,5.7,-2.2,0.0,1.3,PENDING,PENDING,0.0,4.403115930755602,5.287507370663613,0.00016242853686211775,0.39083485586568345,0.05846614803504778,0.4188228268656865
KOAc,JackiePhos,DMAc,0.153,120,-4.3,3.0,-3.4,0.5,PENDING,PENDING,0.0,6.271152132418573,6.021106063048242,0.0032287155994997208,0.37260761963375966,0.08457645012544689,0.40059560861222737
KOAc,JackiePhos,DMAc,0.153,105,-4.3,3.0,-3.4,0.5,PENDING,PENDING,0.0,5.811178683409169,5.891644346563066,0.0019203476606152216,0.3794298588006592,0.08091952819355466,0.40741783338733134
KOAc,JackiePhos,DMAc,0.153,90,-4.3,3.0,-3.4,0.5,PENDING,PENDING,0.0,5.345969690983612,6.089655334945138,0.0021513580577147383,0.38400938010732616,0.08171559310935433,0.41199735459510844
KOAc,JackiePhos,DMAc,0.1,120,-4.3,3.0,-3.4,0.5,PENDING,PENDING,0.0,6.7323618498900855,5.67450952448725,0.00217650334625924,0.38018701788046316,0.07851589488269754,0.4081749903008556
KOAc,JackiePhos,DMAc,0.1,105,-4.3,3.0,-3.4,0.5,PENDING,PENDING,0.0,6.256530064354507,5.509786604647825,0.0011196131508135476,0.3871008047186386,0.07431184572498048,0.4150887758647845
KOAc,JackiePhos,DMAc,0.1,90,-4.3,3.0,-3.4,0.5,PENDING,PENDING,0.0,5.767574234102317,5.704078730594236,0.001258727039874702,0.39166933175094676,0.07509372589268536,0.4196573028963085
KOAc,JackiePhos,DMAc,0.057,120,-4.3,3.0,-3.4,0.5,PENDING,PENDING,0.0,7.079221996941838,5.684688536411567,0.0027511336383614048,0.3846163159052912,0.07704916104813005,0.412604287483627
KOAc,JackiePhos,DMAc,0.057,105,-4.3,3.0,-3.4,0.5,PENDING,PENDING,0.0,6.596846245404156,5.499834848522804,0.0013726488952903165,0.39154169463681765,0.07262743772127853,0.41952966568225697
KOAc,JackiePhos,DMAc,0.057,90,-4.3,3.0,-3.4,0.5,PENDING,PENDING,0.0,6.095669820596994,5.677714677550611,0.0014664927782114603,0.39607272632510027,0.0733473231150167,0.42406069736958985
KOAc,JackiePhos,BuOAc,0.153,120,1.6,0.1,-0.8,-1.9,PENDING,PENDING,0.0,4.578280430313282,5.317828867960919,0.00020364782904480627,0.37219675790283024,0.08366012695045322,0.4001847428743673
KOAc,JackiePhos,BuOAc,0.153,105,1.6,0.1,-0.8,-1.9,PENDING,PENDING,0.0,4.133157170240311,5.041227377421041,5.800746242287484e-05,0.379306089331228,0.07839857019720899,0.407294061776956
KOAc,JackiePhos,BuOAc,0.153,90,1.6,0.1,-0.8,-1.9,PENDING,PENDING,0.0,3.7118909708607495,5.1532159013228735,6.002386469425086e-05,0.3841849233471342,0.07762410269556692,0.4121728951002603
KOAc,JackiePhos,BuOAc,0.1,120,1.6,0.1,-0.8,-1.9,PENDING,PENDING,0.0,5.019452431615193,5.07206816229267,0.00013542151785478004,0.3798621053773266,0.0778192835761084,0.4078500774892797
KOAc,JackiePhos,BuOAc,0.1,105,1.6,0.1,-0.8,-1.9,PENDING,PENDING,0.0,4.558468534358348,4.73556606148371,2.676153071273378e-05,0.3870695145409883,0.07177721594881661,0.41505748558425093
KOAc,JackiePhos,BuOAc,0.1,90,1.6,0.1,-0.8,-1.9,PENDING,PENDING,0.0,4.114133314175149,4.814702209608238,2.424436268116378e-05,0.3919430892621191,0.07073785809588866,0.4199310602786048
KOAc,JackiePhos,BuOAc,0.057,120,1.6,0.1,-0.8,-1.9,PENDING,PENDING,0.0,5.374934424411189,5.2035155339205525,0.0002685857376292667,0.3843690825872291,0.07656327569604615,0.4123570540693419
KOAc,JackiePhos,BuOAc,0.057,105,1.6,0.1,-0.8,-1.9,PENDING,PENDING,0.0,4.9066113661899,4.84613874409911,5.6480430317944284e-05,0.3915886477319405,0.07024024741591588,0.41957661874492164
KOAc,JackiePhos,BuOAc,0.057,90,1.6,0.1,-0.8,-1.9,PENDING,PENDING,0.0,4.449033190152814,4.89336613628169,4.468960579407776e-05,0.39642432946934103,0.06905300247493318,0.42441230047358997
KOAc,JackiePhos,BuCN,0.153,120,-1.6,-2.1,-1.8,-0.9,PENDING,PENDING,0.0,4.041947789063082,5.638822843764847,0.0003362973501922313,0.3655377885859747,0.08310382657475245,0.3935257773547273
KOAc,JackiePhos,BuCN,0.153,105,-1.6,-2.1,-1.8,-0.9,PENDING,PENDING,0.0,3.572271961296484,5.347982662483427,0.0001020987319031955,0.3725147399270954,0.0776198079228692,0.4005027126676396
KOAc,JackiePhos,BuCN,0.153,90,-1.6,-2.1,-1.8,-0.9,PENDING,PENDING,0.0,3.135949487506965,5.414828036654555,8.949415445205452e-05,0.37731146864653475,0.07667941803656676,0.40529944049944894
KOAc,JackiePhos,BuCN,0.1,120,-1.6,-2.1,-1.8,-0.9,PENDING,PENDING,0.0,4.477719399424866,5.40072209159213,0.00024003406014375074,0.37317971814901896,0.0771771456715188,0.4011676905499828
KOAc,JackiePhos,BuCN,0.1,105,-1.6,-2.1,-1.8,-0.9,PENDING,PENDING,0.0,3.9917104353931694,5.055327903725109,5.4002177829471786e-05,0.38025498064794133,0.0708808882119883,0.4082429516970939
KOAc,JackiePhos,BuCN,0.1,90,-1.6,-2.1,-1.8,-0.9,PENDING,PENDING,0.0,3.5320610430600823,5.090245417884218,4.1180786492393926e-05,0.3850463304626659,0.06965917172397504,0.41303430147963416
KOAc,JackiePhos,BuCN,0.057,120,-1.6,-2.1,-1.8,-0.9,PENDING,PENDING,0.0,4.83730469975076,5.509321134416108,0.00041998138001499673,0.37770535633897373,0.07589132023692666,0.4056933279398052
KOAc,JackiePhos,BuCN,0.057,105,-1.6,-2.1,-1.8,-0.9,PENDING,PENDING,0.0,4.3444491624824595,5.1450338732634515,9.874655668085574e-05,0.3847939256106684,0.06930872373670392,0.4127818966249869
KOAc,JackiePhos,BuCN,0.057,90,-1.6,-2.1,-1.8,-0.9,PENDING,PENDING,0.0,3.871890009848838,5.153330610826423,6.86585229898915e-05,0.38954810668211903,0.06793833100126803,0.4175360776863094
KOAc,GorlosPhos HBF4,p-Xylene,0.153,120,5.7,-2.2,0.0,1.3,PENDING,PENDING,0.0,6.734790052710423,6.454341770761761,0.008413837664364751,0.04593163842261169,0.06795116115044855,0.07869563592488066
KOAc,GorlosPhos HBF4,p-Xylene,0.153,105,5.7,-2.2,0.0,1.3,PENDING,PENDING,0.0,6.290249580757543,6.316946364226475,0.005423145937169471,0.05377401619912406,0.06819941613452428,0.08559704638011018
KOAc,GorlosPhos HBF4,p-Xylene,0.153,90,5.7,-2.2,0.0,1.3,PENDING,PENDING,0.0,5.834023581132138,6.472893246902915,0.005485513614273768,0.06330929627452267,0.07171510508102026,0.09475387782016774
KOAc,GorlosPhos HBF4,p-Xylene,0.1,120,5.7,-2.2,0.0,1.3,PENDING,PENDING,0.0,7.238669909463578,6.255862516585077,0.00807432494666889,0.05336207218063213,0.06603563397438751,0.08481876582619546
KOAc,GorlosPhos HBF4,p-Xylene,0.1,105,5.7,-2.2,0.0,1.3,PENDING,PENDING,0.0,6.7798244449467,6.087635953830767,0.004829097076083547,0.06127215491522764,0.0657411767674123,0.09190399572188794
KOAc,GorlosPhos HBF4,p-Xylene,0.1,90,5.7,-2.2,0.0,1.3,PENDING,PENDING,0.0,6.299992820888432,6.227101534550539,0.004703404588601912,0.07077972277970752,0.06888084393739621,0.10111072917024798
KOAc,GorlosPhos HBF4,p-Xylene,0.057,120,5.7,-2.2,0.0,1.3,PENDING,PENDING,0.0,7.6144871158592125,6.3467136101284245,0.01114724866624632,0.06056103587030863,0.06711031903367483,0.09148017902224014
KOAc,GorlosPhos HBF4,p-Xylene,0.057,105,5.7,-2.2,0.0,1.3,PENDING,PENDING,0.0,7.149880952167518,6.161746701879376,0.0066601215018576645,0.06845664141293786,0.06632389716554007,0.09860076933015924
KOAc,GorlosPhos HBF4,p-Xylene,0.057,90,5.7,-2.2,0.0,1.3,PENDING,PENDING,0.0,6.657618565750264,6.280377845010611,0.0062034795325784445,0.07784239056328071,0.0690051911360475,0.10770249554821323
KOAc,GorlosPhos HBF4,DMAc,0.153,120,-4.3,3.0,-3.4,0.5,PENDING,PENDING,0.0,8.786155443336298,6.03275646334037,0.012844079148677898,0.055943065959674104,0.05459516956386805,0.0853997111353178
KOAc,GorlosPhos HBF4,DMAc,0.153,105,-4.3,3.0,-3.4,0.5,PENDING,PENDING,0.0,8.315210588055743,6.037610426428981,0.010145034575561998,0.06369704717549927,0.056455702919547185,0.0929246408486947
KOAc,GorlosPhos HBF4,DMAc,0.153,90,-4.3,3.0,-3.4,0.5,PENDING,PENDING,0.0,7.7929629481576175,6.358015058847548,0.012362594599937535,0.07299114045485187,0.062408066070433574,0.1023689987896873
KOAc,GorlosPhos HBF4,DMAc,0.1,120,-4.3,3.0,-3.4,0.5,PENDING,PENDING,0.0,9.316112223751933,5.666908873004284,0.00980739859004244,0.06333419257718852,0.0498050082477105,0.09197521693154974
KOAc,GorlosPhos HBF4,DMAc,0.1,105,-4.3,3.0,-3.4,0.5,PENDING,PENDING,0.0,8.828294118416903,5.658284719230899,0.007354774119060152,0.07115421704017001,0.05139268144586247,0.0996687409282724
KOAc,GorlosPhos HBF4,DMAc,0.1,90,-4.3,3.0,-3.4,0.5,PENDING,PENDING,0.0,8.278329450179635,5.995248043023511,0.009332398808834005,0.0804203698554657,0.0575680952567623,0.10907314686700102
KOAc,GorlosPhos HBF4,DMAc,0.057,120,-4.3,3.0,-3.4,0.5,PENDING,PENDING,0.0,9.676086650888937,5.670916760176429,0.012024011123985087,0.07039170012255017,0.04992845681342283,0.09883840969961649
KOAc,GorlosPhos HBF4,DMAc,0.057,105,-4.3,3.0,-3.4,0.5,PENDING,PENDING,0.0,9.181573667502455,5.647779990456135,0.008823862952525588,0.0781968701620116,0.05103434036743955,0.10653301006579927
KOAc,GorlosPhos HBF4,DMAc,0.057,90,-4.3,3.0,-3.4,0.5,PENDING,PENDING,0.0,8.61855462777638,5.97445207194759,0.010815241684207916,0.08734557264224746,0.05690511083300073,0.1157831336279141
KOAc,GorlosPhos HBF4,BuOAc,0.153,120,1.6,0.1,-0.8,-1.9,PENDING,PENDING,0.0,6.9557351331151915,5.71646707413219,0.002716026800522048,0.05518969294032999,0.054783643841622987,0.08471741930342504
KOAc,GorlosPhos HBF4,BuOAc,0.153,105,1.6,0.1,-0.8,-1.9,PENDING,PENDING,0.0,6.502262375700277,5.5967144297672275,0.0015975860661888858,0.06353154575391683,0.05489132671991796,0.09260619998045827
KOAc,GorlosPhos HBF4,BuOAc,0.153,90,1.6,0.1,-0.8,-1.9,PENDING,PENDING,0.0,6.031746716647795,5.817609524964084,0.0018905749522795494,0.07345929189118562,0.05904563792806957,0.10248030839924621
KOAc,GorlosPhos HBF4,BuOAc,0.1,120,1.6,0.1,-0.8,-1.9,PENDING,PENDING,0.0,7.453688323492243,5.49074665430609,0.00234869761080082,0.06292295341723754,0.05257010263652475,0.09180569785003315
KOAc,GorlosPhos HBF4,BuOAc,0.1,105,1.6,0.1,-0.8,-1.9,PENDING,PENDING,0.0,6.983996712094089,5.338342807846787,0.0012303985971750895,0.07133806561035591,0.0519743843955645,0.09988428315174085
KOAc,GorlosPhos HBF4,BuOAc,0.1,90,1.6,0.1,-0.8,-1.9,PENDING,PENDING,0.0,6.48804018404139,5.546735121953441,0.0014187609122111346,0.08123341889719862,0.05570571191093409,0.10974658021833213
KOAc,GorlosPhos HBF4,BuOAc,0.057,120,1.6,0.1,-0.8,-1.9,PENDING,PENDING,0.0,7.8182976147850765,5.611252369364042,0.0037409957311116335,0.07028360165390533,0.05428290207177352,0.09902651594575282
KOAc,GorlosPhos HBF4,BuOAc,0.057,105,1.6,0.1,-0.8,-1.9,PENDING,PENDING,0.0,7.341428383483996,5.441322607931277,0.0019680885188284175,0.07867813909121596,0.05308209355813362,0.10710552286329814
KOAc,GorlosPhos HBF4,BuOAc,0.057,90,1.6,0.1,-0.8,-1.9,PENDING,PENDING,0.0,6.832020775357586,5.62494306400931,0.0020920760309954683,0.08843918448066218,0.05620455161800881,0.11682035507626631
KOAc,GorlosPhos HBF4,BuCN,0.153,120,-1.6,-2.1,-1.8,-0.9,PENDING,PENDING,0.0,6.442476902399129,5.984215151789362,0.003329720840486293,0.04003394044604451,0.05900093313647704,0.0716647622151528
KOAc,GorlosPhos HBF4,BuCN,0.153,105,-1.6,-2.1,-1.8,-0.9,PENDING,PENDING,0.0,5.96559743715015,5.845765946061937,0.0019226131476639124,0.04789032842249637,0.05830335314573869,0.07852461715763452
KOAc,GorlosPhos HBF4,BuCN,0.153,90,-1.6,-2.1,-1.8,-0.9,PENDING,PENDING,0.0,5.480368198486301,6.027587956700728,0.002063663741343407,0.05755045931297639,0.06141665932039724,0.08782663527514209
KOAc,GorlosPhos HBF4,BuCN,0.1,120,-1.6,-2.1,-1.8,-0.9,PENDING,PENDING,0.0,6.936000822681367,5.7619301565396555,0.0029318254179920844,0.04760445258839316,0.056985243474197325,0.078043917655194
KOAc,GorlosPhos HBF4,BuCN,0.1,105,-1.6,-2.1,-1.8,-0.9,PENDING,PENDING,0.0,6.442453700050355,5.593429791559427,0.0015261880509291996,0.05552924687590115,0.05566271702602032,0.08514696819224943
KOAc,GorlosPhos HBF4,BuCN,0.1,90,-1.6,-2.1,-1.8,-0.9,PENDING,PENDING,0.0,5.931479867173698,5.763192337206594,0.0015866907882626687,0.06515763361088123,0.05836051691447783,0.09451473961627116
KOAc,GorlosPhos HBF4,BuCN,0.057,120,-1.6,-2.1,-1.8,-0.9,PENDING,PENDING,0.0,7.304723541045075,5.86361804812461,0.004393855326509308,0.05499550987020954,0.05849201142373363,0.08504139315155347
KOAc,GorlosPhos HBF4,BuCN,0.057,105,-1.6,-2.1,-1.8,-0.9,PENDING,PENDING,0.0,6.804425061147391,5.67991721028997,0.002301252013163075,0.06290691572737113,0.05668005809093044,0.0922009524308578
KOAc,GorlosPhos HBF4,BuCN,0.057,90,-1.6,-2.1,-1.8,-0.9,PENDING,PENDING,0.0,6.280268697519884,5.829116020371552,0.002251521015700829,0.07240772046348526,0.05887711271683051,0.101458923030426
KOAc,CgMe-PPh,p-Xylene,0.153,120,5.7,-2.2,0.0,1.3,PENDING,PENDING,0.0,4.662865567694889,6.653677192602247,0.004013252278205849,0.04820875211120963,0.08042560659135718,0.08359572867413095
KOAc,CgMe-PPh,p-Xylene,0.153,105,5.7,-2.2,0.0,1.3,PENDING,PENDING,0.0,4.23299565250456,6.445665735794269,0.0022310818537120414,0.05594223215994748,0.07964501191945839,0.08991339082483885
KOAc,CgMe-PPh,p-Xylene,0.153,90,5.7,-2.2,0.0,1.3,PENDING,PENDING,0.0,3.8247365828683986,6.523314520474739,0.0020539009775720415,0.0653097928520312,0.08161649460815894,0.09843702669501347
KOAc,CgMe-PPh,p-Xylene,0.1,120,5.7,-2.2,0.0,1.3,PENDING,PENDING,0.0,5.114677140854991,6.5172183953926135,0.004057184617974677,0.05552150788281504,0.07961989256852516,0.08954855902734918
KOAc,CgMe-PPh,p-Xylene,0.1,105,5.7,-2.2,0.0,1.3,PENDING,PENDING,0.0,4.67128271439747,6.274291576906014,0.002074586004345149,0.06332099615932053,0.07833831733361638,0.09602342304597195
KOAc,CgMe-PPh,p-Xylene,0.1,90,5.7,-2.2,0.0,1.3,PENDING,PENDING,0.0,4.24179141995233,6.325781364360202,0.001791694088335214,0.07266241987175358,0.07986073724680527,0.10460396445943793
KOAc,CgMe-PPh,p-Xylene,0.057,120,5.7,-2.2,0.0,1.3,PENDING,PENDING,0.0,5.478845555514767,6.642776491587678,0.005962797407041871,0.0625846496640284,0.0810315638882074,0.09594065382183362
KOAc,CgMe-PPh,p-Xylene,0.057,105,5.7,-2.2,0.0,1.3,PENDING,PENDING,0.0,5.029859882346455,6.384496380700159,0.0030946486969558665,0.07036991078171892,0.07935673422773881,0.10246164053879953
KOAc,CgMe-PPh,p-Xylene,0.057,90,5.7,-2.2,0.0,1.3,PENDING,PENDING,0.0,4.588467114464099,6.41354056265203,0.0025599120636982317,0.0795942358261995,0.08047171028737807,0.11096775730254427
KOAc,CgMe-PPh,DMAc,0.153,120,-4.3,3.0,-3.4,0.5,PENDING,PENDING,0.0,6.42587625476036,6.844577096013096,0.01245323698228741,0.058029493119932246,0.08176265150956258,0.09218083289257412
KOAc,CgMe-PPh,DMAc,0.153,105,-4.3,3.0,-3.4,0.5,PENDING,PENDING,0.0,5.975246006496778,6.7578931001698255,0.008981621922236643,0.06567574908905512,0.0817508465145775,0.09878463594303144
KOAc,CgMe-PPh,DMAc,0.153,90,-4.3,3.0,-3.4,0.5,PENDING,PENDING,0.0,5.516598538843831,6.937276191895456,0.009276377638916963,0.07480977067288014,0.0843335904771281,0.10734816232776354
KOAc,CgMe-PPh,DMAc,0.1,120,-4.3,3.0,-3.4,0.5,PENDING,PENDING,0.0,6.883625343515977,6.621525770666088,0.011453895489067806,0.06530479057105501,0.08011391500483037,0.09812454110738136
KOAc,CgMe-PPh,DMAc,0.1,105,-4.3,3.0,-3.4,0.5,PENDING,PENDING,0.0,6.417815873432988,6.51303051739458,0.007834676373530053,0.07301542620080344,0.07974923083296849,0.10490050739937758
KOAc,CgMe-PPh,DMAc,0.1,90,-4.3,3.0,-3.4,0.5,PENDING,PENDING,0.0,5.93618172342122,6.685273668866589,0.007951739358038099,0.0821229792365563,0.08207197875270751,0.11352869007393586
KOAc,CgMe-PPh,DMAc,0.057,120,-4.3,3.0,-3.4,0.5,PENDING,PENDING,0.0,7.22603750929205,6.676279173240357,0.01445281498346443,0.07223240785549223,0.08093284608530285,0.10441544288413884
KOAc,CgMe-PPh,DMAc,0.057,105,-4.3,3.0,-3.4,0.5,PENDING,PENDING,0.0,6.753978598523542,6.55399696364263,0.009803139820801318,0.07992849107572736,0.08025241433285189,0.11123632233253185
KOAc,CgMe-PPh,DMAc,0.057,90,-4.3,3.0,-3.4,0.5,PENDING,PENDING,0.0,6.260541475587895,6.711515600633778,0.00964222753855358,0.08892294549239162,0.0822817912832117,0.11979207998457245
KOAc,CgMe-PPh,BuOAc,0.153,120,1.6,0.1,-0.8,-1.9,PENDING,PENDING,0.0,4.757696311548546,6.0459773795727685,0.0013902555121978917,0.05734919328682375,0.07112478447965465,0.089328886460271
KOAc,CgMe-PPh,BuOAc,0.153,105,1.6,0.1,-0.8,-1.9,PENDING,PENDING,0.0,4.321170173595224,5.84093686000687,0.0006724372690408136,0.06556541525262978,0.06998907204317902,0.09649924511836191
KOAc,CgMe-PPh,BuOAc,0.153,90,1.6,0.1,-0.8,-1.9,PENDING,PENDING,0.0,3.904913262987317,5.958391124511497,0.00067479609501595,0.0753104152387763,0.0719803254449352,0.10574031326593514
KOAc,CgMe-PPh,BuOAc,0.1,120,1.6,0.1,-0.8,-1.9,PENDING,PENDING,0.0,5.195863210453287,5.907405351231798,0.0013608058762847146,0.06495253618142026,0.07045668749898201,0.0960200721008137
KOAc,CgMe-PPh,BuOAc,0.1,105,1.6,0.1,-0.8,-1.9,PENDING,PENDING,0.0,4.744144797371186,5.665039200498432,0.0005844033128415364,0.07324007556089947,0.06873075799298853,0.10337045962842073
KOAc,CgMe-PPh,BuOAc,0.1,90,1.6,0.1,-0.8,-1.9,PENDING,PENDING,0.0,4.305552503290654,5.755581744618441,0.0005424361780335552,0.08295494006820717,0.07018318138828263,0.11264955059741034
KOAc,CgMe-PPh,BuOAc,0.057,120,1.6,0.1,-0.8,-1.9,PENDING,PENDING,0.0,5.5465833836866905,6.067898849911076,0.002319251651093455,0.07216892532411043,0.07237406384240805,0.1029063639970221
KOAc,CgMe-PPh,BuOAc,0.057,105,1.6,0.1,-0.8,-1.9,PENDING,PENDING,0.0,5.0878934754086815,5.810626840345603,0.0010305451233934854,0.08043651837318751,0.07021912399492525,0.11028421049701984
KOAc,CgMe-PPh,BuOAc,0.057,90,1.6,0.1,-0.8,-1.9,PENDING,PENDING,0.0,4.636567155354356,5.875242474907146,0.000892281366497957,0.09002291675581617,0.07119242917395346,0.11945341547041433
KOAc,CgMe-PPh,BuCN,0.153,120,-1.6,-2.1,-1.8,-0.9,PENDING,PENDING,0.0,4.230873209573711,6.363835051054693,0.0019143018673705159,0.04245791774190284,0.0760526294868201,0.07772302445887794
KOAc,CgMe-PPh,BuCN,0.153,105,-1.6,-2.1,-1.8,-0.9,PENDING,PENDING,0.0,3.7707410513451984,6.145298279369029,0.0009405809643844212,0.05020696089851488,0.07436297940700853,0.08380603888796274
KOAc,CgMe-PPh,BuCN,0.153,90,-1.6,-2.1,-1.8,-0.9,PENDING,PENDING,0.0,3.3400333910914,6.224689158762787,0.0008582350309331212,0.059694957155666015,0.07552807073069139,0.09227114914544586
KOAc,CgMe-PPh,BuCN,0.1,120,-1.6,-2.1,-1.8,-0.9,PENDING,PENDING,0.0,4.663894422592738,6.228822398973657,0.0018942240731414511,0.04990514175756543,0.07552455850590942,0.08381858630479667
KOAc,CgMe-PPh,BuCN,0.1,105,-1.6,-2.1,-1.8,-0.9,PENDING,PENDING,0.0,4.188134787550882,5.976357871930877,0.0008418163187445468,0.0577209130512949,0.07332109350424562,0.09009127263864507
KOAc,CgMe-PPh,BuCN,0.1,90,-1.6,-2.1,-1.8,-0.9,PENDING,PENDING,0.0,3.7348508228617256,6.030498679660477,0.0007139773679548534,0.06717920218432934,0.07399229649667105,0.09863611909938488
KOAc,CgMe-PPh,BuCN,0.057,120,-1.6,-2.1,-1.8,-0.9,PENDING,PENDING,0.0,5.018608023089619,6.36928002637942,0.0029945494968766327,0.0571517029195016,0.07727810844795692,0.09042433909190482
KOAc,CgMe-PPh,BuCN,0.057,105,-1.6,-2.1,-1.8,-0.9,PENDING,PENDING,0.0,4.5363280296026876,6.103765324926174,0.0013704119763887218,0.06495413651080441,0.07472140235922727,0.09677084956948712
KOAc,CgMe-PPh,BuCN,0.057,90,-1.6,-2.1,-1.8,-0.9,PENDING,PENDING,0.0,4.070611382263692,6.136179095268184,0.0011071044339249561,0.07429004484796678,0.07499486295163486,0.1052546580002996
KOAc,BrettPhos,p-Xylene,0.153,120,5.7,-2.2,0.0,1.3,PENDING,PENDING,0.0,4.623529257451489,5.362774405083315,0.00024022070740517976,0.04152094863518588,0.05553172702734061,0.07230815176116394
KOAc,BrettPhos,p-Xylene,0.153,105,5.7,-2.2,0.0,1.3,PENDING,PENDING,0.0,4.174547327314581,5.078047330026736,6.836195267914463e-05,0.0495717484718456,0.05437271778845569,0.07944015669558725
KOAc,BrettPhos,p-Xylene,0.153,90,5.7,-2.2,0.0,1.3,PENDING,PENDING,0.0,3.74926410275499,5.181496844993172,6.823695477009258e-05,0.059435783223710154,0.0574949728660628,0.08903138420839429
KOAc,BrettPhos,p-Xylene,0.1,120,5.7,-2.2,0.0,1.3,PENDING,PENDING,0.0,5.1011331416223955,5.181172534817309,0.00020317522533536006,0.04918404254433492,0.05431988496057028,0.0790747632189372
KOAc,BrettPhos,p-Xylene,0.1,105,5.7,-2.2,0.0,1.3,PENDING,PENDING,0.0,4.63734556930016,4.84125720982334,4.3529689371819336e-05,0.05730578927394492,0.052302080775697396,0.08642381835743455
KOAc,BrettPhos,p-Xylene,0.1,90,5.7,-2.2,0.0,1.3,PENDING,PENDING,0.0,4.188585204982264,4.908271713526751,3.741222713776141e-05,0.0671383688185892,0.054748901632157114,0.09603961888818854
KOAc,BrettPhos,p-Xylene,0.057,120,5.7,-2.2,0.0,1.3,PENDING,PENDING,0.0,5.4856976105357065,5.352335074694302,0.00044197178119181803,0.056653997303535084,0.056559749712602296,0.08631280289514423
KOAc,BrettPhos,p-Xylene,0.057,105,5.7,-2.2,0.0,1.3,PENDING,PENDING,0.0,5.015643838843699,4.995022947172852,0.0001047829344269747,0.06476092400408573,0.053931715154022744,0.09368870354759198
KOAc,BrettPhos,p-Xylene,0.057,90,5.7,-2.2,0.0,1.3,PENDING,PENDING,0.0,4.553527333721183,5.029074606589243,7.960566605363126e-05,0.0744616123142003,0.05567705298021857,0.10316769406268009
KOAc,BrettPhos,DMAc,0.153,120,-4.3,3.0,-3.4,0.5,PENDING,PENDING,0.0,6.486490023483076,5.61764544995257,0.0016544383116211987,0.05192018589015386,0.05764740361874318,0.0820872735138967
KOAc,BrettPhos,DMAc,0.153,105,-4.3,3.0,-3.4,0.5,PENDING,PENDING,0.0,6.014367480070819,5.50509183432363,0.0009408121560612482,0.05988064227624164,0.0577130709700193,0.0894750875483056
KOAc,BrettPhos,DMAc,0.153,90,-4.3,3.0,-3.4,0.5,PENDING,PENDING,0.0,5.532778097474786,5.742611333928511,0.001178562837331235,0.06948718764299093,0.06164933833250659,0.09897301580389595
KOAc,BrettPhos,DMAc,0.1,120,-4.3,3.0,-3.4,0.5,PENDING,PENDING,0.0,6.971426562130762,5.318770976385382,0.001164949534750796,0.059540396108257496,0.0550692734801669,0.08884054798074309
KOAc,BrettPhos,DMAc,0.1,105,-4.3,3.0,-3.4,0.5,PENDING,PENDING,0.0,6.482411211616705,5.17358996419871,0.000570355433730906,0.06757010131070887,0.05457002775380331,0.09643825507919342
KOAc,BrettPhos,DMAc,0.1,90,-4.3,3.0,-3.4,0.5,PENDING,PENDING,0.0,5.975120493502273,5.407178836568443,0.0007221972905751637,0.0771452238133623,0.05821737797016898,0.10595207577149698
KOAc,BrettPhos,DMAc,0.057,120,-4.3,3.0,-3.4,0.5,PENDING,PENDING,0.0,7.332078852988481,5.390731274423479,0.0017521073795482567,0.06685618499272755,0.05633532324819811,0.09591638975383562
KOAc,BrettPhos,DMAc,0.057,105,-4.3,3.0,-3.4,0.5,PENDING,PENDING,0.0,6.835976332833743,5.227147880662659,0.0008474044149729843,0.07487052976846521,0.05533160346356324,0.10353852688062562
KOAc,BrettPhos,DMAc,0.057,90,-4.3,3.0,-3.4,0.5,PENDING,PENDING,0.0,6.315441994394818,5.439976520846076,0.0009895922261597672,0.0843189882815396,0.05850026486303531,0.11292117301492499
KOAc,BrettPhos,BuOAc,0.153,120,1.6,0.1,-0.8,-1.9,PENDING,PENDING,0.0,4.7250745949604545,4.5052933905366235,1.172076778436956e-05,0.05100028223065693,0.03889524700590751,0.07929222753109193
KOAc,BrettPhos,BuOAc,0.153,105,1.6,0.1,-0.8,-1.9,PENDING,PENDING,0.0,4.269816834611229,4.199946205886345,1.4693549372338626e-06,0.05958417787935885,0.03666312783795971,0.08767538077389536
KOAc,BrettPhos,BuOAc,0.153,90,1.6,0.1,-0.8,-1.9,PENDING,PENDING,0.0,3.836717397867573,4.372549168351223,2.325502674982445e-06,0.06987205524751,0.04064694846296578,0.0979681103512602
KOAc,BrettPhos,BuOAc,0.1,120,1.6,0.1,-0.8,-1.9,PENDING,PENDING,0.0,5.1878039727409915,4.3067817545722855,7.451450656894784e-06,0.05899305475807608,0.037671330002620934,0.08711539125406592
KOAc,BrettPhos,BuOAc,0.1,105,1.6,0.1,-0.8,-1.9,PENDING,PENDING,0.0,4.715698145885035,3.9334884268213206,4.924404184930685e-07,0.06765354961200731,0.0340411269222176,0.09566660722733554
KOAc,BrettPhos,BuOAc,0.1,90,1.6,0.1,-0.8,-1.9,PENDING,PENDING,0.0,4.25778533505807,4.0680618430408275,6.516738792398728e-07,0.0779030609186608,0.037065656762731686,0.10591430775399173
KOAc,BrettPhos,BuOAc,0.057,120,1.6,0.1,-0.8,-1.9,PENDING,PENDING,0.0,5.557480829200238,4.545993843573318,3.221277998844969e-05,0.06664441857150304,0.04150750153267144,0.09479356751380495
KOAc,BrettPhos,BuOAc,0.057,105,1.6,0.1,-0.8,-1.9,PENDING,PENDING,0.0,5.077300724076115,4.16014901636054,3.0555145816125133e-06,0.0752833166780727,0.03722655891175744,0.10330218213100636
KOAc,BrettPhos,BuOAc,0.057,90,1.6,0.1,-0.8,-1.9,PENDING,PENDING,0.0,4.604924897475881,4.250749098164352,2.8946874741723734e-06,0.08538568650321679,0.039090709529487115,0.11339481214947275
KOAc,BrettPhos,BuCN,0.153,120,-1.6,-2.1,-1.8,-0.9,PENDING,PENDING,0.0,4.1707838247132045,4.971062057304545,4.6541357981183854e-05,0.03532720588703571,0.04833089705251438,0.06546905009321385
KOAc,BrettPhos,BuCN,0.153,105,-1.6,-2.1,-1.8,-0.9,PENDING,PENDING,0.0,3.688849923829366,4.661634086756296,8.317730579100968e-06,0.04338735695614904,0.0454146126896277,0.0725034942145041
KOAc,BrettPhos,BuCN,0.153,90,-1.6,-2.1,-1.8,-0.9,PENDING,PENDING,0.0,3.2392442439238147,4.770706357492643,8.680236324305453e-06,0.05338497847657982,0.047415629541836105,0.08220649972040604
KOAc,BrettPhos,BuCN,0.1,120,-1.6,-2.1,-1.8,-0.9,PENDING,PENDING,0.0,4.627663558262485,4.786935652112088,3.501762422750425e-05,0.04314287595820543,0.04753275277054475,0.07253516065338435
KOAc,BrettPhos,BuCN,0.1,105,-1.6,-2.1,-1.8,-0.9,PENDING,PENDING,0.0,4.128331103372374,4.420575023858298,4.135041423293534e-06,0.0512744414129612,0.04361531172901792,0.07985843479174079
KOAc,BrettPhos,BuCN,0.1,90,-1.6,-2.1,-1.8,-0.9,PENDING,PENDING,0.0,3.6536144624975995,4.493592247896203,3.5723457280611824e-06,0.06123520873066361,0.044741214414352165,0.08960900273767221
KOAc,BrettPhos,BuCN,0.057,120,-1.6,-2.1,-1.8,-0.9,PENDING,PENDING,0.0,5.001717491542633,4.985417287618745,0.00010026227606320815,0.05082431097780318,0.05054923666998007,0.08010517674635416
KOAc,BrettPhos,BuCN,0.057,105,-1.6,-2.1,-1.8,-0.9,PENDING,PENDING,0.0,4.494918296190157,4.606797955431037,1.4622827778933557e-05,0.058942756284103934,0.0461455126339917,0.08746265072883476
KOAc,BrettPhos,BuCN,0.057,90,-1.6,-2.1,-1.8,-0.9,PENDING,PENDING,0.0,4.006159603570852,4.646444350021491,1.068950688796371e-05,0.06876470608318123,0.04651616230943909,0.09707061046906058
CsOPiv,tBPh-CPhos,p-Xylene,0.153,120,5.7,-2.2,0.0,1.3,PENDING,PENDING,0.0,7.2286855099237775,6.086208606024481,0.006151644498842666,0.2845025457841788,0.09402022576753605,0.3125014517874618
CsOPiv,tBPh-CPhos,p-Xylene,0.153,105,5.7,-2.2,0.0,1.3,PENDING,PENDING,0.0,6.842940025013963,5.742821499181313,0.002670683176555916,0.2946419400964183,0.08971014722480064,0.32263347208377846
CsOPiv,tBPh-CPhos,p-Xylene,0.153,90,5.7,-2.2,0.0,1.3,PENDING,PENDING,0.0,6.429755247390235,5.731272959271201,0.0020256141474810224,0.3033535460869345,0.08853451093224392,0.3313434385391003
CsOPiv,tBPh-CPhos,p-Xylene,0.1,120,5.7,-2.2,0.0,1.3,PENDING,PENDING,0.0,7.693204574203509,5.897741196814304,0.00580677797527851,0.29142395515718145,0.09238164568594197,0.31941831796946424
CsOPiv,tBPh-CPhos,p-Xylene,0.1,105,5.7,-2.2,0.0,1.3,PENDING,PENDING,0.0,7.294724495206281,5.50707171715625,0.002195333701095266,0.3016514430533104,0.08770277479371019,0.32964119298160033
CsOPiv,tBPh-CPhos,p-Xylene,0.1,90,5.7,-2.2,0.0,1.3,PENDING,PENDING,0.0,6.860286329647474,5.46215488050762,0.0015018870107921974,0.31036730773111565,0.08624076990829171,0.33835614182298746
CsOPiv,tBPh-CPhos,p-Xylene,0.057,120,5.7,-2.2,0.0,1.3,PENDING,PENDING,0.0,8.02321323198406,6.018720752704276,0.008453396805606667,0.29590469829528643,0.09345139169118775,0.32389892522499913
CsOPiv,tBPh-CPhos,p-Xylene,0.057,105,5.7,-2.2,0.0,1.3,PENDING,PENDING,0.0,7.617518161513875,5.616502582541801,0.0033453557329517214,0.3060931706714365,0.08867509797163045,0.3340828742513899
CsOPiv,tBPh-CPhos,p-Xylene,0.057,90,5.7,-2.2,0.0,1.3,PENDING,PENDING,0.0,7.170881479616089,5.55062678552369,0.002221558585152293,0.3147279843910379,0.08706332181712145,0.3427167785444256
CsOPiv,tBPh-CPhos,DMAc,0.153,120,-4.3,3.0,-3.4,0.5,PENDING,PENDING,0.0,8.929075540972894,5.986308704754658,0.012928180885668217,0.2897994264698532,0.0947756769437795,0.31779724583209945
CsOPiv,tBPh-CPhos,DMAc,0.153,105,-4.3,3.0,-3.4,0.5,PENDING,PENDING,0.0,8.519397570504871,5.772770035620009,0.0074744477922423225,0.2997975851955911,0.09100794806448329,0.3277890907195811
CsOPiv,tBPh-CPhos,DMAc,0.153,90,-4.3,3.0,-3.4,0.5,PENDING,PENDING,0.0,8.05528993862967,5.897976969042224,0.007097622730634058,0.30833033770674917,0.09031026238750252,0.33632042645648336
CsOPiv,tBPh-CPhos,DMAc,0.1,120,-4.3,3.0,-3.4,0.5,PENDING,PENDING,0.0,9.397683058444905,5.659169049441648,0.01013531859778509,0.296681042635399,0.09276669302768335,0.3246744420704247
CsOPiv,tBPh-CPhos,DMAc,0.1,105,-4.3,3.0,-3.4,0.5,PENDING,PENDING,0.0,8.97336869118009,5.4083196303362415,0.00515794621219455,0.30676476643108974,0.08867744326325393,0.33475441621992036
CsOPiv,tBPh-CPhos,DMAc,0.1,90,-4.3,3.0,-3.4,0.5,PENDING,PENDING,0.0,8.486210409490768,5.52625803476432,0.004774501005322049,0.3153005955494179,0.08776270230522813,0.3432894913118745
CsOPiv,tBPh-CPhos,DMAc,0.057,120,-4.3,3.0,-3.4,0.5,PENDING,PENDING,0.0,9.706845790489652,5.690788250789342,0.012600019657887027,0.30110304283809025,0.0935403362282445,0.32909610192822386
CsOPiv,tBPh-CPhos,DMAc,0.057,105,-4.3,3.0,-3.4,0.5,PENDING,PENDING,0.0,9.274786726736945,5.426051133991117,0.006389661863239339,0.3111487681036663,0.08936382192753889,0.3391382930437276
CsOPiv,tBPh-CPhos,DMAc,0.057,90,-4.3,3.0,-3.4,0.5,PENDING,PENDING,0.0,8.775585710849043,5.530421096098362,0.005717928115052437,0.3196053731063105,0.0883286551199147,0.3475941835125284
CsOPiv,tBPh-CPhos,BuOAc,0.153,120,1.6,0.1,-0.8,-1.9,PENDING,PENDING,0.0,7.546808822187774,5.191454975210892,0.0012849877708358774,0.2988687035998867,0.0820277357865154,0.326857301743392
CsOPiv,tBPh-CPhos,BuOAc,0.153,105,1.6,0.1,-0.8,-1.9,PENDING,PENDING,0.0,7.167312708001791,4.796272176828106,0.00033199955028086203,0.3095642531343156,0.0766252576290421,0.33755230836735317
CsOPiv,tBPh-CPhos,BuOAc,0.153,90,1.6,0.1,-0.8,-1.9,PENDING,PENDING,0.0,6.748964885220083,4.813925728905219,0.00024812119904501183,0.318605689740711,0.0750627994622424,0.3465936898900396
CsOPiv,tBPh-CPhos,BuOAc,0.1,120,1.6,0.1,-0.8,-1.9,PENDING,PENDING,0.0,8.002577088535551,4.971046912109764,0.0010371112527845783,0.30604480100449727,0.08013477340606508,0.33403303994433214
CsOPiv,tBPh-CPhos,BuOAc,0.1,105,1.6,0.1,-0.8,-1.9,PENDING,PENDING,0.0,7.609721794914019,4.515088925251981,0.00019564327961011383,0.316836736751527,0.07424600367654707,0.34482473293527616
CsOPiv,tBPh-CPhos,BuOAc,0.1,90,1.6,0.1,-0.8,-1.9,PENDING,PENDING,0.0,7.16942594546778,4.495203507351573,0.00012222029121376722,0.32588387475003283,0.07231677725315663,0.35387185256227693
CsOPiv,tBPh-CPhos,BuOAc,0.057,120,1.6,0.1,-0.8,-1.9,PENDING,PENDING,0.0,8.313742581034685,5.138786689227434,0.0019371201831943526,0.3105600537898981,0.08158347232847957,0.3385483219233415
CsOPiv,tBPh-CPhos,BuOAc,0.057,105,1.6,0.1,-0.8,-1.9,PENDING,PENDING,0.0,7.911509732038699,4.676949474122954,0.00042710915725983813,0.3213069683266005,0.07563506947847698,0.34929496858395
CsOPiv,tBPh-CPhos,BuOAc,0.057,90,1.6,0.1,-0.8,-1.9,PENDING,PENDING,0.0,7.457922752362576,4.6323527305666525,0.0002531371983851144,0.33026748476275164,0.07354735049753883,0.35825546355047705
CsOPiv,tBPh-CPhos,BuCN,0.153,120,-1.6,-2.1,-1.8,-0.9,PENDING,PENDING,0.0,6.848159556327926,5.499508190913457,0.0016181885432774192,0.28470102299511835,0.08660466670689754,0.31269223895558607
CsOPiv,tBPh-CPhos,BuCN,0.153,105,-1.6,-2.1,-1.8,-0.9,PENDING,PENDING,0.0,6.434598032465615,5.095482430733156,0.00044469579462814643,0.29501304528844186,0.08127991314971916,0.3230016679812302
CsOPiv,tBPh-CPhos,BuCN,0.153,90,-1.6,-2.1,-1.8,-0.9,PENDING,PENDING,0.0,5.9986998996530545,5.070157405177518,0.0002951728754428465,0.30386074005781155,0.07946756253312223,0.33184896775723693
CsOPiv,tBPh-CPhos,BuCN,0.1,120,-1.6,-2.1,-1.8,-0.9,PENDING,PENDING,0.0,7.293292216124866,5.279627012532625,0.0013264777862747306,0.2917472433469015,0.08479174758692282,0.31973684775117933
CsOPiv,tBPh-CPhos,BuCN,0.1,105,-1.6,-2.1,-1.8,-0.9,PENDING,PENDING,0.0,6.864988044890381,4.8191495425961,0.0002776728015457474,0.30215097235180227,0.07902629959886552,0.33013919666077846
CsOPiv,tBPh-CPhos,BuCN,0.1,90,-1.6,-2.1,-1.8,-0.9,PENDING,PENDING,0.0,6.406527447150843,4.757329196662591,0.0001543944150441982,0.31100313747758357,0.07687319653638243,0.33899119117055704
CsOPiv,tBPh-CPhos,BuCN,0.057,120,-1.6,-2.1,-1.8,-0.9,PENDING,PENDING,0.0,7.61068248286475,5.418577659318674,0.0022335449534730996,0.2962998152593288,0.08605035945864928,0.32428945971704726
CsOPiv,tBPh-CPhos,BuCN,0.057,105,-1.6,-2.1,-1.8,-0.9,PENDING,PENDING,0.0,7.173826071621467,4.951296863026317,0.0005248936693777444,0.3066622576835105,0.08022056410022721,0.33465049295280647
CsOPiv,tBPh-CPhos,BuCN,0.057,90,-1.6,-2.1,-1.8,-0.9,PENDING,PENDING,0.0,6.702515836714846,4.8692104539597985,0.00028353762548732897,0.3154304133821712,0.0779281907823714,0.34341846938198595
CsOPiv,X-Phos,p-Xylene,0.153,120,5.7,-2.2,0.0,1.3,PENDING,PENDING,0.0,7.547883379488399,5.548299280627907,0.0028029116762284534,0.11417114329712623,0.05418475765938985,0.14223267464812037
CsOPiv,X-Phos,p-Xylene,0.153,105,5.7,-2.2,0.0,1.3,PENDING,PENDING,0.0,7.18042181761806,5.230649960685818,0.0010914432799283905,0.12482578428183357,0.05115889482881635,0.15283422004565322
CsOPiv,X-Phos,p-Xylene,0.153,90,5.7,-2.2,0.0,1.3,PENDING,PENDING,0.0,6.781754842308114,5.30302252265426,0.0009833488984699133,0.13616915924786432,0.05323861811969885,0.16417223652665944
CsOPiv,X-Phos,p-Xylene,0.1,120,5.7,-2.2,0.0,1.3,PENDING,PENDING,0.0,8.030287102601894,5.451214359920446,0.0031228554868851337,0.12263776434764304,0.05510842869974525,0.15067810955259295
CsOPiv,X-Phos,p-Xylene,0.1,105,5.7,-2.2,0.0,1.3,PENDING,PENDING,0.0,7.650855404251507,5.092591716784042,0.0010883391208978705,0.13342382148778723,0.051423876854321794,0.16142372423712506
CsOPiv,X-Phos,p-Xylene,0.1,90,5.7,-2.2,0.0,1.3,PENDING,PENDING,0.0,7.230875238774203,5.130338813584103,0.0008826316250847999,0.14476177298511095,0.05269470481992297,0.17275702471313226
CsOPiv,X-Phos,p-Xylene,0.057,120,5.7,-2.2,0.0,1.3,PENDING,PENDING,0.0,8.370249615046134,5.676470221465421,0.005835518370142234,0.12989071260717755,0.059227457987607146,0.15794890380961737
CsOPiv,X-Phos,p-Xylene,0.057,105,5.7,-2.2,0.0,1.3,PENDING,PENDING,0.0,7.983588183742899,5.312569728040181,0.002274097840752106,0.1406329386697051,0.05528452128632634,0.16863859334715808
CsOPiv,X-Phos,p-Xylene,0.057,90,5.7,-2.2,0.0,1.3,PENDING,PENDING,0.0,7.550807426386755,5.32200590826748,0.0017407400684819122,0.15181365676021394,0.05587370944924795,0.1798113082639109
CsOPiv,X-Phos,DMAc,0.153,120,-4.3,3.0,-3.4,0.5,PENDING,PENDING,0.0,9.247255158169594,5.580344133584489,0.008197668186021231,0.1234908407086066,0.05844292009538653,0.15156659502892017
CsOPiv,X-Phos,DMAc,0.153,105,-4.3,3.0,-3.4,0.5,PENDING,PENDING,0.0,8.855118650243675,5.412493787372614,0.004835723572538253,0.13396318679793917,0.05703377298475251,0.1619891401749583
CsOPiv,X-Phos,DMAc,0.153,90,-4.3,3.0,-3.4,0.5,PENDING,PENDING,0.0,8.40461150600087,5.622524688003083,0.005414352321050343,0.14500172887032864,0.06000495696875574,0.17302416778665294
CsOPiv,X-Phos,DMAc,0.1,120,-4.3,3.0,-3.4,0.5,PENDING,PENDING,0.0,9.732991595825416,5.338235447101642,0.007196732537130761,0.13188859887835025,0.058079925141394616,0.1599283309020236
CsOPiv,X-Phos,DMAc,0.1,105,-4.3,3.0,-3.4,0.5,PENDING,PENDING,0.0,9.326887688138292,5.1402564806194535,0.0038352269392588,0.14248518226832949,0.056189282092694595,0.17049219269167795
CsOPiv,X-Phos,DMAc,0.1,90,-4.3,3.0,-3.4,0.5,PENDING,PENDING,0.0,8.853265515592673,5.343638278459889,0.004237421464541993,0.15351630233329472,0.05868598969089674,0.1815203707252958
CsOPiv,X-Phos,DMAc,0.057,120,-4.3,3.0,-3.4,0.5,PENDING,PENDING,0.0,10.051494845956347,5.4638653351981,0.010711546662994717,0.13900194579646669,0.06111263250176125,0.16704814445820518
CsOPiv,X-Phos,DMAc,0.057,105,-4.3,3.0,-3.4,0.5,PENDING,PENDING,0.0,9.63761133533082,5.255272650405777,0.005843504828667828,0.14955644128715356,0.058930317105074806,0.17756593674317434
CsOPiv,X-Phos,DMAc,0.057,90,-4.3,3.0,-3.4,0.5,PENDING,PENDING,0.0,9.151410387173954,5.437414922106026,0.006056619553989957,0.16043764281841139,0.0608991282465943,0.18844224255197756
CsOPiv,X-Phos,BuOAc,0.153,120,1.6,0.1,-0.8,-1.9,PENDING,PENDING,0.0,7.8772952973257695,4.561226286955144,0.0002888721220582133,0.12681215632469253,0.03635473927376979,0.15480020759364113
CsOPiv,X-Phos,BuOAc,0.153,90,1.6,0.1,-0.8,-1.9,PENDING,PENDING,0.0,7.116997000539544,4.338753653298228,6.400563567253892e-05,0.15032092676260664,0.034981504569488155,0.17830889886803655
CsOPiv,X-Phos,BuOAc,0.1,120,1.6,0.1,-0.8,-1.9,PENDING,PENDING,0.0,8.353785128751621,4.469858617918918,0.00032558695513253914,0.1357386464904301,0.038831306412889885,0.16372672157167123
CsOPiv,X-Phos,BuOAc,0.1,105,1.6,0.1,-0.8,-1.9,PENDING,PENDING,0.0,7.982343299858943,4.05637404376334,4.752211434274679e-05,0.14741711673942934,0.03335718277246737,0.1754050881718355
CsOPiv,X-Phos,BuOAc,0.1,90,1.6,0.1,-0.8,-1.9,PENDING,PENDING,0.0,7.559181331059519,4.159342004410745,4.757946058019634e-05,0.15941087650832925,0.035364536748742036,0.18739884787301933
CsOPiv,X-Phos,BuOAc,0.057,120,1.6,0.1,-0.8,-1.9,PENDING,PENDING,0.0,8.676970619337322,4.786984131393754,0.0010711787128024116,0.1431842809824885,0.0455300588740247,0.17117317182131678
CsOPiv,X-Phos,BuOAc,0.057,105,1.6,0.1,-0.8,-1.9,PENDING,PENDING,0.0,8.296259779627963,4.381054353688754,0.00022967146841063957,0.15480606554048001,0.040263326096584666,0.18279405950905506
CsOPiv,X-Phos,BuOAc,0.057,90,1.6,0.1,-0.8,-1.9,PENDING,PENDING,0.0,7.858850258551394,4.443666236694383,0.00019146645796289498,0.1666140020493685,0.04109912393332403,0.194601981855309
CsOPiv,X-Phos,BuCN,0.153,120,-1.6,-2.1,-1.8,-0.9,PENDING,PENDING,0.0,7.1734817216360005,4.939826154293327,0.0005081208968533528,0.10964376518526989,0.04470306433413377,0.13764463364871032
CsOPiv,X-Phos,BuCN,0.153,105,-1.6,-2.1,-1.8,-0.9,PENDING,PENDING,0.0,6.779299380367357,4.564458087967184,0.0001097623079124436,0.12048443807462632,0.03944106477847072,0.14847318971495682
CsOPiv,X-Phos,BuCN,0.153,90,-1.6,-2.1,-1.8,-0.9,PENDING,PENDING,0.0,6.3593874894750595,4.642546709850628,9.932486754096054e-05,0.13209153545006214,0.04055595398617061,0.16007987229467283
CsOPiv,X-Phos,BuCN,0.1,120,-1.6,-2.1,-1.8,-0.9,PENDING,PENDING,0.0,7.63803528114138,4.833081209435717,0.0005409551436488256,0.11831358277556052,0.046285323219625286,0.14631146086189478
CsOPiv,X-Phos,BuCN,0.1,105,-1.6,-2.1,-1.8,-0.9,PENDING,PENDING,0.0,7.230059282539308,4.4120563361994405,9.504940551845675e-05,0.12929768707402647,0.04035894303971294,0.15728611076598764
CsOPiv,X-Phos,BuCN,0.1,90,-1.6,-2.1,-1.8,-0.9,PENDING,PENDING,0.0,6.787478144654903,4.453194000485292,7.29438736609524e-05,0.14089807260793474,0.04040935100223522,0.1688861720695694
CsOPiv,X-Phos,BuCN,0.057,120,-1.6,-2.1,-1.8,-0.9,PENDING,PENDING,0.0,7.966510699699521,5.099403310896629,0.001386868728346733,0.1257742068496947,0.05152410576142531,0.15378299029023546
CsOPiv,X-Phos,BuCN,0.057,105,-1.6,-2.1,-1.8,-0.9,PENDING,PENDING,0.0,7.550014367570435,4.682423910560785,0.0003211543142146627,0.13671103962745415,0.04568358516424187,0.16470075985133142
CsOPiv,X-Phos,BuCN,0.057,90,-1.6,-2.1,-1.8,-0.9,PENDING,PENDING,0.0,7.093809066355865,4.693164933667568,0.00022558180734951524,0.1481396861403615,0.045022748332630265,0.1761281306901944
CsOPiv,PPhtBu2,p-Xylene,0.153,120,5.7,-2.2,0.0,1.3,PENDING,PENDING,0.0,8.111577781645225,6.425433975025588,0.01577820384646446,0.1379830980879139,0.07844036314190353,0.16645661201981776
CsOPiv,PPhtBu2,p-Xylene,0.153,105,5.7,-2.2,0.0,1.3,PENDING,PENDING,0.0,7.752368457123312,6.147312322243164,0.00893102122785118,0.1485965428448069,0.07618886083021928,0.17684934113063203
CsOPiv,PPhtBu2,p-Xylene,0.153,90,5.7,-2.2,0.0,1.3,PENDING,PENDING,0.0,7.350532830295645,6.174686039052968,0.007554538461389468,0.15948419120692348,0.07687779851472466,0.18765823666177128
CsOPiv,PPhtBu2,p-Xylene,0.1,120,5.7,-2.2,0.0,1.3,PENDING,PENDING,0.0,8.580745880826354,6.250564396313053,0.015677377340562598,0.14608437107474173,0.07718985917129265,0.17439441072514636
CsOPiv,PPhtBu2,p-Xylene,0.1,105,5.7,-2.2,0.0,1.3,PENDING,PENDING,0.0,8.209494134101423,5.932745905164981,0.008162067167076084,0.1568158811072975,0.07438769155232887,0.18496033395945985
CsOPiv,PPhtBu2,p-Xylene,0.1,90,5.7,-2.2,0.0,1.3,PENDING,PENDING,0.0,7.786950343978676,5.9322492585039015,0.006478692395922345,0.16770203936199868,0.07458489707313037,0.1957912260479805
CsOPiv,PPhtBu2,p-Xylene,0.057,120,5.7,-2.2,0.0,1.3,PENDING,PENDING,0.0,8.90177306649791,6.360134178368198,0.021034635121485734,0.1527602010437437,0.07843411455344054,0.18103163689243137
CsOPiv,PPhtBu2,p-Xylene,0.057,105,5.7,-2.2,0.0,1.3,PENDING,PENDING,0.0,8.523133799422702,6.02909107122943,0.011159787595311499,0.16344157782030996,0.07527917862251772,0.19156152474953744
CsOPiv,PPhtBu2,p-Xylene,0.057,90,5.7,-2.2,0.0,1.3,PENDING,PENDING,0.0,8.088515494243254,6.008166865125072,0.008609442413104504,0.17418891254300287,0.07509354477725201,0.20225850967440306
CsOPiv,PPhtBu2,DMAc,0.153,120,-4.3,3.0,-3.4,0.5,PENDING,PENDING,0.0,9.779567687827658,6.389050025812598,0.03243226029220031,0.14679288743759647,0.08041576456166061,0.175204542521838
CsOPiv,PPhtBu2,DMAc,0.153,105,-4.3,3.0,-3.4,0.5,PENDING,PENDING,0.0,9.396030009005518,6.233914724949773,0.02265536229872972,0.15722656224176068,0.0791697794581802,0.1854726116848157
CsOPiv,PPhtBu2,DMAc,0.153,90,-4.3,3.0,-3.4,0.5,PENDING,PENDING,0.0,8.943918444057783,6.3839220371918906,0.02208865956759956,0.16783222411636317,0.08065277485464663,0.19602182255109332
CsOPiv,PPhtBu2,DMAc,0.1,120,-4.3,3.0,-3.4,0.5,PENDING,PENDING,0.0,10.252354347104655,6.090531599623659,0.02842323023013163,0.15483860226168786,0.07833399363024017,0.1830861360298845
CsOPiv,PPhtBu2,DMAc,0.1,105,-4.3,3.0,-3.4,0.5,PENDING,PENDING,0.0,9.854914180503332,5.906465091427035,0.018521929186072594,0.16538478817878466,0.07668271206194255,0.19351640821618074
CsOPiv,PPhtBu2,DMAc,0.1,90,-4.3,3.0,-3.4,0.5,PENDING,PENDING,0.0,9.38035255838853,6.051349204883583,0.017765970031005246,0.17598669070328649,0.07786848067506416,0.20408177989006746
CsOPiv,PPhtBu2,DMAc,0.057,120,-4.3,3.0,-3.4,0.5,PENDING,PENDING,0.0,10.55308501089465,6.115828358092292,0.03367289481501462,0.1613974294164559,0.07892721658674777,0.18960044496205428
CsOPiv,PPhtBu2,DMAc,0.057,105,-4.3,3.0,-3.4,0.5,PENDING,PENDING,0.0,10.147767863259887,5.917924264373601,0.021765623826607017,0.1718958299918543,0.07697948752395431,0.1999977211374912
CsOPiv,PPhtBu2,DMAc,0.057,90,-4.3,3.0,-3.4,0.5,PENDING,PENDING,0.0,9.661289305668308,6.05003163485406,0.02035964188556294,0.1823643155913407,0.07788769353570563,0.21043466350753232
CsOPiv,PPhtBu2,BuOAc,0.153,120,1.6,0.1,-0.8,-1.9,PENDING,PENDING,0.0,8.473127697417711,5.741149470477119,0.006910901432666275,0.15154288539423394,0.06968301605722711,0.17964080077797348
CsOPiv,PPhtBu2,BuOAc,0.153,105,1.6,0.1,-0.8,-1.9,PENDING,PENDING,0.0,8.122411704887345,5.45040566573701,0.0033035336602652773,0.16299147164499186,0.06711718248434093,0.1910232544494693
CsOPiv,PPhtBu2,BuOAc,0.153,90,1.6,0.1,-0.8,-1.9,PENDING,PENDING,0.0,7.716264266229434,5.514410482617339,0.002909692436749465,0.1744484069825069,0.06784826436519725,0.20246384352528138
CsOPiv,PPhtBu2,BuOAc,0.1,120,1.6,0.1,-0.8,-1.9,PENDING,PENDING,0.0,8.934611705345159,5.549315324478801,0.006491647881056349,0.16004064421848208,0.06854757446423107,0.18809169131888637
CsOPiv,PPhtBu2,BuOAc,0.1,105,1.6,0.1,-0.8,-1.9,PENDING,PENDING,0.0,8.571317456284664,5.213948272806174,0.00271752330058889,0.17163140506799837,0.06535971587348158,0.1996399773335418
CsOPiv,PPhtBu2,BuOAc,0.1,90,1.6,0.1,-0.8,-1.9,PENDING,PENDING,0.0,8.143804793690071,5.249536632083581,0.002207176284749108,0.18309197996570847,0.06552173838730385,0.2110911548983697
CsOPiv,PPhtBu2,BuOAc,0.057,120,1.6,0.1,-0.8,-1.9,PENDING,PENDING,0.0,9.23653747862895,5.691749015411189,0.009762179237848084,0.16683224969001229,0.07028850340666651,0.19487902329480988
CsOPiv,PPhtBu2,BuOAc,0.057,105,1.6,0.1,-0.8,-1.9,PENDING,PENDING,0.0,8.86373319210097,5.345004864419323,0.004276550513601943,0.17835669121955855,0.06673740575537822,0.2063630287219397
CsOPiv,PPhtBu2,BuOAc,0.057,90,1.6,0.1,-0.8,-1.9,PENDING,PENDING,0.0,8.423089951404444,5.3572574449075825,0.00331733525284518,0.18966033343685207,0.06646214955368587,0.21765761109279383
CsOPiv,PPhtBu2,BuCN,0.153,120,-1.6,-2.1,-1.8,-0.9,PENDING,PENDING,0.0,7.763492822909736,5.9517876762316755,0.00660454449033001,0.13429284372610778,0.07258398724459095,0.1626010437155325
CsOPiv,PPhtBu2,BuCN,0.153,105,-1.6,-2.1,-1.8,-0.9,PENDING,PENDING,0.0,7.378516267328117,5.637604052538671,0.003012153429555825,0.14509528912361275,0.06926898582635836,0.17322263961108292
CsOPiv,PPhtBu2,BuCN,0.153,90,-1.6,-2.1,-1.8,-0.9,PENDING,PENDING,0.0,6.95488917620132,5.660038171689135,0.0024265915480277643,0.15620543637097423,0.06908279748390186,0.18427514317919502
CsOPiv,PPhtBu2,BuCN,0.1,120,-1.6,-2.1,-1.8,-0.9,PENDING,PENDING,0.0,8.214254521507621,5.754872571908136,0.006109134615198193,0.1425655020900472,0.07132755290181572,0.17075276519233842
CsOPiv,PPhtBu2,BuCN,0.1,105,-1.6,-2.1,-1.8,-0.9,PENDING,PENDING,0.0,7.815364846638205,5.397064743078182,0.0024371918731161853,0.15349383896193386,0.06739904920108478,0.18155499749559376
CsOPiv,PPhtBu2,BuCN,0.1,90,-1.6,-2.1,-1.8,-0.9,PENDING,PENDING,0.0,7.369786532505172,5.391214993201104,0.0017983132136516061,0.16460269277658568,0.06664616131657874,0.19262806004318042
CsOPiv,PPhtBu2,BuCN,0.057,120,-1.6,-2.1,-1.8,-0.9,PENDING,PENDING,0.0,8.522530283533447,5.876419942555513,0.008844187093295264,0.14940004339527965,0.07279063184001994,0.17756506298481967
CsOPiv,PPhtBu2,BuCN,0.057,105,-1.6,-2.1,-1.8,-0.9,PENDING,PENDING,0.0,8.114934692395924,5.508112436017328,0.003680829243848549,0.16027285205380967,0.06853546336904141,0.18832308487610627
CsOPiv,PPhtBu2,BuCN,0.057,90,-1.6,-2.1,-1.8,-0.9,PENDING,PENDING,0.0,7.656646177516474,5.482454635407026,0.002627090663195889,0.17123358578443768,0.06740082003171984,0.1992516436593676
CsOPiv,PPhMe2,p-Xylene,0.153,120,5.7,-2.2,0.0,1.3,PENDING,PENDING,0.0,4.876704120101722,5.81734673407285,0.0009135037660866416,0.12872481306091013,0.05842375101644772,0.15677839143004368
CsOPiv,PPhMe2,p-Xylene,0.153,105,5.7,-2.2,0.0,1.3,PENDING,PENDING,0.0,4.453439575778157,5.43377426084717,0.00025888441535544104,0.13942554570196578,0.05443650869412037,0.16742941631337624
CsOPiv,PPhMe2,p-Xylene,0.153,90,5.7,-2.2,0.0,1.3,PENDING,PENDING,0.0,4.048365350783334,5.413840041572887,0.00018045997452569061,0.1505268831747161,0.054859981221995646,0.17852316106223792
CsOPiv,PPhMe2,p-Xylene,0.1,120,5.7,-2.2,0.0,1.3,PENDING,PENDING,0.0,5.248377674116459,5.55109707746558,0.0006230287644149058,0.13716725579251124,0.055531516981906906,0.16517847618948883
CsOPiv,PPhMe2,p-Xylene,0.1,105,5.7,-2.2,0.0,1.3,PENDING,PENDING,0.0,4.808716014156966,5.110850788238416,0.00012916320140009003,0.14799498593135715,0.050477238745475626,0.17598607294086108
CsOPiv,PPhMe2,p-Xylene,0.1,90,5.7,-2.2,0.0,1.3,PENDING,PENDING,0.0,4.382783774139154,5.0597242270704195,7.653886996452611e-05,0.15909120943777103,0.050147503219172856,0.18708032461483806
CsOPiv,PPhMe2,p-Xylene,0.057,120,5.7,-2.2,0.0,1.3,PENDING,PENDING,0.0,5.543735436083245,5.6283148201250075,0.0009159984816874654,0.14420141097486153,0.05646795029422117,0.17220749121297432
CsOPiv,PPhMe2,p-Xylene,0.057,105,5.7,-2.2,0.0,1.3,PENDING,PENDING,0.0,5.095810479463632,5.174317367970873,0.00019817471609202874,0.15497619366645643,0.05085967739923484,0.18296617473397028
CsOPiv,PPhMe2,p-Xylene,0.057,90,5.7,-2.2,0.0,1.3,PENDING,PENDING,0.0,4.658022168700823,5.10419124728359,0.00011173798452916153,0.16592136502909352,0.04995311032729765,0.19390993483563781
CsOPiv,PPhMe2,DMAc,0.153,120,-4.3,3.0,-3.4,0.5,PENDING,PENDING,0.0,6.584833838542393,5.807087896358345,0.0025910729796272403,0.13783490815464772,0.06134417773852478,0.1658872424286485
CsOPiv,PPhMe2,DMAc,0.153,105,-4.3,3.0,-3.4,0.5,PENDING,PENDING,0.0,6.141013620511298,5.558276950287639,0.001158612373045877,0.14834382091688905,0.05884907936468883,0.17635457393121173
CsOPiv,PPhMe2,DMAc,0.153,90,-4.3,3.0,-3.4,0.5,PENDING,PENDING,0.0,5.687523089384112,5.6713179582301505,0.0011110794714348903,0.15914591083716645,0.060323117210696844,0.18714987567292607
CsOPiv,PPhMe2,DMAc,0.1,120,-4.3,3.0,-3.4,0.5,PENDING,PENDING,0.0,6.963944146867905,5.42014996473093,0.0014644890086682287,0.14621215553641548,0.05754233227731932,0.17422008576471804
CsOPiv,PPhMe2,DMAc,0.1,105,-4.3,3.0,-3.4,0.5,PENDING,PENDING,0.0,6.502468877818073,5.128095736468532,0.0005121675224765976,0.15684131855967912,0.05429290041420145,0.1848339165308032
CsOPiv,PPhMe2,DMAc,0.1,90,-4.3,3.0,-3.4,0.5,PENDING,PENDING,0.0,6.026579767777872,5.237684723565862,0.00048329626249981553,0.16763591713005982,0.05538993293234448,0.19562674165790594
CsOPiv,PPhMe2,DMAc,0.057,120,-4.3,3.0,-3.4,0.5,PENDING,PENDING,0.0,7.24046782312973,5.413042647242051,0.0017320852413836713,0.1531186841340002,0.05767180615063143,0.18111996588913779
CsOPiv,PPhMe2,DMAc,0.057,105,-4.3,3.0,-3.4,0.5,PENDING,PENDING,0.0,6.770393379785836,5.105649968164647,0.0005892954337442117,0.16369818707761688,0.053955022647571446,0.19168871345432797
CsOPiv,PPhMe2,DMAc,0.057,90,-4.3,3.0,-3.4,0.5,PENDING,PENDING,0.0,6.28282300280504,5.204885747041142,0.0005349101743554316,0.17434852903737172,0.0546745776857032,0.20233791290488215
CsOPiv,PPhMe2,BuOAc,0.153,120,1.6,0.1,-0.8,-1.9,PENDING,PENDING,0.0,5.0955927297131085,4.906458580625725,8.281851033433763e-05,0.14280363764211046,0.04360747798026465,0.17079205821784535
CsOPiv,PPhMe2,BuOAc,0.153,105,1.6,0.1,-0.8,-1.9,PENDING,PENDING,0.0,4.673821370389906,4.46607167204656,9.265779875459459e-06,0.15443391350446048,0.03807628111175878,0.18242189062183695
CsOPiv,PPhMe2,BuOAc,0.153,90,1.6,0.1,-0.8,-1.9,PENDING,PENDING,0.0,4.264088172476022,4.484026463611744,6.553632101334887e-06,0.16616241643416713,0.038652942094768585,0.19415038926126185
CsOPiv,PPhMe2,BuOAc,0.1,120,1.6,0.1,-0.8,-1.9,PENDING,PENDING,0.0,5.450178961228351,4.574075271317545,3.2571649675397366e-05,0.15169795839748568,0.040036899005066226,0.17968595886971228
CsOPiv,PPhMe2,BuOAc,0.1,105,1.6,0.1,-0.8,-1.9,PENDING,PENDING,0.0,5.010259147532287,4.053341569929236,1.5282360710000315e-06,0.16348912431285983,0.03265259871957363,0.1914770953247915
CsOPiv,PPhMe2,BuOAc,0.1,90,1.6,0.1,-0.8,-1.9,PENDING,PENDING,0.0,4.578908765774431,4.038440539269297,8.128532349888761e-07,0.1752201421641021,0.032095821455921235,0.20320811316469084
CsOPiv,PPhMe2,BuOAc,0.057,120,1.6,0.1,-0.8,-1.9,PENDING,PENDING,0.0,5.724730520072731,4.680402685077746,6.401752321719416e-05,0.1588626537866466,0.04188335661593005,0.18685065991612076
CsOPiv,PPhMe2,BuOAc,0.057,105,1.6,0.1,-0.8,-1.9,PENDING,PENDING,0.0,5.274285490385081,4.148665878724382,3.614017342747243e-06,0.17057763954108163,0.033935171293288165,0.19856561055449728
CsOPiv,PPhMe2,BuOAc,0.057,90,1.6,0.1,-0.8,-1.9,PENDING,PENDING,0.0,4.830099079268835,4.110942110259133,1.7211346120187085e-06,0.18213254035204218,0.032512253604461604,0.2101205113522896
CsOPiv,PPhMe2,BuCN,0.153,120,-1.6,-2.1,-1.8,-0.9,PENDING,PENDING,0.0,4.384247995805599,4.943987332342478,5.086759818356487e-05,0.12449081041860843,0.0450541609875401,0.1524829303815528
CsOPiv,PPhMe2,BuCN,0.153,105,-1.6,-2.1,-1.8,-0.9,PENDING,PENDING,0.0,3.9270229620099024,4.439173576552051,3.647190902276247e-06,0.13537653737475808,0.037679284049974386,0.16336456611352396
CsOPiv,PPhMe2,BuCN,0.153,90,-1.6,-2.1,-1.8,-0.9,PENDING,PENDING,0.0,3.498607780170115,4.3907787193665975,1.7493704462345395e-06,0.14671077257011764,0.03620498006452564,0.17469874843942793
CsOPiv,PPhMe2,BuCN,0.1,120,-1.6,-2.1,-1.8,-0.9,PENDING,PENDING,0.0,4.727496932395571,4.605623729672771,1.8328976508158695e-05,0.13311883797968105,0.04128416100024379,0.16110726167894654
CsOPiv,PPhMe2,BuCN,0.1,105,-1.6,-2.1,-1.8,-0.9,PENDING,PENDING,0.0,4.250207906388868,4.012996806453887,4.5230148488784107e-07,0.1441384767545995,0.031748343655951444,0.17212644791740747
CsOPiv,PPhMe2,BuCN,0.1,90,-1.6,-2.1,-1.8,-0.9,PENDING,PENDING,0.0,3.799092589523892,3.923387716426373,1.3243622671369144e-07,0.15546573514301582,0.028624011546412875,0.18345370614332848
CsOPiv,PPhMe2,BuCN,0.057,120,-1.6,-2.1,-1.8,-0.9,PENDING,PENDING,0.0,5.007845651949007,4.703045250465753,3.5893479996757676e-05,0.14033170231568812,0.04275894666582629,0.16832007744575736
CsOPiv,PPhMe2,BuCN,0.057,105,-1.6,-2.1,-1.8,-0.9,PENDING,PENDING,0.0,4.520475037092303,4.1019068468893085,1.116454094508351e-06,0.1512895405667834,0.03269628702374222,0.17927751168421138
CsOPiv,PPh3,p-Xylene,0.153,120,5.7,-2.2,0.0,1.3,PENDING,PENDING,0.0,7.16725316948931,6.174167565504106,0.0068551940448943124,0.1216015112645008,0.06946323069520487,0.14997660864860207
CsOPiv,PPh3,p-Xylene,0.153,105,5.7,-2.2,0.0,1.3,PENDING,PENDING,0.0,6.780869936049564,5.845181895236934,0.0031325725237808244,0.1321483614488919,0.06620792645752767,0.16030655960600348
CsOPiv,PPh3,p-Xylene,0.153,90,5.7,-2.2,0.0,1.3,PENDING,PENDING,0.0,6.36777515908058,5.8400498584098095,0.0024253758714361875,0.14319147349168113,0.06637461880594125,0.17128331198014846
CsOPiv,PPh3,p-Xylene,0.1,120,5.7,-2.2,0.0,1.3,PENDING,PENDING,0.0,7.614114480940296,5.928796881620103,0.005855065367892862,0.1295690300575673,0.06662679210955127,0.15775845013123146
CsOPiv,PPh3,p-Xylene,0.1,105,5.7,-2.2,0.0,1.3,PENDING,PENDING,0.0,7.214055060697681,5.545755102609701,0.0022602842070552007,0.1402282120722385,0.06248136569456241,0.16828411584284958
CsOPiv,PPh3,p-Xylene,0.1,90,5.7,-2.2,0.0,1.3,PENDING,PENDING,0.0,6.779407862196575,5.505692244925263,0.0015681469203773467,0.15126623562840782,0.06195281074951871,0.17928853594563887
CsOPiv,PPh3,p-Xylene,0.057,120,5.7,-2.2,0.0,1.3,PENDING,PENDING,0.0,7.930481383694461,5.997621312642444,0.00778359716826825,0.13629856852735242,0.06698431365925189,0.16444186796153376
CsOPiv,PPh3,p-Xylene,0.057,105,5.7,-2.2,0.0,1.3,PENDING,PENDING,0.0,7.522435522714952,5.595316871535377,0.0030287001400686117,0.1468985685172884,0.06228515192457191,0.1749327117492119
CsOPiv,PPh3,p-Xylene,0.057,90,5.7,-2.2,0.0,1.3,PENDING,PENDING,0.0,7.075335064378542,5.53173409155205,0.0020092029986363558,0.15778801507506457,0.06122954076904863,0.18579671990979682
CsOPiv,PPh3,DMAc,0.153,120,-4.3,3.0,-3.4,0.5,PENDING,PENDING,0.0,8.86619873837959,6.088040451120446,0.014460105332320117,0.13076908840204954,0.0698082434544878,0.15903266392987223
CsOPiv,PPh3,DMAc,0.153,105,-4.3,3.0,-3.4,0.5,PENDING,PENDING,0.0,8.455944367475713,5.886834283035076,0.008672378566240813,0.14113219525444143,0.06767051416326972,0.16925613613713195
CsOPiv,PPh3,DMAc,0.153,90,-4.3,3.0,-3.4,0.5,PENDING,PENDING,0.0,7.9920546649279505,6.014750513144516,0.00826329959371691,0.15188160666282,0.06883585274326566,0.17996624539459033
CsOPiv,PPh3,DMAc,0.1,120,-4.3,3.0,-3.4,0.5,PENDING,PENDING,0.0,9.317761867817051,5.706472999796287,0.01044674297942945,0.13868446925724673,0.06586602808634684,0.16679250248632985
CsOPiv,PPh3,DMAc,0.1,105,-4.3,3.0,-3.4,0.5,PENDING,PENDING,0.0,8.89201542829161,5.462862215361853,0.005426868719091489,0.1491541002936522,0.06302047996778376,0.17718831491997583
CsOPiv,PPh3,DMAc,0.1,90,-4.3,3.0,-3.4,0.5,PENDING,PENDING,0.0,8.40481431362656,5.58309987222087,0.005045304205726686,0.15989604544371716,0.0637717956527962,0.187913451064344
CsOPiv,PPh3,DMAc,0.057,120,-4.3,3.0,-3.4,0.5,PENDING,PENDING,0.0,9.613842806344358,5.684593199809642,0.011869297678893359,0.14529448628320812,0.06543598757197044,0.17336455749296473
CsOPiv,PPh3,DMAc,0.057,105,-4.3,3.0,-3.4,0.5,PENDING,PENDING,0.0,9.17964865734622,5.420703294553512,0.0059779443847512576,0.15570816172827404,0.06209998191731838,0.18372363174556836
CsOPiv,PPh3,DMAc,0.057,90,-4.3,3.0,-3.4,0.5,PENDING,PENDING,0.0,8.680174701386841,5.526748246670908,0.005367247989673543,0.16630784913489938,0.06247288088435002,0.19431191673912684
CsOPiv,PPh3,BuOAc,0.153,120,1.6,0.1,-0.8,-1.9,PENDING,PENDING,0.0,7.4826968654558215,5.304992110447844,0.0016002762247991735,0.13487798961370126,0.05424057544350908,0.16288649502983474
CsOPiv,PPh3,BuOAc,0.153,105,1.6,0.1,-0.8,-1.9,PENDING,PENDING,0.0,7.102539485376523,4.931580691387635,0.0004696184952629112,0.14629956929994084,0.049738011798975204,0.1742904018172593
CsOPiv,PPh3,BuOAc,0.153,90,1.6,0.1,-0.8,-1.9,PENDING,PENDING,0.0,6.68428743607482,4.95702977831835,0.0003635239798285717,0.15794765797909283,0.04980614337855637,0.18593675302181978
CsOPiv,PPh3,BuOAc,0.1,120,1.6,0.1,-0.8,-1.9,PENDING,PENDING,0.0,7.918766160259703,5.0073095995895756,0.0010687865598246905,0.14324184061555367,0.05060114930967455,0.17123447920552323
CsOPiv,PPh3,BuOAc,0.1,105,1.6,0.1,-0.8,-1.9,PENDING,PENDING,0.0,7.52401984089089,4.562096550571133,0.00021262160372049295,0.15480328615770117,0.0446844948278793,0.1827914699324676
CsOPiv,PPh3,BuOAc,0.1,90,1.6,0.1,-0.8,-1.9,PENDING,PENDING,0.0,7.083407801199435,4.5483604716484685,0.0001366861266232761,0.1664527982078287,0.04373607307263067,0.1944408087441048
CsOPiv,PPh3,BuOAc,0.057,120,1.6,0.1,-0.8,-1.9,PENDING,PENDING,0.0,8.214665945515362,5.103233936956265,0.0016667992930282718,0.15008294439138176,0.051406156706341,0.17807438250919633
CsOPiv,PPh3,BuOAc,0.057,105,1.6,0.1,-0.8,-1.9,PENDING,PENDING,0.0,7.8095312155659435,4.638794987832554,0.00034882444947562617,0.16156383551276396,0.04478391218830406,0.1895519178427418
CsOPiv,PPh3,BuOAc,0.057,90,1.6,0.1,-0.8,-1.9,PENDING,PENDING,0.0,7.355279948258229,4.596744004001505,0.0002058498842143091,0.17304245437128685,0.04307886364579751,0.2010304384359393
CsOPiv,PPh3,BuCN,0.153,120,-1.6,-2.1,-1.8,-0.9,PENDING,PENDING,0.0,6.785877581873509,5.602958052673508,0.0019408981395845175,0.11743453710772991,0.060106860554128394,0.14557671617886217
CsOPiv,PPh3,BuCN,0.153,105,-1.6,-2.1,-1.8,-0.9,PENDING,PENDING,0.0,6.371754475565617,5.218198371222043,0.0005916387084832324,0.12817323933889907,0.05504804080067215,0.15619821358485517
CsOPiv,PPh3,BuCN,0.153,90,-1.6,-2.1,-1.8,-0.9,PENDING,PENDING,0.0,5.936003540017379,5.200947578985203,0.00040861985684107274,0.13945171926132058,0.05394491983765021,0.16745390470662253
CsOPiv,PPh3,BuCN,0.1,120,-1.6,-2.1,-1.8,-0.9,PENDING,PENDING,0.0,7.21219007785731,5.314652199196426,0.0013611509231210434,0.1255668821944317,0.05671657753161305,0.15361353840366654
CsOPiv,PPh3,BuCN,0.1,105,-1.6,-2.1,-1.8,-0.9,PENDING,PENDING,0.0,6.782232249585527,4.863958185605568,0.00029778197608292846,0.13642608286618213,0.05040400020921652,0.16442146215685316
CsOPiv,PPh3,BuCN,0.1,90,-1.6,-2.1,-1.8,-0.9,PENDING,PENDING,0.0,6.323563018583859,4.808125787493625,0.00017025438752595566,0.14769968159768626,0.04829573950238985,0.17568927156770844
CsOPiv,PPh3,BuCN,0.057,120,-1.6,-2.1,-1.8,-0.9,PENDING,PENDING,0.0,7.514983325657137,5.390003534263389,0.001973778061911912,0.13245658737827823,0.0571782934187623,0.16048720184228704
CsOPiv,PPh3,BuCN,0.057,105,-1.6,-2.1,-1.8,-0.9,PENDING,PENDING,0.0,7.075567981016363,4.9212216529828545,0.00044634223372179947,0.1432488596490993,0.05023689698527777,0.17124104107707613
CsOPiv,PPh3,BuCN,0.057,90,-1.6,-2.1,-1.8,-0.9,PENDING,PENDING,0.0,6.603742374635684,4.841425350477424,0.00023978965881077787,0.15436248568705285,0.04748407342832767,0.18235113749134368
CsOPiv,PPh2Me,p-Xylene,0.153,120,5.7,-2.2,0.0,1.3,PENDING,PENDING,0.0,5.406738892203845,5.5896659525746,0.0007626660930414673,0.11713581434259175,0.053843338888721254,0.1451817491371574
CsOPiv,PPh2Me,p-Xylene,0.153,105,5.7,-2.2,0.0,1.3,PENDING,PENDING,0.0,5.000135933828059,5.280801780923962,0.0002522597686112262,0.1277213018391692,0.05034542247827575,0.15572308170433838
CsOPiv,PPh2Me,p-Xylene,0.153,90,5.7,-2.2,0.0,1.3,PENDING,PENDING,0.0,4.60221784107427,5.348761278587789,0.00022702125931064196,0.13890742763082903,0.051688626105789726,0.1669039984902868
CsOPiv,PPh2Me,p-Xylene,0.1,120,5.7,-2.2,0.0,1.3,PENDING,PENDING,0.0,5.85883770042311,5.467691838403215,0.0007732204607171535,0.12535133458262776,0.05299620925394289,0.15336867163236084
CsOPiv,PPh2Me,p-Xylene,0.1,105,5.7,-2.2,0.0,1.3,PENDING,PENDING,0.0,5.438474968978728,5.109871167441549,0.00021365013775828754,0.1360549962196103,0.04851481129348093,0.16404748790462184
CsOPiv,PPh2Me,p-Xylene,0.1,90,5.7,-2.2,0.0,1.3,PENDING,PENDING,0.0,5.019040978123568,5.139595041870563,0.00016761780158003337,0.1472359604533582,0.04897605737430396,0.17522602798686185
CsOPiv,PPh2Me,p-Xylene,0.057,120,5.7,-2.2,0.0,1.3,PENDING,PENDING,0.0,6.211008453960655,5.678128242854394,0.0015797955215588744,0.13236032500744513,0.05595246082669583,0.16038237627968027
CsOPiv,PPh2Me,p-Xylene,0.057,105,5.7,-2.2,0.0,1.3,PENDING,PENDING,0.0,5.784179639049161,5.310005723856185,0.0004907999798544364,0.14301294469070935,0.05105929196425698,0.171006303231204
CsOPiv,PPh2Me,p-Xylene,0.057,90,5.7,-2.2,0.0,1.3,PENDING,PENDING,0.0,5.352332675861875,5.309892490660698,0.0003570125174423913,0.1540437123955254,0.050830839596262334,0.1820338297467991
CsOPiv,PPh2Me,DMAc,0.153,120,-4.3,3.0,-3.4,0.5,PENDING,PENDING,0.0,7.116355722583309,5.6518985255594485,0.002637705282951139,0.12638273222600244,0.05862864753942888,0.15444792553800968
CsOPiv,PPh2Me,DMAc,0.153,105,-4.3,3.0,-3.4,0.5,PENDING,PENDING,0.0,6.688393074033379,5.486620518812696,0.0014157613424091095,0.13678429418215143,0.05678862717056862,0.1648028674228528
CsOPiv,PPh2Me,DMAc,0.153,90,-4.3,3.0,-3.4,0.5,PENDING,PENDING,0.0,6.241242279936181,5.684766108606085,0.0016333858087170736,0.147672044613738,0.059070238224452745,0.17568477546313532
CsOPiv,PPh2Me,DMAc,0.1,120,-4.3,3.0,-3.4,0.5,PENDING,PENDING,0.0,7.572684728364765,5.397380785402534,0.0020827379260861846,0.13453982834803016,0.056603164127950696,0.16256162711519015
CsOPiv,PPh2Me,DMAc,0.1,105,-4.3,3.0,-3.4,0.5,PENDING,PENDING,0.0,7.129386505368278,5.19527292043101,0.0009653389566712106,0.1450536092755019,0.05406087991751328,0.17305156279500708
CsOPiv,PPh2Me,DMAc,0.1,90,-4.3,3.0,-3.4,0.5,PENDING,PENDING,0.0,6.659158330537911,5.382192906480092,0.0010918294119001554,0.15593391719172853,0.05585088991189799,0.1839291852346759
CsOPiv,PPh2Me,DMAc,0.057,120,-4.3,3.0,-3.4,0.5,PENDING,PENDING,0.0,7.903380636317664,5.513182465324476,0.0032616631400102652,0.1414208426409364,0.05844488797174503,0.1694406238512221
CsOPiv,PPh2Me,DMAc,0.057,105,-4.3,3.0,-3.4,0.5,PENDING,PENDING,0.0,7.453026742993596,5.296276455308157,0.0015376343470080121,0.1518861910735309,0.05549374689784644,0.1798829739178904
CsOPiv,PPh2Me,DMAc,0.057,90,-4.3,3.0,-3.4,0.5,PENDING,PENDING,0.0,6.970549183046957,5.460464966480667,0.001609238847209614,0.1626226689532534,0.05678305816868883,0.1906164553462648
CsOPiv,PPh2Me,BuOAc,0.153,120,1.6,0.1,-0.8,-1.9,PENDING,PENDING,0.0,5.655383580140426,4.697028142862973,6.393309616193514e-05,0.13051148924016495,0.04032982204737054,0.15849985222220506
CsOPiv,PPh2Me,BuOAc,0.153,105,1.6,0.1,-0.8,-1.9,PENDING,PENDING,0.0,5.252719859592548,4.362867317505176,1.049261466087086e-05,0.14199097176387265,0.03569766265157203,0.1699789494347076
CsOPiv,PPh2Me,BuOAc,0.153,90,1.6,0.1,-0.8,-1.9,PENDING,PENDING,0.0,4.8511046541800065,4.498218690910802,1.2919161015121446e-05,0.1538023037153171,0.037614758682825274,0.18179027957606608
CsOPiv,PPh2Me,BuOAc,0.1,120,1.6,0.1,-0.8,-1.9,PENDING,PENDING,0.0,6.0990861356042565,4.5707902357095875,5.9769263182490656e-05,0.13915191169435842,0.03989410496217941,0.16714000369769225
CsOPiv,PPh2Me,BuOAc,0.1,105,1.6,0.1,-0.8,-1.9,PENDING,PENDING,0.0,5.681586670833596,4.176812358693974,6.703720741067868e-06,0.1507791132296278,0.03388852222739978,0.17876708462947624
CsOPiv,PPh2Me,BuOAc,0.1,90,1.6,0.1,-0.8,-1.9,PENDING,PENDING,0.0,5.257443357502636,4.269060519396452,6.6637260415644485e-06,0.16259196102855175,0.034546299477068484,0.19057993213057625
CsOPiv,PPh2Me,BuOAc,0.057,120,1.6,0.1,-0.8,-1.9,PENDING,PENDING,0.0,6.436189541226973,4.856641658629679,0.00021891404387897658,0.1462964138037124,0.04444663902461268,0.1742848338614538
CsOPiv,PPh2Me,BuOAc,0.057,105,1.6,0.1,-0.8,-1.9,PENDING,PENDING,0.0,6.010406961003726,4.459036141757738,3.506288925997543e-05,0.15785263327150617,0.03825158555409317,0.185840608600502
CsOPiv,PPh2Me,BuOAc,0.057,90,1.6,0.1,-0.8,-1.9,PENDING,PENDING,0.0,5.572727167207268,4.510666321613506,2.8225082028017078e-05,0.16949243836499217,0.03792131580504809,0.19748041001753866
CsOPiv,PPh2Me,BuCN,0.153,120,-1.6,-2.1,-1.8,-0.9,PENDING,PENDING,0.0,4.926506695059063,4.808117268285608,4.992215558215164e-05,0.1125321463811636,0.04123904494089912,0.14052358898243608
CsOPiv,PPh2Me,BuCN,0.153,105,-1.6,-2.1,-1.8,-0.9,PENDING,PENDING,0.0,4.485920830756619,4.412559046765896,5.860415034102194e-06,0.12327686504337866,0.034394936625997394,0.15126487521246337
CsOPiv,PPh2Me,BuCN,0.153,90,-1.6,-2.1,-1.8,-0.9,PENDING,PENDING,0.0,4.064479786046888,4.479106762504103,5.1726756062208675e-06,0.13469240946230027,0.03417059305401554,0.162680386873966
CsOPiv,PPh2Me,BuCN,0.1,120,-1.6,-2.1,-1.8,-0.9,PENDING,PENDING,0.0,5.3578297150004754,4.658225989119972,4.180129421670845e-05,0.12091641036053438,0.040313721333164146,0.1489054543304145
CsOPiv,PPh2Me,BuCN,0.1,105,-1.6,-2.1,-1.8,-0.9,PENDING,PENDING,0.0,4.900691879172346,4.19900494997366,3.0761532303004598e-06,0.1317837569858204,0.031883863197946456,0.15977172959220795
CsOPiv,PPh2Me,BuCN,0.057,120,-1.6,-2.1,-1.8,-0.9,PENDING,PENDING,0.0,5.7011347845665625,4.917664051959779,0.00014422557838289062,0.1281095085143623,0.04444537349592118,0.1560999562186124
CsOPiv,PPh2Me,BuCN,0.057,105,-1.6,-2.1,-1.8,-0.9,PENDING,PENDING,0.0,5.2368531510841,4.459278735017175,1.6101501731282904e-05,0.13892218816072674,0.036093775118457426,0.16691017269675484
CsOPiv,PPh2Me,BuCN,0.057,90,-1.6,-2.1,-1.8,-0.9,PENDING,PENDING,0.0,4.7792831162573215,4.448244421141288,9.517822712798478e-06,0.15017005061827252,0.03362005806175049,0.17815802196478253
CsOPiv,PCy3 HBF4,p-Xylene,0.153,120,5.7,-2.2,0.0,1.3,PENDING,PENDING,0.0,6.556808354489074,5.533010540361695,0.0014396458910052312,0.11773399657285771,0.05540560097595246,0.14579563470934434
CsOPiv,PCy3 HBF4,p-Xylene,0.153,105,5.7,-2.2,0.0,1.3,PENDING,PENDING,0.0,6.167819701388145,5.170323312592346,0.0004470215263910936,0.12828291726358806,0.050984822389140455,0.15628634374649977
CsOPiv,PCy3 HBF4,p-Xylene,0.153,90,5.7,-2.2,0.0,1.3,PENDING,PENDING,0.0,5.7653203278620175,5.19678952113388,0.0003550513093245576,0.1393921941362376,0.051367531707191244,0.1673878134946041
CsOPiv,PCy3 HBF4,p-Xylene,0.1,120,5.7,-2.2,0.0,1.3,PENDING,PENDING,0.0,7.032376857282997,5.415120256988196,0.0015156579750600328,0.1259433788870626,0.05491949110485524,0.15397274956547058
CsOPiv,PCy3 HBF4,p-Xylene,0.1,105,5.7,-2.2,0.0,1.3,PENDING,PENDING,0.0,6.631036871267872,5.006551227715284,0.0004024143714546069,0.13661540780945727,0.04962390095161217,0.16460929830213986
CsOPiv,PCy3 HBF4,p-Xylene,0.1,90,5.7,-2.2,0.0,1.3,PENDING,PENDING,0.0,6.207138278506237,4.995615491506097,0.0002788993734834447,0.1477224756024793,0.04912956061836406,0.17571256059515886
CsOPiv,PCy3 HBF4,p-Xylene,0.057,120,5.7,-2.2,0.0,1.3,PENDING,PENDING,0.0,7.382115711403896,5.627549044219571,0.0029599600607129115,0.1329139326121633,0.05798416898024374,0.16094989684180205
CsOPiv,PCy3 HBF4,p-Xylene,0.057,105,5.7,-2.2,0.0,1.3,PENDING,PENDING,0.0,6.973998940698576,5.214781536767237,0.0009068386043283947,0.14353480507530308,0.052397995689068014,0.17153014971736769
CsOPiv,PCy3 HBF4,p-Xylene,0.057,90,5.7,-2.2,0.0,1.3,PENDING,PENDING,0.0,6.537417049566928,5.177750445117666,0.0006006256491276419,0.1544935496763054,0.05130151573297415,0.18248390831144756
CsOPiv,PCy3 HBF4,DMAc,0.153,120,-4.3,3.0,-3.4,0.5,PENDING,PENDING,0.0,8.359577522011556,5.812512191312629,0.007300109726732187,0.12725300921534943,0.06437715956773939,0.15541017626365516
CsOPiv,PCy3 HBF4,DMAc,0.153,105,-4.3,3.0,-3.4,0.5,PENDING,PENDING,0.0,7.948751079613393,5.607887024485523,0.0040215346330340004,0.1376220960659997,0.061851635565809984,0.16568061910545712
CsOPiv,PCy3 HBF4,DMAc,0.153,90,-4.3,3.0,-3.4,0.5,PENDING,PENDING,0.0,7.493170235383067,5.756158125500583,0.0040373702297361175,0.14843006210079226,0.06302254736703702,0.1764661140837174
CsOPiv,PCy3 HBF4,DMAc,0.1,120,-4.3,3.0,-3.4,0.5,PENDING,PENDING,0.0,8.836642736014994,5.5371314649936,0.005999155940407945,0.1353991921338904,0.062423021331827956,0.16347360152583348
CsOPiv,PCy3 HBF4,DMAc,0.1,105,-4.3,3.0,-3.4,0.5,PENDING,PENDING,0.0,8.411449062990854,5.297742941705596,0.002916464274776563,0.14588468100631882,0.05928583945014906,0.1739013227591313
CsOPiv,PCy3 HBF4,DMAc,0.1,90,-4.3,3.0,-3.4,0.5,PENDING,PENDING,0.0,7.932793617589809,5.4372890323222105,0.0028549916875022507,0.15668799416600832,0.05999053687124921,0.18469329701145973
CsOPiv,PCy3 HBF4,DMAc,0.057,120,-4.3,3.0,-3.4,0.5,PENDING,PENDING,0.0,9.160385410602947,5.61912988642786,0.008320022519626727,0.14223366601753787,0.06387959913407647,0.1702975957588804
CsOPiv,PCy3 HBF4,DMAc,0.057,105,-4.3,3.0,-3.4,0.5,PENDING,PENDING,0.0,8.727669201746824,5.367925489243072,0.004105586873327197,0.152670468017352,0.06040555787482632,0.18068228835988243
CsOPiv,PCy3 HBF4,DMAc,0.057,90,-4.3,3.0,-3.4,0.5,PENDING,PENDING,0.0,8.236712677626533,5.490778044134691,0.003837140321691801,0.16333216023243174,0.06071357174189165,0.19133359612995246
CsOPiv,PCy3 HBF4,BuOAc,0.153,120,1.6,0.1,-0.8,-1.9,PENDING,PENDING,0.0,6.93119273926452,4.941172634566943,0.00042190323033878836,0.13118252442710962,0.04765536341189364,0.159175701184728
CsOPiv,PCy3 HBF4,BuOAc,0.153,105,1.6,0.1,-0.8,-1.9,PENDING,PENDING,0.0,6.550098348339101,4.547692359342439,8.352276316813951e-05,0.14261827647153094,0.042162949716658994,0.17060649254032959
CsOPiv,PCy3 HBF4,BuOAc,0.153,90,1.6,0.1,-0.8,-1.9,PENDING,PENDING,0.0,6.141583403106484,4.596874860247537,6.871046167949047e-05,0.15433716873391884,0.0420684973918656,0.18232520470549704
CsOPiv,PCy3 HBF4,BuOAc,0.1,120,1.6,0.1,-0.8,-1.9,PENDING,PENDING,0.0,7.397065763110099,4.793954865935604,0.0003977840266932691,0.13980767190675938,0.04710118292816115,0.16779778774633575
CsOPiv,PCy3 HBF4,BuOAc,0.1,105,1.6,0.1,-0.8,-1.9,PENDING,PENDING,0.0,7.002963654697391,4.345339423771938,5.872351597964909e-05,0.15139722290511679,0.04051472866436923,0.17938523388350214
CsOPiv,PCy3 HBF4,BuOAc,0.1,90,1.6,0.1,-0.8,-1.9,PENDING,PENDING,0.0,6.572431680323659,4.3547829394518764,3.9733209803506186e-05,0.16312183618608153,0.039300717524396914,0.191109811533071
CsOPiv,PCy3 HBF4,BuOAc,0.057,120,1.6,0.1,-0.8,-1.9,PENDING,PENDING,0.0,7.725384545392122,5.03344950523961,0.0009907036732138465,0.14690025778199017,0.050729336894392664,0.17489188027701744
CsOPiv,PCy3 HBF4,BuOAc,0.057,105,1.6,0.1,-0.8,-1.9,PENDING,PENDING,0.0,7.322215360828419,4.5856569225726815,0.0001926131576535212,0.1584180519244565,0.043973410932364676,0.1864061289975753
CsOPiv,PCy3 HBF4,BuOAc,0.057,90,1.6,0.1,-0.8,-1.9,PENDING,PENDING,0.0,6.878028485527148,4.566325106799485,0.00012091648072820528,0.1699721730601874,0.04210870184982198,0.1979601547774088
CsOPiv,PCy3 HBF4,BuCN,0.153,120,-1.6,-2.1,-1.8,-0.9,PENDING,PENDING,0.0,6.225834209530921,5.189129417351517,0.0004914625642180445,0.11366762530896071,0.051768201812655845,0.14170429800023646
CsOPiv,PCy3 HBF4,BuCN,0.153,105,-1.6,-2.1,-1.8,-0.9,PENDING,PENDING,0.0,5.810458530550255,4.779965475341774,9.923754211023502e-05,0.12441289553231849,0.04547877232234045,0.15240562909468502
CsOPiv,PCy3 HBF4,BuCN,0.153,90,-1.6,-2.1,-1.8,-0.9,PENDING,PENDING,0.0,5.3844454140415925,4.78437326075759,6.906522748943559e-05,0.13575798159061728,0.044017592417344834,0.16374700227843417
CsOPiv,PCy3 HBF4,BuCN,0.1,120,-1.6,-2.1,-1.8,-0.9,PENDING,PENDING,0.0,6.681112228804286,5.037863323044197,0.00045718791445116275,0.12205199790321032,0.05104539026801501,0.1500640981244511
CsOPiv,PCy3 HBF4,BuCN,0.1,105,-1.6,-2.1,-1.8,-0.9,PENDING,PENDING,0.0,6.251348288248252,4.576449787405014,7.04493135195662e-05,0.13293004092262192,0.043719536895005844,0.1609192397471819
CsOPiv,PCy3 HBF4,BuCN,0.1,90,-1.6,-2.1,-1.8,-0.9,PENDING,PENDING,0.0,5.802700061263855,4.5422766637889245,4.025482870500727e-05,0.14427382327368868,0.04115897253169479,0.17226192161548226
CsOPiv,PCy3 HBF4,BuCN,0.057,120,-1.6,-2.1,-1.8,-0.9,PENDING,PENDING,0.0,7.015893348217529,5.249981242856501,0.0010187761543475667,0.12918827122930887,0.054135807899771,0.1572052276807864
CsOPiv,PCy3 HBF4,BuCN,0.057,105,-1.6,-2.1,-1.8,-0.9,PENDING,PENDING,0.0,6.577898673743187,4.788800373629789,0.00019834414328229405,0.14000795678996913,0.0466585797502316,0.16799774867386078
CsOPiv,PCy3 HBF4,BuCN,0.057,90,-1.6,-2.1,-1.8,-0.9,PENDING,PENDING,0.0,6.11602794884262,4.731032832496006,0.00010943609736928438,0.15119227139783858,0.043595845585268314,0.17918043261125735
CsOPiv,P(fur)3,p-Xylene,0.153,120,5.7,-2.2,0.0,1.3,PENDING,PENDING,0.0,12.046617189417484,5.4269711138062995,0.029990097847955532,0.12378618542170403,0.05047404524372435,0.15179297550649312
CsOPiv,P(fur)3,p-Xylene,0.153,105,5.7,-2.2,0.0,1.3,PENDING,PENDING,0.0,11.70425734176677,5.29579184982325,0.020883619690461652,0.134850884854467,0.050042199026227974,0.16284643260474374
CsOPiv,P(fur)3,p-Xylene,0.153,90,5.7,-2.2,0.0,1.3,PENDING,PENDING,0.0,11.248488401804599,5.551467101244525,0.023377573757121628,0.1464037519814233,0.05443489848024064,0.17440167028465292
CsOPiv,P(fur)3,p-Xylene,0.1,120,5.7,-2.2,0.0,1.3,PENDING,PENDING,0.0,12.596059199478935,5.077456067443541,0.025043405202801683,0.13196565611413752,0.04611607054359561,0.15995668266392174
CsOPiv,P(fur)3,p-Xylene,0.1,105,5.7,-2.2,0.0,1.3,PENDING,PENDING,0.0,12.243298084429746,4.903599459783721,0.01565075095541911,0.14316239092815675,0.04477510115876556,0.17115105468829236
CsOPiv,P(fur)3,p-Xylene,0.1,90,5.7,-2.2,0.0,1.3,PENDING,PENDING,0.0,11.765071749535796,5.156009026728138,0.017569648950046604,0.15472408556452574,0.048915410521530214,0.1827131509301805
CsOPiv,P(fur)3,p-Xylene,0.057,120,5.7,-2.2,0.0,1.3,PENDING,PENDING,0.0,12.91983994956547,5.14265059595577,0.0327217181343408,0.1388745131885934,0.04687798123339251,0.16686464436070192
CsOPiv,P(fur)3,p-Xylene,0.057,105,5.7,-2.2,0.0,1.3,PENDING,PENDING,0.0,12.56094856425586,4.944463861946138,0.02016833101890808,0.15001206100434292,0.04477708337051849,0.1780003889470953
CsOPiv,P(fur)3,p-Xylene,0.057,90,5.7,-2.2,0.0,1.3,PENDING,PENDING,0.0,12.071558565653733,5.170628908747951,0.02135721926375217,0.1614191654011555,0.04827058637730386,0.18940761847368165
CsOPiv,P(fur)3,DMAc,0.153,120,-4.3,3.0,-3.4,0.5,PENDING,PENDING,0.0,13.321889648668222,5.925770503999152,0.09354264269275048,0.1331703895298732,0.05930354682304282,0.16121772044035607
CsOPiv,P(fur)3,DMAc,0.153,105,-4.3,3.0,-3.4,0.5,PENDING,PENDING,0.0,12.951708631274773,5.92777754123581,0.08012111142875034,0.14403597602589838,0.06028752716192824,0.17206225379287574
CsOPiv,P(fur)3,DMAc,0.153,90,-4.3,3.0,-3.4,0.5,PENDING,PENDING,0.0,12.45573554787024,6.256042921096422,0.08811606425051577,0.15527196384181635,0.06493727042959817,0.1833058126914668
CsOPiv,P(fur)3,DMAc,0.1,120,-4.3,3.0,-3.4,0.5,PENDING,PENDING,0.0,13.85562897898703,5.531562856741969,0.08123786880079187,0.14130106477113216,0.054943595470801805,0.16930475448560833
CsOPiv,P(fur)3,DMAc,0.1,105,-4.3,3.0,-3.4,0.5,PENDING,PENDING,0.0,13.472736255351773,5.515229891291001,0.06700625923758452,0.15229156205907887,0.05550417051390936,0.18028812810093858
CsOPiv,P(fur)3,DMAc,0.1,90,-4.3,3.0,-3.4,0.5,PENDING,PENDING,0.0,12.953578906496332,5.858865174912293,0.0750514484596147,0.16353240359453977,0.06012117755801724,0.1915321230188661
CsOPiv,P(fur)3,DMAc,0.057,105,-4.3,3.0,-3.4,0.5,PENDING,PENDING,0.0,13.765814406073945,5.48939478482131,0.07472945088236321,0.15902051087479402,0.05503638118735128,0.18701329027713653
CsOPiv,P(fur)3,DMAc,0.057,90,-4.3,3.0,-3.4,0.5,PENDING,PENDING,0.0,13.235760410326609,5.8198740348314155,0.0817099891716736,0.17011375107952897,0.05928928434114512,0.19810816796389732
CsOPiv,P(fur)3,BuOAc,0.153,120,1.6,0.1,-0.8,-1.9,PENDING,PENDING,0.0,12.333900411171735,4.74909452767888,0.012770639597325523,0.1372977328425541,0.035927274480260445,0.16528571901722514
CsOPiv,P(fur)3,BuOAc,0.153,105,1.6,0.1,-0.8,-1.9,PENDING,PENDING,0.0,11.992708691366818,4.659940565163905,0.008693292272256903,0.14931559403735506,0.03607441659637707,0.17730356807012054
CsOPiv,P(fur)3,BuOAc,0.153,90,1.6,0.1,-0.8,-1.9,PENDING,PENDING,0.0,11.528528307429085,5.012835792169104,0.012152928345053701,0.16154834384746014,0.04249045860416375,0.18953635057884202
CsOPiv,P(fur)3,BuOAc,0.1,105,1.6,0.1,-0.8,-1.9,PENDING,PENDING,0.0,12.516947639124677,4.248627742572356,0.005403213828478068,0.15807965425827608,0.029644507182932045,0.18606762525905612
CsOPiv,P(fur)3,BuOAc,0.1,90,1.6,0.1,-0.8,-1.9,PENDING,PENDING,0.0,12.029421282484655,4.6099497765720026,0.008094008288857271,0.17033500005018218,0.03622253665107586,0.1983229711864597
CsOPiv,P(fur)3,BuOAc,0.057,120,1.6,0.1,-0.8,-1.9,PENDING,PENDING,0.0,13.171627183193845,4.502565384287817,0.014250633136265178,0.15293862483832074,0.03311895602987081,0.1809265959720615
CsOPiv,P(fur)3,BuOAc,0.057,105,1.6,0.1,-0.8,-1.9,PENDING,PENDING,0.0,12.810865050982692,4.346007141914437,0.008260673977375232,0.16504178646765363,0.031025345375013735,0.19302975746882356
CsOPiv,P(fur)3,BuOAc,0.057,90,1.6,0.1,-0.8,-1.9,PENDING,PENDING,0.0,12.311800965267615,4.6713009685014555,0.010965451415658259,0.17711557528961433,0.03646849361120206,0.20510354634673492
CsOPiv,P(fur)3,BuCN,0.153,120,-1.6,-2.1,-1.8,-0.9,PENDING,PENDING,0.0,11.626977803820132,5.087338155104258,0.01456636760978515,0.11970583787337924,0.042949500830284475,0.1476970077994458
CsOPiv,P(fur)3,BuCN,0.153,105,-1.6,-2.1,-1.8,-0.9,PENDING,PENDING,0.0,11.2556257214482,4.955576414916025,0.00929626452847375,0.13100303221880133,0.04135402424328435,0.15899158508217523
CsOPiv,P(fur)3,BuCN,0.153,90,-1.6,-2.1,-1.8,-0.9,PENDING,PENDING,0.0,10.777738317105037,5.233822288811211,0.011208103698010188,0.1428323419607844,0.04538502396910451,0.17082121355450078
CsOPiv,P(fur)3,BuCN,0.1,120,-1.6,-2.1,-1.8,-0.9,PENDING,PENDING,0.0,12.152586058554505,4.7314393903665355,0.011021167956065545,0.12806285207286322,0.03837057855161952,0.15605102643243082
CsOPiv,P(fur)3,BuCN,0.1,105,-1.6,-2.1,-1.8,-0.9,PENDING,PENDING,0.0,11.768595094395817,4.557960847578351,0.006087894181426787,0.1395045333775151,0.03554909287581064,0.16749251295844225
CsOPiv,P(fur)3,BuCN,0.1,90,-1.6,-2.1,-1.8,-0.9,PENDING,PENDING,0.0,11.267160430213618,4.837402371697244,0.007534152102078369,0.15134628565064623,0.03929154513877142,0.17933427653490064
CsOPiv,P(fur)3,BuCN,0.057,120,-1.6,-2.1,-1.8,-0.9,PENDING,PENDING,0.0,12.461246522521293,4.822599553517674,0.015658352540836806,0.13514794094987806,0.03985212131673943,0.16313609931012388
CsOPiv,P(fur)3,BuCN,0.057,105,-1.6,-2.1,-1.8,-0.9,PENDING,PENDING,0.0,12.069993935420161,4.626492255298374,0.008589643662516702,0.14652170532700665,0.036232277976584876,0.17450968142929515
CsOPiv,P(fur)3,BuCN,0.057,90,-1.6,-2.1,-1.8,-0.9,PENDING,PENDING,0.0,11.557149271924875,4.877563486632803,0.009781878093291452,0.15819522806550104,0.03914995892403547,0.1861832066097994
CsOPiv,JackiePhos,p-Xylene,0.153,120,5.7,-2.2,0.0,1.3,PENDING,PENDING,0.0,7.9882572200318585,5.511524642473559,0.003426655280255868,0.4186135185955407,0.07530198397613001,0.4466014896137186
CsOPiv,JackiePhos,p-Xylene,0.153,105,5.7,-2.2,0.0,1.3,PENDING,PENDING,0.0,7.623454913728152,5.125098298519303,0.0011559905937132738,0.42647673125617286,0.06950915070545623,0.4544647022564899
CsOPiv,JackiePhos,p-Xylene,0.153,90,5.7,-2.2,0.0,1.3,PENDING,PENDING,0.0,7.217219462635273,5.126490981498131,0.0008654165286875112,0.4316200906079276,0.06903012591912254,0.45960806160806555
CsOPiv,JackiePhos,p-Xylene,0.1,120,5.7,-2.2,0.0,1.3,PENDING,PENDING,0.0,8.461377886308897,5.197992250904686,0.0024408109588085584,0.4266045715865661,0.06812967699381872,0.45459254258668935
CsOPiv,JackiePhos,p-Xylene,0.1,105,5.7,-2.2,0.0,1.3,PENDING,PENDING,0.0,8.08412666138636,4.737686995818696,0.0005879102220343636,0.4345752558042199,0.06127188955874797,0.4625632268042201
CsOPiv,JackiePhos,p-Xylene,0.1,90,5.7,-2.2,0.0,1.3,PENDING,PENDING,0.0,7.656587965108951,4.69866977074502,0.0003692223344015479,0.4397133569997778,0.060547044405315165,0.4677013279997778
CsOPiv,JackiePhos,p-Xylene,0.057,120,5.7,-2.2,0.0,1.3,PENDING,PENDING,0.0,8.78580215443698,5.265013557378703,0.0034751603436285403,0.43100761322711756,0.0664006813298112,0.45899558422713954
CsOPiv,JackiePhos,p-Xylene,0.057,105,5.7,-2.2,0.0,1.3,PENDING,PENDING,0.0,8.400711072971975,4.782404649452617,0.0008551086825260134,0.43898861394182154,0.059149677781122824,0.46697658494182154
CsOPiv,JackiePhos,p-Xylene,0.057,90,5.7,-2.2,0.0,1.3,PENDING,PENDING,0.0,7.960614158108904,4.715976307783343,0.0004995283115141217,0.4440870577553544,0.05827034109362403,0.4720750287553544
CsOPiv,JackiePhos,DMAc,0.153,120,-4.3,3.0,-3.4,0.5,PENDING,PENDING,0.0,9.672328563862292,5.30261294368885,0.006509923401031452,0.42595579273462136,0.05717189782289021,0.45394376373462136
CsOPiv,JackiePhos,DMAc,0.153,105,-4.3,3.0,-3.4,0.5,PENDING,PENDING,0.0,9.282059794434986,5.0761794669030715,0.0032610379992109584,0.43365865589809066,0.05275186969362234,0.46164662689809066
CsOPiv,JackiePhos,DMAc,0.153,90,-4.3,3.0,-3.4,0.5,PENDING,PENDING,0.0,8.8243295520147,5.260147661244718,0.003527685377629139,0.43851471172191525,0.05623409527105644,0.46650268272191525
CsOPiv,JackiePhos,DMAc,0.1,120,-4.3,3.0,-3.4,0.5,PENDING,PENDING,0.0,10.148116773815335,4.801644963735321,0.0032723814727362646,0.43405857880645504,0.04549740972865074,0.46204654980645504
CsOPiv,JackiePhos,DMAc,0.1,105,-4.3,3.0,-3.4,0.5,PENDING,PENDING,0.0,9.743311262874457,4.515572130654865,0.0011986656237913482,0.4418666671805914,0.039386092556785296,0.4698546381805914
CsOPiv,JackiePhos,DMAc,0.1,90,-4.3,3.0,-3.4,0.5,PENDING,PENDING,0.0,9.262551873664853,4.705651852914954,0.0013579655254634844,0.4467010474633484,0.044003173151546955,0.4746890184633484
CsOPiv,JackiePhos,DMAc,0.057,120,-4.3,3.0,-3.4,0.5,PENDING,PENDING,0.0,10.451361580432103,4.7562802553382095,0.0036686515044485404,0.43845758490650416,0.04209544773365422,0.46644555590650416
CsOPiv,JackiePhos,DMAc,0.057,90,-4.3,3.0,-3.4,0.5,PENDING,PENDING,0.0,9.545103676583144,4.6206353029711655,0.0013552241307530025,0.4510664733379452,0.04018298899963319,0.4790544443379452
CsOPiv,JackiePhos,BuOAc,0.153,120,1.6,0.1,-0.8,-1.9,PENDING,PENDING,0.0,8.359089687449178,4.871856603224226,0.001049385116499867,0.42601968058881856,0.07215325150350602,0.45400765159053147
CsOPiv,JackiePhos,BuOAc,0.153,105,1.6,0.1,-0.8,-1.9,PENDING,PENDING,0.0,8.004774221746734,4.479351836411247,0.00024669151123225905,0.4340227673336117,0.06730391988972288,0.46201073833364315
CsOPiv,JackiePhos,BuOAc,0.153,90,1.6,0.1,-0.8,-1.9,PENDING,PENDING,0.0,7.595148334650716,4.535961043801218,0.00020734216267176116,0.439220747320404,0.06808769352121323,0.4672087183204364
CsOPiv,JackiePhos,BuOAc,0.1,120,1.6,0.1,-0.8,-1.9,PENDING,PENDING,0.0,8.824527572261136,4.53083583680153,0.0005894755587010749,0.43414832569854095,0.06456420575274002,0.4621362966985445
CsOPiv,JackiePhos,BuOAc,0.1,105,1.6,0.1,-0.8,-1.9,PENDING,PENDING,0.0,8.457444143959739,4.054251424638218,7.772128391459799e-05,0.4422570165059249,0.058752241490001536,0.4702449875059249
CsOPiv,JackiePhos,BuOAc,0.1,90,1.6,0.1,-0.8,-1.9,PENDING,PENDING,0.0,8.025986711611813,4.073671182280728,5.367492439326189e-05,0.4474438823040639,0.05954313410368362,0.4754318533040639
CsOPiv,JackiePhos,BuOAc,0.057,120,1.6,0.1,-0.8,-1.9,PENDING,PENDING,0.0,9.128720164194304,4.634099265894077,0.0010129260736035806,0.43859832401171184,0.0627565001822993,0.4665862950117123
CsOPiv,JackiePhos,BuOAc,0.057,105,1.6,0.1,-0.8,-1.9,PENDING,PENDING,0.0,8.751353806462953,4.138493385894738,0.00014665790084936138,0.44671536456826455,0.05657670027766595,0.47470333556826455
CsOPiv,JackiePhos,BuOAc,0.057,90,1.6,0.1,-0.8,-1.9,PENDING,PENDING,0.0,8.306123339383387,4.127074590359995,8.972903384041266e-05,0.45185936757147055,0.057289807675433124,0.47984733857147055
CsOPiv,JackiePhos,BuCN,0.153,120,-1.6,-2.1,-1.8,-0.9,PENDING,PENDING,0.0,7.632046193473388,5.067877807832154,0.0010093764946153758,0.41877056861970285,0.07053239962115355,0.4467585396209729
CsOPiv,JackiePhos,BuCN,0.153,105,-1.6,-2.1,-1.8,-0.9,PENDING,PENDING,0.0,7.241286933971335,4.6463349851385995,0.00021973879292782727,0.4266243310689089,0.06532797923168661,0.45461230206892445
CsOPiv,JackiePhos,BuCN,0.153,90,-1.6,-2.1,-1.8,-0.9,PENDING,PENDING,0.0,6.81312319452093,4.651120216961767,0.00015355550653579388,0.43172892491078835,0.06596553251564935,0.4597168959108029
CsOPiv,JackiePhos,BuCN,0.1,120,-1.6,-2.1,-1.8,-0.9,PENDING,PENDING,0.0,8.085914742619622,4.722057498494413,0.0005628555049423389,0.42687344226062485,0.06261897156922773,0.4548614132606264
CsOPiv,JackiePhos,BuCN,0.1,105,-1.6,-2.1,-1.8,-0.9,PENDING,PENDING,0.0,7.680787470442226,4.217383637130827,6.873972538139423e-05,0.4348329821493865,0.05633637988162904,0.4628209531493865
CsOPiv,JackiePhos,BuCN,0.1,90,-1.6,-2.1,-1.8,-0.9,PENDING,PENDING,0.0,7.230082689983614,4.182330862349021,3.726669386130933e-05,0.4399258223767154,0.05697238732584495,0.4679137933767154
CsOPiv,JackiePhos,BuCN,0.057,120,-1.6,-2.1,-1.8,-0.9,PENDING,PENDING,0.0,8.396832925146342,4.800090472615047,0.0008941081153526348,0.4313444926555268,0.06069125509398219,0.459332463655527
CsOPiv,JackiePhos,BuCN,0.057,105,-1.6,-2.1,-1.8,-0.9,PENDING,PENDING,0.0,7.982377659263493,4.276389593871094,0.00011693319851165508,0.43931366678047756,0.05399954568370865,0.46730163778047756
CsOPiv,JackiePhos,BuCN,0.057,90,-1.6,-2.1,-1.8,-0.9,PENDING,PENDING,0.0,7.5184093366358145,4.2147696665237575,5.7673543087581364e-05,0.44436429038651143,0.05455761550435873,0.47235226138651143
CsOPiv,GorlosPhos HBF4,p-Xylene,0.153,120,5.7,-2.2,0.0,1.3,PENDING,PENDING,0.0,10.150220376719126,6.308077473738977,0.03491711232555353,0.13744827384577066,0.06677551851148344,0.1655797044223221
CsOPiv,GorlosPhos HBF4,p-Xylene,0.153,105,5.7,-2.2,0.0,1.3,PENDING,PENDING,0.0,9.77505880769089,6.105160871089467,0.023082795337975665,0.14830563500102487,0.06514982099504338,0.1763613347679948
CsOPiv,GorlosPhos HBF4,p-Xylene,0.153,90,5.7,-2.2,0.0,1.3,PENDING,PENDING,0.0,9.325265246421502,6.210409153792455,0.02127448268370999,0.15943412654580513,0.06705712009269689,0.18747400381520649
CsOPiv,GorlosPhos HBF4,p-Xylene,0.1,120,5.7,-2.2,0.0,1.3,PENDING,PENDING,0.0,10.670759334658422,6.076899509470392,0.03398313244999332,0.1457018840838003,0.0644136335101541,0.1737589313621616
CsOPiv,GorlosPhos HBF4,p-Xylene,0.1,105,5.7,-2.2,0.0,1.3,PENDING,PENDING,0.0,10.282709876911493,5.839036043892474,0.02098128906031288,0.1566850761690505,0.0621440104424219,0.18469928372904987
CsOPiv,GorlosPhos HBF4,p-Xylene,0.1,90,5.7,-2.2,0.0,1.3,PENDING,PENDING,0.0,9.809833598462717,5.926558286326624,0.018605358605894406,0.16781349464661222,0.06359402861314326,0.19581980484440564
CsOPiv,GorlosPhos HBF4,p-Xylene,0.057,105,5.7,-2.2,0.0,1.3,PENDING,PENDING,0.0,10.608533990811083,5.898266441598411,0.026607399115120056,0.1634230916332467,0.06260877610069893,0.19143057956323437
CsOPiv,GorlosPhos HBF4,p-Xylene,0.057,90,5.7,-2.2,0.0,1.3,PENDING,PENDING,0.0,10.123078812893059,5.967123806416432,0.022917170808180537,0.17440539170654182,0.06361880827737376,0.20240599032359244
CsOPiv,GorlosPhos HBF4,DMAc,0.153,120,-4.3,3.0,-3.4,0.5,PENDING,PENDING,0.0,12.106222304367707,5.652558874100148,0.0408159867951135,0.14639163283044662,0.055609332939918855,0.17439265139189022
CsOPiv,GorlosPhos HBF4,DMAc,0.153,105,-4.3,3.0,-3.4,0.5,PENDING,PENDING,0.0,11.701319295868467,5.588907556680842,0.030945901063644365,0.15705769151011473,0.05543397847052509,0.18505176239428214
CsOPiv,GorlosPhos HBF4,DMAc,0.153,90,-4.3,3.0,-3.4,0.5,PENDING,PENDING,0.0,11.185848612948636,5.881112868925257,0.03438787344734098,0.16789118035079595,0.0595767549282932,0.19588709139065305
CsOPiv,GorlosPhos HBF4,DMAc,0.1,120,-4.3,3.0,-3.4,0.5,PENDING,PENDING,0.0,12.650291136657248,5.203654681591142,0.03070779994647943,0.1545853247947568,0.05056256155202552,0.18257518793824998
CsOPiv,GorlosPhos HBF4,DMAc,0.1,105,-4.3,3.0,-3.4,0.5,PENDING,PENDING,0.0,12.229773061194138,5.118682264469564,0.021636525309749716,0.1653707165142508,0.0498813395077676,0.19335929972190505
CsOPiv,GorlosPhos HBF4,DMAc,0.1,90,-4.3,3.0,-3.4,0.5,PENDING,PENDING,0.0,11.687188161345063,5.433382903464267,0.025070852572687957,0.17620150804160295,0.054086967483999056,0.20419050186519974
CsOPiv,GorlosPhos HBF4,DMAc,0.057,120,-4.3,3.0,-3.4,0.5,PENDING,PENDING,0.0,12.969066389593927,5.172218276099669,0.03492563904599891,0.16125678193329235,0.050430128218470184,0.1892458019319749
CsOPiv,GorlosPhos HBF4,DMAc,0.057,105,-4.3,3.0,-3.4,0.5,PENDING,PENDING,0.0,12.540300715121212,5.07237440187713,0.024095795496303224,0.17199046261003834,0.049284373119430715,0.19997870594321168
CsOPiv,GorlosPhos HBF4,DMAc,0.057,90,-4.3,3.0,-3.4,0.5,PENDING,PENDING,0.0,11.984588816916483,5.380336839036067,0.02730241928721605,0.1826812582824953,0.053189530303651915,0.2106696812810265
CsOPiv,GorlosPhos HBF4,BuOAc,0.153,120,1.6,0.1,-0.8,-1.9,PENDING,PENDING,0.0,10.632253395690167,5.509441455726768,0.01587086836264559,0.15133508415751787,0.054570261186930986,0.17933037632842483
CsOPiv,GorlosPhos HBF4,BuOAc,0.153,105,1.6,0.1,-0.8,-1.9,PENDING,PENDING,0.0,10.26262691083285,5.309542414913415,0.009387964662587123,0.16308998539662156,0.05265958994485653,0.19107978945001383
CsOPiv,GorlosPhos HBF4,BuOAc,0.153,90,1.6,0.1,-0.8,-1.9,PENDING,PENDING,0.0,9.802060724423082,5.476585445016136,0.009484458866676135,0.17482882372561986,0.05507831548330326,0.20281833104222993
CsOPiv,GorlosPhos HBF4,BuOAc,0.1,120,1.6,0.1,-0.8,-1.9,PENDING,PENDING,0.0,11.152459103158435,5.235526199226257,0.01398057331544765,0.16000998698856417,0.05189584638875639,0.1879998089617222
CsOPiv,GorlosPhos HBF4,BuOAc,0.1,105,1.6,0.1,-0.8,-1.9,PENDING,PENDING,0.0,10.769063516191105,4.996266584727705,0.007357668825208184,0.17192056981515078,0.04916615657468857,0.19990880251759544
CsOPiv,GorlosPhos HBF4,BuOAc,0.1,90,1.6,0.1,-0.8,-1.9,PENDING,PENDING,0.0,10.283993200176937,5.150512257337959,0.007198921241095023,0.1836667010117574,0.051068710666817944,0.21165486248348372
CsOPiv,GorlosPhos HBF4,BuOAc,0.057,120,1.6,0.1,-0.8,-1.9,PENDING,PENDING,0.0,11.469104447169386,5.33530267626711,0.019431894600188432,0.16692142208863894,0.0534215793863504,0.1949111064142234
CsOPiv,GorlosPhos HBF4,BuOAc,0.057,105,1.6,0.1,-0.8,-1.9,PENDING,PENDING,0.0,11.07613999501179,5.081537304210253,0.010371841970052212,0.17875756792135172,0.05018880452833262,0.206745748827216
CsOPiv,GorlosPhos HBF4,BuOAc,0.057,90,1.6,0.1,-0.8,-1.9,PENDING,PENDING,0.0,10.577281849114062,5.213949166395759,0.009624741998241385,0.19033617824549628,0.051525743186230634,0.21832427462598938
CsOPiv,GorlosPhos HBF4,BuCN,0.153,120,-1.6,-2.1,-1.8,-0.9,PENDING,PENDING,0.0,9.939350983425811,5.661218828819176,0.013662973969107345,0.13370363995375384,0.056205477195136924,0.1617245816519281
CsOPiv,GorlosPhos HBF4,BuCN,0.153,105,-1.6,-2.1,-1.8,-0.9,PENDING,PENDING,0.0,9.536133139462784,5.432712032031024,0.007548577067790288,0.1447698283951026,0.05323249437614947,0.17276612628414964
CsOPiv,GorlosPhos HBF4,BuCN,0.153,90,-1.6,-2.1,-1.8,-0.9,PENDING,PENDING,0.0,9.057997100658664,5.559558947412985,0.007099351481386851,0.1561382513068138,0.05454475337230569,0.18413141630093136
CsOPiv,GorlosPhos HBF4,BuCN,0.1,120,-1.6,-2.1,-1.8,-0.9,PENDING,PENDING,0.0,10.449764300868578,5.378934419031956,0.011729638147984986,0.1421383949376405,0.0532817294832114,0.1701364971727064
CsOPiv,GorlosPhos HBF4,BuCN,0.1,105,-1.6,-2.1,-1.8,-0.9,PENDING,PENDING,0.0,10.031506434320141,5.110779362948519,0.005704160529368618,0.15334022079126627,0.04943569707779771,0.18132965518523672
CsOPiv,GorlosPhos HBF4,BuCN,0.1,90,-1.6,-2.1,-1.8,-0.9,PENDING,PENDING,0.0,9.528253680951703,5.224273183429402,0.005148590981035241,0.1647094134825078,0.05018467875377072,0.19269810548670932
CsOPiv,GorlosPhos HBF4,BuCN,0.057,120,-1.6,-2.1,-1.8,-0.9,PENDING,PENDING,0.0,10.772773726654236,5.458758925878394,0.015897076199134205,0.14909516435151954,0.05444528599828794,0.17709142639311812
CsOPiv,GorlosPhos HBF4,BuCN,0.057,105,-1.6,-2.1,-1.8,-0.9,PENDING,PENDING,0.0,10.345690697925967,5.177296263570791,0.00784730149799194,0.16023544587471727,0.05013573166727275,0.1882244524745181
CsOPiv,GorlosPhos HBF4,BuCN,0.057,90,-1.6,-2.1,-1.8,-0.9,PENDING,PENDING,0.0,9.829021405631396,5.272376851312921,0.006782569078999427,0.17144760444171023,0.050382717924767874,0.1994360079670566
CsOPiv,CgMe-PPh,p-Xylene,0.153,120,5.7,-2.2,0.0,1.3,PENDING,PENDING,0.0,8.111577781645225,6.425433975025588,0.01577820384646446,0.1379830980879139,0.07844036314190353,0.16645661201981776
CsOPiv,CgMe-PPh,p-Xylene,0.153,105,5.7,-2.2,0.0,1.3,PENDING,PENDING,0.0,7.752368457123319,6.147312322243164,0.00893102122785118,0.1485965428448069,0.07618886083021928,0.17684934113063203
CsOPiv,CgMe-PPh,p-Xylene,0.153,90,5.7,-2.2,0.0,1.3,PENDING,PENDING,0.0,7.350532830295645,6.174686039052968,0.007554538461389468,0.15948419120692348,0.07687779851472461,0.1876582366617713
CsOPiv,CgMe-PPh,p-Xylene,0.1,120,5.7,-2.2,0.0,1.3,PENDING,PENDING,0.0,8.580745880826345,6.250564396313053,0.015677377340562473,0.1460843710747415,0.07718985917129273,0.17439441072514614
CsOPiv,CgMe-PPh,p-Xylene,0.1,105,5.7,-2.2,0.0,1.3,PENDING,PENDING,0.0,8.209494134101423,5.932745905164981,0.008162067167076084,0.1568158811072975,0.07438769155232887,0.18496033395945985
CsOPiv,CgMe-PPh,p-Xylene,0.1,90,5.7,-2.2,0.0,1.3,PENDING,PENDING,0.0,7.786950343978676,5.9322492585039015,0.006478692395922345,0.16770203936199868,0.07458489707313037,0.1957912260479805
CsOPiv,CgMe-PPh,p-Xylene,0.057,120,5.7,-2.2,0.0,1.3,PENDING,PENDING,0.0,8.901773066497904,6.360134178368198,0.02103463512148565,0.1527602010437437,0.07843411455344054,0.18103163689243137
CsOPiv,CgMe-PPh,p-Xylene,0.057,105,5.7,-2.2,0.0,1.3,PENDING,PENDING,0.0,8.523133799422702,6.02909107122943,0.011159787595311499,0.16344157782030996,0.07527917862251772,0.19156152474953744
CsOPiv,CgMe-PPh,p-Xylene,0.057,90,5.7,-2.2,0.0,1.3,PENDING,PENDING,0.0,8.088515494243254,6.008166865125072,0.008609442413104504,0.17418891254300287,0.07509354477725201,0.20225850967440306
CsOPiv,CgMe-PPh,DMAc,0.153,120,-4.3,3.0,-3.4,0.5,PENDING,PENDING,0.0,9.779567687827658,6.389050025812598,0.03243226029220031,0.14679288743759647,0.08041576456166061,0.175204542521838
CsOPiv,CgMe-PPh,DMAc,0.153,105,-4.3,3.0,-3.4,0.5,PENDING,PENDING,0.0,9.396030009005518,6.233914724949773,0.02265536229872972,0.15722656224176113,0.07916977945818016,0.18547261168481613
CsOPiv,CgMe-PPh,DMAc,0.153,90,-4.3,3.0,-3.4,0.5,PENDING,PENDING,0.0,8.943918444057783,6.3839220371918906,0.02208865956759956,0.16783222411636317,0.08065277485464663,0.19602182255109332
CsOPiv,CgMe-PPh,DMAc,0.1,120,-4.3,3.0,-3.4,0.5,PENDING,PENDING,0.0,10.252354347104655,6.090531599623659,0.02842323023013163,0.15483860226168786,0.07833399363024017,0.1830861360298845
CsOPiv,CgMe-PPh,DMAc,0.1,105,-4.3,3.0,-3.4,0.5,PENDING,PENDING,0.0,9.854914180503332,5.906465091427035,0.018521929186072594,0.16538478817878466,0.07668271206194255,0.19351640821618074
CsOPiv,CgMe-PPh,DMAc,0.1,90,-4.3,3.0,-3.4,0.5,PENDING,PENDING,0.0,9.38035255838853,6.051349204883583,0.017765970031005246,0.17598669070328649,0.07786848067506416,0.20408177989006746
CsOPiv,CgMe-PPh,DMAc,0.057,120,-4.3,3.0,-3.4,0.5,PENDING,PENDING,0.0,10.55308501089465,6.115828358092292,0.03367289481501462,0.16139742941645605,0.07892721658674773,0.18960044496205442
CsOPiv,CgMe-PPh,DMAc,0.057,105,-4.3,3.0,-3.4,0.5,PENDING,PENDING,0.0,10.147767863259887,5.917924264373601,0.021765623826607017,0.17189582999185418,0.07697948752395425,0.1999977211374911
CsOPiv,CgMe-PPh,DMAc,0.057,90,-4.3,3.0,-3.4,0.5,PENDING,PENDING,0.0,9.661289305668308,6.05003163485406,0.02035964188556294,0.1823643155913408,0.07788769353570563,0.21043466350753243
CsOPiv,CgMe-PPh,BuOAc,0.153,120,1.6,0.1,-0.8,-1.9,PENDING,PENDING,0.0,8.473127697417711,5.741149470477119,0.006910901432666275,0.15154288539423394,0.06968301605722711,0.17964080077797348
CsOPiv,CgMe-PPh,BuOAc,0.153,105,1.6,0.1,-0.8,-1.9,PENDING,PENDING,0.0,8.122411704887345,5.45040566573701,0.0033035336602652773,0.16299147164499186,0.06711718248434093,0.1910232544494693
CsOPiv,CgMe-PPh,BuOAc,0.153,90,1.6,0.1,-0.8,-1.9,PENDING,PENDING,0.0,7.716264266229434,5.514410482617339,0.002909692436749465,0.1744484069825069,0.06784826436519725,0.20246384352528138
CsOPiv,CgMe-PPh,BuOAc,0.1,120,1.6,0.1,-0.8,-1.9,PENDING,PENDING,0.0,8.934611705345155,5.549315324478801,0.006491647881056391,0.16004064421848208,0.06854757446423107,0.18809169131888637
CsOPiv,CgMe-PPh,BuOAc,0.1,105,1.6,0.1,-0.8,-1.9,PENDING,PENDING,0.0,8.571317456284664,5.213948272806174,0.00271752330058889,0.17163140506799837,0.06535971587348158,0.1996399773335418
CsOPiv,CgMe-PPh,BuOAc,0.1,90,1.6,0.1,-0.8,-1.9,PENDING,PENDING,0.0,8.143804793690071,5.249536632083581,0.002207176284749108,0.18309197996570847,0.06552173838730385,0.2110911548983697
CsOPiv,CgMe-PPh,BuOAc,0.057,120,1.6,0.1,-0.8,-1.9,PENDING,PENDING,0.0,9.236537478628955,5.691749015411189,0.00976217923784807,0.16683224969001229,0.07028850340666651,0.19487902329480988
CsOPiv,CgMe-PPh,BuOAc,0.057,105,1.6,0.1,-0.8,-1.9,PENDING,PENDING,0.0,8.86373319210097,5.345004864419323,0.004276550513601943,0.17835669121955855,0.06673740575537822,0.2063630287219397
CsOPiv,CgMe-PPh,BuOAc,0.057,90,1.6,0.1,-0.8,-1.9,PENDING,PENDING,0.0,8.423089951404444,5.3572574449075825,0.00331733525284518,0.18966033343685207,0.06646214955368587,0.21765761109279383
CsOPiv,CgMe-PPh,BuCN,0.153,120,-1.6,-2.1,-1.8,-0.9,PENDING,PENDING,0.0,7.76349282290977,5.9517876762316755,0.006604544490330183,0.13429284372610778,0.07258398724459095,0.1626010437155325
CsOPiv,CgMe-PPh,BuCN,0.153,105,-1.6,-2.1,-1.8,-0.9,PENDING,PENDING,0.0,7.378516267328117,5.637604052538671,0.003012153429555825,0.14509528912361275,0.06926898582635836,0.17322263961108292
CsOPiv,CgMe-PPh,BuCN,0.153,90,-1.6,-2.1,-1.8,-0.9,PENDING,PENDING,0.0,6.95488917620132,5.660038171689135,0.0024265915480277643,0.15620543637097423,0.06908279748390186,0.18427514317919502
CsOPiv,CgMe-PPh,BuCN,0.1,120,-1.6,-2.1,-1.8,-0.9,PENDING,PENDING,0.0,8.214254521507621,5.754872571908136,0.006109134615198193,0.1425655020900472,0.07132755290181572,0.17075276519233842
CsOPiv,CgMe-PPh,BuCN,0.1,105,-1.6,-2.1,-1.8,-0.9,PENDING,PENDING,0.0,7.815364846638205,5.397064743078182,0.0024371918731161853,0.15349383896193386,0.06739904920108478,0.18155499749559376
CsOPiv,CgMe-PPh,BuCN,0.1,90,-1.6,-2.1,-1.8,-0.9,PENDING,PENDING,0.0,7.369786532505172,5.391214993201104,0.0017983132136516061,0.16460269277658568,0.06664616131657874,0.19262806004318042
CsOPiv,CgMe-PPh,BuCN,0.057,120,-1.6,-2.1,-1.8,-0.9,PENDING,PENDING,0.0,8.522530283533447,5.876419942555513,0.008844187093295264,0.14940004339527965,0.07279063184001994,0.17756506298481967
CsOPiv,CgMe-PPh,BuCN,0.057,105,-1.6,-2.1,-1.8,-0.9,PENDING,PENDING,0.0,8.114934692395924,5.508112436017328,0.003680829243848549,0.16027285205380967,0.06853546336904141,0.18832308487610627
CsOPiv,CgMe-PPh,BuCN,0.057,90,-1.6,-2.1,-1.8,-0.9,PENDING,PENDING,0.0,7.656646177516474,5.482454635407026,0.002627090663195889,0.17123358578443768,0.06740082003171984,0.1992516436593676
CsOPiv,BrettPhos,p-Xylene,0.153,120,5.7,-2.2,0.0,1.3,PENDING,PENDING,0.0,8.276535951685597,5.049179564907148,0.0015333360629986754,0.13650735903190178,0.05222575419886664,0.16450697614860113
CsOPiv,BrettPhos,p-Xylene,0.153,105,5.7,-2.2,0.0,1.3,PENDING,PENDING,0.0,7.909668675482611,4.652631018844737,0.0003960501733854859,0.14787175777529576,0.04839003905869357,0.17586137457846404
CsOPiv,BrettPhos,p-Xylene,0.153,90,5.7,-2.2,0.0,1.3,PENDING,PENDING,0.0,7.493168478414038,4.685528721712233,0.0003091284112427513,0.15949193011180532,0.04944775148828057,0.18748077395703494
CsOPiv,BrettPhos,p-Xylene,0.1,120,5.7,-2.2,0.0,1.3,PENDING,PENDING,0.0,8.774818943408642,4.807906647680793,0.0012181989759265238,0.14506941479196359,0.0501828148233192,0.1730609829039319
CsOPiv,BrettPhos,p-Xylene,0.1,105,5.7,-2.2,0.0,1.3,PENDING,PENDING,0.0,8.395420886515469,4.340931921236925,0.00021884028276235616,0.15657911603171926,0.04522766067784936,0.1845673121921456
CsOPiv,BrettPhos,p-Xylene,0.1,90,5.7,-2.2,0.0,1.3,PENDING,PENDING,0.0,7.9562941535276845,4.331268902482569,0.00014010200258819834,0.16820366879477902,0.045415331207947135,0.19619171476371836
CsOPiv,BrettPhos,p-Xylene,0.057,120,5.7,-2.2,0.0,1.3,PENDING,PENDING,0.0,9.110545997758901,4.962246079631052,0.002258865996472792,0.15209075897688915,0.0522433854222796,0.18008249870781445
CsOPiv,BrettPhos,p-Xylene,0.057,105,5.7,-2.2,0.0,1.3,PENDING,PENDING,0.0,8.72235876745783,4.482815784771099,0.00046720270553664463,0.16353416293893167,0.04678521005976847,0.19152235377951943
CsOPiv,BrettPhos,p-Xylene,0.057,90,5.7,-2.2,0.0,1.3,PENDING,PENDING,0.0,8.269496096057464,4.442592655259293,0.00027622859493996177,0.17499552144782687,0.046279300324213256,0.2029835482254697
CsOPiv,BrettPhos,DMAc,0.153,120,-4.3,3.0,-3.4,0.5,PENDING,PENDING,0.0,10.031795711389638,4.989492459426672,0.004495268408587737,0.14571232519327712,0.05560705030067048,0.17371393123011633
CsOPiv,BrettPhos,DMAc,0.153,105,-4.3,3.0,-3.4,0.5,PENDING,PENDING,0.0,9.636791804790043,4.770810469456128,0.0021113434785696925,0.15685676853134878,0.05360489941571631,0.18484858584044708
CsOPiv,BrettPhos,DMAc,0.153,90,-4.3,3.0,-3.4,0.5,PENDING,PENDING,0.0,9.16385705407756,4.980566263220884,0.0024437677431693346,0.16815154958303355,0.05588037786177824,0.19614266107063127
CsOPiv,BrettPhos,DMAc,0.1,120,-4.3,3.0,-3.4,0.5,PENDING,PENDING,0.0,10.534241702254885,4.560515436672481,0.0024885403761878977,0.15420433887690693,0.052249210415299265,0.1821955275493845
CsOPiv,BrettPhos,DMAc,0.1,105,-4.3,3.0,-3.4,0.5,PENDING,PENDING,0.0,10.124203559887071,4.287842688215723,0.0008623792039324681,0.16548459131824536,0.04947448628674589,0.19347308591248266
CsOPiv,BrettPhos,DMAc,0.1,90,-4.3,3.0,-3.4,0.5,PENDING,PENDING,0.0,9.626394982166772,4.501097996156624,0.0010483393475687434,0.17677984184279102,0.051351757863643314,0.20476820055059647
CsOPiv,BrettPhos,DMAc,0.057,120,-4.3,3.0,-3.4,0.5,PENDING,PENDING,0.0,10.84795505565497,4.592851084827193,0.0033895956178798536,0.16109621751652467,0.05318035104687162,0.18908667872018914
CsOPiv,BrettPhos,DMAc,0.057,105,-4.3,3.0,-3.4,0.5,PENDING,PENDING,0.0,10.428619016447303,4.300061283168803,0.0011577406372864866,0.17231490772473956,0.0499291080257071,0.2003032173614093
CsOPiv,BrettPhos,DMAc,0.057,90,-4.3,3.0,-3.4,0.5,PENDING,PENDING,0.0,9.917323516615776,4.494715080836806,0.001302668673895408,0.18345515702764628,0.05133619144492776,0.21144334328203904
CsOPiv,BrettPhos,BuOAc,0.153,120,1.6,0.1,-0.8,-1.9,PENDING,PENDING,0.0,8.685366104451207,4.041546634990001,9.34308359105511e-05,0.1510841093863368,0.035745652414501276,0.1790720822012218
CsOPiv,BrettPhos,BuOAc,0.153,105,1.6,0.1,-0.8,-1.9,PENDING,PENDING,0.0,8.33506392506146,3.5688592183313177,5.909487216393844e-06,0.163511455861652,0.029774483662595413,0.19149942686193147
CsOPiv,BrettPhos,BuOAc,0.153,90,1.6,0.1,-0.8,-1.9,PENDING,PENDING,0.0,7.917526673501511,3.6658663276196877,6.081588947302587e-06,0.17585241411550048,0.031313276243109395,0.2038403851156739
CsOPiv,BrettPhos,BuOAc,0.1,120,1.6,0.1,-0.8,-1.9,PENDING,PENDING,0.0,9.177585601073947,3.743448071095572,4.279615887124537e-05,0.16012889915477915,0.03332552078171242,0.18811687020091725
CsOPiv,BrettPhos,BuOAc,0.1,105,1.6,0.1,-0.8,-1.9,PENDING,PENDING,0.0,8.815557589805312,3.1642328972497715,7.325948797170051e-07,0.1727550585044418,0.025162249546532227,0.20074302950444178
CsOPiv,BrettPhos,BuOAc,0.057,120,1.6,0.1,-0.8,-1.9,PENDING,PENDING,0.0,9.490464355630184,3.972258205453929,0.00016194634159088063,0.167272922424777,0.03712706215747518,0.1952608939037098
CsOPiv,BrettPhos,BuOAc,0.057,105,1.6,0.1,-0.8,-1.9,PENDING,PENDING,0.0,9.115955456845294,3.3969073324548504,5.931327476355977e-06,0.17979759370764317,0.028880368367709214,0.2077855647076444
CsOPiv,BrettPhos,BuOAc,0.057,90,1.6,0.1,-0.8,-1.9,PENDING,PENDING,0.0,8.660158325522321,3.4051315595415224,3.2982191678154147e-06,0.19196463730644697,0.02783200133469887,0.21995260830644697
CsOPiv,BrettPhos,BuCN,0.153,120,-1.6,-2.1,-1.8,-0.9,PENDING,PENDING,0.0,7.921753949692514,4.372130866237294,0.0001574412871309847,0.1326715832620988,0.04190151643899937,0.16066017073700184
CsOPiv,BrettPhos,BuCN,0.153,105,-1.6,-2.1,-1.8,-0.9,PENDING,PENDING,0.0,7.529088078500161,3.8850874921248857,1.2591846380833395e-05,0.14429959128363073,0.035082002659217466,0.1722875652950203
CsOPiv,BrettPhos,BuCN,0.153,90,-1.6,-2.1,-1.8,-0.9,PENDING,PENDING,0.0,7.089902573097678,3.910818846155437,8.556266684989038e-06,0.15620561599222738,0.03440663990361169,0.18419358725291968
CsOPiv,BrettPhos,BuCN,0.1,120,-1.6,-2.1,-1.8,-0.9,PENDING,PENDING,0.0,8.400309963119073,4.078623931343278,8.105515003948172e-05,0.14143856277531033,0.039497711340423076,0.16942660902552936
CsOPiv,BrettPhos,BuCN,0.1,105,-1.6,-2.1,-1.8,-0.9,PENDING,PENDING,0.0,7.993232889120122,3.495416517315397,2.335184151686952e-06,0.15322932739806053,0.030817101377304777,0.18121729840823828
CsOPiv,BrettPhos,BuCN,0.1,90,-1.6,-2.1,-1.8,-0.9,PENDING,PENDING,0.0,7.530158189943184,3.4723506086759173,1.0290154718600499e-06,0.16514405975548482,0.028576606541188414,0.19313203075551313
CsOPiv,BrettPhos,BuCN,0.057,120,-1.6,-2.1,-1.8,-0.9,PENDING,PENDING,0.0,8.721010430201478,4.263776327442828,0.0002258562536842446,0.1486344159188967,0.0423051445885273,0.17662252416553917
CsOPiv,BrettPhos,BuCN,0.057,105,-1.6,-2.1,-1.8,-0.9,PENDING,PENDING,0.0,8.30308521593884,3.679491027779262,1.0730228818461629e-05,0.1603458485930466,0.03340318144411644,0.18833381964115856
CsOPiv,BrettPhos,BuCN,0.057,90,-1.6,-2.1,-1.8,-0.9,PENDING,PENDING,0.0,7.825243689253634,3.624276908556109,4.206669906946356e-06,0.17208054842281528,0.03038354824529363,0.200068519422916
CsOAc,tBPh-CPhos,p-Xylene,0.153,120,5.7,-2.2,0.0,1.3,PENDING,PENDING,0.0,5.014949661758555,5.757653174712642,0.0008720520042489431,0.24368068808369014,0.08249449903477735,0.271679433693361
CsOAc,tBPh-CPhos,p-Xylene,0.153,105,5.7,-2.2,0.0,1.3,PENDING,PENDING,0.0,4.553824710518657,5.413681950763007,0.00026355040300225915,0.25290354660400527,0.07758037859189977,0.28089430681042526
CsOAc,tBPh-CPhos,p-Xylene,0.153,90,5.7,-2.2,0.0,1.3,PENDING,PENDING,0.0,4.109776279074669,5.427746944076824,0.00019687558736642156,0.261085083367432,0.07661390399723102,0.28907451605675294
CsOAc,tBPh-CPhos,p-Xylene,0.1,120,5.7,-2.2,0.0,1.3,PENDING,PENDING,0.0,5.4832408246588535,5.525664296530453,0.0006879045574071634,0.2504504272066615,0.08016807462269163,0.27844361259049566
CsOAc,tBPh-CPhos,p-Xylene,0.1,105,5.7,-2.2,0.0,1.3,PENDING,PENDING,0.0,5.007272302032223,5.1270467453787045,0.0001596700351136483,0.25975763599448254,0.07476645805926455,0.28774664125012506
CsOAc,tBPh-CPhos,p-Xylene,0.1,90,5.7,-2.2,0.0,1.3,PENDING,PENDING,0.0,4.5400787366856274,5.107341915022298,0.00010244972623586453,0.2679400134965174,0.07348129081081992,0.2959284496309223
CsOAc,tBPh-CPhos,p-Xylene,0.057,120,5.7,-2.2,0.0,1.3,PENDING,PENDING,0.0,5.854558421586945,5.631410927798783,0.0011325345949981004,0.2550963753086203,0.08123442885709402,0.2830893928935662
CsOAc,tBPh-CPhos,p-Xylene,0.057,105,5.7,-2.2,0.0,1.3,PENDING,PENDING,0.0,5.372751729757471,5.218024608371249,0.00027965994690748886,0.2643689216520584,0.07574286611419351,0.2923578908669566
CsOAc,tBPh-CPhos,p-Xylene,0.057,90,5.7,-2.2,0.0,1.3,PENDING,PENDING,0.0,4.893083329496674,5.175187369360919,0.0001692826106815112,0.27247314322398153,0.07429712599240723,0.30046155055056556
CsOAc,tBPh-CPhos,DMAc,0.153,120,-4.3,3.0,-3.4,0.5,PENDING,PENDING,0.0,6.869745241394313,5.9710078277144625,0.004148817246634871,0.24927886637844648,0.08369756094963944,0.2772769862215518
CsOAc,tBPh-CPhos,DMAc,0.153,105,-4.3,3.0,-3.4,0.5,PENDING,PENDING,0.0,6.386056653402109,5.795243969729642,0.0022442720499629733,0.2583697033705074,0.0794643211215974,0.2863607370899582
CsOAc,tBPh-CPhos,DMAc,0.153,90,-4.3,3.0,-3.4,0.5,PENDING,PENDING,0.0,5.886543967092503,5.9502428329483035,0.002256790310646406,0.26637733787824364,0.07906301980672027,0.2943671695519701
CsOAc,tBPh-CPhos,DMAc,0.1,120,-4.3,3.0,-3.4,0.5,PENDING,PENDING,0.0,7.345786354122709,5.6284697293472306,0.002899924957538543,0.2560056330895567,0.08093950858083494,0.2839981760822974
CsOAc,tBPh-CPhos,DMAc,0.1,105,-4.3,3.0,-3.4,0.5,PENDING,PENDING,0.0,6.845175169427668,5.41926997390465,0.0013498743746833911,0.2651779454667112,0.07628965069304404,0.293166998350267
CsOAc,tBPh-CPhos,DMAc,0.1,90,-4.3,3.0,-3.4,0.5,PENDING,PENDING,0.0,6.320267323667153,5.57145015896074,0.0013429837682952025,0.2731851672512411,0.07567081243903447,0.30117372883710675
CsOAc,tBPh-CPhos,DMAc,0.057,120,-4.3,3.0,-3.4,0.5,PENDING,PENDING,0.0,7.693755952486063,5.642138657825901,0.003679119905912638,0.26058729276566356,0.0816452928287582,0.2885794239439185
CsOAc,tBPh-CPhos,DMAc,0.057,105,-4.3,3.0,-3.4,0.5,PENDING,PENDING,0.0,7.186444478767403,5.418165593549795,0.001690296600939712,0.2697260774882114,0.07691394914377263,0.2977150157030823
CsOAc,tBPh-CPhos,DMAc,0.057,90,-4.3,3.0,-3.4,0.5,PENDING,PENDING,0.0,6.649097812577071,5.558084670330327,0.0016153912750733364,0.27765706558965736,0.07617426480299282,0.3056455516273238
CsOAc,tBPh-CPhos,BuOAc,0.153,120,1.6,0.1,-0.8,-1.9,PENDING,PENDING,0.0,5.140478629490772,5.062759756170509,0.00014510977284439616,0.2569957476591293,0.06826731133881436,0.28498394057597976
CsOAc,tBPh-CPhos,BuOAc,0.153,105,1.6,0.1,-0.8,-1.9,PENDING,PENDING,0.0,4.671067931161258,4.688628032876848,2.459875357383026e-05,0.26674638413309254,0.06146691631241863,0.2947343648039292
CsOAc,tBPh-CPhos,BuOAc,0.153,90,1.6,0.1,-0.8,-1.9,PENDING,PENDING,0.0,4.216365341883326,4.734079105859802,1.9195252227538018e-05,0.27523184114222043,0.05982169304907862,0.30321981434971224
CsOAc,tBPh-CPhos,BuOAc,0.1,120,1.6,0.1,-0.8,-1.9,PENDING,PENDING,0.0,5.592434745476058,4.8017103864955475,8.842643666875948e-05,0.26401361564182213,0.06530573422592563,0.2920016387947841
CsOAc,tBPh-CPhos,BuOAc,0.1,105,1.6,0.1,-0.8,-1.9,PENDING,PENDING,0.0,5.106099587555631,4.3619065490871245,8.92759526638354e-06,0.273858497673271,0.0577026846515437,0.3018464695447679
CsOAc,tBPh-CPhos,BuOAc,0.1,90,1.6,0.1,-0.8,-1.9,PENDING,PENDING,0.0,4.6270167428774425,4.372443904590244,5.595323971121133e-06,0.2823467705173014,0.05556174690111038,0.3103347416268089
CsOAc,tBPh-CPhos,BuOAc,0.057,120,1.6,0.1,-0.8,-1.9,PENDING,PENDING,0.0,5.946985331374935,4.942662637231894,0.0001918177340560481,0.2686904323718474,0.06682465309172524,0.29667846559630445
CsOAc,tBPh-CPhos,BuOAc,0.057,105,1.6,0.1,-0.8,-1.9,PENDING,PENDING,0.0,5.453185186894968,4.492200164530402,2.3166133780508347e-05,0.2784932603698084,0.05922032368594461,0.30648123258907334
CsOAc,tBPh-CPhos,BuOAc,0.057,90,1.6,0.1,-0.8,-1.9,PENDING,PENDING,0.0,4.960830074338728,4.476862574073766,1.312570034432063e-05,0.2868973823180141,0.056912982937270505,0.3148853534709689
CsOAc,tBPh-CPhos,BuCN,0.153,120,-1.6,-2.1,-1.8,-0.9,PENDING,PENDING,0.0,4.5767551267971,5.433795876493078,0.00028359085370315094,0.2433528127323198,0.074927852214287,0.27134346977665746
CsOAc,tBPh-CPhos,BuCN,0.153,105,-1.6,-2.1,-1.8,-0.9,PENDING,PENDING,0.0,4.081530480920974,5.061046325242229,5.951989076941034e-05,0.25273413928839555,0.06864121518631076,0.28072243862758456
CsOAc,tBPh-CPhos,BuCN,0.153,90,-1.6,-2.1,-1.8,-0.9,PENDING,PENDING,0.0,3.6115190029751005,5.065979922707473,4.038539614924729e-05,0.26103634474650844,0.06683743625826628,0.2890244238337971
CsOAc,tBPh-CPhos,BuCN,0.1,120,-1.6,-2.1,-1.8,-0.9,PENDING,PENDING,0.0,5.023481798667897,5.19139529006453,0.0001971570294590887,0.2502499774572798,0.07237250944438646,0.27823896722571756
CsOAc,tBPh-CPhos,BuCN,0.1,105,-1.6,-2.1,-1.8,-0.9,PENDING,PENDING,0.0,4.510803055902631,4.762298216480471,2.8491446944971656e-05,0.2597204848751958,0.06546325685152164,0.2877085314768348
CsOAc,tBPh-CPhos,BuCN,0.1,90,-1.6,-2.1,-1.8,-0.9,PENDING,PENDING,0.0,4.016070971047686,4.734213012809605,1.5830987037805807e-05,0.26802411962047273,0.06324836477990271,0.2960121085286277
CsOAc,tBPh-CPhos,BuCN,0.057,120,-1.6,-2.1,-1.8,-0.9,PENDING,PENDING,0.0,5.383191863209201,5.310107013672319,0.00036550517979479225,0.2549686892771389,0.07370548588657662,0.2829577226033147
CsOAc,tBPh-CPhos,BuCN,0.057,105,-1.6,-2.1,-1.8,-0.9,PENDING,PENDING,0.0,4.863571373878688,4.870868647388992,5.951048795835344e-05,0.264401708913972,0.06677321072761926,0.2923897632153097
CsOAc,tBPh-CPhos,BuCN,0.057,90,-1.6,-2.1,-1.8,-0.9,PENDING,PENDING,0.0,4.355848282316298,4.822031613781928,3.124822564585367e-05,0.27262411108710694,0.06442156362085813,0.3006121016481622
CsOAc,X-Phos,p-Xylene,0.153,120,5.7,-2.2,0.0,1.3,PENDING,PENDING,0.0,5.403342046031065,5.487444322848521,0.0005917700397347079,0.047746822617500254,0.05768906940890929,0.07829053015031225
CsOAc,X-Phos,p-Xylene,0.153,105,5.7,-2.2,0.0,1.3,PENDING,PENDING,0.0,4.9637069014083,5.199831860283656,0.0001929858462556477,0.05609694800128896,0.056971279462702785,0.085848389616408
CsOAc,X-Phos,p-Xylene,0.153,90,5.7,-2.2,0.0,1.3,PENDING,PENDING,0.0,4.534268957808328,5.298551083461212,0.0001859170544164378,0.06615797239877443,0.060560119496989376,0.09571128792804404
CsOAc,X-Phos,p-Xylene,0.1,120,5.7,-2.2,0.0,1.3,PENDING,PENDING,0.0,5.889684166735028,5.344463368666673,0.0005797956384481079,0.05570293060128102,0.05717678205380887,0.08551010824682995
CsOAc,X-Phos,p-Xylene,0.1,105,5.7,-2.2,0.0,1.3,PENDING,PENDING,0.0,5.436047689348073,5.012003361809963,0.0001571444677858345,0.06413938048158965,0.055856812801661535,0.0932818701179292
CsOAc,X-Phos,p-Xylene,0.1,90,5.7,-2.2,0.0,1.3,PENDING,PENDING,0.0,4.983508275544341,5.078730252649052,0.00013434750218823408,0.0741730644694972,0.058926681498592905,0.10315326866993446
CsOAc,X-Phos,p-Xylene,0.057,120,5.7,-2.2,0.0,1.3,PENDING,PENDING,0.0,6.26867445725279,5.532385528293493,0.0011887315599867186,0.06331598813336174,0.0597310869294925,0.09294353935968225
CsOAc,X-Phos,p-Xylene,0.057,105,5.7,-2.2,0.0,1.3,PENDING,PENDING,0.0,5.808991624263963,5.188790626976565,0.0003588363862368068,0.07173964859064787,0.05794878064624061,0.10073442461694294
CsOAc,X-Phos,p-Xylene,0.057,90,5.7,-2.2,0.0,1.3,PENDING,PENDING,0.0,5.343437245468419,5.226524500526362,0.0002802485997183057,0.08163877861183692,0.06042567652600696,0.1104589218928731
CsOAc,X-Phos,DMAc,0.153,120,-4.3,3.0,-3.4,0.5,PENDING,PENDING,0.0,7.254455287991037,5.836715456895629,0.004067411154764944,0.058052956018630045,0.06116018779170883,0.0882501209440539
CsOAc,X-Phos,DMAc,0.153,105,-4.3,3.0,-3.4,0.5,PENDING,PENDING,0.0,6.791185652107435,5.726403553480756,0.0025054214169438482,0.0663021760345705,0.061746775315588365,0.09599106564146341
CsOAc,X-Phos,DMAc,0.153,90,-4.3,3.0,-3.4,0.5,PENDING,PENDING,0.0,6.305334956034168,5.955118525736091,0.002914397205420017,0.07609888565779828,0.06608648486377583,0.1057156583501127
CsOAc,X-Phos,DMAc,0.1,120,-4.3,3.0,-3.4,0.5,PENDING,PENDING,0.0,7.747844242198157,5.5811530389004345,0.0033834346537781196,0.06595689113965557,0.059330270574058874,0.09537862570866047
CsOAc,X-Phos,DMAc,0.1,105,-4.3,3.0,-3.4,0.5,PENDING,PENDING,0.0,7.268384393802916,5.446616729193979,0.001898046590492513,0.07428945209338586,0.05958103484240728,0.10332368953918503
CsOAc,X-Phos,DMAc,0.1,90,-4.3,3.0,-3.4,0.5,PENDING,PENDING,0.0,6.757146567234853,5.672949205921436,0.0022032966775602375,0.08405842688697401,0.06374591722905608,0.113057902925805
CsOAc,X-Phos,DMAc,0.057,120,-4.3,3.0,-3.4,0.5,PENDING,PENDING,0.0,8.103106828585663,5.667049091252794,0.004912731485166813,0.0734123612499717,0.060869958664372545,0.10260954598861383
CsOAc,X-Phos,DMAc,0.057,105,-4.3,3.0,-3.4,0.5,PENDING,PENDING,0.0,7.616751694726539,5.519388600214346,0.0027612198823519334,0.08173152252011155,0.06075358339238075,0.1105738274630622
CsOAc,X-Phos,DMAc,0.057,90,-4.3,3.0,-3.4,0.5,PENDING,PENDING,0.0,7.0925847815040255,5.728005271285847,0.003017610660444002,0.09137135552017259,0.0645335922600955,0.1201717211864222
CsOAc,X-Phos,BuOAc,0.153,120,1.6,0.1,-0.8,-1.9,PENDING,PENDING,0.0,5.550928313529939,4.8340954712193,9.555026888980887e-05,0.05757539799897113,0.047163737506261134,0.08621300541764257
CsOAc,X-Phos,BuOAc,0.153,105,1.6,0.1,-0.8,-1.9,PENDING,PENDING,0.0,5.106384968518952,4.5444833050072555,2.05187395620317e-05,0.06649896357316136,0.04599771629163048,0.0948243197527659
CsOAc,X-Phos,BuOAc,0.153,90,1.6,0.1,-0.8,-1.9,PENDING,PENDING,0.0,4.6688576912923585,4.702037292954198,2.593400912372101e-05,0.07700846473253285,0.05001352957405456,0.1053205105751573
CsOAc,X-Phos,BuOAc,0.1,120,1.6,0.1,-0.8,-1.9,PENDING,PENDING,0.0,6.023515571685266,4.696526388730077,8.912483103364023e-05,0.06589493732979161,0.047003760747749916,0.09428484718430183
CsOAc,X-Phos,BuOAc,0.1,105,1.6,0.1,-0.8,-1.9,PENDING,PENDING,0.0,5.563280872641317,4.359756118986442,1.437066688570024e-05,0.0749165183596152,0.04510109599809879,0.10307872911599697
CsOAc,X-Phos,BuOAc,0.1,90,1.6,0.1,-0.8,-1.9,PENDING,PENDING,0.0,5.101485184112779,4.485296641853647,1.5749890152157132e-05,0.08539401265126924,0.048460505248260996,0.11353985366671797
CsOAc,X-Phos,BuOAc,0.057,120,1.6,0.1,-0.8,-1.9,PENDING,PENDING,0.0,6.386699339620992,4.940722625234278,0.00027290952279540115,0.073699424129646,0.05053901144598118,0.10210284030923024
CsOAc,X-Phos,BuOAc,0.057,105,1.6,0.1,-0.8,-1.9,PENDING,PENDING,0.0,5.918677581176107,4.597573297060167,5.593041658894752e-05,0.08270147128969124,0.048157515339916836,0.11086655784929306
CsOAc,X-Phos,BuOAc,0.057,90,1.6,0.1,-0.8,-1.9,PENDING,PENDING,0.0,5.44283504033315,4.687366994861006,5.067809472412098e-05,0.09302835355988232,0.050737977774479345,0.12116066931819566
CsOAc,X-Phos,BuCN,0.153,120,-1.6,-2.1,-1.8,-0.9,PENDING,PENDING,0.0,4.977669630416956,5.220071963726306,0.00020735647517488437,0.04176115219429907,0.05458519330874053,0.07235388866208471
CsOAc,X-Phos,BuCN,0.153,105,-1.6,-2.1,-1.8,-0.9,PENDING,PENDING,0.0,4.505783416540119,4.920095788842332,5.188952333396249e-05,0.05014438193976893,0.05262003900129668,0.07972855912948916
CsOAc,X-Phos,BuCN,0.153,90,-1.6,-2.1,-1.8,-0.9,PENDING,PENDING,0.0,4.051774979362956,5.021849192419686,5.045058859790756e-05,0.06035367262190855,0.05509197166828373,0.08961146961272885
CsOAc,X-Phos,BuCN,0.1,120,-1.6,-2.1,-1.8,-0.9,PENDING,PENDING,0.0,5.443894785240619,5.085663932784544,0.00019926929864507933,0.04989044224196046,0.054613522721337515,0.07976908580214176
CsOAc,X-Phos,BuCN,0.1,105,-1.6,-2.1,-1.8,-0.9,PENDING,PENDING,0.0,4.9555911088284095,4.744021049396352,4.014134038946731e-05,0.058363835541449416,0.05207490422007796,0.08740547129284298
CsOAc,X-Phos,BuCN,0.1,90,-1.6,-2.1,-1.8,-0.9,PENDING,PENDING,0.0,4.476932862313564,4.8157337819772765,3.4090191526490814e-05,0.06854158160026842,0.05396236487811786,0.09732181973779068
CsOAc,X-Phos,BuCN,0.057,120,-1.6,-2.1,-1.8,-0.9,PENDING,PENDING,0.0,5.811828060827631,5.29515263285617,0.0004813973478855274,0.05772165820289199,0.057643893069226154,0.08745015385197738
CsOAc,X-Phos,BuCN,0.057,105,-1.6,-2.1,-1.8,-0.9,PENDING,PENDING,0.0,5.316313580238596,4.947440519532017,0.00011511168064745267,0.06618405922164032,0.054763510145060354,0.09512664735702564
CsOAc,X-Phos,BuCN,0.057,90,-1.6,-2.1,-1.8,-0.9,PENDING,PENDING,0.0,4.82400066755234,4.991405253057501,8.801689722485518e-05,0.07621988331300755,0.05609511259084411,0.10489947230157012
CsOAc,PPhtBu2,p-Xylene,0.153,120,5.7,-2.2,0.0,1.3,PENDING,PENDING,0.0,5.96367575643494,6.204488985969401,0.0037676294209786423,0.0711633719621866,0.07704706500975832,0.10275803252132658
CsOAc,PPhtBu2,p-Xylene,0.153,105,5.7,-2.2,0.0,1.3,PENDING,PENDING,0.0,5.53349113539201,5.942593131317976,0.0017990600462753567,0.0795452867133592,0.07626588307715254,0.11026889431455493
CsOAc,PPhtBu2,p-Xylene,0.153,90,5.7,-2.2,0.0,1.3,PENDING,PENDING,0.0,5.102447675548084,5.999240117485494,0.0015556727643354362,0.08925097105343624,0.07839010667723059,0.11955953383797083
CsOAc,PPhtBu2,p-Xylene,0.1,120,5.7,-2.2,0.0,1.3,PENDING,PENDING,0.0,6.437670741805513,5.995443755690563,0.003389284568813815,0.0788135418064324,0.07520833015839977,0.10943958011838016
CsOAc,PPhtBu2,p-Xylene,0.1,105,5.7,-2.2,0.0,1.3,PENDING,PENDING,0.0,5.9935918902669005,5.690565359382748,0.001412649784690613,0.0872753853290498,0.07394874739973661,0.11715661651729836
CsOAc,PPhtBu2,p-Xylene,0.1,90,5.7,-2.2,0.0,1.3,PENDING,PENDING,0.0,5.540091223738015,5.7204869129336995,0.0011273670460206636,0.09695817686499464,0.07571780372814883,0.12650815408494423
CsOAc,PPhtBu2,p-Xylene,0.057,120,5.7,-2.2,0.0,1.3,PENDING,PENDING,0.0,6.7984686085464565,6.086738254374309,0.004871410898099837,0.08590809579620012,0.07584040000188992,0.11610967125642462
CsOAc,PPhtBu2,p-Xylene,0.057,105,5.7,-2.2,0.0,1.3,PENDING,PENDING,0.0,6.3482032182441985,5.765369589978417,0.0020648082734778007,0.0943511416461028,0.07418739830592458,0.12387358922505559
CsOAc,PPhtBu2,p-Xylene,0.057,90,5.7,-2.2,0.0,1.3,PENDING,PENDING,0.0,5.882310952503045,5.7734495673316975,0.0015722378081625653,0.10391145518373635,0.07560295633223922,0.133138560979825
CsOAc,PPhtBu2,DMAc,0.153,120,-4.3,3.0,-3.4,0.5,PENDING,PENDING,0.0,7.781020645904915,6.458038303335579,0.014079481897438434,0.08096800354847195,0.07886021971585506,0.11196660336150602
CsOAc,PPhtBu2,DMAc,0.153,105,-4.3,3.0,-3.4,0.5,PENDING,PENDING,0.0,7.327540688425628,6.346629667709652,0.009664617723937965,0.08924615057036783,0.07904037216978098,0.11964061064407744
CsOAc,PPhtBu2,DMAc,0.153,90,-4.3,3.0,-3.4,0.5,PENDING,PENDING,0.0,6.841748897024139,6.525452283911184,0.00982599913894,0.09870243371964244,0.08190202331422454,0.1288456995921731
CsOAc,PPhtBu2,DMAc,0.1,120,-4.3,3.0,-3.4,0.5,PENDING,PENDING,0.0,8.262002674022561,6.151223902303078,0.011662187214263861,0.0885739645010515,0.0760429959426233,0.1186288898532593
CsOAc,PPhtBu2,DMAc,0.1,105,-4.3,3.0,-3.4,0.5,PENDING,PENDING,0.0,7.792574589208655,6.015430211171224,0.0074354686656152025,0.09692951722636176,0.07593307023717107,0.1265030198771294
CsOAc,PPhtBu2,DMAc,0.1,90,-4.3,3.0,-3.4,0.5,PENDING,PENDING,0.0,7.282152224222428,6.192885887535789,0.007497920965664359,0.10636224939904719,0.07867123191918264,0.13576201824273146
CsOAc,PPhtBu2,DMAc,0.057,120,-4.3,3.0,-3.4,0.5,PENDING,PENDING,0.0,8.6001439623934,6.158099023548909,0.013954080845117664,0.09552899584641429,0.07596044413101705,0.12517674397398723
CsOAc,PPhtBu2,DMAc,0.057,105,-4.3,3.0,-3.4,0.5,PENDING,PENDING,0.0,8.123751178241676,6.007855571414403,0.00876767183870883,0.1038656257370934,0.07555552652894751,0.13309045885724952
CsOAc,PPhtBu2,DMAc,0.057,90,-4.3,3.0,-3.4,0.5,PENDING,PENDING,0.0,7.600994931418285,6.173874958964358,0.008596200528721204,0.11318036146629161,0.07808366259151348,0.14226101875952382
CsOAc,PPhtBu2,BuOAc,0.153,120,1.6,0.1,-0.8,-1.9,PENDING,PENDING,0.0,6.1428384362004,5.741881456087127,0.0017318767166829042,0.08179663961299527,0.07098626520211601,0.11165391473794374
CsOAc,PPhtBu2,BuOAc,0.153,105,1.6,0.1,-0.8,-1.9,PENDING,PENDING,0.0,5.708407397437143,5.49016562687156,0.0007363662926445688,0.09074563592915821,0.06996037168068361,0.1200219238687
CsOAc,PPhtBu2,BuOAc,0.153,90,1.6,0.1,-0.8,-1.9,PENDING,PENDING,0.0,5.268313906324785,5.583312656224076,0.0006836390764976465,0.10086087774889144,0.07197755680460284,0.12990218670005513
CsOAc,PPhtBu2,BuOAc,0.1,120,1.6,0.1,-0.8,-1.9,PENDING,PENDING,0.0,6.602321990733013,5.52290866819605,0.0014504041218663388,0.08977356681344068,0.06907093739650373,0.11900957724023711
CsOAc,PPhtBu2,BuOAc,0.1,105,1.6,0.1,-0.8,-1.9,PENDING,PENDING,0.0,6.152290545140216,5.22704881602062,0.0005154043625321021,0.09881187190048102,0.06750924289033902,0.12758932301660525
CsOAc,PPhtBu2,BuOAc,0.1,90,1.6,0.1,-0.8,-1.9,PENDING,PENDING,0.0,5.688669942635579,5.295255233086914,0.00043990382308053966,0.10890105876641881,0.06913144442578291,0.13750800667093513
CsOAc,PPhtBu2,BuOAc,0.057,120,1.6,0.1,-0.8,-1.9,PENDING,PENDING,0.0,6.945738245699527,5.635392216037039,0.0022953231289224475,0.09701054150564824,0.06987929982795237,0.1260246076163615
CsOAc,PPhtBu2,BuOAc,0.057,105,1.6,0.1,-0.8,-1.9,PENDING,PENDING,0.0,6.487773244372223,5.323841634246603,0.000841904798462946,0.10602220860499516,0.06789507176341733,0.13462843284027695
CsOAc,PPhtBu2,BuOAc,0.057,90,1.6,0.1,-0.8,-1.9,PENDING,PENDING,0.0,6.01091111373864,5.368713259783831,0.0006725545374748464,0.1159762646005511,0.06913467344126109,0.14443366772331254
CsOAc,PPhtBu2,BuCN,0.153,120,-1.6,-2.1,-1.8,-0.9,PENDING,PENDING,0.0,5.562704234871596,5.991670289737058,0.0020192694663823917,0.06593127997103314,0.07467607787240693,0.09763662254232076
CsOAc,PPhtBu2,BuCN,0.153,105,-1.6,-2.1,-1.8,-0.9,PENDING,PENDING,0.0,5.101341972041846,5.721686901446841,0.0008493313645541282,0.07435717693982401,0.07300735213402168,0.1050113201434271
CsOAc,PPhtBu2,BuCN,0.153,90,-1.6,-2.1,-1.8,-0.9,PENDING,PENDING,0.0,4.645649820729634,5.775870207139233,0.0007141165214784549,0.08419343156495018,0.07419930383481418,0.11429766806199869
CsOAc,PPhtBu2,BuCN,0.1,120,-1.6,-2.1,-1.8,-0.9,PENDING,PENDING,0.0,6.016437881339085,5.7806528307469955,0.0017354542405451992,0.07373448360340934,0.07304449654601708,0.10444475606459691
CsOAc,PPhtBu2,BuCN,0.1,105,-1.6,-2.1,-1.8,-0.9,PENDING,PENDING,0.0,5.538832618038107,5.46984341227294,0.0006224013980985488,0.08224305284929138,0.07089852534692483,0.11206280498546102
CsOAc,PPhtBu2,BuCN,0.1,90,-1.6,-2.1,-1.8,-0.9,PENDING,PENDING,0.0,5.059228668473652,5.499606072419062,0.0004792591459322308,0.09205317771264945,0.07170713429846992,0.12143775398135849
CsOAc,PPhtBu2,BuCN,0.057,120,-1.6,-2.1,-1.8,-0.9,PENDING,PENDING,0.0,6.365311268921347,5.879452772715817,0.002614615800577834,0.08101275231842421,0.07386269645499938,0.11128806292808437
CsOAc,PPhtBu2,BuCN,0.057,105,-1.6,-2.1,-1.8,-0.9,PENDING,PENDING,0.0,5.880361191696371,5.555095905616599,0.0009667679715023667,0.0895030448798461,0.07136862865685105,0.11897712153494497
CsOAc,PPhtBu2,BuCN,0.057,90,-1.6,-2.1,-1.8,-0.9,PENDING,PENDING,0.0,5.387824549646595,5.56521519402919,0.0007097493391094063,0.09918503252717974,0.07185267912466678,0.12827903165161017
CsOAc,PPhMe2,p-Xylene,0.153,120,5.7,-2.2,0.0,1.3,PENDING,PENDING,0.0,2.776482260826807,5.448908392922538,7.520400550163381e-05,0.06003011005948934,0.053020720735302486,0.0890861307530874
CsOAc,PPhMe2,p-Xylene,0.153,105,5.7,-2.2,0.0,1.3,PENDING,PENDING,0.0,2.2881250816610406,5.071731122510134,1.2662039589305177e-05,0.06830999724656313,0.05101058371364946,0.09687997376524936
CsOAc,PPhMe2,p-Xylene,0.153,90,5.7,-2.2,0.0,1.3,PENDING,PENDING,0.0,1.857888418525747,5.092957001544355,9.301755775577888e-06,0.0781074419075218,0.053838409241032975,0.10658979480706253
CsOAc,PPhMe2,p-Xylene,0.1,120,5.7,-2.2,0.0,1.3,PENDING,PENDING,0.0,3.154044171268786,5.147613717738004,3.660720096362185e-05,0.0680617995521637,0.04927839441475207,0.09652877586073708
CsOAc,PPhMe2,p-Xylene,0.1,105,5.7,-2.2,0.0,1.3,PENDING,PENDING,0.0,2.6481954617180743,4.71011915728155,3.603652593508325e-06,0.07643062913321695,0.04637788546405597,0.10461415734590859
CsOAc,PPhMe2,p-Xylene,0.1,90,5.7,-2.2,0.0,1.3,PENDING,PENDING,0.0,2.1960480408847833,4.705012460460926,2.1898982649269815e-06,0.08619715914615306,0.04887155906873348,0.11434587631303515
CsOAc,PPhMe2,p-Xylene,0.057,120,5.7,-2.2,0.0,1.3,PENDING,PENDING,0.0,3.4884128227689266,5.22070708657832,6.280557550959135e-05,0.07559478589975357,0.0496627999882556,0.10391688441165817
CsOAc,PPhMe2,p-Xylene,0.057,105,5.7,-2.2,0.0,1.3,PENDING,PENDING,0.0,2.975618178706537,4.769043642657792,6.6318923540672646e-06,0.08395463777206134,0.04614091625772718,0.1120586041311004
CsOAc,PPhMe2,p-Xylene,0.057,90,5.7,-2.2,0.0,1.3,PENDING,PENDING,0.0,2.5114936195243396,4.744623638018858,3.6973497058616963e-06,0.09359165070406086,0.04814447477641782,0.12166880839077332
CsOAc,PPhMe2,DMAc,0.153,120,-4.3,3.0,-3.4,0.5,PENDING,PENDING,0.0,4.628800011505048,5.743620692506623,0.0006541961311157425,0.07021600291285836,0.055733756061586294,0.09907890948315891
CsOAc,PPhMe2,DMAc,0.153,105,-4.3,3.0,-3.4,0.5,PENDING,PENDING,0.0,4.120486246026113,5.540235018616698,0.0002727407513951662,0.07839572907168554,0.05514971201746245,0.10694891328928491
CsOAc,PPhMe2,DMAc,0.153,90,-4.3,3.0,-3.4,0.5,PENDING,PENDING,0.0,3.637288330993021,5.696421441217815,0.00029463665242844723,0.08793522964233152,0.05885217537121147,0.1164649032807418
CsOAc,PPhMe2,DMAc,0.1,120,-4.3,3.0,-3.4,0.5,PENDING,PENDING,0.0,5.01683888609079,5.352428959469837,0.000313094121476511,0.07819129892929647,0.05079745948276135,0.10651680070743653
CsOAc,PPhMe2,DMAc,0.1,105,-4.3,3.0,-3.4,0.5,PENDING,PENDING,0.0,4.489485172437354,5.114400296190776,0.00010057757054460041,0.08645643568235525,0.04973230577805405,0.1146258622043264
CsOAc,PPhMe2,DMAc,0.1,90,-4.3,3.0,-3.4,0.5,PENDING,PENDING,0.0,3.982330956049511,5.275366412269022,0.00011227528905422717,0.09596503335498187,0.05352287239500829,0.12414005218218292
CsOAc,PPhMe2,DMAc,0.057,120,-4.3,3.0,-3.4,0.5,PENDING,PENDING,0.0,5.330100492053078,5.339910905954644,0.0003813563813547518,0.08556737265014368,0.05022217574140784,0.11376132051551482
CsOAc,PPhMe2,DMAc,0.057,105,-4.3,3.0,-3.4,0.5,PENDING,PENDING,0.0,4.795169764749585,5.0884645402824535,0.00011881181599836775,0.09382252835145558,0.04871658646861998,0.12190801594911023
CsOAc,PPhMe2,DMAc,0.057,90,-4.3,3.0,-3.4,0.5,PENDING,PENDING,0.0,4.276086126774153,5.241685728556273,0.00012753442892235152,0.10320683398270528,0.052302092251883425,0.13129692809334698
CsOAc,PPhMe2,BuOAc,0.153,120,1.6,0.1,-0.8,-1.9,PENDING,PENDING,0.0,2.81513058869022,4.6995564617369885,4.069420524598912e-06,0.07100930194695453,0.039694981565611784,0.0990783313797207
CsOAc,PPhMe2,BuOAc,0.153,105,1.6,0.1,-0.8,-1.9,PENDING,PENDING,0.0,2.316825711090181,4.288846374395775,2.324797839246465e-07,0.07988697762107116,0.03651522361617412,0.10789133575836897
CsOAc,PPhMe2,BuOAc,0.153,90,1.6,0.1,-0.8,-1.9,PENDING,PENDING,0.0,1.8785050231523748,4.3590944240759315,2.122098531949238e-07,0.09010292814973214,0.03989318541912953,0.11810843495134556
CsOAc,PPhMe2,BuOAc,0.1,120,1.6,0.1,-0.8,-1.9,PENDING,PENDING,0.0,3.1682388549727833,4.331259503831939,8.507765509806645e-07,0.0794312529660276,0.03444574204447121,0.10742783168961811
CsOAc,PPhMe2,BuOAc,0.1,105,1.6,0.1,-0.8,-1.9,PENDING,PENDING,0.0,2.649723756173735,3.8402792517059887,1.2910248994260165e-08,0.08841373528887617,0.0295881827739148,0.11640198890990762
CsOAc,PPhMe2,BuOAc,0.1,90,1.6,0.1,-0.8,-1.9,PENDING,PENDING,0.0,2.188889722326243,3.8901303337364204,9.872394069007268e-09,0.09859067456673662,0.032816166902185466,0.12657908302313017
CsOAc,PPhMe2,BuOAc,0.057,120,1.6,0.1,-0.8,-1.9,PENDING,PENDING,0.0,3.4830104567911073,4.424111221662252,2.0594715979701497e-06,0.08713983606103387,0.0351545778194593,0.11513272729205733
CsOAc,PPhMe2,BuOAc,0.057,90,1.6,0.1,-0.8,-1.9,PENDING,PENDING,0.0,2.4821661539950455,3.9491879021731293,2.4933948472531068e-08,0.10613870395721606,0.031955541326057525,0.13412676850085598
CsOAc,PPhMe2,BuCN,0.153,120,-1.6,-2.1,-1.8,-0.9,PENDING,PENDING,0.0,2.2370827159227002,4.81502014429122,3.909863628943932e-06,0.05416537983413869,0.043722187726270005,0.0826636981513765
CsOAc,PPhMe2,BuCN,0.153,105,-1.6,-2.1,-1.8,-0.9,PENDING,PENDING,0.0,1.7110900322264944,4.352209724151589,1.6491224172516072e-07,0.062451842736632845,0.03914760004791679,0.09057892029965572
CsOAc,PPhMe2,BuCN,0.153,90,-1.6,-2.1,-1.8,-0.9,PENDING,PENDING,0.0,1.2558401382636886,4.357298702639062,9.631245379496922e-08,0.07236361343742881,0.040611018091832984,0.10044058255980871
CsOAc,PPhMe2,BuCN,0.1,120,-1.6,-2.1,-1.8,-0.9,PENDING,PENDING,0.0,2.5852789499064994,4.469900075614659,9.57722197925636e-07,0.06238207541985788,0.039632195472104684,0.09052379382253922
CsOAc,PPhMe2,BuCN,0.1,105,-1.6,-2.1,-1.8,-0.9,PENDING,PENDING,0.0,2.03837999818938,3.9290316559479157,1.0989008367843826e-08,0.07076332048307213,0.033627050998534545,0.09876733598737938
CsOAc,PPhMe2,BuCN,0.1,90,-1.6,-2.1,-1.8,-0.9,PENDING,PENDING,0.0,1.5597670412565323,3.906707595099964,4.380642922457145e-09,0.08063846936936676,0.03455692315955687,0.1086343260107323
CsOAc,PPhMe2,BuCN,0.057,120,-1.6,-2.1,-1.8,-0.9,PENDING,PENDING,0.0,2.9056698134191175,4.565491419635975,2.2941180276402147e-06,0.0701370147958839,0.04057365802234112,0.09822938294874034
CsOAc,PPhMe2,BuCN,0.057,105,-1.6,-2.1,-1.8,-0.9,PENDING,PENDING,0.0,2.3504126949498128,4.018287326825566,3.567219542966061e-08,0.07851404484913313,0.03399824411921929,0.1065100872531797
CsOAc,PPhMe2,BuCN,0.057,90,-1.6,-2.1,-1.8,-0.9,PENDING,PENDING,0.0,1.8593200373912295,3.9788283317795528,1.281651390449935e-08,0.08825374277917622,0.03435031240954699,0.11624488116945424
CsOAc,PPh3,p-Xylene,0.153,120,5.7,-2.2,0.0,1.3,PENDING,PENDING,0.0,4.95515060697433,5.86340608500552,0.0010644295412944663,0.052094756632926606,0.06667411973260029,0.08381482677842893
CsOAc,PPh3,p-Xylene,0.153,105,5.7,-2.2,0.0,1.3,PENDING,PENDING,0.0,4.493712943831794,5.537092446460872,0.00035378694639858627,0.06022599754858582,0.06490818090455859,0.09081694270661263
CsOAc,PPh3,p-Xylene,0.153,90,5.7,-2.2,0.0,1.3,PENDING,PENDING,0.0,4.04988879206093,5.557951801047364,0.0002720696663956177,0.0699975362572946,0.06665869680985392,0.10007679863802597
CsOAc,PPh3,p-Xylene,0.1,120,5.7,-2.2,0.0,1.3,PENDING,PENDING,0.0,5.404087195988071,5.564335413950456,0.000716135923402075,0.05953432730654393,0.0627761265296632,0.08985375889393536
CsOAc,PPh3,p-Xylene,0.1,105,5.7,-2.2,0.0,1.3,PENDING,PENDING,0.0,4.926652867115798,5.175037894163274,0.00017377056377974572,0.06772786864157683,0.06016656186540886,0.09714468556188866
CsOAc,PPh3,p-Xylene,0.1,90,5.7,-2.2,0.0,1.3,PENDING,PENDING,0.0,4.4593078215309045,5.160546606699158,0.00011408636545748394,0.07746729123165587,0.061425955313523094,0.10653346035373738
CsOAc,PPh3,p-Xylene,0.057,120,5.7,-2.2,0.0,1.3,PENDING,PENDING,0.0,5.76021521155481,5.6071203582049565,0.0010068713081636347,0.06669111177514021,0.06216748329223148,0.09640772068880996
CsOAc,PPh3,p-Xylene,0.057,105,5.7,-2.2,0.0,1.3,PENDING,PENDING,0.0,5.275944613151487,5.192954071770228,0.0002412157148177379,0.07485930103456086,0.0589035337000545,0.1038093761520832
CsOAc,PPh3,p-Xylene,0.057,90,5.7,-2.2,0.0,1.3,PENDING,PENDING,0.0,4.795783285426995,5.152404028307575,0.0001458891929107145,0.0844681512312866,0.0596820011069759,0.11314334266165714
CsOAc,PPh3,DMAc,0.153,120,-4.3,3.0,-3.4,0.5,PENDING,PENDING,0.0,6.808006528564888,6.084552724329178,0.004878906821785989,0.062354922799185405,0.06645106487477641,0.09300495154382425
CsOAc,PPh3,DMAc,0.153,105,-4.3,3.0,-3.4,0.5,PENDING,PENDING,0.0,6.324023840816039,5.92180421356516,0.002766929833569045,0.07039253610901572,0.06579377942833169,0.10032952780157184
CsOAc,PPh3,DMAc,0.153,90,-4.3,3.0,-3.4,0.5,PENDING,PENDING,0.0,5.824872797905818,6.079018307292632,0.0027815447314213128,0.0799090589352117,0.06853669225678442,0.10958904225568358
CsOAc,PPh3,DMAc,0.1,120,-4.3,3.0,-3.4,0.5,PENDING,PENDING,0.0,7.2654125138397365,5.680727440308496,0.003057609090651496,0.06975918616971638,0.06113694553675692,0.09917204791969139
CsOAc,PPh3,DMAc,0.1,105,-4.3,3.0,-3.4,0.5,PENDING,PENDING,0.0,6.763474348131085,5.478877771374604,0.0014622867054582545,0.07785798705808618,0.05989167509718858,0.10677391598324916
CsOAc,PPh3,DMAc,0.1,90,-4.3,3.0,-3.4,0.5,PENDING,PENDING,0.0,6.238609117284879,5.63293460660461,0.0014583982943900155,0.08734243401586317,0.06250810110764314,0.11612644502202156
CsOAc,PPh3,DMAc,0.057,120,-4.3,3.0,-3.4,0.5,PENDING,PENDING,0.0,7.59888908584527,5.633639549338979,0.0034184290781238066,0.07677248304177234,0.059572982468744325,0.10570382153341236
CsOAc,PPh3,DMAc,0.057,105,-4.3,3.0,-3.4,0.5,PENDING,PENDING,0.0,7.089360945792664,5.40996794827287,0.0015562476151569013,0.08484627090067547,0.05779989760293998,0.11339160848341813
CsOAc,PPh3,DMAc,0.057,90,-4.3,3.0,-3.4,0.5,PENDING,PENDING,0.0,6.551757743334418,5.551364156873142,0.001494263335076896,0.09420534130477365,0.060163748680564164,0.12266322739026547
CsOAc,PPh3,BuOAc,0.153,120,1.6,0.1,-0.8,-1.9,PENDING,PENDING,0.0,5.078851008182777,5.196278269990798,0.00020894712427398402,0.06216730133622095,0.053654101621417,0.09118456928661055
CsOAc,PPh3,BuOAc,0.153,105,1.6,0.1,-0.8,-1.9,PENDING,PENDING,0.0,4.609385137598451,4.84755636977731,4.346458186493276e-05,0.07084750573422093,0.05085517920390902,0.09933723303524948
CsOAc,PPh3,BuOAc,0.153,90,1.6,0.1,-0.8,-1.9,PENDING,PENDING,0.0,4.15504276225734,4.900895416108969,3.5292328557150806e-05,0.08103166117270186,0.05251936956257469,0.1093827384109557
CsOAc,PPh3,BuOAc,0.1,120,1.6,0.1,-0.8,-1.9,PENDING,PENDING,0.0,5.50895802108063,4.845987010932049,9.601885177929772e-05,0.06991004546492077,0.04837252048672665,0.09828323300113856
CsOAc,PPh3,BuOAc,0.1,105,1.6,0.1,-0.8,-1.9,PENDING,PENDING,0.0,5.0209918419380974,4.418755841980286,1.0685627621298435e-05,0.07865596603856889,0.04419714936249875,0.10675957562442506
CsOAc,PPh3,BuOAc,0.1,90,1.6,0.1,-0.8,-1.9,PENDING,PENDING,0.0,4.541720263958251,4.4355971498447335,6.965766457900645e-06,0.08880115725545987,0.04522319637545276,0.11685911290002857
CsOAc,PPh3,BuOAc,0.057,120,1.6,0.1,-0.8,-1.9,PENDING,PENDING,0.0,5.846177265853744,4.901758674555746,0.00015463210065098194,0.07720576400565683,0.04753531053994458,0.10541761549498567
CsOAc,PPh3,BuOAc,0.057,105,1.6,0.1,-0.8,-1.9,PENDING,PENDING,0.0,5.349302482215064,4.447288289092178,1.7125237176398038e-05,0.08591527196558335,0.04238358146114105,0.11395005519235944
CsOAc,PPh3,BuOAc,0.057,90,1.6,0.1,-0.8,-1.9,PENDING,PENDING,0.0,4.856221459812733,4.434367768362391,9.667410446609793e-06,0.09591463519908258,0.04274688034396808,0.12392587953937022
CsOAc,PPh3,BuCN,0.153,120,-1.6,-2.1,-1.8,-0.9,PENDING,PENDING,0.0,4.516418078322263,5.552488008105806,0.00037455336804687305,0.046235721444241595,0.06107836179152528,0.07754472827587541
CsOAc,PPh3,BuCN,0.153,105,-1.6,-2.1,-1.8,-0.9,PENDING,PENDING,0.0,4.021085632801532,5.2011861277549425,9.115780213845908e-05,0.054383431854005404,0.0578562737104286,0.08438444782712082
CsOAc,PPh3,BuCN,0.153,90,-1.6,-2.1,-1.8,-0.9,PENDING,PENDING,0.0,3.5514186260910225,5.214176247750657,6.471515911455413e-05,0.06428071473065335,0.058388580385075016,0.09369021337648652
CsOAc,PPh3,BuCN,0.1,120,-1.6,-2.1,-1.8,-0.9,PENDING,PENDING,0.0,4.942358673923422,5.231992437385321,0.0002090535807100797,0.05381137493771361,0.05689034125461157,0.0837175427736725
CsOAc,PPh3,BuCN,0.1,105,-1.6,-2.1,-1.8,-0.9,PENDING,PENDING,0.0,4.4281951839677225,4.81356198934154,3.231680789129098e-05,0.06202046574856533,0.05261144199883778,0.09094551428946855
CsOAc,PPh3,BuCN,0.1,90,-1.6,-2.1,-1.8,-0.9,PENDING,PENDING,0.0,3.9333429629994625,4.791407945260519,1.858844422069608e-05,0.07188021498987357,0.052490529693833415,0.10044453569898272
CsOAc,PPh3,BuCN,0.057,120,-1.6,-2.1,-1.8,-0.9,PENDING,PENDING,0.0,5.285640223027675,5.276968872989641,0.0003097745033269258,0.06115462998982947,0.0563019241318176,0.09050358508593455
CsOAc,PPh3,BuCN,0.057,105,-1.6,-2.1,-1.8,-0.9,PENDING,PENDING,0.0,4.763302320082287,4.8352091526057395,4.768221130806735e-05,0.06933777154473385,0.051309738086738985,0.09789762928024347
CsOAc,PPh3,BuCN,0.057,90,-1.6,-2.1,-1.8,-0.9,PENDING,PENDING,0.0,4.2550177922985775,4.788439218774909,2.4889940178887812e-05,0.07906012126648622,0.050653399669699575,0.10736385532300026
CsOAc,PPh2Me,p-Xylene,0.153,120,5.7,-2.2,0.0,1.3,PENDING,PENDING,0.0,3.324802471207671,5.3603511334671285,8.729881813394447e-05,0.04919981083540258,0.051251717497288476,0.0786692026030145
CsOAc,PPh2Me,p-Xylene,0.153,105,5.7,-2.2,0.0,1.3,PENDING,PENDING,0.0,2.8554156061934934,5.10320753597892,2.38979317639757e-05,0.057480473134978546,0.05097547956939236,0.08645502364052005
CsOAc,PPh2Me,p-Xylene,0.153,90,5.7,-2.2,0.0,1.3,PENDING,PENDING,0.0,2.433326129615867,5.237030164414179,2.733034238919837e-05,0.0674483552246457,0.055339957063635925,0.09638938040537019
CsOAc,PPh2Me,p-Xylene,0.1,120,5.7,-2.2,0.0,1.3,PENDING,PENDING,0.0,3.7849631743181646,5.220090352479598,8.000695362725516e-05,0.05696559737963376,0.04986551362303279,0.08585741008011209
CsOAc,PPh2Me,p-Xylene,0.1,105,5.7,-2.2,0.0,1.3,PENDING,PENDING,0.0,3.3004004166174226,4.912194865088066,1.6833142146117257e-05,0.06532346125886963,0.04874820804720896,0.09383081973375984
CsOAc,PPh2Me,p-Xylene,0.1,90,5.7,-2.2,0.0,1.3,PENDING,PENDING,0.0,2.855165328161283,5.009694100548023,1.655996866647757e-05,0.07526184169962308,0.05252824625832991,0.1037386330769586
CsOAc,PPh2Me,p-Xylene,0.057,120,5.7,-2.2,0.0,1.3,PENDING,PENDING,0.0,4.176743956497456,5.426873361977345,0.00020651566482791234,0.06442163809889911,0.05229202026259673,0.0932200328321566
CsOAc,PPh2Me,p-Xylene,0.057,105,5.7,-2.2,0.0,1.3,PENDING,PENDING,0.0,3.6865054714073016,5.102766136288456,4.920624157533958e-05,0.07276180124025868,0.05050618143832302,0.10118461616251703
CsOAc,PPh2Me,p-Xylene,0.057,90,5.7,-2.2,0.0,1.3,PENDING,PENDING,0.0,3.2282079822764733,5.164868774303777,4.1519466654353675e-05,0.08256642122126642,0.05352382964534133,0.1109350064487051
CsOAc,PPh2Me,DMAc,0.153,120,-4.3,3.0,-3.4,0.5,PENDING,PENDING,0.0,5.178967854084404,5.742421829015309,0.0009372154832393738,0.05950272654644084,0.05626740579917309,0.08894399597762241
CsOAc,PPh2Me,DMAc,0.153,105,-4.3,3.0,-3.4,0.5,PENDING,PENDING,0.0,4.688482201277514,5.655045987866997,0.0005489635197107731,0.06768253011572525,0.057302841974078825,0.09679872074190746
CsOAc,PPh2Me,DMAc,0.153,90,-4.3,3.0,-3.4,0.5,PENDING,PENDING,0.0,4.212367553297085,5.907389867411231,0.0007311935749772114,0.07738677632844622,0.062199632404648486,0.10652859184220749
CsOAc,PPh2Me,DMAc,0.1,120,-4.3,3.0,-3.4,0.5,PENDING,PENDING,0.0,5.646254211404054,5.4952315420000755,0.0007142742567988192,0.06722187037401726,0.0534628484220407,0.0960106038205876
CsOAc,PPh2Me,DMAc,0.1,105,-4.3,3.0,-3.4,0.5,PENDING,PENDING,0.0,5.138757117916056,5.378464714180802,0.0003680472888315887,0.07547647961696577,0.054032236894364094,0.10403906482884889
CsOAc,PPh2Me,DMAc,0.1,90,-4.3,3.0,-3.4,0.5,PENDING,PENDING,0.0,4.637507880889228,5.6237558082021755,0.0004901492898697537,0.08515097087356305,0.05876161567822299,0.11374689481228081
CsOAc,PPh2Me,DMAc,0.057,120,-4.3,3.0,-3.4,0.5,PENDING,PENDING,0.0,6.014240435127794,5.600264707747517,0.0011721669098161934,0.0745243088965821,0.05463447138009152,0.10315438468892664
CsOAc,PPh2Me,DMAc,0.057,105,-4.3,3.0,-3.4,0.5,PENDING,PENDING,0.0,5.500277210704292,5.46554952899945,0.0005993067897370422,0.08276100636478516,0.0546839649046666,0.11118278949223798
CsOAc,PPh2Me,DMAc,0.057,90,-4.3,3.0,-3.4,0.5,PENDING,PENDING,0.0,4.98609582638368,5.687493297364251,0.0007261785391119956,0.09230719953775324,0.05895136089049374,0.12074383173879968
CsOAc,PPh2Me,BuOAc,0.153,120,1.6,0.1,-0.8,-1.9,PENDING,PENDING,0.0,3.395016693563561,4.68843921298877,6.987179975491425e-06,0.05947752727670258,0.04126871243752625,0.0877184616700539
CsOAc,PPh2Me,BuOAc,0.153,105,1.6,0.1,-0.8,-1.9,PENDING,PENDING,0.0,2.91897867947318,4.447311082714198,1.2351843926289675e-06,0.06834849630825167,0.04092272000984334,0.09646419208632613
CsOAc,PPh2Me,BuOAc,0.153,90,1.6,0.1,-0.8,-1.9,PENDING,PENDING,0.0,2.4900244983461306,4.657727660111872,2.3541268625306037e-06,0.07876142768652575,0.0460179580078856,0.10690840882761375
CsOAc,PPh2Me,BuOAc,0.1,120,1.6,0.1,-0.8,-1.9,PENDING,PENDING,0.0,3.841070936435867,4.554633975997367,5.895259499995829e-06,0.06759346054683084,0.03996202705934438,0.09569286039206476
CsOAc,PPh2Me,BuOAc,0.1,105,1.6,0.1,-0.8,-1.9,PENDING,PENDING,0.0,3.3478743038747667,4.25784369353323,6.816066229518313e-07,0.07655147140508309,0.038525663675224454,0.10457851647743038
CsOAc,PPh2Me,BuOAc,0.1,90,1.6,0.1,-0.8,-1.9,PENDING,PENDING,0.0,2.8944104390015055,4.430542168372094,1.093402420003114e-06,0.08692962820691379,0.042923283420467695,0.11496660149161415
CsOAc,PPh2Me,BuOAc,0.057,120,1.6,0.1,-0.8,-1.9,PENDING,PENDING,0.0,4.219838203208887,4.824068661839919,2.7773618720559955e-05,0.0752198419259505,0.04336036292876156,0.10333299084992048
CsOAc,PPh2Me,BuOAc,0.057,105,1.6,0.1,-0.8,-1.9,PENDING,PENDING,0.0,3.7192765109620725,4.51223768647569,4.210883995276829e-06,0.08415091924607242,0.041129834979094136,0.11217886551486718
CsOAc,PPh2Me,BuOAc,0.057,90,1.6,0.1,-0.8,-1.9,PENDING,PENDING,0.0,3.251582461690551,4.638728166959578,4.773017118887772e-06,0.09437894868691554,0.04448695934022372,0.12240684026254942
CsOAc,PPh2Me,BuCN,0.153,120,-1.6,-2.1,-1.8,-0.9,PENDING,PENDING,0.0,2.801003637173968,4.89489147410827,9.762908549672771e-06,0.04305785904972591,0.04504463241810021,0.07215026795574273
CsOAc,PPh2Me,BuCN,0.153,105,-1.6,-2.1,-1.8,-0.9,PENDING,PENDING,0.0,2.2951217287209844,4.605665419281037,1.4557823153542063e-06,0.05135489982329133,0.0431231591597983,0.07989928411867062
CsOAc,PPh2Me,BuCN,0.153,90,-1.6,-2.1,-1.8,-0.9,PENDING,PENDING,0.0,1.8483346838500414,4.748985482134141,1.8958106093193886e-06,0.06145869376257093,0.04647607998295078,0.08992853671243865
CsOAc,PPh2Me,BuCN,0.1,120,-1.6,-2.1,-1.8,-0.9,PENDING,PENDING,0.0,3.239688504601462,4.7529053546133735,8.019052508359943e-06,0.05098072269731345,0.04401384419151277,0.07960628238682589
CsOAc,PPh2Me,BuCN,0.1,105,-1.6,-2.1,-1.8,-0.9,PENDING,PENDING,0.0,2.7158684326523166,4.409728479649855,7.895710272259673e-07,0.05935653306391574,0.04111582590242573,0.08759309416671356
CsOAc,PPh2Me,BuCN,0.1,90,-1.6,-2.1,-1.8,-0.9,PENDING,PENDING,0.0,2.2442164199368406,4.515828895652169,8.409104325670085e-07,0.06942580033104366,0.043725150663755534,0.09761110606600966
CsOAc,PPh2Me,BuCN,0.057,120,-1.6,-2.1,-1.8,-0.9,PENDING,PENDING,0.0,3.623206323459967,4.995872714846144,3.1423037837790234e-05,0.058647992299730195,0.047144638393207795,0.08724776310030023
CsOAc,PPh2Me,BuCN,0.057,105,-1.6,-2.1,-1.8,-0.9,PENDING,PENDING,0.0,3.092801623674241,4.64227900265071,4.115519856064524e-06,0.06700745791187189,0.04369370220182599,0.09522521021865239
CsOAc,PPh2Me,BuCN,0.057,90,-1.6,-2.1,-1.8,-0.9,PENDING,PENDING,0.0,2.607461196247821,4.710804936344564,3.4662832193960527e-06,0.07693585982778674,0.04547331822030454,0.10508677532256706
CsOAc,PCy3 HBF4,p-Xylene,0.153,120,5.7,-2.2,0.0,1.3,PENDING,PENDING,0.0,4.309029369452545,5.066848793003008,7.369602557999433e-05,0.047633174267795605,0.04862933655925752,0.0768767475424276
CsOAc,PCy3 HBF4,p-Xylene,0.153,105,5.7,-2.2,0.0,1.3,PENDING,PENDING,0.0,3.8442105940535027,4.691446208497305,1.1111418632505352e-05,0.0557315597819259,0.04575606336130415,0.08432547412080404
CsOAc,PCy3 HBF4,p-Xylene,0.153,90,5.7,-2.2,0.0,1.3,PENDING,PENDING,0.0,3.4124686723471487,4.756971964048606,9.688154615446036e-06,0.06556147348478529,0.04845502634816244,0.09404390653001252
CsOAc,PCy3 HBF4,p-Xylene,0.1,120,5.7,-2.2,0.0,1.3,PENDING,PENDING,0.0,4.790017657139187,4.913898748731238,6.515740959559652e-05,0.055347918730332166,0.04746919570867044,0.08409310269769431
CsOAc,PCy3 HBF4,p-Xylene,0.1,105,5.7,-2.2,0.0,1.3,PENDING,PENDING,0.0,4.310900725712365,4.483455287521806,6.867656496673945e-06,0.06352248926198481,0.04367194193159763,0.09179654829621955
CsOAc,PCy3 HBF4,p-Xylene,0.1,90,5.7,-2.2,0.0,1.3,PENDING,PENDING,0.0,3.855787716997221,4.509602925107607,4.809685531200302e-06,0.07332360269592234,0.045648802122319976,0.10152266572504182
CsOAc,PCy3 HBF4,p-Xylene,0.057,120,5.7,-2.2,0.0,1.3,PENDING,PENDING,0.0,5.18363918028003,5.134344331891898,0.0001880476896089318,0.06279128057630336,0.05033227709643775,0.091491291024736
CsOAc,PCy3 HBF4,p-Xylene,0.057,105,5.7,-2.2,0.0,1.3,PENDING,PENDING,0.0,4.699273255602332,4.699772838430782,2.6451790985790628e-05,0.07095391245636476,0.0461016945421082,0.09920415463994392
CsOAc,PCy3 HBF4,p-Xylene,0.057,90,5.7,-2.2,0.0,1.3,PENDING,PENDING,0.0,4.231002038382197,4.694532488964156,1.647587896163493e-05,0.08062589892655894,0.047331963899622576,0.108789875888553
CsOAc,PCy3 HBF4,DMAc,0.153,120,-4.3,3.0,-3.4,0.5,PENDING,PENDING,0.0,6.2779776965046485,5.7538032814532265,0.001931008269702588,0.058321361624823334,0.05956824308220927,0.08826871006421763
CsOAc,PCy3 HBF4,DMAc,0.153,105,-4.3,3.0,-3.4,0.5,PENDING,PENDING,0.0,5.793311018882479,5.587239501872118,0.0009830129364987086,0.06633577046595422,0.05855274277891055,0.09564997128011199
CsOAc,PCy3 HBF4,DMAc,0.153,90,-4.3,3.0,-3.4,0.5,PENDING,PENDING,0.0,5.303250407780952,5.769265113065165,0.001079021401781512,0.07590123673223562,0.06148911675622441,0.10504264917947864
CsOAc,PCy3 HBF4,DMAc,0.1,120,-4.3,3.0,-3.4,0.5,PENDING,PENDING,0.0,6.76334266425241,5.4668463585005,0.0014233148088359099,0.06598539252350492,0.056596956075258685,0.095112557706304
CsOAc,PCy3 HBF4,DMAc,0.1,105,-4.3,3.0,-3.4,0.5,PENDING,PENDING,0.0,6.262096283652295,5.269124972246108,0.0006239504943526073,0.07407342748056576,0.055064785302927056,0.10274769386452848
CsOAc,PCy3 HBF4,DMAc,0.1,90,-4.3,3.0,-3.4,0.5,PENDING,PENDING,0.0,5.746620508107779,5.446534432174086,0.0006789024836526044,0.08361026822576316,0.05778197258623439,0.11218676152086673
CsOAc,PCy3 HBF4,DMAc,0.057,120,-4.3,3.0,-3.4,0.5,PENDING,PENDING,0.0,7.1271069972062175,5.537219190008779,0.0021009559445687234,0.07326079852489961,0.05739799570950553,0.10214545417946083
CsOAc,PCy3 HBF4,DMAc,0.057,105,-4.3,3.0,-3.4,0.5,PENDING,PENDING,0.0,6.6194059802981435,5.32661221899741,0.0009296381431442239,0.08133533088052258,0.0554754068404853,0.10983266761749516
CsOAc,PCy3 HBF4,DMAc,0.057,90,-4.3,3.0,-3.4,0.5,PENDING,PENDING,0.0,6.091174860156096,5.487809441339712,0.000951413143232516,0.09074884429284713,0.05784169703158906,0.11916266742381795
CsOAc,PCy3 HBF4,BuOAc,0.153,120,1.6,0.1,-0.8,-1.9,PENDING,PENDING,0.0,4.49895396121658,4.739749542685275,2.5727907752365862e-05,0.057866569231201495,0.045384373636428305,0.08636712845627201
CsOAc,PCy3 HBF4,BuOAc,0.153,105,1.6,0.1,-0.8,-1.9,PENDING,PENDING,0.0,4.0282804058443356,4.3633214700902005,2.747632464104681e-06,0.06651557963769918,0.041613881031988036,0.09466939033428173
CsOAc,PCy3 HBF4,BuOAc,0.153,90,1.6,0.1,-0.8,-1.9,PENDING,PENDING,0.0,3.5847905225788086,4.447647611157206,2.6141125220958676e-06,0.07675405547203719,0.043411083341779934,0.10485564953168208
CsOAc,PCy3 HBF4,BuOAc,0.1,120,1.6,0.1,-0.8,-1.9,PENDING,PENDING,0.0,4.962397943833043,4.559413614840946,1.8959910500488623e-05,0.06590813708799312,0.04367799951504512,0.09414211891722704
CsOAc,PCy3 HBF4,BuOAc,0.1,105,1.6,0.1,-0.8,-1.9,PENDING,PENDING,0.0,4.47532298070278,4.122360672679667,1.1941695722514897e-06,0.0746406576338521,0.03875084329665282,0.1026772006909636
CsOAc,PCy3 HBF4,BuOAc,0.1,90,1.6,0.1,-0.8,-1.9,PENDING,PENDING,0.0,4.007391226285674,4.168659414290464,8.88539162221514e-07,0.08484527042180565,0.03970743527022805,0.11285950191422775
CsOAc,PCy3 HBF4,BuOAc,0.057,120,1.6,0.1,-0.8,-1.9,PENDING,PENDING,0.0,5.335828993656641,4.785916375945882,6.649414068777269e-05,0.0735067885816602,0.046364580202833086,0.10172849637790163
CsOAc,PCy3 HBF4,BuOAc,0.057,105,1.6,0.1,-0.8,-1.9,PENDING,PENDING,0.0,4.841622418276949,4.346470060674241,6.213558950671748e-06,0.08222021818420479,0.04100361845130724,0.11025342863845404
CsOAc,PCy3 HBF4,BuOAc,0.057,90,1.6,0.1,-0.8,-1.9,PENDING,PENDING,0.0,4.359922488352682,4.360969573754751,3.9326464477970824e-06,0.09228269306467315,0.04122034951228327,0.12029166492271316
CsOAc,PCy3 HBF4,BuCN,0.153,120,-1.6,-2.1,-1.8,-0.9,PENDING,PENDING,0.0,3.927070522233633,5.050494745856441,5.020031083217025e-05,0.04188124922711833,0.051151316341049365,0.07189008793074508
CsOAc,PCy3 HBF4,BuCN,0.153,105,-1.6,-2.1,-1.8,-0.9,PENDING,PENDING,0.0,3.430149879155132,4.669352308580571,6.628774594867799e-06,0.049995958470252636,0.046839473258984056,0.07891651391422046
CsOAc,PCy3 HBF4,BuCN,0.153,90,-1.6,-2.1,-1.8,-0.9,PENDING,PENDING,0.0,2.971349021662592,4.710571140977362,5.035006062326539e-06,0.05994677255886273,0.04735736896955381,0.08851992800278623
CsOAc,PCy3 HBF4,BuCN,0.1,120,-1.6,-2.1,-1.8,-0.9,PENDING,PENDING,0.0,4.385269610128032,4.883491043673293,4.06648211380106e-05,0.049744858859942134,0.050003000113723446,0.07902536584212044
CsOAc,PCy3 HBF4,BuCN,0.1,105,-1.6,-2.1,-1.8,-0.9,PENDING,PENDING,0.0,3.8713871006770364,4.449635327598906,3.620322337317817e-06,0.05793694432465139,0.044800976003606365,0.08639756683620983
CsOAc,PCy3 HBF4,BuCN,0.1,90,-1.6,-2.1,-1.8,-0.9,PENDING,PENDING,0.0,3.3877795117883927,4.4548491560370005,2.1818491145887185e-06,0.06785465196842434,0.04453294924690329,0.09609173983958623
CsOAc,PCy3 HBF4,BuCN,0.057,120,-1.6,-2.1,-1.8,-0.9,PENDING,PENDING,0.0,4.764187133936435,5.087404983968276,0.00011542275497350755,0.05738278130003251,0.052491095545615964,0.08651685007017043
CsOAc,PCy3 HBF4,BuCN,0.057,105,-1.6,-2.1,-1.8,-0.9,PENDING,PENDING,0.0,4.2437336154597265,4.651273415649693,1.3839994820471905e-05,0.06556444923486,0.046978947059752495,0.09396062410762068
CsOAc,PCy3 HBF4,BuCN,0.057,90,-1.6,-2.1,-1.8,-0.9,PENDING,PENDING,0.0,3.7466375331725716,4.630847647898927,7.65709932393338e-06,0.07534768533748418,0.04616896034568386,0.10353792197744033
CsOAc,P(fur)3,p-Xylene,0.153,120,5.7,-2.2,0.0,1.3,PENDING,PENDING,0.0,10.030874272234712,5.336560643102954,0.008570654693781543,0.05567175141176478,0.05196660747139586,0.08483968790665605
CsOAc,P(fur)3,p-Xylene,0.153,105,5.7,-2.2,0.0,1.3,PENDING,PENDING,0.0,9.626204506970153,5.211804393235674,0.005347716217315834,0.06431690433299767,0.053097530693958006,0.0931886426179368
CsOAc,P(fur)3,p-Xylene,0.153,90,5.7,-2.2,0.0,1.3,PENDING,PENDING,0.0,9.143781733236487,5.478895015202391,0.006490054487089232,0.07454973591989003,0.058585729854971486,0.10348475264567979
CsOAc,P(fur)3,p-Xylene,0.1,120,5.7,-2.2,0.0,1.3,PENDING,PENDING,0.0,10.59295831821252,4.932728409092429,0.005816838313705247,0.06337891905749504,0.046320480581419333,0.09179013232696441
CsOAc,P(fur)3,p-Xylene,0.1,105,5.7,-2.2,0.0,1.3,PENDING,PENDING,0.0,10.1769326528539,4.761075876083373,0.0030515731922211922,0.07210898911440439,0.04680840500054458,0.10036906866972782
CsOAc,P(fur)3,p-Xylene,0.1,90,5.7,-2.2,0.0,1.3,PENDING,PENDING,0.0,9.670171176348939,5.029709247313024,0.00383663122250668,0.08232281129075394,0.05240222961712635,0.11064501219056855
CsOAc,P(fur)3,p-Xylene,0.057,120,5.7,-2.2,0.0,1.3,PENDING,PENDING,0.0,10.958057976388972,4.954127405633106,0.0076770900357876065,0.07072017795976875,0.04544204044405363,0.09894844012183551
CsOAc,P(fur)3,p-Xylene,0.057,105,5.7,-2.2,0.0,1.3,PENDING,PENDING,0.0,10.537047567683224,4.7541956151656,0.0038790746355625086,0.07942895731751742,0.04516788261161853,0.10754813296451354
CsOAc,P(fur)3,p-Xylene,0.057,90,5.7,-2.2,0.0,1.3,PENDING,PENDING,0.0,10.018482140413695,4.9993986725590185,0.0045459305750308945,0.08950989113850016,0.05040338555277683,0.11766625714931477
CsOAc,P(fur)3,DMAc,0.153,120,-4.3,3.0,-3.4,0.5,PENDING,PENDING,0.0,11.418185802407283,6.178698776097397,0.0530463860904698,0.06613653142992842,0.06137995097134694,0.09579047116353313
CsOAc,P(fur)3,DMAc,0.153,105,-4.3,3.0,-3.4,0.5,PENDING,PENDING,0.0,10.985092215706466,6.2058759028170085,0.045180281933365374,0.07467573243623103,0.0636653118937511,0.10410016743764199
CsOAc,P(fur)3,DMAc,0.153,90,-4.3,3.0,-3.4,0.5,PENDING,PENDING,0.0,10.459356991013463,6.530443848427425,0.050434254534145406,0.08463352758520082,0.06920071985082477,0.11412857399846996
CsOAc,P(fur)3,DMAc,0.1,120,-4.3,3.0,-3.4,0.5,PENDING,PENDING,0.0,11.96328800794155,5.784455906115804,0.04437501642125155,0.07381116702544836,0.05599360347240208,0.1025628787056674
CsOAc,P(fur)3,DMAc,0.1,105,-4.3,3.0,-3.4,0.5,PENDING,PENDING,0.0,11.515951359315913,5.796971993168915,0.036431226733701805,0.08243298975418047,0.058102718733123566,0.11106250823564984
CsOAc,P(fur)3,DMAc,0.1,90,-4.3,3.0,-3.4,0.5,PENDING,PENDING,0.0,10.965143143682342,6.137183916954894,0.041579996297941624,0.09237016059112768,0.0638739126820695,0.12109352008874032
CsOAc,P(fur)3,DMAc,0.057,120,-4.3,3.0,-3.4,0.5,PENDING,PENDING,0.0,12.300957371768757,5.747040574366499,0.04983062294778301,0.08100500454345437,0.05470668148069732,0.10946712523109102
CsOAc,P(fur)3,DMAc,0.057,105,-4.3,3.0,-3.4,0.5,PENDING,PENDING,0.0,11.847585880321631,5.742058100635517,0.04002151669212897,0.08960567686160573,0.05640940922499312,0.11797428976190687
CsOAc,P(fur)3,DMAc,0.057,90,-4.3,3.0,-3.4,0.5,PENDING,PENDING,0.0,11.285326652324512,6.072664509662925,0.04473382700201409,0.09941513333234991,0.06204353419491974,0.12785907465188173
CsOAc,P(fur)3,BuOAc,0.153,120,1.6,0.1,-0.8,-1.9,PENDING,PENDING,0.0,10.122143937233023,5.0340357799689155,0.0052132685886721805,0.0661936466697273,0.045922116873796215,0.09452145765898688
CsOAc,P(fur)3,BuOAc,0.153,105,1.6,0.1,-0.8,-1.9,PENDING,PENDING,0.0,9.707747777446306,4.965016730350018,0.0034358285044254547,0.07545730072621998,0.047385318702961456,0.10368824474577462
CsOAc,P(fur)3,BuOAc,0.153,90,1.6,0.1,-0.8,-1.9,PENDING,PENDING,0.0,9.215178250867549,5.294416448476207,0.004835310878077939,0.08615165081094792,0.053295186771458426,0.11444667245130286
CsOAc,P(fur)3,BuOAc,0.1,120,1.6,0.1,-0.8,-1.9,PENDING,PENDING,0.0,10.661566897779156,4.649966728479369,0.003367876400069081,0.07424843827156728,0.04024328768179373,0.10230751010164012
CsOAc,P(fur)3,BuOAc,0.1,105,1.6,0.1,-0.8,-1.9,PENDING,PENDING,0.0,10.233500744607554,4.542156397890859,0.0018902978985672683,0.0836093442550446,0.041051465748019406,0.1116382767300355
CsOAc,P(fur)3,BuOAc,0.1,90,1.6,0.1,-0.8,-1.9,PENDING,PENDING,0.0,9.715935295631237,4.878492185092025,0.0028624858792113683,0.09428164695550606,0.04712439856125485,0.1223397948605444
CsOAc,P(fur)3,BuOAc,0.057,120,1.6,0.1,-0.8,-1.9,PENDING,PENDING,0.0,11.006023616507406,4.712320306762378,0.0049242229173561,0.08175170050066588,0.039897105457046,0.10977548014254704
CsOAc,P(fur)3,BuOAc,0.057,105,1.6,0.1,-0.8,-1.9,PENDING,PENDING,0.0,10.571347533089057,4.576931506163858,0.002661346217482069,0.09108195544722406,0.039847107292500204,0.11908580303185956
CsOAc,P(fur)3,BuOAc,0.057,90,1.6,0.1,-0.8,-1.9,PENDING,PENDING,0.0,10.041623022451198,4.885823102186134,0.0036474413578989687,0.10160550409102412,0.0454770915005349,0.1296227422092427
CsOAc,P(fur)3,BuCN,0.153,120,-1.6,-2.1,-1.8,-0.9,PENDING,PENDING,0.0,9.542383464373481,5.361905825643326,0.006692519951388275,0.05004042753336256,0.052153996810013065,0.07957045094357389
CsOAc,P(fur)3,BuCN,0.153,105,-1.6,-2.1,-1.8,-0.9,PENDING,PENDING,0.0,9.103780729157535,5.257866858732605,0.004199775981843366,0.05873982716992779,0.05230439496816825,0.08778632792272303
CsOAc,P(fur)3,BuCN,0.153,90,-1.6,-2.1,-1.8,-0.9,PENDING,PENDING,0.0,8.598241866291234,5.524901173972617,0.005093824686534534,0.06912535251576438,0.056567265500061935,0.09810626398812812
CsOAc,P(fur)3,BuCN,0.1,120,-1.6,-2.1,-1.8,-0.9,PENDING,PENDING,0.0,10.07639689186179,4.999865388729759,0.004727818789157852,0.0579120036708118,0.0475215728888102,0.08656550471926347
CsOAc,P(fur)3,BuCN,0.1,105,-1.6,-2.1,-1.8,-0.9,PENDING,PENDING,0.0,9.62367196911344,4.8584563127158145,0.002563851752277361,0.06670055705565511,0.04700733332541551,0.09507258120446528
CsOAc,P(fur)3,BuCN,0.1,90,-1.6,-2.1,-1.8,-0.9,PENDING,PENDING,0.0,9.092897446226,5.126874763155239,0.003197329435988973,0.07706362749377767,0.051175292232751954,0.10542837994164644
CsOAc,P(fur)3,BuCN,0.057,120,-1.6,-2.1,-1.8,-0.9,PENDING,PENDING,0.0,10.426742807718087,5.044100310503304,0.006468186225562403,0.06545590215665814,0.04728182958811374,0.09387153171885278
CsOAc,P(fur)3,BuCN,0.057,105,-1.6,-2.1,-1.8,-0.9,PENDING,PENDING,0.0,9.967881906176238,4.878953565728511,0.0034156276422004986,0.0742238122129334,0.04609711720705259,0.10242620553248612
CsOAc,P(fur)3,BuCN,0.057,90,-1.6,-2.1,-1.8,-0.9,PENDING,PENDING,0.0,9.42511310581823,5.124977370683919,0.003965044049686027,0.0844468469728929,0.04985744368797319,0.11264284022973922
CsOAc,JackiePhos,p-Xylene,0.153,120,5.7,-2.2,0.0,1.3,PENDING,PENDING,0.0,5.801634870417874,5.216242240056449,0.000385349236634391,0.3854551465476398,0.06504339344242907,0.4134431175486496
CsOAc,JackiePhos,p-Xylene,0.153,105,5.7,-2.2,0.0,1.3,PENDING,PENDING,0.0,5.362638926967345,4.823971676238731,7.814850160210913e-05,0.3928391553084825,0.0556059007055854,0.4208271263084826
CsOAc,JackiePhos,p-Xylene,0.153,90,5.7,-2.2,0.0,1.3,PENDING,PENDING,0.0,4.925801014721282,4.848519415686978,5.796129678545573e-05,0.3977957712093575,0.05268919904532327,0.42578374220935744
CsOAc,JackiePhos,p-Xylene,0.1,120,5.7,-2.2,0.0,1.3,PENDING,PENDING,0.0,6.279591327268607,4.8426513208682405,0.00018362067355681818,0.3933299545789549,0.0558076621887978,0.4213179255789551
CsOAc,JackiePhos,p-Xylene,0.1,105,5.7,-2.2,0.0,1.3,PENDING,PENDING,0.0,5.826045344097981,4.360614768079216,1.899231310724045e-05,0.4008328404614966,0.04365111047682853,0.4288208114614966
CsOAc,JackiePhos,p-Xylene,0.1,90,5.7,-2.2,0.0,1.3,PENDING,PENDING,0.0,5.365956544163277,4.342621072835252,1.0754875415018035e-05,0.40579362352166987,0.03938723334788779,0.43378159452166987
CsOAc,JackiePhos,p-Xylene,0.057,120,5.7,-2.2,0.0,1.3,PENDING,PENDING,0.0,6.645364820075736,4.882980724832251,0.0002822752138190755,0.3978576816497346,0.05335622358598539,0.4258456526497346
CsOAc,JackiePhos,p-Xylene,0.057,105,5.7,-2.2,0.0,1.3,PENDING,PENDING,0.0,6.185293802772213,4.370712111874152,2.8737400461146373e-05,0.4053789856209327,0.040105453815678316,0.4333669566209327
CsOAc,JackiePhos,DMAc,0.153,120,-4.3,3.0,-3.4,0.5,PENDING,PENDING,0.0,7.643917804253691,5.493547714572028,0.0026656323649567985,0.39123649172883657,0.07377289184326817,0.41922446281027664
CsOAc,JackiePhos,DMAc,0.153,105,-4.3,3.0,-3.4,0.5,PENDING,PENDING,0.0,7.18090075128044,5.322467951060676,0.001356686439058865,0.3983864054961249,0.06926926730681478,0.4263743765001431
CsOAc,JackiePhos,DMAc,0.153,90,-4.3,3.0,-3.4,0.5,PENDING,PENDING,0.0,6.68772280754827,5.525254503134224,0.001541796707814739,0.4030628824184522,0.07022328804587478,0.43105085342299865
CsOAc,JackiePhos,DMAc,0.1,120,-4.3,3.0,-3.4,0.5,PENDING,PENDING,0.0,8.128841044930452,5.010581313186334,0.0012560781057053896,0.39910171377576814,0.06598089729347768,0.42708968477623704
CsOAc,JackiePhos,DMAc,0.1,105,-4.3,3.0,-3.4,0.5,PENDING,PENDING,0.0,7.649095136799347,4.792483276886483,0.0004855665506800161,0.4063521276690838,0.06058661504611934,0.43434009866908685
CsOAc,JackiePhos,DMAc,0.1,90,-4.3,3.0,-3.4,0.5,PENDING,PENDING,0.0,7.130411683099891,5.002584722608283,0.0005850593507237042,0.41101725526808475,0.06159097956981525,0.439005226268089
CsOAc,JackiePhos,DMAc,0.057,120,-4.3,3.0,-3.4,0.5,PENDING,PENDING,0.0,8.471102396347167,4.948580679413026,0.0013834802476175682,0.4035880467983168,0.0638429271603016,0.4315760177983794
CsOAc,JackiePhos,DMAc,0.057,105,-4.3,3.0,-3.4,0.5,PENDING,PENDING,0.0,7.9840123738353395,4.70519586367576,0.0004932458305535537,0.41085142338534913,0.0580868249581285,0.4388393943853493
CsOAc,JackiePhos,DMAc,0.057,90,-4.3,3.0,-3.4,0.5,PENDING,PENDING,0.0,7.452530386248058,4.9039720043122745,0.0005710786809854452,0.4154781176012898,0.059048117829352695,0.44346608860129
CsOAc,JackiePhos,BuOAc,0.153,120,1.6,0.1,-0.8,-1.9,PENDING,PENDING,0.0,5.983169885325471,4.902122963933869,0.00017362446126448,0.3912508757982298,0.07318074596068537,0.4192388468593833
CsOAc,JackiePhos,BuOAc,0.153,105,1.6,0.1,-0.8,-1.9,PENDING,PENDING,0.0,5.5405277599420675,4.549642216020545,3.2164788889814584e-05,0.3987104401966778,0.06664070826734182,0.42669841119743607
CsOAc,JackiePhos,BuOAc,0.153,90,1.6,0.1,-0.8,-1.9,PENDING,PENDING,0.0,5.09491440726806,4.629761674892754,2.902960675686011e-05,0.40370372790006154,0.06557642911870802,0.4316916989002816
CsOAc,JackiePhos,BuOAc,0.1,120,1.6,0.1,-0.8,-1.9,PENDING,PENDING,0.0,6.446049342669384,4.5313034823632545,7.122043542764412e-05,0.39920567829447634,0.06565322076123273,0.42719364929484716
CsOAc,JackiePhos,BuOAc,0.1,105,1.6,0.1,-0.8,-1.9,PENDING,PENDING,0.0,5.987125895184754,4.095124979526565,6.218755656372437e-06,0.4067740655824886,0.05780503242565989,0.4347620365824888
CsOAc,JackiePhos,BuOAc,0.1,90,1.6,0.1,-0.8,-1.9,PENDING,PENDING,0.0,5.517209916015108,4.1419282858784365,4.624357564122518e-06,0.4117635420824322,0.05633592656717373,0.4397515130824322
CsOAc,JackiePhos,BuOAc,0.057,120,1.6,0.1,-0.8,-1.9,PENDING,PENDING,0.0,6.79358766175868,4.59632031047425,0.00012464641235037407,0.4037687230325463,0.06375945105792598,0.43175669403260386
CsOAc,JackiePhos,BuOAc,0.057,105,1.6,0.1,-0.8,-1.9,PENDING,PENDING,0.0,6.32622293411896,4.133406595674348,1.1130423775829949e-05,0.4113510670986956,0.055422468434593655,0.4393390380986956
CsOAc,JackiePhos,BuOAc,0.057,90,1.6,0.1,-0.8,-1.9,PENDING,PENDING,0.0,5.842498886753559,4.149340744549796,6.98667713941033e-06,0.4163021872649003,0.05373854094205968,0.4442901582649003
CsOAc,JackiePhos,BuCN,0.153,120,-1.6,-2.1,-1.8,-0.9,PENDING,PENDING,0.0,5.391206224051662,5.1428786207455826,0.00022738892955714114,0.38434662354299876,0.07212979676419562,0.412334594607907
CsOAc,JackiePhos,BuCN,0.153,105,-1.6,-2.1,-1.8,-0.9,PENDING,PENDING,0.0,4.920336592798286,4.768997701018259,4.279017118760935e-05,0.39166901126078235,0.06525105886248164,0.41965698226139586
CsOAc,JackiePhos,BuCN,0.153,90,-1.6,-2.1,-1.8,-0.9,PENDING,PENDING,0.0,4.458385769775518,4.801173739060726,3.165558204260921e-05,0.396577452088,0.06397119070192511,0.42456542308814815
CsOAc,JackiePhos,BuCN,0.1,120,-1.6,-2.1,-1.8,-0.9,PENDING,PENDING,0.0,5.848010337569059,4.785357134026862,0.00010452015003469483,0.39227860514684165,0.0644307710603527,0.42026657614716817
CsOAc,JackiePhos,BuCN,0.1,105,-1.6,-2.1,-1.8,-0.9,PENDING,PENDING,0.0,5.360132370411086,4.333557803296562,1.0235174980962702e-05,0.3997103065796814,0.05614362000674886,0.4276982775796815
CsOAc,JackiePhos,BuCN,0.1,90,-1.6,-2.1,-1.8,-0.9,PENDING,PENDING,0.0,4.873445188825734,4.330740732841632,5.946971918269634e-06,0.4046148441471319,0.054409343633601094,0.4326028151471319
CsOAc,JackiePhos,BuCN,0.057,120,-1.6,-2.1,-1.8,-0.9,PENDING,PENDING,0.0,6.2012602409212505,4.835140653772169,0.000167712659464895,0.3968623293696657,0.06248822806042895,0.4248503003697123
CsOAc,JackiePhos,BuCN,0.057,105,-1.6,-2.1,-1.8,-0.9,PENDING,PENDING,0.0,5.705601840312892,4.359170453407019,1.6641009613517737e-05,0.4043092898765339,0.053680903625184094,0.4322972608765339
CsOAc,JackiePhos,BuCN,0.057,90,-1.6,-2.1,-1.8,-0.9,PENDING,PENDING,0.0,5.2054536024529625,4.3300556482679715,8.516322973310068e-06,0.4091762400905062,0.05171668683847998,0.4371642110905062
CsOAc,GorlosPhos HBF4,p-Xylene,0.153,120,5.7,-2.2,0.0,1.3,PENDING,PENDING,0.0,8.112929742796322,5.901245628916355,0.007364303249406193,0.06928282738445443,0.061608558524687114,0.09877564572201407
CsOAc,GorlosPhos HBF4,p-Xylene,0.153,105,5.7,-2.2,0.0,1.3,PENDING,PENDING,0.0,7.666450179659028,5.719095963129377,0.004177021405153032,0.07779955854104435,0.06204043412757337,0.10690798172934235
CsOAc,GorlosPhos HBF4,p-Xylene,0.153,90,5.7,-2.2,0.0,1.3,PENDING,PENDING,0.0,7.183433252338608,5.873285855088428,0.004169709315406195,0.08768647101080965,0.06613074261988057,0.11674620648678906
CsOAc,GorlosPhos HBF4,p-Xylene,0.1,120,5.7,-2.2,0.0,1.3,PENDING,PENDING,0.0,8.643687920118518,5.609786368027932,0.006087533855007404,0.07706419910346375,0.058026450508715015,0.1058590566542596
CsOAc,GorlosPhos HBF4,p-Xylene,0.1,105,5.7,-2.2,0.0,1.3,PENDING,PENDING,0.0,8.182344356857994,5.388894091491424,0.003033246904038476,0.08566402224292703,0.05795713679541407,0.1141980040180216
CsOAc,GorlosPhos HBF4,p-Xylene,0.1,90,5.7,-2.2,0.0,1.3,PENDING,PENDING,0.0,7.674031816065552,5.530364529070467,0.0029256872761580233,0.0955268096242837,0.061886858945559405,0.1240461637252065
CsOAc,GorlosPhos HBF4,p-Xylene,0.057,120,5.7,-2.2,0.0,1.3,PENDING,PENDING,0.0,9.01756437128995,5.660198248120325,0.008211949516840775,0.0842953356410924,0.05803401437966894,0.11286911906547585
CsOAc,GorlosPhos HBF4,p-Xylene,0.057,105,5.7,-2.2,0.0,1.3,PENDING,PENDING,0.0,8.549832048252053,5.4207359616886,0.004069518359530781,0.09287567472414499,0.05745066031507425,0.12123139137899941
CsOAc,GorlosPhos HBF4,p-Xylene,0.057,90,5.7,-2.2,0.0,1.3,PENDING,PENDING,0.0,8.028476379989723,5.542543199116609,0.0037294682818576133,0.10261076969298824,0.06101511720753671,0.13095146666608318
CsOAc,GorlosPhos HBF4,DMAc,0.153,120,-4.3,3.0,-3.4,0.5,PENDING,PENDING,0.0,10.250637356882962,5.409866777946098,0.011000287760346505,0.07927697666913582,0.045116828162022934,0.10739627014855284
CsOAc,GorlosPhos HBF4,DMAc,0.153,105,-4.3,3.0,-3.4,0.5,PENDING,PENDING,0.0,9.773655930861604,5.405543120994341,0.008284712161645377,0.08768736460214371,0.047924483917174375,0.11580042881494214
CsOAc,GorlosPhos HBF4,DMAc,0.153,90,-4.3,3.0,-3.4,0.5,PENDING,PENDING,0.0,9.216337558827005,5.766873065795433,0.010854580026232283,0.09731593310314826,0.05546822082581317,0.12553274313126778
CsOAc,GorlosPhos HBF4,DMAc,0.1,120,-4.3,3.0,-3.4,0.5,PENDING,PENDING,0.0,10.815052376752234,4.890404092339873,0.006198584604217745,0.08701152156225335,0.03637056883171719,0.11500724831534226
CsOAc,GorlosPhos HBF4,DMAc,0.1,105,-4.3,3.0,-3.4,0.5,PENDING,PENDING,0.0,10.319460300330952,4.873893329265062,0.004301918574757861,0.09550227039063665,0.03941361141700969,0.12349957750450805
CsOAc,GorlosPhos HBF4,DMAc,0.1,90,-4.3,3.0,-3.4,0.5,PENDING,PENDING,0.0,9.730763387323822,5.275430123717571,0.0064222861823823585,0.10510611522777594,0.048180561835820805,0.13313566362818816
CsOAc,GorlosPhos HBF4,DMAc,0.057,105,-4.3,3.0,-3.4,0.5,PENDING,PENDING,0.0,10.671036835118949,4.790359304728349,0.004597854008460134,0.10256797954349817,0.03690626760658204,0.13055780857926033
CsOAc,GorlosPhos HBF4,DMAc,0.057,90,-4.3,3.0,-3.4,0.5,PENDING,PENDING,0.0,10.068043670358785,5.190816138520075,0.0067763340958664,0.11204907412153489,0.04587697892766164,0.14005159467537162
CsOAc,GorlosPhos HBF4,BuOAc,0.153,120,1.6,0.1,-0.8,-1.9,PENDING,PENDING,0.0,8.428745259116466,5.2687533758720395,0.0027768071432116223,0.08010256651643742,0.051743810981380506,0.10843558144767637
CsOAc,GorlosPhos HBF4,BuOAc,0.153,105,1.6,0.1,-0.8,-1.9,PENDING,PENDING,0.0,7.975119958346694,5.1113595804451295,0.0014356658334645847,0.08921234906386247,0.05217608152760677,0.11742367031911037
CsOAc,GorlosPhos HBF4,BuOAc,0.153,90,1.6,0.1,-0.8,-1.9,PENDING,PENDING,0.0,7.475506259302186,5.333479989257576,0.0016979224288777538,0.09952701962099703,0.05678295754695367,0.12775847546784364
CsOAc,GorlosPhos HBF4,BuOAc,0.1,120,1.6,0.1,-0.8,-1.9,PENDING,PENDING,0.0,8.954482836335036,4.9307706454807265,0.0018799931726011208,0.0882270957847903,0.04732723346208634,0.11632382612910469
CsOAc,GorlosPhos HBF4,BuOAc,0.1,105,1.6,0.1,-0.8,-1.9,PENDING,PENDING,0.0,8.483896901814974,4.733689881695938,0.0007990472746620195,0.09743062519260273,0.047163650622656726,0.12547568653734642
CsOAc,GorlosPhos HBF4,BuOAc,0.1,90,1.6,0.1,-0.8,-1.9,PENDING,PENDING,0.0,7.956852587141269,4.952632770644299,0.0009561868833570485,0.10771752840868268,0.05171791721686993,0.13577563086987834
CsOAc,GorlosPhos HBF4,BuOAc,0.057,120,1.6,0.1,-0.8,-1.9,PENDING,PENDING,0.0,9.313884758570516,4.994866083001235,0.002798450579458097,0.09560772640035343,0.04740137658103811,0.12366346370610068
CsOAc,GorlosPhos HBF4,BuOAc,0.057,105,1.6,0.1,-0.8,-1.9,PENDING,PENDING,0.0,8.83510826741804,4.778739306614347,0.0011829778411615085,0.10478309622619386,0.0466127170464745,0.13280119353726355
CsOAc,GorlosPhos HBF4,BuOAc,0.057,90,1.6,0.1,-0.8,-1.9,PENDING,PENDING,0.0,8.293883805937568,4.976574897255146,0.001302451397736307,0.11492824673480154,0.05076030804783044,0.14295288657480584
CsOAc,GorlosPhos HBF4,BuCN,0.153,120,-1.6,-2.1,-1.8,-0.9,PENDING,PENDING,0.0,7.864124787800492,5.462427660194534,0.002876287102000448,0.06392789338058301,0.05423094224241501,0.09292002803198797
CsOAc,GorlosPhos HBF4,BuCN,0.153,105,-1.6,-2.1,-1.8,-0.9,PENDING,PENDING,0.0,7.383855305667809,5.280617076706121,0.001414890695949085,0.07249009815905263,0.05370651576359688,0.10111820416865305
CsOAc,GorlosPhos HBF4,BuCN,0.153,90,-1.6,-2.1,-1.8,-0.9,PENDING,PENDING,0.0,6.868314759394224,5.4628042614059575,0.001512068818889517,0.0825128240802749,0.05730917057642978,0.11108944412353426
CsOAc,GorlosPhos HBF4,BuCN,0.1,120,-1.6,-2.1,-1.8,-0.9,PENDING,PENDING,0.0,8.385023829308675,5.131147788845785,0.001999670008500754,0.0718700651027657,0.050191922584451966,0.10029631276027821
CsOAc,GorlosPhos HBF4,BuCN,0.1,105,-1.6,-2.1,-1.8,-0.9,PENDING,PENDING,0.0,7.887137673959854,4.911628770654717,0.00081477087473825,0.08051861001905485,0.04908576632194165,0.10873935921380945
CsOAc,GorlosPhos HBF4,BuCN,0.1,90,-1.6,-2.1,-1.8,-0.9,PENDING,PENDING,0.0,7.343694641108815,5.089470057300482,0.000863640083712142,0.09051360635081285,0.0525703241391808,0.11872153619152111
CsOAc,GorlosPhos HBF4,BuCN,0.057,120,-1.6,-2.1,-1.8,-0.9,PENDING,PENDING,0.0,8.749997693659022,5.182208507168854,0.0028605261030424205,0.07929347841159363,0.05031468838524064,0.10757907180217093
CsOAc,GorlosPhos HBF4,BuCN,0.057,105,-1.6,-2.1,-1.8,-0.9,PENDING,PENDING,0.0,8.244468343844432,4.946176235889694,0.0011645290657422112,0.08792319096539701,0.04868706697890878,0.1160515054578151
CsOAc,GorlosPhos HBF4,BuCN,0.057,90,-1.6,-2.1,-1.8,-0.9,PENDING,PENDING,0.0,7.68710749095955,5.106537891733272,0.0011561486890287413,0.09778428768075173,0.051813637676024066,0.12590200420256117
CsOAc,CgMe-PPh,p-Xylene,0.153,120,5.7,-2.2,0.0,1.3,PENDING,PENDING,0.0,5.96367575643494,6.204488985969401,0.0037676294209786423,0.0711633719621866,0.07704706500975832,0.10275803252132658
CsOAc,CgMe-PPh,p-Xylene,0.153,105,5.7,-2.2,0.0,1.3,PENDING,PENDING,0.0,5.53349113539201,5.942593131317976,0.0017990600462753567,0.0795452867133592,0.07626588307715254,0.11026889431455493
CsOAc,CgMe-PPh,p-Xylene,0.153,90,5.7,-2.2,0.0,1.3,PENDING,PENDING,0.0,5.102447675548084,5.999240117485494,0.0015556727643354362,0.08925097105343646,0.07839010667723055,0.11955953383797102
CsOAc,CgMe-PPh,p-Xylene,0.1,120,5.7,-2.2,0.0,1.3,PENDING,PENDING,0.0,6.437670741805513,5.995443755690563,0.003389284568813815,0.0788135418064324,0.07520833015839977,0.10943958011838016
CsOAc,CgMe-PPh,p-Xylene,0.1,105,5.7,-2.2,0.0,1.3,PENDING,PENDING,0.0,5.9935918902669005,5.690565359382748,0.001412649784690613,0.0872753853290498,0.07394874739973661,0.11715661651729836
CsOAc,CgMe-PPh,p-Xylene,0.1,90,5.7,-2.2,0.0,1.3,PENDING,PENDING,0.0,5.540091223738015,5.7204869129336995,0.0011273670460206636,0.09695817686499464,0.07571780372814883,0.12650815408494423
CsOAc,CgMe-PPh,p-Xylene,0.057,120,5.7,-2.2,0.0,1.3,PENDING,PENDING,0.0,6.7984686085464565,6.086738254374309,0.004871410898099837,0.08590809579620012,0.07584040000188992,0.11610967125642462
CsOAc,CgMe-PPh,p-Xylene,0.057,105,5.7,-2.2,0.0,1.3,PENDING,PENDING,0.0,6.3482032182441985,5.765369589978417,0.0020648082734778007,0.0943511416461028,0.07418739830592458,0.12387358922505559
CsOAc,CgMe-PPh,p-Xylene,0.057,90,5.7,-2.2,0.0,1.3,PENDING,PENDING,0.0,5.882310952503045,5.7734495673316975,0.0015722378081625653,0.10391145518373635,0.07560295633223922,0.133138560979825
CsOAc,CgMe-PPh,DMAc,0.153,120,-4.3,3.0,-3.4,0.5,PENDING,PENDING,0.0,7.781020645904915,6.458038303335579,0.014079481897438434,0.08096800354847195,0.07886021971585506,0.11196660336150602
CsOAc,CgMe-PPh,DMAc,0.153,105,-4.3,3.0,-3.4,0.5,PENDING,PENDING,0.0,7.327540688425628,6.346629667709652,0.009664617723937965,0.08924615057036828,0.07904037216978098,0.11964061064407785
CsOAc,CgMe-PPh,DMAc,0.153,90,-4.3,3.0,-3.4,0.5,PENDING,PENDING,0.0,6.841748897024139,6.525452283911184,0.00982599913894,0.09870243371964244,0.08190202331422454,0.1288456995921731
CsOAc,CgMe-PPh,DMAc,0.1,120,-4.3,3.0,-3.4,0.5,PENDING,PENDING,0.0,8.262002674022561,6.151223902303078,0.011662187214263861,0.0885739645010515,0.0760429959426233,0.1186288898532593
CsOAc,CgMe-PPh,DMAc,0.1,105,-4.3,3.0,-3.4,0.5,PENDING,PENDING,0.0,7.792574589208634,6.015430211171224,0.007435468665615105,0.09692951722636198,0.07593307023717112,0.12650301987712959
CsOAc,CgMe-PPh,DMAc,0.1,90,-4.3,3.0,-3.4,0.5,PENDING,PENDING,0.0,7.282152224222428,6.192885887535789,0.007497920965664359,0.10636224939904719,0.07867123191918264,0.13576201824273146
CsOAc,CgMe-PPh,DMAc,0.057,120,-4.3,3.0,-3.4,0.5,PENDING,PENDING,0.0,8.6001439623934,6.158099023548909,0.013954080845117664,0.09552899584641429,0.07596044413101705,0.12517674397398723
CsOAc,CgMe-PPh,DMAc,0.057,105,-4.3,3.0,-3.4,0.5,PENDING,PENDING,0.0,8.12375117824169,6.007855571414403,0.008767671838708885,0.1038656257370934,0.07555552652894751,0.13309045885724952
CsOAc,CgMe-PPh,DMAc,0.057,90,-4.3,3.0,-3.4,0.5,PENDING,PENDING,0.0,7.600994931418285,6.173874958964358,0.008596200528721204,0.11318036146629161,0.07808366259151343,0.14226101875952382
CsOAc,CgMe-PPh,BuOAc,0.153,120,1.6,0.1,-0.8,-1.9,PENDING,PENDING,0.0,6.1428384362004,5.741881456087127,0.0017318767166829042,0.08179663961299527,0.07098626520211601,0.11165391473794374
CsOAc,CgMe-PPh,BuOAc,0.153,105,1.6,0.1,-0.8,-1.9,PENDING,PENDING,0.0,5.708407397437143,5.49016562687156,0.0007363662926445688,0.09074563592915821,0.06996037168068361,0.1200219238687
CsOAc,CgMe-PPh,BuOAc,0.153,90,1.6,0.1,-0.8,-1.9,PENDING,PENDING,0.0,5.268313906324785,5.583312656224076,0.0006836390764976465,0.10086087774889144,0.07197755680460284,0.12990218670005513
CsOAc,CgMe-PPh,BuOAc,0.1,120,1.6,0.1,-0.8,-1.9,PENDING,PENDING,0.0,6.602321990733013,5.522908668196045,0.0014504041218663076,0.08977356681344068,0.06907093739650373,0.11900957724023711
CsOAc,CgMe-PPh,BuOAc,0.1,105,1.6,0.1,-0.8,-1.9,PENDING,PENDING,0.0,6.152290545140216,5.22704881602062,0.0005154043625321021,0.09881187190048102,0.06750924289033902,0.12758932301660525
CsOAc,CgMe-PPh,BuOAc,0.1,90,1.6,0.1,-0.8,-1.9,PENDING,PENDING,0.0,5.688669942635579,5.295255233086914,0.00043990382308053966,0.10890105876641881,0.06913144442578291,0.13750800667093513
CsOAc,CgMe-PPh,BuOAc,0.057,120,1.6,0.1,-0.8,-1.9,PENDING,PENDING,0.0,6.945738245699521,5.635392216037039,0.0022953231289224336,0.09701054150564824,0.06987929982795237,0.1260246076163615
CsOAc,CgMe-PPh,BuOAc,0.057,105,1.6,0.1,-0.8,-1.9,PENDING,PENDING,0.0,6.487773244372223,5.323841634246603,0.000841904798462946,0.10602220860499516,0.06789507176341733,0.13462843284027695
CsOAc,CgMe-PPh,BuOAc,0.057,90,1.6,0.1,-0.8,-1.9,PENDING,PENDING,0.0,6.01091111373864,5.368713259783831,0.0006725545374748464,0.1159762646005511,0.06913467344126109,0.14443366772331254
CsOAc,CgMe-PPh,BuCN,0.153,120,-1.6,-2.1,-1.8,-0.9,PENDING,PENDING,0.0,5.562704234871596,5.991670289737058,0.0020192694663823917,0.06593127997103314,0.07467607787240693,0.09763662254232076
CsOAc,CgMe-PPh,BuCN,0.153,105,-1.6,-2.1,-1.8,-0.9,PENDING,PENDING,0.0,5.101341972041846,5.721686901446841,0.0008493313645541282,0.07435717693982401,0.07300735213402168,0.1050113201434271
CsOAc,CgMe-PPh,BuCN,0.153,90,-1.6,-2.1,-1.8,-0.9,PENDING,PENDING,0.0,4.645649820729634,5.775870207139229,0.0007141165214784636,0.08419343156495018,0.07419930383481418,0.11429766806199869
CsOAc,CgMe-PPh,BuCN,0.1,120,-1.6,-2.1,-1.8,-0.9,PENDING,PENDING,0.0,6.016437881339085,5.7806528307469955,0.0017354542405451992,0.07373448360340934,0.07304449654601708,0.10444475606459691
CsOAc,CgMe-PPh,BuCN,0.1,105,-1.6,-2.1,-1.8,-0.9,PENDING,PENDING,0.0,5.538832618038107,5.46984341227294,0.0006224013980985488,0.08224305284929138,0.07089852534692483,0.11206280498546102
CsOAc,CgMe-PPh,BuCN,0.1,90,-1.6,-2.1,-1.8,-0.9,PENDING,PENDING,0.0,5.059228668473652,5.499606072419062,0.0004792591459322308,0.09205317771264945,0.07170713429846992,0.12143775398135849
CsOAc,CgMe-PPh,BuCN,0.057,120,-1.6,-2.1,-1.8,-0.9,PENDING,PENDING,0.0,6.365311268921347,5.879452772715817,0.002614615800577834,0.08101275231842421,0.07386269645499938,0.11128806292808437
CsOAc,CgMe-PPh,BuCN,0.057,105,-1.6,-2.1,-1.8,-0.9,PENDING,PENDING,0.0,5.880361191696371,5.555095905616599,0.0009667679715023667,0.0895030448798461,0.07136862865685105,0.11897712153494497
CsOAc,CgMe-PPh,BuCN,0.057,90,-1.6,-2.1,-1.8,-0.9,PENDING,PENDING,0.0,5.387824549646595,5.56521519402919,0.0007097493391094063,0.09918503252717974,0.07185267912466678,0.12827903165161017
CsOAc,BrettPhos,p-Xylene,0.153,120,5.7,-2.2,0.0,1.3,PENDING,PENDING,0.0,5.998342158749676,4.745169874956327,0.00010364161897697516,0.06565929609489436,0.05018233914482838,0.09425272334715214
CsOAc,BrettPhos,p-Xylene,0.153,105,5.7,-2.2,0.0,1.3,PENDING,PENDING,0.0,5.550052034871708,4.361592033273551,1.429267467282228e-05,0.07444004042846195,0.048945575169659,0.10275105454105164
CsOAc,BrettPhos,p-Xylene,0.153,90,5.7,-2.2,0.0,1.3,PENDING,PENDING,0.0,5.1002346856777425,4.439448314393584,1.2779726201954291e-05,0.08468436027670712,0.05250157086209553,0.11297108681705441
CsOAc,BrettPhos,p-Xylene,0.1,120,5.7,-2.2,0.0,1.3,PENDING,PENDING,0.0,6.50118490960022,4.445084128984783,5.3608905528516556e-05,0.07370278232124666,0.047044442529161845,0.10194705011220524
CsOAc,BrettPhos,p-Xylene,0.1,105,5.7,-2.2,0.0,1.3,PENDING,PENDING,0.0,6.037769095589184,3.978759882031776,3.4949531842033785e-06,0.08257362406356065,0.04488113459251862,0.11066227692090987
CsOAc,BrettPhos,p-Xylene,0.1,90,5.7,-2.2,0.0,1.3,PENDING,PENDING,0.0,5.5630048804219365,4.016583922479036,2.43067267080983e-06,0.09279093434666999,0.04800182030245232,0.12087040711647205
CsOAc,BrettPhos,p-Xylene,0.057,120,5.7,-2.2,0.0,1.3,PENDING,PENDING,0.0,6.881934977278966,4.576522562679383,0.00012584355622512504,0.08120634981431313,0.04807222900205875,0.10938561949194511
CsOAc,BrettPhos,p-Xylene,0.057,105,5.7,-2.2,0.0,1.3,PENDING,PENDING,0.0,6.411461002508732,4.091175770434108,9.916126895087487e-06,0.09005630147838149,0.04521208029673825,0.11810819637139816
CsOAc,BrettPhos,p-Xylene,0.057,90,5.7,-2.2,0.0,1.3,PENDING,PENDING,0.0,5.922671030618323,4.094022505538356,5.737056379768478e-06,0.10013462450749855,0.04770210048159036,0.12817554842278195
CsOAc,BrettPhos,DMAc,0.153,120,-4.3,3.0,-3.4,0.5,PENDING,PENDING,0.0,7.9232274261550195,5.100601652642574,0.0013487776324032762,0.07603934015101929,0.053158672594038815,0.10453350511783145
CsOAc,BrettPhos,DMAc,0.153,105,-4.3,3.0,-3.4,0.5,PENDING,PENDING,0.0,7.448515231861208,4.949196909579206,0.0006449685037592974,0.08470836865374011,0.05356227699802114,0.11303896542175923
CsOAc,BrettPhos,DMAc,0.153,90,-4.3,3.0,-3.4,0.5,PENDING,PENDING,0.0,6.936739449701426,5.196092809451251,0.0008425366988809527,0.09467481809758635,0.05809928286957528,0.12302706560423003
CsOAc,BrettPhos,DMAc,0.1,120,-4.3,3.0,-3.4,0.5,PENDING,PENDING,0.0,8.435063166612082,4.665538555706926,0.0006343467268070408,0.08403064844023847,0.04837135758655772,0.1121877057877284
CsOAc,BrettPhos,DMAc,0.1,105,-4.3,3.0,-3.4,0.5,PENDING,PENDING,0.0,7.9424814861501325,4.472143647346339,0.00022772623771006532,0.0927864471388852,0.048319276681878104,0.12087140432619405
CsOAc,BrettPhos,DMAc,0.1,90,-4.3,3.0,-3.4,0.5,PENDING,PENDING,0.0,7.402845900495306,4.729112627170053,0.0003282613700270531,0.10272537334186146,0.052943444337821735,0.13083012671172628
CsOAc,BrettPhos,DMAc,0.057,120,-4.3,3.0,-3.4,0.5,PENDING,PENDING,0.0,8.790931728075764,4.669904984606072,0.0008545821592088505,0.09137493815802172,0.04810729799782866,0.11946509630017482
CsOAc,BrettPhos,DMAc,0.057,105,-4.3,3.0,-3.4,0.5,PENDING,PENDING,0.0,8.290282247550895,4.455070360717195,0.000293278011021394,0.10010964351356935,0.047541784925168015,0.12814894102870547
CsOAc,BrettPhos,DMAc,0.057,90,-4.3,3.0,-3.4,0.5,PENDING,PENDING,0.0,7.736660154655592,4.696696848477318,0.00039225486025864023,0.1099156322605576,0.05188117321256509,0.13796663913654542
CsOAc,BrettPhos,BuOAc,0.153,120,1.6,0.1,-0.8,-1.9,PENDING,PENDING,0.0,6.197332160172085,4.066777679964607,6.835832886293989e-06,0.07685402153751109,0.03914012797268886,0.10488647974941052
CsOAc,BrettPhos,BuOAc,0.153,105,1.6,0.1,-0.8,-1.9,PENDING,PENDING,0.0,5.7467031053439195,3.666030946079528,3.149430593833169e-07,0.08628537254893541,0.037150755692136314,0.11428417311973384
CsOAc,BrettPhos,BuOAc,0.153,90,1.6,0.1,-0.8,-1.9,PENDING,PENDING,0.0,5.288199001588496,3.8093996330084923,4.589927565707771e-07,0.09699666392197971,0.041108484022028165,0.12499824754042194
CsOAc,BrettPhos,BuOAc,0.1,120,1.6,0.1,-0.8,-1.9,PENDING,PENDING,0.0,6.684323298616904,3.7252094245916356,1.7332514910625046e-06,0.08527865193612674,0.03516611214506748,0.11327265016867968
CsOAc,BrettPhos,BuOAc,0.1,105,1.6,0.1,-0.8,-1.9,PENDING,PENDING,0.0,6.21663429342158,3.22157051267351,1.4643633613171413e-08,0.09481445041987505,0.03174183124244589,0.12280282396049069
CsOAc,BrettPhos,BuOAc,0.1,90,1.6,0.1,-0.8,-1.9,PENDING,PENDING,0.0,5.732042170069933,3.330726751105417,1.829816436950151e-08,0.10549351376212825,0.03529100136775986,0.13348213238608414
CsOAc,BrettPhos,BuOAc,0.057,120,1.6,0.1,-0.8,-1.9,PENDING,PENDING,0.0,7.044864351636394,3.9031437266081213,7.779351603371602e-06,0.09294780309284605,0.03675642157725552,0.1209406293670219
CsOAc,BrettPhos,BuOAc,0.057,105,1.6,0.1,-0.8,-1.9,PENDING,PENDING,0.0,6.567621260122964,3.387244224016625,1.2234494006426529e-07,0.10245197291947321,0.03246197059323764,0.1304401578226181
CsOAc,BrettPhos,BuOAc,0.057,90,1.6,0.1,-0.8,-1.9,PENDING,PENDING,0.0,6.06782072602256,3.453098823533865,9.600283772876177e-08,0.11297421405449984,0.03513815726106836,0.1409624234690837
CsOAc,BrettPhos,BuCN,0.153,120,-1.6,-2.1,-1.8,-0.9,PENDING,PENDING,0.0,5.5821301842926,4.451944020345723,2.215953917562624e-05,0.06006269002159012,0.04628305272907137,0.08855905817774073
CsOAc,BrettPhos,BuCN,0.153,105,-1.6,-2.1,-1.8,-0.9,PENDING,PENDING,0.0,5.100186163311892,4.043981158368766,1.6153064331253452e-06,0.06889202937582181,0.043315380944652974,0.09707063289610336
CsOAc,BrettPhos,BuCN,0.153,90,-1.6,-2.1,-1.8,-0.9,PENDING,PENDING,0.0,4.62349569151536,4.1194890972978095,1.4073339742377323e-06,0.07928269650070957,0.04539201346613486,0.10740855389811094
CsOAc,BrettPhos,BuCN,0.1,120,-1.6,-2.1,-1.8,-0.9,PENDING,PENDING,0.0,6.062442951652725,4.140599177493011,8.57511639018249e-06,0.0682852580615309,0.043368857274242154,0.09647349115515406
CsOAc,BrettPhos,BuCN,0.1,105,-1.6,-2.1,-1.8,-0.9,PENDING,PENDING,0.0,5.562475800523556,3.647274783824118,2.094895861607173e-07,0.07720949238701907,0.03931641264008171,0.10524258434269175
CsOAc,BrettPhos,BuCN,0.1,90,-1.6,-2.1,-1.8,-0.9,PENDING,PENDING,0.0,5.0591064700075385,3.6855976761012395,1.340924794638967e-07,0.08756849067701318,0.04078748461300722,0.11558422308156821
CsOAc,BrettPhos,BuCN,0.057,120,-1.6,-2.1,-1.8,-0.9,PENDING,PENDING,0.0,6.429384930472172,4.28768632425438,2.5684044222616122e-05,0.07600010531347429,0.04477905996805803,0.1041416634873677
CsOAc,BrettPhos,BuCN,0.057,105,-1.6,-2.1,-1.8,-0.9,PENDING,PENDING,0.0,5.920754622718889,3.7822729765628993,9.02278939559177e-07,0.0849045236352267,0.040130180637507146,0.11292171525817214
CsOAc,BrettPhos,BuCN,0.057,90,-1.6,-2.1,-1.8,-0.9,PENDING,PENDING,0.0,5.402645051062045,3.7881450889752797,4.6367777964482784e-07,0.09511693866345197,0.04096663683003259,0.12312029077440752
KOPiv,tBPh-CPhos,BuOAc,0.1,90,1.6,0.1,-0.8,-1.9,0.0,0.279534515,-1.0,3.305306985131108,4.166923142403156,3.66414525441729e-07,0.26833060498980527,0.03625203529234426,0.29631857598980527
KOPiv,PPhMe2,BuCN,0.153,90,-1.6,-2.1,-1.8,-0.9,0.0,0.034838214,-1.0,0.21280411201035498,4.25410991224311,1.1428817935114726e-08,0.044939314329798,0.031225668421894268,0.07303027797629699
KOPiv,PPh3,BuOAc,0.057,90,1.6,0.1,-0.8,-1.9,0.05,0.055472263,-1.0,3.5473154344553817,4.272969231793192,9.484945157236533e-07,0.06751957753388944,0.03239175691722361,0.0955223788478123
KOPiv,PCy3 HBF4,p-Xylene,0.153,105,5.7,-2.2,0.0,1.3,0.0,0.027987971,-1.0,2.7095142938372816,4.413415839605719,8.006483922575241e-07,0.030599145618612336,0.03183401077261504,0.05899736436750417
KOPiv,P(fur)3,p-Xylene,0.057,105,5.7,-2.2,0.0,1.3,14.68,0.051646282,-1.0,9.556586879598221,4.498136604820244,0.0009823125452634342,0.053470614568069924,0.03163962369505342,0.08150879382857881
KOAc,PPh2Me,BuOAc,0.153,120,1.6,0.1,-0.8,-1.9,0.0,0.030545517,-1.0,2.051178394743102,4.637353750339801,1.31978646913744e-06,0.03463899742101391,0.0324450657352787,0.0629584021039081
KOAc,PCy3 HBF4,BuOAc,0.1,90,1.6,0.1,-0.8,-1.9,0.0,0.043876303,-1.0,2.598842619247302,4.356017514636676,5.001379665626861e-07,0.057396004331764366,0.03208955261995195,0.0854226206248062
CsOPiv,X-Phos,BuOAc,0.153,105,1.6,0.1,-0.8,-1.9,5.53,0.124088991,-1.0,7.518029037953362,4.195942605394657,5.327969091836412e-05,0.13832423204930938,0.0315793328419332,0.1663122034404902
CsOPiv,PPhMe2,BuCN,0.057,90,-1.6,-2.1,-1.8,-0.9,0.0,0.155660199,-1.0,4.05665486582532,3.9927159148674067,3.061827151406352e-07,0.16245241645730069,0.02874470902502333,0.19044038745737282
CsOPiv,PPh2Me,BuCN,0.1,90,-1.6,-2.1,-1.8,-0.9,0.0,0.131546476,-1.0,4.455938031133482,4.220810651333578,2.0633784399271384e-06,0.1431914530808888,0.030131739282922794,0.17117942411447376
CsOPiv,P(fur)3,BuOAc,0.1,120,1.6,0.1,-0.8,-1.9,15.21,0.136767955,-1.0,12.869918016646581,4.379052646817391,0.009204933388670525,0.14589310634262637,0.030693748656153732,0.17388107738028408
CsOPiv,JackiePhos,DMAc,0.057,105,-4.3,3.0,-3.4,0.5,9.52,0.452540223,-1.0,10.038184700987651,4.443635066265842,0.0012504572440295864,0.44627615410641636,0.0351485714385684,0.47426412510641636
CsOPiv,BrettPhos,BuOAc,0.1,90,1.6,0.1,-0.8,-1.9,23.75,0.243983628,-1.0,8.375583769261489,3.215032810042559,5.408635632520874e-07,0.1851214940281127,0.025265303303548346,0.2131094650281127
CsOAc,PPhMe2,BuOAc,0.057,105,1.6,0.1,-0.8,-1.9,0.0,0.104381255,-1.0,2.955567399860785,3.9208542176120598,3.942204572958423e-08,0.09610749043202116,0.029415150019087045,0.12409553940155468
CsOAc,JackiePhos,p-Xylene,0.057,90,5.7,-2.2,0.0,1.3,5.48,0.415626812,-1.0,5.712310267977598,4.321295334010589,1.4072258234235167e-05,0.4103054383212454,0.03514062009825353,0.4382934093212454
CsOAc,GorlosPhos HBF4,DMAc,0.057,120,-4.3,3.0,-3.4,0.5,16.77,0.094081907,-1.0,11.174425370944931,4.821653852016682,0.006877415470236403,0.09409685241435536,0.034235466654490156,0.12208636000956605
