base,ligand,solvent,concentration,temperature,yield,cost,priority,yield_predicted_mean,yield_predicted_std_dev,yield_expected_improvement,cost_predicted_mean,cost_predicted_std_dev,cost_expected_improvement
KOPiv,P(fur)3,DMAc,0.153,120,PENDING,PENDING,1.0,9.986136400413145,6.029802760936427,0.02322734878996749,0.03594227269750465,0.056417075288328025,0.06755434204310237
KOAc,P(fur)3,DMAc,0.153,120,PENDING,PENDING,1.0,9.62276584641834,6.5585442592825105,0.036498833909706735,0.03138171908713097,0.06398813827253046,0.06547493253380046
CsOPiv,P(fur)3,DMAc,0.057,120,PENDING,PENDING,1.0,13.893366723745089,5.385103991403222,0.07119513043924747,0.13959996815537307,0.05140382267690168,0.1675955429348236
CsOPiv,GorlosPhos HBF4,p-Xylene,0.057,120,PENDING,PENDING,1.0,11.409797249650804,5.9272987050255805,0.040296460014881325,0.15080287540388018,0.06059954759117799,0.1788184127890319
KOPiv,tBPh-CPhos,p-Xylene,0.153,120,PENDING,PENDING,0.0,4.101637293187872,5.53673056193702,0.0002664515704319595,0.22311671978885078,0.07240579405033695,0.251109497369449
KOPiv,tBPh-CPhos,p-Xylene,0.153,105,PENDING,PENDING,0.0,3.5468711388332532,5.118382812970101,4.616284117509766e-05,0.23207136931741865,0.06554211997884954,0.26005988017441095
KOPiv,tBPh-CPhos,p-Xylene,0.153,90,PENDING,PENDING,0.0,3.027426449464439,5.095323089633181,2.6999789774459363e-05,0.2401782407356704,0.06348847726483983,0.26816637609248817
KOPiv,tBPh-CPhos,p-Xylene,0.1,120,PENDING,PENDING,0.0,4.613425126597262,5.340137069006789,0.00022329845524489585,0.2301852717837536,0.07036093433396094,0.25817531437532754
KOPiv,tBPh-CPhos,p-Xylene,0.1,105,PENDING,PENDING,0.0,4.0422159259054595,4.871857932585915,2.846019266423993e-05,0.2392229790327149,0.06291798143271715,0.2672110963156928
KOPiv,tBPh-CPhos,p-Xylene,0.1,90,PENDING,PENDING,0.0,3.4967654771480308,4.816965886984209,1.3635098435375588e-05,0.2473252638787265,0.060461596730467075,0.27531326713602416
KOPiv,tBPh-CPhos,p-Xylene,0.057,120,PENDING,PENDING,0.0,5.034257899960399,5.496039915169544,0.00046653954158301907,0.2352058780657227,0.07225374728515023,0.263196223064876
KOPiv,tBPh-CPhos,p-Xylene,0.057,105,PENDING,PENDING,0.0,4.4586758596276175,5.0265373913317895,7.279733918439464e-05,0.24420712164506653,0.0648951469780461,0.27219528517754477
KOPiv,tBPh-CPhos,p-Xylene,0.057,90,PENDING,PENDING,0.0,3.9004669573287405,4.954297835412735,3.4389441914789497e-05,0.25222604421923617,0.06234789246630597,0.2802140597121512
KOPiv,tBPh-CPhos,DMAc,0.153,120,PENDING,PENDING,0.0,5.376732074892908,5.9459476374748315,0.0016472737012013135,0.22775745588802587,0.07515755786486158,0.25575186971204755
KOPiv,tBPh-CPhos,DMAc,0.153,105,PENDING,PENDING,0.0,4.811695138857353,5.669272348350201,0.0006181481352662173,0.23664609656069163,0.06899225817808866,0.2646350761586624
KOPiv,tBPh-CPhos,DMAc,0.153,90,PENDING,PENDING,0.0,4.2592068654541135,5.740414073751596,0.0005065060646371831,0.2446448319729741,0.06736658469528659,0.27263319340054604
KOPiv,tBPh-CPhos,DMAc,0.1,120,PENDING,PENDING,0.0,5.890299688277821,5.681862043323412,0.001297143870757642,0.23483925577872,0.07290983091685753,0.26283002289193
KOPiv,tBPh-CPhos,DMAc,0.1,105,PENDING,PENDING,0.0,5.307510487677886,5.370903669744525,0.00040795062985889835,0.2438091151329028,0.06624701935604198,0.2717973848242462
KOPiv,tBPh-CPhos,DMAc,0.1,90,PENDING,PENDING,0.0,4.728040237231513,5.430976829348866,0.00031447320363351197,0.2518016558296523,0.06431280323422978,0.2797897186962948
KOPiv,tBPh-CPhos,DMAc,0.057,120,PENDING,PENDING,0.0,6.292592742674507,5.759690538720328,0.0019722203230723434,0.23983881892944547,0.07450012415937235,0.2678297637331038
KOPiv,tBPh-CPhos,DMAc,0.057,105,PENDING,PENDING,0.0,5.7046830873350425,5.44252829387187,0.0006527115904002602,0.24877261288924513,0.06789829355567928,0.27676092920782414
KOPiv,tBPh-CPhos,DMAc,0.057,90,PENDING,PENDING,0.0,5.112673408063523,5.4911873648328795,0.0004870064307650867,0.2566823754065067,0.0658910400805673,0.2846704549820753
KOPiv,tBPh-CPhos,BuOAc,0.153,120,PENDING,PENDING,0.0,3.8947885826476183,5.0462023979893535,4.8069253581883224e-05,0.24292446272028753,0.0552969095781241,0.2709124387706114
KOPiv,tBPh-CPhos,BuOAc,0.153,105,PENDING,PENDING,0.0,3.3540093398823125,4.562357607406163,3.657828468226851e-06,0.25277882713829286,0.04447245970993397,0.28076679813921196
KOPiv,tBPh-CPhos,BuOAc,0.153,90,PENDING,PENDING,0.0,2.854519132219833,4.521668854985787,1.7227837202424048e-06,0.2614387573988252,0.04045433421943961,0.2894267283988275
KOPiv,tBPh-CPhos,BuOAc,0.1,120,PENDING,PENDING,0.0,4.362296461377962,4.847270432927768,3.46786752524578e-05,0.2502447778600027,0.052418015804826176,0.27823274937405634
KOPiv,tBPh-CPhos,BuOAc,0.1,105,PENDING,PENDING,0.0,3.8028914027961216,4.2994399125990235,1.4946081288196838e-06,0.26019974956647896,0.040174527256034126,0.28818772056648095
KOPiv,tBPh-CPhos,BuOAc,0.057,120,PENDING,PENDING,0.0,4.752431902250867,5.047814030398608,0.00010028407598489239,0.2552048632902895,0.05530037674394033,0.2831928358250309
KOPiv,tBPh-CPhos,BuOAc,0.057,105,PENDING,PENDING,0.0,4.187248640633866,4.506789215759506,6.741937690604846e-06,0.2651071260155322,0.04368211806838174,0.29309509701559316
KOPiv,tBPh-CPhos,BuOAc,0.057,90,PENDING,PENDING,0.0,3.649096168657018,4.40646766365467,2.257904093792475e-06,0.27367486699331933,0.03873974647674663,0.30166283799331933
KOPiv,tBPh-CPhos,BuCN,0.153,120,PENDING,PENDING,0.0,3.6535859104769397,5.315546888797534,9.821797028176319e-05,0.2238443769116078,0.0661681351010974,0.2518334462563927
KOPiv,tBPh-CPhos,BuCN,0.153,105,PENDING,PENDING,0.0,3.0768149743762607,4.854909298456426,1.0711484194356809e-05,0.23300579138059593,0.057622670112912534,0.26099379701494096
KOPiv,tBPh-CPhos,BuCN,0.153,90,PENDING,PENDING,0.0,2.544719553974697,4.802381866098722,5.022963504765549e-06,0.2412694851521223,0.05441410887639495,0.269257459985595
KOPiv,tBPh-CPhos,BuCN,0.1,120,PENDING,PENDING,0.0,4.142099171193522,5.1203294876615795,7.689469017583151e-05,0.23103069998347225,0.06404140022426187,0.2590190462360742
KOPiv,tBPh-CPhos,BuCN,0.1,105,PENDING,PENDING,0.0,3.546693843624767,4.607099461862983,5.573930526259517e-06,0.24028087608657384,0.05475334843032603,0.26826885207790757
KOPiv,tBPh-CPhos,BuCN,0.1,90,PENDING,PENDING,0.0,2.9876743203790506,4.520334641650115,1.9816768874284595e-06,0.24854131459008263,0.050990893808783945,0.2765292858492841
KOPiv,tBPh-CPhos,BuCN,0.057,120,PENDING,PENDING,0.0,4.551609856065474,5.291645578798874,0.00018457185821583663,0.23610662968056,0.06633590761735883,0.26409511583999934
KOPiv,tBPh-CPhos,BuCN,0.057,105,PENDING,PENDING,0.0,3.951027672170259,4.782939879153956,1.8251455456264444e-05,0.24531646079793132,0.05729903792989166,0.27330444206521154
KOPiv,tBPh-CPhos,BuCN,0.057,90,PENDING,PENDING,0.0,3.3790243271152347,4.68193502741079,6.671202173664641e-06,0.2534900004370926,0.05354088814283215,0.28147797213557835
KOPiv,X-Phos,p-Xylene,0.153,120,PENDING,PENDING,0.0,4.5141989621281855,5.520384508609869,0.0003433263597837641,0.019768396879532107,0.051938631260022565,0.05278903447424982
KOPiv,X-Phos,p-Xylene,0.153,105,PENDING,PENDING,0.0,3.982997417771128,5.18668548966079,8.422497940261233e-05,0.02716260070166368,0.048867067871061015,0.05831861141497737
KOPiv,X-Phos,p-Xylene,0.153,90,PENDING,PENDING,0.0,3.4783625148327624,5.2487739409068395,6.849026803578827e-05,0.0367075173102822,0.05119677091435351,0.06721233590664616
KOPiv,X-Phos,p-Xylene,0.1,120,PENDING,PENDING,0.0,5.044377330129581,5.418267549494092,0.00038264074827248744,0.027813144697951875,0.05308616806673424,0.05980978641616459
KOPiv,X-Phos,p-Xylene,0.1,105,PENDING,PENDING,0.0,4.497679145839584,5.0494649041417246,8.142581406552743e-05,0.035273023288838926,0.049599367643112215,0.06563966415981587
KOPiv,X-Phos,p-Xylene,0.1,90,PENDING,PENDING,0.0,3.967154793933152,5.083812459972288,5.848292755235968e-05,0.0447788254913344,0.05134827785921217,0.07457975864490064
KOPiv,X-Phos,p-Xylene,0.057,120,PENDING,PENDING,0.0,5.471660527090876,5.637609364488026,0.0008922703313643497,0.035832895934337125,0.05716457001262017,0.06761764031032069
KOPiv,X-Phos,p-Xylene,0.057,105,PENDING,PENDING,0.0,4.920253550931353,5.268419779526546,0.00022889929746890744,0.043290269703455425,0.05355366199117095,0.07356023011591072
KOPiv,X-Phos,p-Xylene,0.057,90,PENDING,PENDING,0.0,4.376446140088715,5.280251230830293,0.00015559831220159515,0.0526665335268139,0.054763975551610944,0.08236176770082113
KOPiv,X-Phos,DMAc,0.153,120,PENDING,PENDING,0.0,5.785410921302251,6.014052302890657,0.002405250477084942,0.027157325373531896,0.06122903143867425,0.06128739167499479
KOPiv,X-Phos,DMAc,0.153,105,PENDING,PENDING,0.0,5.243078693429224,5.818346360379848,0.0011572565797758633,0.03450455776427956,0.0594357744490982,0.06697817197691544
KOPiv,X-Phos,DMAc,0.153,90,PENDING,PENDING,0.0,4.704772169990557,5.960193928639185,0.0011230802567455504,0.043886227812605816,0.06175809985746008,0.07560419126723919
KOPiv,X-Phos,DMAc,0.1,120,PENDING,PENDING,0.0,6.316833318002367,5.840955205516594,0.0023563304509062466,0.03523978304704933,0.06164160848354048,0.06811669891765713
KOPiv,X-Phos,DMAc,0.1,105,PENDING,PENDING,0.0,5.7576065714163285,5.6227235679233765,0.0010418128216780898,0.042650422599417814,0.05959087713032229,0.07408301662018463
KOPiv,X-Phos,DMAc,0.1,90,PENDING,PENDING,0.0,5.192406785975118,5.754997058729484,0.000972840428077203,0.05198987136547327,0.06158433888691179,0.08278957923031563
KOPiv,X-Phos,DMAc,0.057,120,PENDING,PENDING,0.0,6.725393399313712,5.976006248692759,0.003856591173059025,0.0432031075096371,0.06467464483525817,0.07562238152747643
KOPiv,X-Phos,DMAc,0.057,105,PENDING,PENDING,0.0,6.160735616373411,5.752182511061092,0.0017893589182516115,0.05060978203765573,0.06247991520600024,0.0817061786772131
KOPiv,X-Phos,DMAc,0.057,90,PENDING,PENDING,0.0,5.582508747375805,5.868863146948191,0.0015937798355894588,0.05982073154474171,0.06412915056380425,0.09032406598604137
KOPiv,X-Phos,BuOAc,0.153,120,PENDING,PENDING,0.0,4.341985001048242,5.1630013786200095,0.00010452181866657875,0.03544855412003542,0.051090128778809044,0.06606636162051199
KOPiv,X-Phos,BuOAc,0.153,105,PENDING,PENDING,0.0,3.8305895233264633,4.811298199714018,1.8306681254246047e-05,0.04382423150875128,0.0477468140462508,0.07319873268657003
KOPiv,X-Phos,BuOAc,0.153,90,PENDING,PENDING,0.0,3.3495447516788515,4.883858938884153,1.5688104670137388e-05,0.054145719667943015,0.049515658503038656,0.08313432404954377
KOPiv,X-Phos,BuOAc,0.1,120,PENDING,PENDING,0.0,4.831156762603431,5.092915982690009,0.00012415467222552505,0.043763049433689666,0.05286185668433208,0.07387886924941384
KOPiv,X-Phos,BuOAc,0.1,105,PENDING,PENDING,0.0,4.302836667000198,4.7037901101710204,1.8374781642956236e-05,0.05220968022362517,0.049054707110498086,0.08124731124811037
KOPiv,X-Phos,BuOAc,0.1,90,PENDING,PENDING,0.0,3.796394239553268,4.743227240947648,1.3290873174390976e-05,0.06248868011903676,0.05010448426506022,0.09118161852112472
KOPiv,X-Phos,BuOAc,0.057,120,PENDING,PENDING,0.0,5.228103255577469,5.362694124509279,0.0003764627801124262,0.05184241652187256,0.05736061196577815,0.08197230612788055
KOPiv,X-Phos,BuOAc,0.057,105,PENDING,PENDING,0.0,4.693264144414167,4.9771289424449385,7.492353723533669e-05,0.060268432985858864,0.053426164185784226,0.08935386295621307
KOPiv,X-Phos,BuOAc,0.057,90,PENDING,PENDING,0.0,4.17311160295116,4.99027351795042,5.002310975151002e-05,0.07039698107527712,0.05391495764567377,0.09910783524792167
KOPiv,X-Phos,BuCN,0.153,120,PENDING,PENDING,0.0,4.082766859026815,5.3777160436052425,0.00016643502715967505,0.015598923708481538,0.05343001177013781,0.04983291671977305
KOPiv,X-Phos,BuCN,0.153,105,PENDING,PENDING,0.0,3.532084842143003,5.023807093113186,3.2204863237351804e-05,0.02308035710842396,0.0492469990970421,0.05489045062395813
KOPiv,X-Phos,BuCN,0.153,90,PENDING,PENDING,0.0,3.016354646464972,5.06917100827754,2.4199453251586196e-05,0.03281005626881056,0.050026669420542916,0.0635176317962212
KOPiv,X-Phos,BuCN,0.1,120,PENDING,PENDING,0.0,4.591182180453911,5.293092256147171,0.00019112791563825806,0.02377740580485249,0.0553270466160086,0.05696838811338419
KOPiv,X-Phos,BuCN,0.1,105,PENDING,PENDING,0.0,4.023078757593958,4.906525840455226,3.200026182030135e-05,0.03132621521080044,0.05087832451944299,0.062374639113743906
KOPiv,X-Phos,BuCN,0.1,90,PENDING,PENDING,0.0,3.4806308498611274,4.923881757985595,2.0858012290769106e-05,0.041014022142544335,0.05109259945307719,0.07108916756970704
KOPiv,X-Phos,BuCN,0.057,120,PENDING,PENDING,0.0,5.007364666900325,5.53025347468035,0.0004999511074896667,0.03197147687223817,0.059680745537037956,0.06488771690027159
KOPiv,X-Phos,BuCN,0.057,105,PENDING,PENDING,0.0,4.433610214117666,5.147624799952704,0.00010713312521045868,0.039519017282826585,0.05526659794126679,0.07047343839226865
KOPiv,X-Phos,BuCN,0.057,90,PENDING,PENDING,0.0,3.8775271313035544,5.144453418989756,6.691923917648279e-05,0.049071561718040085,0.05510091377206391,0.07908659155249369
KOPiv,PPhtBu2,p-Xylene,0.153,120,PENDING,PENDING,0.0,5.073124924135305,6.131201567143788,0.0019883804751009183,0.04483539534238955,0.07175255878710313,0.07863349906628316
KOPiv,PPhtBu2,p-Xylene,0.153,105,PENDING,PENDING,0.0,4.552588335646098,5.823564439847603,0.0007510604380956167,0.05231525972484119,0.06933998985901185,0.0845396369715843
KOPiv,PPhtBu2,p-Xylene,0.153,90,PENDING,PENDING,0.0,4.047850730291246,5.8526749659856625,0.0005777906179717518,0.06154056982203833,0.07041588490672224,0.09293419341675015
KOPiv,PPhtBu2,p-Xylene,0.1,120,PENDING,PENDING,0.0,5.590829956405201,5.963603904333449,0.0019423512352499984,0.05258847369483868,0.07116146936640542,0.08515563030018297
KOPiv,PPhtBu2,p-Xylene,0.1,105,PENDING,PENDING,0.0,5.054970954620952,5.620214714364505,0.0006468542451382696,0.060129661697831085,0.06836258503778331,0.09130371855801694
KOPiv,PPhtBu2,p-Xylene,0.1,90,PENDING,PENDING,0.0,4.5250539144283595,5.625790382768562,0.00045577568691111594,0.0693203445956989,0.06907585697923158,0.09979296543974414
KOPiv,PPhtBu2,p-Xylene,0.057,120,PENDING,PENDING,0.0,5.999961086513569,6.095536750499193,0.0031681922949380117,0.06008410765559179,0.07297868731758132,0.0921094255922657
KOPiv,PPhtBu2,p-Xylene,0.057,105,PENDING,PENDING,0.0,5.459222034750597,5.745130230081999,0.0011304610459670628,0.06761595889009403,0.06995343962685488,0.09836313244498032
KOPiv,PPhtBu2,p-Xylene,0.057,90,PENDING,PENDING,0.0,4.916592571265378,5.733413389457836,0.0007728283751395788,0.07668724255382753,0.07036418088455543,0.10679625765500655
KOPiv,PPhtBu2,DMAc,0.153,120,PENDING,PENDING,0.0,6.322734440923255,6.536855828911993,0.0077408748260006655,0.05195920751126894,0.0779723140931179,0.08613615640435758
KOPiv,PPhtBu2,DMAc,0.153,105,PENDING,PENDING,0.0,5.791149873372528,6.34663092837493,0.004370752878605409,0.059390319292001295,0.07634743461920167,0.0921726640466546
KOPiv,PPhtBu2,DMAc,0.153,90,PENDING,PENDING,0.0,5.253653026991088,6.452704624665372,0.003921538481573096,0.06845985203337226,0.07764957488731321,0.10044120125595671
KOPiv,PPhtBu2,DMAc,0.1,120,PENDING,PENDING,0.0,6.8419034613228735,6.308665955767672,0.007135470805547814,0.05975050942105921,0.07696751703259347,0.09261606700047549
KOPiv,PPhtBu2,DMAc,0.1,105,PENDING,PENDING,0.0,6.293684690662888,6.094819744078382,0.003733563834243163,0.067240934767253,0.07508779836514602,0.09888497378471738
KOPiv,PPhtBu2,DMAc,0.1,90,PENDING,PENDING,0.0,5.73003314493458,6.193261262030158,0.003245380751943236,0.07627290154600182,0.07617238009586721,0.10725186110045026
KOPiv,PPhtBu2,DMAc,0.057,120,PENDING,PENDING,0.0,7.233157613809848,6.371864867238035,0.009563420045959559,0.06719661708084047,0.07823532779914874,0.09942602903865494
KOPiv,PPhtBu2,DMAc,0.057,105,PENDING,PENDING,0.0,6.679394729316404,6.149661179527717,0.005074230110141083,0.07467658555760881,0.076181062956961,0.10579612931823427
KOPiv,PPhtBu2,DMAc,0.057,90,PENDING,PENDING,0.0,6.103253488245525,6.237105170147634,0.00430041244006911,0.08358997828298623,0.07706596418431073,0.11411908179056438
KOPiv,PPhtBu2,BuOAc,0.153,120,PENDING,PENDING,0.0,4.942113404000269,5.938612117235954,0.0012425246933163731,0.06151741309357342,0.07281603369292791,0.09335184480356878
KOPiv,PPhtBu2,BuOAc,0.153,105,PENDING,PENDING,0.0,4.441786224298426,5.626947118064059,0.00043142583101218185,0.06996596780989907,0.07031502568831,0.10057184997516627
KOPiv,PPhtBu2,BuOAc,0.153,90,PENDING,PENDING,0.0,3.9592076451796263,5.656927495663506,0.0003327944559499219,0.07991804085252542,0.07091836608163334,0.1098843998681992
KOPiv,PPhtBu2,BuOAc,0.1,120,PENDING,PENDING,0.0,5.418920098172902,5.786163844442563,0.0012060130171560011,0.06950982156329985,0.0723985252864649,0.10048003916490196
KOPiv,PPhtBu2,BuOAc,0.1,105,PENDING,PENDING,0.0,4.9018820147833955,5.436368233218701,0.00036228253069827895,0.07802425458079801,0.06945425942569639,0.1079284785660339
KOPiv,PPhtBu2,BuOAc,0.1,90,PENDING,PENDING,0.0,4.394636549021581,5.439666442069806,0.000251998329928321,0.08793980358214118,0.06962087081802944,0.11731323861382846
KOPiv,PPhtBu2,BuOAc,0.057,120,PENDING,PENDING,0.0,5.796484437452385,5.9413363221616855,0.0021018076274661388,0.07701671736655952,0.07425692992137273,0.1076442561609303
KOPiv,PPhtBu2,BuOAc,0.057,105,PENDING,PENDING,0.0,5.272762557362366,5.584807011981077,0.0006882153338772547,0.0855036996413001,0.07104907216065819,0.1151532571531395
KOPiv,PPhtBu2,BuOAc,0.057,90,PENDING,PENDING,0.0,4.752489483347418,5.569307884971867,0.0004622087570249518,0.09528245266173885,0.07089333608435572,0.12444918646056036
KOPiv,PPhtBu2,BuCN,0.153,120,PENDING,PENDING,0.0,4.665880417435049,6.028056394971244,0.0012666716464111525,0.041326819489293856,0.07270954482904667,0.07593069042078893
KOPiv,PPhtBu2,BuCN,0.153,105,PENDING,PENDING,0.0,4.126675866550868,5.704817407366666,0.00042323230666360765,0.048903976691073325,0.069491483577484,0.0815995095242062
KOPiv,PPhtBu2,BuCN,0.153,90,PENDING,PENDING,0.0,3.6106463326928364,5.716287523857532,0.0003048074885345477,0.05830002767757536,0.06948389366365858,0.08986328455652734
KOPiv,PPhtBu2,BuCN,0.1,120,PENDING,PENDING,0.0,5.161922540027283,5.868711770577583,0.0012266921926921397,0.049199713130594694,0.07258026813427554,0.08253838990979524
KOPiv,PPhtBu2,BuCN,0.1,105,PENDING,PENDING,0.0,4.605545929405512,5.511035377144514,0.00035752544939960003,0.05683941405188524,0.06902663588534243,0.0884758720346063
KOPiv,PPhtBu2,BuCN,0.1,90,PENDING,PENDING,0.0,4.0635579273262685,5.499054805827981,0.00023329181680120659,0.06619861828827417,0.06864829368465722,0.09686300727976462
KOPiv,PPhtBu2,BuCN,0.057,120,PENDING,PENDING,0.0,5.559295281232348,6.008728800872486,0.0020838919470308748,0.05684256437133513,0.07461063627327892,0.0895869617199
KOPiv,PPhtBu2,BuCN,0.057,105,PENDING,PENDING,0.0,4.997105732612679,5.646589082758094,0.0006631531221025482,0.06447310316247962,0.07090628106153982,0.0956620034824371
KOPiv,PPhtBu2,BuCN,0.057,90,PENDING,PENDING,0.0,4.442105643028583,5.619320715337243,0.00042314506345964443,0.07370814001885113,0.07028865199403503,0.1040189069812176
KOPiv,PPhMe2,p-Xylene,0.153,120,PENDING,PENDING,0.0,1.8868429081644318,5.336872042123319,2.474245146735798e-05,0.03153220883988336,0.04444077545575716,0.06138013657293301
KOPiv,PPhMe2,p-Xylene,0.153,105,PENDING,PENDING,0.0,1.3105607934623134,4.871420507702986,1.9990403692600375e-06,0.03881843002451439,0.038457120431025144,0.06744844547616917
KOPiv,PPhMe2,p-Xylene,0.153,90,PENDING,PENDING,0.0,0.8073523046506397,4.831982199774469,9.679520182526556e-07,0.048133006285083685,0.039165644115854055,0.07650730276422221
KOPiv,PPhMe2,p-Xylene,0.1,120,PENDING,PENDING,0.0,2.3096665073979454,5.13057380735466,1.6343567058793248e-05,0.03963780825589458,0.04343770506654864,0.06874267181964167
KOPiv,PPhMe2,p-Xylene,0.1,105,PENDING,PENDING,0.0,1.7149486443155166,4.619854879589295,8.284579685591288e-07,0.046995123732765806,0.03671431577460288,0.07526118817900775
KOPiv,PPhMe2,p-Xylene,0.1,90,PENDING,PENDING,0.0,1.1871814298345775,4.555871822754661,3.139291180401346e-07,0.056271600787767245,0.036833331254038176,0.08439942314328341
KOPiv,PPhMe2,p-Xylene,0.057,120,PENDING,PENDING,0.0,2.692216192352034,5.289079901178064,4.1038536944364374e-05,0.04761115551911067,0.04655350990492392,0.07662156050787891
KOPiv,PPhMe2,p-Xylene,0.057,105,PENDING,PENDING,0.0,2.091988595667349,4.786403986541846,2.940657510950697e-06,0.05497739088484671,0.03993094899369024,0.08323998323917048
KOPiv,PPhMe2,p-Xylene,0.057,90,PENDING,PENDING,0.0,1.5519721249982048,4.712017530473452,1.1411332408998516e-06,0.06413274106360349,0.03962695977218904,0.0922556497492937
KOPiv,PPhMe2,DMAc,0.153,120,PENDING,PENDING,0.0,3.155691379367309,5.775375808471612,0.00025937567453167363,0.03896754847268792,0.05361714631142366,0.06967481413338913
KOPiv,PPhMe2,DMAc,0.153,105,PENDING,PENDING,0.0,2.5703679284722605,5.456224136477863,6.543101476640676e-05,0.046211448760053106,0.0496153394817364,0.07566848906584009
KOPiv,PPhMe2,DMAc,0.153,90,PENDING,PENDING,0.0,2.035641419533411,5.510089875302298,5.109420330218976e-05,0.055363922932026785,0.050591804083114617,0.08440213611194113
KOPiv,PPhMe2,DMAc,0.1,120,PENDING,PENDING,0.0,3.582299405031123,5.513038848691868,0.0001699144903610011,0.04711162197442692,0.05220675772393999,0.07685727704926315
KOPiv,PPhMe2,DMAc,0.1,105,PENDING,PENDING,0.0,2.9775257186407833,5.164479827436771,3.343854913947467e-05,0.05442373730583176,0.047818743096725284,0.08323751802388031
KOPiv,PPhMe2,DMAc,0.1,90,PENDING,PENDING,0.0,2.417322590121114,5.212951801521934,2.4650925989769484e-05,0.0635345761805576,0.04853093101506067,0.0920790522632019
KOPiv,PPhMe2,DMAc,0.057,120,PENDING,PENDING,0.0,3.9481891432910707,5.598738070739929,0.0002826210833763625,0.055026917055060506,0.054320740415335064,0.08450715256945773
KOPiv,PPhMe2,DMAc,0.057,105,PENDING,PENDING,0.0,3.3373390186201597,5.251480179245178,6.155014981711038e-05,0.0623455379021359,0.04990532869868567,0.09102803034891932
KOPiv,PPhMe2,DMAc,0.057,90,PENDING,PENDING,0.0,2.7650803679310796,5.293834093289861,4.433760298571657e-05,0.07133580151394987,0.05039303723293715,0.09978608027041799
KOPiv,PPhMe2,BuOAc,0.153,120,PENDING,PENDING,0.0,1.6602797186890657,4.99531081722532,5.063255704662551e-06,0.049123024543476806,0.044474417075832474,0.07785963405607246
KOPiv,PPhMe2,BuOAc,0.153,105,PENDING,PENDING,0.0,1.1011329234714529,4.5138663200631814,2.1953160962929632e-07,0.05745722470013773,0.038500401204200986,0.08562325060651321
KOPiv,PPhMe2,BuOAc,0.153,90,PENDING,PENDING,0.0,0.6212693236124665,4.489968243096239,1.0556647144188557e-07,0.06754329286502701,0.03863868711061899,0.09561558069770965
KOPiv,PPhMe2,BuOAc,0.1,120,PENDING,PENDING,0.0,2.0368186633955836,4.770901054005688,2.5751283803134278e-06,0.057501707925805334,0.04344122653002526,0.08589144278680802
KOPiv,PPhMe2,BuOAc,0.1,105,PENDING,PENDING,0.0,1.457542507313459,4.2351226018673716,5.32859392934172e-08,0.0659120013630788,0.03658173433217001,0.09395945644958469
KOPiv,PPhMe2,BuOAc,0.1,90,PENDING,PENDING,0.0,0.9539654171774226,4.184980448183249,1.8521792902612257e-08,0.07595540863068682,0.03597838030115248,0.10396361613915557
KOPiv,PPhMe2,BuOAc,0.057,120,PENDING,PENDING,0.0,2.387111658874073,4.946824593682868,8.221602058832193e-06,0.06548843159289512,0.04649354397575019,0.09386017152342131
KOPiv,PPhMe2,BuOAc,0.057,105,PENDING,PENDING,0.0,1.800534835768194,4.4208881570356375,2.8505667112563286e-07,0.07388553486611318,0.039638350343723365,0.10193730823533714
KOPiv,PPhMe2,BuOAc,0.057,90,PENDING,PENDING,0.0,1.2845288033010647,4.358740646337919,1.0084768900588565e-07,0.08378649903405491,0.03860189686655863,0.11179570104881276
KOPiv,PPhMe2,BuCN,0.153,120,PENDING,PENDING,0.0,1.374167517624179,4.902478215840785,2.481074977637135e-06,0.027566387497840447,0.041074159069152835,0.05722498530252414
KOPiv,PPhMe2,BuCN,0.153,105,PENDING,PENDING,0.0,0.7747823538708252,4.351207232349253,4.990424225163684e-08,0.034912645946721735,0.032143180392342464,0.06320672084779036
KOPiv,PPhMe2,BuCN,0.1,120,PENDING,PENDING,0.0,1.7694867987076388,4.687706599746314,1.2693044603838528e-06,0.035813175960588084,0.04095296273940285,0.06485154049715838
KOPiv,PPhMe2,BuCN,0.1,105,PENDING,PENDING,0.0,1.149323929862435,4.084030624941121,1.0901255888552833e-08,0.04323559550077098,0.031439372094915034,0.07135088804554275
KOPiv,PPhMe2,BuCN,0.1,90,PENDING,PENDING,0.0,0.609346470965785,3.978572974638178,1.9507293212129576e-09,0.05267002885960273,0.0286815675556612,0.08067895239262796
KOPiv,PPhMe2,BuCN,0.057,120,PENDING,PENDING,0.0,2.139219701493804,4.875807602329928,4.705730603697065e-06,0.04396578711794026,0.04486429467805602,0.0729871641769597
KOPiv,PPhMe2,BuCN,0.057,105,PENDING,PENDING,0.0,1.5125610494889639,4.293525050198033,8.645222085541502e-08,0.05140369786615952,0.036064346225883774,0.07956722019727665
KOPiv,PPhMe2,BuCN,0.057,90,PENDING,PENDING,0.0,0.9600711243172348,4.183223793181774,1.8425579245085215e-08,0.06071467872295987,0.03331857990756235,0.08874258659290687
KOPiv,PPh3,p-Xylene,0.153,120,PENDING,PENDING,0.0,4.036958619010742,5.647765734988681,0.00034310975951332146,0.02033194310543396,0.055639059796991144,0.05423831427073594
KOPiv,PPh3,p-Xylene,0.153,105,PENDING,PENDING,0.0,3.4820506964718643,5.250263278161047,6.904213548822096e-05,0.027353007100648946,0.05084370768493386,0.05891023957570403
KOPiv,PPh3,p-Xylene,0.153,90,PENDING,PENDING,0.0,2.9630023053870747,5.235233804406606,4.25975844207103e-05,0.03654189726558621,0.050997960055637934,0.06702812231128345
KOPiv,PPh3,p-Xylene,0.1,120,PENDING,PENDING,0.0,4.5279254747312265,5.37253467112383,0.00022989613080126505,0.027714549819242693,0.05239452652701426,0.05956770152843217
KOPiv,PPh3,p-Xylene,0.1,105,PENDING,PENDING,0.0,3.9552288172636114,4.913232320319703,3.087774776426306e-05,0.03476674547886269,0.04648694279537601,0.0646561531457428
KOPiv,PPh3,p-Xylene,0.1,90,PENDING,PENDING,0.0,3.409736226939593,4.8635470078587515,1.5262960312935716e-05,0.04390747816789205,0.04593184511910818,0.0730535592219003
KOPiv,PPh3,p-Xylene,0.057,120,PENDING,PENDING,0.0,4.932383944199233,5.456144175830602,0.0003905647014003956,0.03522521874325801,0.053070988852382414,0.06624532383274172
KOPiv,PPh3,p-Xylene,0.057,105,PENDING,PENDING,0.0,4.354114765802774,4.982298717297452,5.691449075057335e-05,0.04226008531049795,0.046645975222368595,0.0715965626484051
KOPiv,PPh3,p-Xylene,0.057,90,PENDING,PENDING,0.0,3.7954449664358565,4.91098548718615,2.646279479379739e-05,0.051273962190857114,0.04556566237907026,0.08001826777636796
KOPiv,PPh3,DMAc,0.153,120,PENDING,PENDING,0.0,5.310684705732656,6.057461060590501,0.0019795037164520024,0.027730391460502254,0.061619055933768166,0.061858902711411395
KOPiv,PPh3,DMAc,0.153,105,PENDING,PENDING,0.0,4.74548202949062,5.7965027978607,0.0007999699369497168,0.034710512089171364,0.05806597583483803,0.06684483120673616
KOPiv,PPh3,DMAc,0.153,90,PENDING,PENDING,0.0,4.193461366393196,5.872049313681113,0.0006654412309016599,0.04374108423226292,0.05864362305687216,0.07486600964476638
KOPiv,PPh3,DMAc,0.1,120,PENDING,PENDING,0.0,5.804025102472251,5.722318663825288,0.0013409580333410102,0.035160130407250786,0.05798602147335087,0.06721419240293024
KOPiv,PPh3,DMAc,0.1,105,PENDING,PENDING,0.0,5.219828937984728,5.418687440774278,0.00043491807056968666,0.04217042377050617,0.05365978623674328,0.07256288569637014
KOPiv,PPh3,DMAc,0.1,90,PENDING,PENDING,0.0,4.6404304989969845,5.481750055525094,0.00033886105642290127,0.051150164405450255,0.053823219223107795,0.08082530520049952
KOPiv,PPh3,DMAc,0.057,120,PENDING,PENDING,0.0,6.190510399643899,5.732695104334466,0.0017503497905658853,0.04262078558153998,0.058002409432937815,0.0737487712269322
KOPiv,PPh3,DMAc,0.057,105,PENDING,PENDING,0.0,5.600096568304108,5.41326746626798,0.00056292201273111,0.04961281076473281,0.053254429051096674,0.07932033917260334
KOPiv,PPh3,DMAc,0.057,90,PENDING,PENDING,0.0,5.0077786112073355,5.463009646791868,0.0004198966290769402,0.05846674327986141,0.05308682700986663,0.08760785639005225
KOPiv,PPh3,BuOAc,0.153,120,PENDING,PENDING,0.0,3.828593813852602,5.183798317955578,7.34457600737909e-05,0.035946395287811655,0.04818795516944459,0.06600631557027715
KOPiv,PPh3,BuOAc,0.153,105,PENDING,PENDING,0.0,3.288290925088007,4.731866002961537,7.654066888018024e-06,0.0438770020993524,0.04165036744523512,0.07258070483527093
KOPiv,PPh3,BuOAc,0.153,90,PENDING,PENDING,0.0,2.7894971467030354,4.703600068470221,4.04102423143035e-06,0.05378377035530714,0.040710794736183116,0.08210951944122614
KOPiv,PPh3,BuOAc,0.1,120,PENDING,PENDING,0.0,4.27167666126155,4.877742025417078,3.590137829525403e-05,0.043490399980339225,0.04388234128118123,0.07243086944101192
KOPiv,PPh3,BuOAc,0.1,105,PENDING,PENDING,0.0,3.710626617649196,4.342001741136009,1.7043236016341798e-06,0.051435915769126136,0.035287223539375974,0.07957297616977341
KOPiv,PPh3,BuOAc,0.1,90,PENDING,PENDING,0.0,3.18521011822285,4.267447715721067,5.929675984332113e-07,0.0612821889561526,0.03295535976996659,0.08930410156062639
KOPiv,PPh3,BuOAc,0.057,120,PENDING,PENDING,0.0,4.642164727556724,4.979633562978863,7.233408590271448e-05,0.050987990763382396,0.044461170002843824,0.07964954740604512
KOPiv,PPh3,BuOAc,0.057,105,PENDING,PENDING,0.0,4.073131869830168,4.4274970052804195,4.032181935483732e-06,0.05888914046032964,0.03505130873775027,0.08695216717577484
KOPiv,PPh3,BuCN,0.153,120,PENDING,PENDING,0.0,3.5884049237968036,5.437951656516407,0.00013658559899340896,0.016131699600559324,0.05373084238717333,0.05034150448793826
KOPiv,PPh3,BuCN,0.153,105,PENDING,PENDING,0.0,3.011769489240708,5.0028485809434,1.8593154265456166e-05,0.023211087618340148,0.04724604375168641,0.05454711830884542
KOPiv,PPh3,BuCN,0.153,90,PENDING,PENDING,0.0,2.4802135584949188,4.960739112585719,9.535993706895574e-06,0.0325609014953267,0.045602169766882805,0.06250546757433396
KOPiv,PPh3,BuCN,0.1,120,PENDING,PENDING,0.0,4.0544058812434365,5.151951057008273,7.954301882839659e-05,0.023604111368935254,0.050736247482489664,0.05568515078611243
KOPiv,PPh3,BuCN,0.1,105,PENDING,PENDING,0.0,3.4574758096682006,4.648890950413788,6.195347221730986e-06,0.030709261143643043,0.04297907323498109,0.06039603012538074
KOPiv,PPh3,BuCN,0.1,90,PENDING,PENDING,0.0,2.8984238283318295,4.568434543153846,2.31106308167002e-06,0.04000559534858866,0.0403412699209927,0.06875786522993561
KOPiv,PPh3,BuCN,0.057,120,PENDING,PENDING,0.0,4.446036168287783,5.239801968060884,0.00014508921707486692,0.031259248194334205,0.05165393017726906,0.062474520277688045
KOPiv,PPh3,BuCN,0.057,105,PENDING,PENDING,0.0,3.8423721452905935,4.7239772776696585,1.2790902912417296e-05,0.03834547822964153,0.04346772570388469,0.06753361635713573
KOPiv,PPh3,BuCN,0.057,90,PENDING,PENDING,0.0,3.2697518923735265,4.623154853934397,4.512112941795673e-06,0.04750902363536472,0.040327835651173295,0.07597617413646554
KOPiv,PPh2Me,p-Xylene,0.153,120,PENDING,PENDING,0.0,2.4491043003755872,5.484431316667038,6.516157419571202e-05,0.02402521987198397,0.0454055646340366,0.05485854677495147
KOPiv,PPh2Me,p-Xylene,0.153,105,PENDING,PENDING,0.0,1.8904807540581352,5.177865743094809,1.3537505625983942e-05,0.031384952857968884,0.042178773818173046,0.06089366989013074
KOPiv,PPh2Me,p-Xylene,0.153,90,PENDING,PENDING,0.0,1.3944201737477968,5.263445329007472,1.2217143289220463e-05,0.04084771989417972,0.045023712935264186,0.07007073042128968
KOPiv,PPh2Me,p-Xylene,0.1,120,PENDING,PENDING,0.0,2.950734281147209,5.390805225238335,7.152856300996933e-05,0.03189882250619144,0.04601231429839115,0.06197479771705105
KOPiv,PPh2Me,p-Xylene,0.1,105,PENDING,PENDING,0.0,2.375677721734261,5.044689561757865,1.2286451421081231e-05,0.039316328312894736,0.04211239472796143,0.06828722087640639
KOPiv,PPh2Me,p-Xylene,0.1,90,PENDING,PENDING,0.0,1.8540240415042049,5.098213835191762,9.47375057320905e-06,0.048738107523864566,0.044210959993558806,0.07746730658708557
KOPiv,PPh2Me,p-Xylene,0.057,120,PENDING,PENDING,0.0,3.387931277532343,5.625231686216787,0.00020296733304553567,0.03975588468508941,0.05025004933965836,0.06980726722448782
KOPiv,PPh2Me,p-Xylene,0.057,105,PENDING,PENDING,0.0,2.808501284143858,5.274433083266805,4.2957545853237436e-05,0.047167095408326906,0.046145848839655564,0.07615722575263197
KOPiv,PPh2Me,p-Xylene,0.057,90,PENDING,PENDING,0.0,2.273686249326722,5.300557461235235,3.007930273582829e-05,0.05646033619291711,0.0475117447894318,0.08516608166966111
KOPiv,PPh2Me,DMAc,0.153,120,PENDING,PENDING,0.0,3.7198357398660855,5.981724065924456,0.000632390074562058,0.031454973469417086,0.05650911651689143,0.0637036702821443
KOPiv,PPh2Me,DMAc,0.153,105,PENDING,PENDING,0.0,3.151514617543541,5.805046938127195,0.0002797630468190553,0.038768663308063805,0.05476877093296199,0.06971218346367428
KOPiv,PPh2Me,DMAc,0.153,90,PENDING,PENDING,0.0,2.623264814219501,5.962897561313235,0.00029360878355698655,0.04806734853151533,0.057348909432130196,0.07852426099908096
KOPiv,PPh2Me,DMAc,0.1,120,PENDING,PENDING,0.0,4.22324494050248,5.820795080077226,0.0006011268544316257,0.03936984301543327,0.05634400901886397,0.07054830565552336
KOPiv,PPh2Me,DMAc,0.1,105,PENDING,PENDING,0.0,3.637320814640245,5.617249094290574,0.00023777310682175255,0.046739177593522016,0.054190316405083115,0.07680802328344676
KOPiv,PPh2Me,DMAc,0.1,90,PENDING,PENDING,0.0,3.082584940683914,5.760833264462319,0.0002369779706659545,0.0559936751650293,0.056358541204184834,0.08567084736060794
KOPiv,PPh2Me,DMAc,0.057,120,PENDING,PENDING,0.0,4.642130992641136,5.9727537811543145,0.0011098349931071526,0.04717173353494955,0.059252825011048636,0.078043402453109
KOPiv,PPh2Me,DMAc,0.057,105,PENDING,PENDING,0.0,4.051176473466281,5.759867590647353,0.0004616987305513546,0.05453330020336658,0.05685719810441951,0.08438118208681555
KOPiv,PPh2Me,DMAc,0.057,90,PENDING,PENDING,0.0,3.4835190918770187,5.883370908704206,0.00042812176305827895,0.06366025656325115,0.05858910919706823,0.09312895440738293
KOPiv,PPh2Me,BuOAc,0.153,120,PENDING,PENDING,0.0,2.254864416501351,5.182502037968521,1.9055031067197344e-05,0.04088106689829489,0.04829164621778908,0.07054042441758215
KOPiv,PPh2Me,BuOAc,0.153,105,PENDING,PENDING,0.0,1.7169642922263022,4.890155712215728,3.303140553958953e-06,0.049272612121799134,0.045571120955863596,0.07810339712882082
KOPiv,PPh2Me,BuOAc,0.153,90,PENDING,PENDING,0.0,1.2459607406806326,5.0080925386403425,3.588374360170271e-06,0.059520356717489536,0.04790454319410937,0.0881475257909556
KOPiv,PPh2Me,BuOAc,0.1,120,PENDING,PENDING,0.0,2.717893292474253,5.1250904489930456,2.30063827278904e-05,0.04901276863461651,0.04936822129163195,0.07826165600324718
KOPiv,PPh2Me,BuOAc,0.1,105,PENDING,PENDING,0.0,2.16215627623117,4.790810110217348,3.2280413089578043e-06,0.05746606353513739,0.04592383545571972,0.08601579475185342
KOPiv,PPh2Me,BuOAc,0.1,90,PENDING,PENDING,0.0,1.6658599032609462,4.871102663380404,2.8658205950403306e-06,0.06766934025431834,0.047404527499855,0.09604091595899727
KOPiv,PPh2Me,BuOAc,0.057,120,PENDING,PENDING,0.0,3.127430886044503,5.408405120294698,8.709715198535438e-05,0.05689307272144163,0.053599425487160235,0.0861757203741374
KOPiv,PPh2Me,BuOAc,0.057,105,PENDING,PENDING,0.0,2.565478094113475,5.06904192081293,1.6128146838394273e-05,0.06531833826957295,0.04982806501931514,0.09389763413587164
KOPiv,PPh2Me,BuOAc,0.057,90,PENDING,PENDING,0.0,2.055368494413026,5.115465148452742,1.2229432114261197e-05,0.07537162360555766,0.05058993976356455,0.10374201356298315
KOPiv,PPh2Me,BuCN,0.153,120,PENDING,PENDING,0.0,1.952344810063138,5.221697396829303,1.6981069653559347e-05,0.019928602773678916,0.04563003082567727,0.05136912019422399
KOPiv,PPh2Me,BuCN,0.153,105,PENDING,PENDING,0.0,1.3719490844677447,4.885919449696756,2.2848732496140656e-06,0.02737036512617226,0.04090984052576581,0.05701997043714313
KOPiv,PPh2Me,BuCN,0.153,90,PENDING,PENDING,0.0,0.8649829256423489,4.960269726902431,1.962398291721401e-06,0.037011159228451454,0.04196935342940338,0.06609878788066671
KOPiv,PPh2Me,BuCN,0.1,120,PENDING,PENDING,0.0,2.4319909279619836,5.14131902232481,1.9009951111736306e-05,0.027925644636134853,0.047058039596206976,0.05861831030805092
KOPiv,PPh2Me,BuCN,0.1,105,PENDING,PENDING,0.0,1.8331302667350267,4.765420159805547,2.0270439258429496e-06,0.035425747469788826,0.04182364378554005,0.06459482974111388
KOPiv,PPh2Me,BuCN,0.1,90,PENDING,PENDING,0.0,1.2996415207226049,4.8056096277432125,1.420120233877057e-06,0.04502247056001278,0.042077265042105516,0.0737164221082903
KOPiv,PPh2Me,BuCN,0.057,120,PENDING,PENDING,0.0,2.8602241271402127,5.4022153934654975,6.907212563590456e-05,0.035949044444432435,0.05166986603571887,0.06662028941443679
KOPiv,PPh2Me,BuCN,0.057,105,PENDING,PENDING,0.0,2.2561938305363496,5.026332609502938,1.0192222141614307e-05,0.04344382297632528,0.04646364099130959,0.0726816188628524
KOPiv,PPh2Me,BuCN,0.057,90,PENDING,PENDING,0.0,1.7091540994189645,5.039282117007099,6.439923978247548e-06,0.05290655412637457,0.04617430907164943,0.08163776171282597
KOPiv,PCy3 HBF4,p-Xylene,0.153,120,PENDING,PENDING,0.0,3.3707893596102845,4.865561954264039,1.4834726572880881e-05,0.022179490637478677,0.03742891012569119,0.05173049482787348
KOPiv,PCy3 HBF4,p-Xylene,0.153,90,PENDING,PENDING,0.0,2.311138944933901,4.475700715836528,7.22427681245969e-07,0.038682817410378184,0.0329199470870527,0.0669319556409408
KOPiv,PCy3 HBF4,p-Xylene,0.1,120,PENDING,PENDING,0.0,3.8989361751309,4.7857481855185355,1.757074883081323e-05,0.02998858510616352,0.039283942885021544,0.05919277027074154
KOPiv,PCy3 HBF4,p-Xylene,0.1,105,PENDING,PENDING,0.0,3.327054334736965,4.303863917249484,8.747243300259872e-07,0.037226357740563196,0.03222214978019951,0.06547088808793435
KOPiv,PCy3 HBF4,p-Xylene,0.1,90,PENDING,PENDING,0.0,2.7975379965614384,4.317479511433491,5.027027746581645e-07,0.04650869555401402,0.03323213947838279,0.07464079713871127
KOPiv,PCy3 HBF4,p-Xylene,0.057,120,PENDING,PENDING,0.0,4.3455715488770235,5.083132833186329,8.035271435596534e-05,0.037819076014443856,0.04517379011448294,0.06726705385728264
KOPiv,PCy3 HBF4,p-Xylene,0.057,105,PENDING,PENDING,0.0,3.7701173847739398,4.616440013253437,7.33605873368614e-06,0.04505502960352885,0.038638142439728365,0.07348084671934563
KOPiv,PCy3 HBF4,p-Xylene,0.057,90,PENDING,PENDING,0.0,3.2267156062177937,4.602041297712505,3.890239233938518e-06,0.05421219465597771,0.03880572374639381,0.08243880318891268
KOPiv,PCy3 HBF4,DMAc,0.153,120,PENDING,PENDING,0.0,4.730572685451259,5.701694011156683,0.0006331467112399257,0.02973635087218958,0.0559968764924392,0.06212204070900267
KOPiv,PCy3 HBF4,DMAc,0.153,105,PENDING,PENDING,0.0,4.16645040548327,5.448554003096815,0.0002181249420135263,0.03687729227733462,0.05269839719695303,0.06763935086747408
KOPiv,PCy3 HBF4,DMAc,0.153,90,PENDING,PENDING,0.0,3.627130681981953,5.566614515458166,0.000204873246272073,0.046033875627983625,0.05406967606340904,0.07614374952952604
KOPiv,PCy3 HBF4,DMAc,0.1,120,PENDING,PENDING,0.0,5.25711613179398,5.525612318105461,0.0005882294264478978,0.037583428528199334,0.05612779319151186,0.0689309178032979
KOPiv,PCy3 HBF4,DMAc,0.1,105,PENDING,PENDING,0.0,4.675922082830068,5.245055337374541,0.00017666597204362344,0.04477910629553003,0.05246693989929467,0.07474707002153831
KOPiv,PCy3 HBF4,DMAc,0.1,90,PENDING,PENDING,0.0,4.109594475592887,5.35014887774131,0.00015639777974852482,0.05389244058550617,0.053400103536156325,0.08333024330234326
KOPiv,PCy3 HBF4,DMAc,0.057,120,PENDING,PENDING,0.0,5.679134536692367,5.684164591241479,0.001137381839689592,0.04535158463786956,0.0593004273886393,0.07642337364507519
KOPiv,PCy3 HBF4,DMAc,0.057,105,PENDING,PENDING,0.0,5.093122859111014,5.401063417533449,0.0003784774110863762,0.05254312316386926,0.0555543192052566,0.0823556732747036
KOPiv,PCy3 HBF4,DMAc,0.057,90,PENDING,PENDING,0.0,4.513672965676286,5.4890472381254645,0.00031531559012739924,0.061532925604130054,0.0561177780292543,0.09083991658092007
KOPiv,PCy3 HBF4,BuOAc,0.153,120,PENDING,PENDING,0.0,3.264066147629737,4.945004754978456,1.859177217084136e-05,0.03841688580959192,0.048371661507533296,0.06828750104222464
KOPiv,PCy3 HBF4,BuOAc,0.153,105,PENDING,PENDING,0.0,2.727567373673788,4.509172175218537,1.3983504542026476e-06,0.04656609477435804,0.0428797214986034,0.07526727881421866
KOPiv,PCy3 HBF4,BuOAc,0.153,90,PENDING,PENDING,0.0,2.2431217780458614,4.526957605627917,8.940889691821686e-07,0.05662956923719367,0.042803645793218145,0.08500411766594085
KOPiv,PCy3 HBF4,BuOAc,0.1,120,PENDING,PENDING,0.0,3.7465524348986756,4.859110843998301,2.05699755136556e-05,0.046453677984796354,0.04937192412647993,0.07586313608713517
KOPiv,PCy3 HBF4,BuOAc,0.1,105,PENDING,PENDING,0.0,3.1927155148581585,4.377620013063064,1.1438302652198524e-06,0.054661209610931794,0.04323428402716939,0.08311282461588103
KOPiv,PCy3 HBF4,BuOAc,0.1,90,PENDING,PENDING,0.0,2.682682881408706,4.355986921126519,5.528667115909337e-07,0.06468085300636885,0.04227061542595844,0.09287998574143624
KOPiv,PCy3 HBF4,BuOAc,0.057,120,PENDING,PENDING,0.0,4.156485156701808,5.14020306683364,8.32172411119722e-05,0.054299148455106916,0.05357496776017105,0.08373304612512275
KOPiv,PCy3 HBF4,BuOAc,0.057,105,PENDING,PENDING,0.0,3.5968425399696677,4.669647954172504,7.861639007818622e-06,0.06248496042888242,0.04744253411800276,0.09098791655222589
KOPiv,PCy3 HBF4,BuOAc,0.057,90,PENDING,PENDING,0.0,3.0731307645740595,4.623803875960587,3.6830402505001834e-06,0.07236111810862511,0.04599211756714019,0.10058571402083533
KOPiv,PCy3 HBF4,BuCN,0.153,120,PENDING,PENDING,0.0,2.9768673609500382,4.976900342965851,1.622434614398431e-05,0.01816501932493672,0.046247255515743824,0.05002108111126966
KOPiv,PCy3 HBF4,BuCN,0.153,105,PENDING,PENDING,0.0,2.401521921080713,4.531731461426567,1.0977598631354157e-06,0.025421015949307083,0.039441741681967964,0.055007716235125
KOPiv,PCy3 HBF4,BuCN,0.153,90,PENDING,PENDING,0.0,1.8847183210719294,4.540247066320971,6.411439974643493e-07,0.03490990880577141,0.03862085165251591,0.06373670299743692
KOPiv,PCy3 HBF4,BuCN,0.1,120,PENDING,PENDING,0.0,3.480681653686346,4.894243778682999,1.8509762332788633e-05,0.02609025087152092,0.04809551423198015,0.05722244418006501
KOPiv,PCy3 HBF4,BuCN,0.1,105,PENDING,PENDING,0.0,2.887726871044689,4.40973135732474,9.642505510081765e-07,0.033403617542014055,0.040982701978643406,0.06259818011067385
KOPiv,PCy3 HBF4,BuCN,0.1,90,PENDING,PENDING,0.0,2.3439549925590906,4.382986302003934,4.339362458266062e-07,0.042849412802244816,0.039378580521444065,0.07140112111038603
KOPiv,PCy3 HBF4,BuCN,0.057,120,PENDING,PENDING,0.0,3.9125505035532075,5.17071978591789,7.533545044177388e-05,0.03407836255434239,0.05294703115322171,0.06520996341595355
KOPiv,PCy3 HBF4,BuCN,0.057,105,PENDING,PENDING,0.0,3.3147833033510374,4.700539064108913,6.811835657054283e-06,0.04139077841721625,0.046178994022803406,0.07072475864504087
KOPiv,PCy3 HBF4,BuCN,0.057,90,PENDING,PENDING,0.0,2.7571670099919983,4.652674339683798,3.0456106400978083e-06,0.05070709523304502,0.04426399460781203,0.07936304494372781
KOPiv,P(fur)3,p-Xylene,0.153,120,PENDING,PENDING,0.0,9.01430729426645,5.113838324902891,0.0029515213985784536,0.028514294890104014,0.039276049997700534,0.05782433624185179
KOPiv,P(fur)3,p-Xylene,0.153,105,PENDING,PENDING,0.0,8.524255335923291,4.90506523171426,0.001291614314905043,0.036214491026991716,0.037347948468832375,0.06485441927109944
KOPiv,P(fur)3,p-Xylene,0.153,90,PENDING,PENDING,0.0,7.9705918518324035,5.136673189052661,0.0015191911405025814,0.045943265630741026,0.0424923886135189,0.074635932199863
KOPiv,P(fur)3,p-Xylene,0.1,120,PENDING,PENDING,0.0,9.626190598372213,4.717927991592348,0.0018438638565159565,0.036344768012704795,0.03376312672639276,0.06470075149289968
KOPiv,P(fur)3,p-Xylene,0.1,105,PENDING,PENDING,0.0,9.12427860987016,4.4574344082399655,0.0006091970117781424,0.044109959658830564,0.030574572817524813,0.072192230055342
KOPiv,P(fur)3,p-Xylene,0.1,90,PENDING,PENDING,0.0,8.542839596571122,4.69341027560279,0.0007487134971156696,0.053806292481993354,0.03607906030522575,0.08193967354584028
KOPiv,P(fur)3,p-Xylene,0.057,120,PENDING,PENDING,0.0,10.042616751884395,4.7743484194829,0.0028562962612595257,0.044118532733481416,0.03465823840038578,0.07234305055969369
KOPiv,P(fur)3,p-Xylene,0.057,90,PENDING,PENDING,0.0,8.94302894708825,4.708498595184952,0.0010692402597220797,0.06144222114129057,0.03565633948950601,0.08949987605044635
KOPiv,P(fur)3,DMAc,0.153,105,PENDING,PENDING,0.0,9.480039668833893,5.955928468369731,0.016402818888506532,0.04359269554574656,0.05605475117700386,0.0742602183229722
KOPiv,P(fur)3,DMAc,0.153,90,PENDING,PENDING,0.0,8.901554777806293,6.210950826932219,0.017376739072151273,0.05315353256298132,0.05991200838326882,0.08356880982096901
KOPiv,P(fur)3,DMAc,0.1,120,PENDING,PENDING,0.0,10.58024514616811,5.67209618509854,0.019477500311215784,0.04381617876837435,0.052738559717770514,0.07390785190359365
KOPiv,P(fur)3,DMAc,0.1,105,PENDING,PENDING,0.0,10.059682470963196,5.576818822991685,0.012843286466258971,0.05152939421814108,0.05199451651790754,0.0809420938895291
KOPiv,P(fur)3,DMAc,0.1,90,PENDING,PENDING,0.0,9.453996537394268,5.84176328370075,0.013771934591119195,0.06105419335080371,0.05586509064569851,0.09035943578009521
KOPiv,P(fur)3,DMAc,0.057,120,PENDING,PENDING,0.0,10.974457540146151,5.675524072811312,0.023964976642119412,0.05153623005752002,0.05306343181421378,0.08108406600500526
KOPiv,P(fur)3,DMAc,0.057,105,PENDING,PENDING,0.0,10.449205103537865,5.565676452259378,0.015613516496265523,0.05923884289046932,0.051957148923235816,0.08822714151464468
KOPiv,P(fur)3,DMAc,0.057,90,PENDING,PENDING,0.0,9.831546046581135,5.820219443265894,0.016248911327000626,0.0686360026893714,0.055575703484703434,0.09754853505686291
KOPiv,P(fur)3,BuOAc,0.153,120,PENDING,PENDING,0.0,8.773305489507598,5.1362623968912855,0.0026338462040033823,0.04493911165801419,0.045861919520449004,0.07401802092806675
KOPiv,P(fur)3,BuOAc,0.153,105,PENDING,PENDING,0.0,8.296060496029002,4.968920033700563,0.0012801037891595913,0.05367710757356127,0.04460508824108682,0.08225404973040602
KOPiv,P(fur)3,BuOAc,0.153,90,PENDING,PENDING,0.0,7.763958462779623,5.214836725454344,0.0015782963886564853,0.06420898506368193,0.04857056146712903,0.0927363787562273
KOPiv,P(fur)3,BuOAc,0.1,120,PENDING,PENDING,0.0,9.332368490996089,4.815669125248874,0.0018803826839668934,0.05300885524400438,0.042436635394432154,0.08145549412913944
KOPiv,P(fur)3,BuOAc,0.1,105,PENDING,PENDING,0.0,8.840659388340939,4.605852472935892,0.0007432287609463861,0.06181668058760359,0.04030236167103204,0.08998632691221987
KOPiv,P(fur)3,BuOAc,0.1,90,PENDING,PENDING,0.0,8.282295138173296,4.849040161595836,0.0009326947522807719,0.07231458265762007,0.04401277264633346,0.10047393044630375
KOPiv,P(fur)3,BuOAc,0.057,120,PENDING,PENDING,0.0,9.712925607332599,4.922443961186005,0.0031463511646505314,0.06080275205856797,0.0438314865126777,0.08913799671151841
KOPiv,P(fur)3,BuOAc,0.057,105,PENDING,PENDING,0.0,9.215622380826197,4.6940140996904525,0.0012710859550518205,0.06957981998794485,0.04107409268629826,0.09768809417564281
KOPiv,P(fur)3,BuOAc,0.057,90,PENDING,PENDING,0.0,8.644923152068833,4.911413454050383,0.0014339155351212746,0.07992809953801923,0.04418691042892789,0.10802182427246597
KOPiv,P(fur)3,BuCN,0.153,120,PENDING,PENDING,0.0,8.5510046689605,5.2311502340559395,0.0027805685756990203,0.0245501634415929,0.04533674464536035,0.05530393205084979
KOPiv,P(fur)3,BuCN,0.153,105,PENDING,PENDING,0.0,8.03947478744853,5.034367118493845,0.0012482463451539381,0.032352098477757565,0.04252667480287234,0.061835742669701176
KOPiv,P(fur)3,BuCN,0.153,90,PENDING,PENDING,0.0,7.475636122870508,5.2466767330908715,0.0013928457848742491,0.04227270620470165,0.045442836703380375,0.07145852500354938
KOPiv,P(fur)3,BuCN,0.1,120,PENDING,PENDING,0.0,9.133916881777154,4.8899031733882605,0.0019424053816679727,0.03250246943024655,0.04208981311265751,0.06191171522691806
KOPiv,P(fur)3,BuCN,0.1,105,PENDING,PENDING,0.0,8.607953735785667,4.651049906885351,0.0007000119664449453,0.0403711328233444,0.03841345352202654,0.06893632889951365
KOPiv,P(fur)3,BuCN,0.1,90,PENDING,PENDING,0.0,8.01637104424798,4.86298413498392,0.00078960118147192,0.05025724362851931,0.04108696247014323,0.07869426155709226
KOPiv,P(fur)3,BuCN,0.057,120,PENDING,PENDING,0.0,9.535843043454957,4.967477603935103,0.003070926698139638,0.0404378226328036,0.04358591654539846,0.06951291945827724
KOPiv,P(fur)3,BuCN,0.057,105,PENDING,PENDING,0.0,9.005166262640396,4.712404864092744,0.0011336833535400773,0.048297858602257104,0.039496319199154126,0.07668800392511381
KOPiv,P(fur)3,BuCN,0.057,90,PENDING,PENDING,0.0,8.401036870941926,4.904224758326546,0.0011763820411479966,0.05804989974381246,0.04168253706200831,0.08633541189839075
KOPiv,JackiePhos,p-Xylene,0.153,120,PENDING,PENDING,0.0,4.913545343057306,5.266999072027398,0.00022677524219196854,0.3691180203935795,0.07665174208225485,0.3971059929254714
KOPiv,JackiePhos,p-Xylene,0.153,105,PENDING,PENDING,0.0,4.3810221916809855,4.840382657370912,3.435068873085625e-05,0.3760094020646242,0.06930830441350598,0.4039973730960631
KOPiv,JackiePhos,p-Xylene,0.153,90,PENDING,PENDING,0.0,3.867817205202185,4.837213123176426,2.108372287109168e-05,0.3806586449095066,0.06715685742367103,0.4086466159156287
KOPiv,JackiePhos,p-Xylene,0.1,120,PENDING,PENDING,0.0,5.436551787962016,4.967047490371368,0.000135900434291679,0.377028317691105,0.06969374114960233,0.4050162887263291
KOPiv,JackiePhos,p-Xylene,0.1,105,PENDING,PENDING,0.0,4.887954956457863,4.469018552453536,1.1743979284290851e-05,0.38402150347894837,0.06104994716105472,0.41200947447901315
KOPiv,JackiePhos,p-Xylene,0.1,90,PENDING,PENDING,0.0,4.348580521896788,4.429554737458235,5.495781576371481e-06,0.3886631868129322,0.05833119202989016,0.41665115781293577
KOPiv,JackiePhos,p-Xylene,0.057,120,PENDING,PENDING,0.0,5.852106312850284,5.063103474002294,0.00025750603125894835,0.38170713101438736,0.06814248548175487,0.4096951020242437
KOPiv,JackiePhos,p-Xylene,0.057,105,PENDING,PENDING,0.0,5.298414218969836,4.5519127258602055,2.561413472311117e-05,0.3887145803047046,0.059074775220497144,0.4167025513047116
KOPiv,JackiePhos,p-Xylene,0.057,90,PENDING,PENDING,0.0,4.7458131958372345,4.489341728500194,1.1129567688158303e-05,0.39331798823962255,0.056122625990104834,0.4213059592396228
KOPiv,JackiePhos,DMAc,0.153,120,PENDING,PENDING,0.0,6.188229278247543,5.707608023186638,0.001657989849694029,0.37385218667821446,0.08176447585090355,0.4018401645642499
KOPiv,JackiePhos,DMAc,0.153,105,PENDING,PENDING,0.0,5.644730302916772,5.44912647639299,0.0006363101428183866,0.38063818040012914,0.07709184961843205,0.4086261521886481
KOPiv,JackiePhos,DMAc,0.153,90,PENDING,PENDING,0.0,5.097866134390116,5.557836951262216,0.0005709930045824886,0.38513401018365595,0.0771454540226678,0.4131219817626274
KOPiv,JackiePhos,DMAc,0.1,120,PENDING,PENDING,0.0,6.712821462201028,5.346040214399233,0.0010396524556093665,0.38179779013519566,0.07537123529187956,0.40978576148904233
KOPiv,JackiePhos,DMAc,0.1,105,PENDING,PENDING,0.0,6.151894392330633,5.0433945967079765,0.0003077054188703812,0.38867835719974475,0.06999956255673204,0.4166663282145068
KOPiv,JackiePhos,DMAc,0.1,90,PENDING,PENDING,0.0,5.577888102972269,5.144996445400832,0.00026480249553184794,0.3931592799536564,0.06996357851604425,0.42114725096332617
KOPiv,JackiePhos,DMAc,0.057,120,PENDING,PENDING,0.0,7.109773635303885,5.361609444345885,0.001414383728713664,0.38646890029945735,0.07388353450107808,0.4144568714256236
KOPiv,JackiePhos,DMAc,0.057,105,PENDING,PENDING,0.0,6.543043013204562,5.043768451509543,0.0004179084057533717,0.3933616649213225,0.06826928182954022,0.42134963592488056
KOPiv,JackiePhos,DMAc,0.057,90,PENDING,PENDING,0.0,5.956082312599252,5.1325032185577255,0.00034221372729698225,0.3978024865988452,0.06816188666885666,0.42579045760102713
KOPiv,JackiePhos,BuOAc,0.153,120,PENDING,PENDING,0.0,4.787018999028608,5.322041219216578,0.00024171207361666945,0.372868550392618,0.08904808873672314,0.4008565827365428
KOPiv,JackiePhos,BuOAc,0.153,105,PENDING,PENDING,0.0,4.2759499359171915,4.930457938823373,4.396875847879325e-05,0.37992725693063467,0.08399690274164055,0.4079152375398227
KOPiv,JackiePhos,BuOAc,0.153,90,PENDING,PENDING,0.0,3.785879414728254,4.937686232411003,2.9106026901205753e-05,0.38476187852079663,0.08304566717825551,0.4127498547288396
KOPiv,JackiePhos,BuOAc,0.1,120,PENDING,PENDING,0.0,5.267803400216711,5.070428326801405,0.0001649189066017494,0.38072365413418124,0.08369467132058861,0.40871163344344974
KOPiv,JackiePhos,BuOAc,0.1,105,PENDING,PENDING,0.0,4.739208381845234,4.616580027508616,1.9432727348698848e-05,0.38787521269762537,0.07799931082706994,0.4158631843666018
KOPiv,JackiePhos,BuOAc,0.1,90,PENDING,PENDING,0.0,4.22357094360115,4.588158931886952,1.023563969950047e-05,0.39269877280775295,0.07681851561719914,0.42068674409467827
KOPiv,JackiePhos,BuOAc,0.057,120,PENDING,PENDING,0.0,5.650515853459602,5.193806667692593,0.00032261041926269756,0.3853715898353765,0.08258461819685162,0.4133595651270719
KOPiv,JackiePhos,BuOAc,0.057,105,PENDING,PENDING,0.0,5.114874661783273,4.728636548699872,4.383386825894582e-05,0.39253238792536366,0.07667161974087709,0.4205203591982105
KOPiv,JackiePhos,BuOAc,0.057,90,PENDING,PENDING,0.0,4.585693782103714,4.67727357262188,2.1615902102632614e-05,0.397314414349936,0.07537708623528208,0.42530238545586185
KOPiv,JackiePhos,BuCN,0.153,120,PENDING,PENDING,0.0,4.5014758192510556,5.285576681512962,0.00017432601322001692,0.36819316816529074,0.08095829439231415,0.3961811467800455
KOPiv,JackiePhos,BuCN,0.153,105,PENDING,PENDING,0.0,3.94991057284581,4.862933806959352,2.5234631883605183e-05,0.3750870416707738,0.07487412816566684,0.4030750131489507
KOPiv,JackiePhos,BuCN,0.153,90,PENDING,PENDING,0.0,3.4251735389262614,4.845783000933257,1.4379906390257627e-05,0.37974938707460465,0.07355289977556638,0.40773735826023844
KOPiv,JackiePhos,BuCN,0.1,120,PENDING,PENDING,0.0,5.002031684559459,5.009788068943651,0.00010883850043729034,0.3761480979148323,0.07469482981631707,0.40413606932311985
KOPiv,JackiePhos,BuCN,0.1,105,PENDING,PENDING,0.0,4.432434548999557,4.52360471562422,9.427563669653084e-06,0.38314020885957933,0.06769297984553506,0.4111281798662219
KOPiv,JackiePhos,BuCN,0.1,90,PENDING,PENDING,0.0,3.880737656885861,4.4723985547434015,4.104764811050889e-06,0.38779151211370655,0.06604883413797004,0.4157794831152462
KOPiv,JackiePhos,BuCN,0.057,120,PENDING,PENDING,0.0,5.405294316455581,5.114585635817523,0.00021110398832296928,0.38087061926505106,0.0733586229107026,0.4088585904202417
KOPiv,JackiePhos,BuCN,0.057,105,PENDING,PENDING,0.0,4.8295971055570295,4.61910348879268,2.1463598303412775e-05,0.38787566022703046,0.06606228482423894,0.4158636312285705
KOPiv,JackiePhos,BuCN,0.057,90,PENDING,PENDING,0.0,4.264373148327219,4.548421772719066,8.891754806932011e-06,0.3924869828322858,0.06427549554404276,0.4204749538325719
KOPiv,GorlosPhos HBF4,p-Xylene,0.153,120,PENDING,PENDING,0.0,7.335351876789903,5.815951469795869,0.004105577931822042,0.046145964368613554,0.054093631304424926,0.07625000795673803
KOPiv,GorlosPhos HBF4,p-Xylene,0.153,105,PENDING,PENDING,0.0,6.798518638666193,5.599004621053471,0.0019403558065311174,0.053686081382716175,0.05272347618992754,0.0830542873629052
KOPiv,GorlosPhos HBF4,p-Xylene,0.153,90,PENDING,PENDING,0.0,6.23852243021344,5.738932449552238,0.001827234898541575,0.06298374374859039,0.05611773464370587,0.09221252358930414
KOPiv,GorlosPhos HBF4,p-Xylene,0.1,120,PENDING,PENDING,0.0,7.914119916373189,5.559971017625203,0.0035958225181032394,0.05410538764674727,0.05182692254134572,0.08334412925717818
KOPiv,GorlosPhos HBF4,p-Xylene,0.1,105,PENDING,PENDING,0.0,7.360880157941099,5.311620690313827,0.0014957848894518282,0.06170686144389441,0.04999132167857131,0.09041895768318187
KOPiv,GorlosPhos HBF4,p-Xylene,0.1,90,PENDING,PENDING,0.0,6.772531343761733,5.443028184365919,0.0013571224535064309,0.07096385831694126,0.05319361833840724,0.09960344798287427
KOPiv,GorlosPhos HBF4,p-Xylene,0.057,120,PENDING,PENDING,0.0,8.336717149481885,5.64972604869566,0.005460719837368684,0.06176845153934857,0.053388294776297446,0.09077840269611455
KOPiv,GorlosPhos HBF4,p-Xylene,0.057,105,PENDING,PENDING,0.0,7.778304754069398,5.391772861486522,0.0023530603848139348,0.0693609400569271,0.05122496193905863,0.09791455313949106
KOPiv,GorlosPhos HBF4,p-Xylene,0.057,90,PENDING,PENDING,0.0,7.176494835693458,5.507243150228712,0.0020357933645032238,0.07849312009812778,0.05403387053421212,0.10697725574332795
KOPiv,GorlosPhos HBF4,DMAc,0.153,120,PENDING,PENDING,0.0,8.777180573925733,5.736049466405528,0.008125554336973359,0.053643880914130054,0.05022344131180098,0.0827310794555217
KOPiv,GorlosPhos HBF4,DMAc,0.153,105,PENDING,PENDING,0.0,8.225077098727802,5.642300996258418,0.005048081723685836,0.06113020269323792,0.0499918358174598,0.08986359257340341
KOPiv,GorlosPhos HBF4,DMAc,0.153,90,PENDING,PENDING,0.0,7.620920168774097,5.902241621870374,0.005619720602191951,0.07025360982408312,0.05469573522277283,0.09902999855672813
KOPiv,GorlosPhos HBF4,DMAc,0.1,120,PENDING,PENDING,0.0,9.372681769596308,5.353385731512276,0.005947317145590145,0.061657431881203484,0.046216936059972825,0.09010598376538415
KOPiv,GorlosPhos HBF4,DMAc,0.1,105,PENDING,PENDING,0.0,8.80208234390237,5.24303539061437,0.0033586053262679647,0.06920209602882499,0.04573204513097735,0.09746591047102768
KOPiv,GorlosPhos HBF4,DMAc,0.1,90,PENDING,PENDING,0.0,8.166597797566453,5.521982597114109,0.0039017876650055613,0.07827969706871903,0.050680691854276996,0.10659838821183766
KOPiv,GorlosPhos HBF4,DMAc,0.057,120,PENDING,PENDING,0.0,9.782068372530482,5.361887099228858,0.007724112945352579,0.06927240932617283,0.04702090837348789,0.09759208099513837
KOPiv,GorlosPhos HBF4,DMAc,0.057,105,PENDING,PENDING,0.0,9.205398581474483,5.242196311272982,0.004344789133278945,0.07680651671389553,0.04625183588258148,0.10498162717734424
KOPiv,GorlosPhos HBF4,DMAc,0.057,90,PENDING,PENDING,0.0,8.556039911571107,5.514844319754399,0.004875827573332138,0.08575960161947574,0.05095592005701812,0.1139746491872027
KOPiv,GorlosPhos HBF4,BuOAc,0.153,120,PENDING,PENDING,0.0,7.21198546698946,5.6523633286387875,0.002800000643320092,0.06310273470667167,0.057332984914971005,0.09245882327269209
KOPiv,GorlosPhos HBF4,BuOAc,0.153,105,PENDING,PENDING,0.0,6.694848206032068,5.435659408372106,0.0012667994687348867,0.0716495335979941,0.05581433234522626,0.10046453720482708
KOPiv,GorlosPhos HBF4,BuOAc,0.153,90,PENDING,PENDING,0.0,6.1562605636672805,5.578620084115628,0.0012255271463939062,0.08170323197757036,0.05833513543815811,0.1103697037084926
KOPiv,GorlosPhos HBF4,BuOAc,0.1,120,PENDING,PENDING,0.0,7.75113396148066,5.411456756920839,0.0024096469805652138,0.0713085560521369,0.05549768420255087,0.10011057923426187
KOPiv,GorlosPhos HBF4,BuOAc,0.1,105,PENDING,PENDING,0.0,7.216248335482492,5.161189667661402,0.0009438374654565651,0.0799210803144124,0.053450779939813946,0.10834047168054281
KOPiv,GorlosPhos HBF4,BuOAc,0.1,90,PENDING,PENDING,0.0,6.649747889169051,5.292891040171788,0.0008742786692607328,0.08993176067212191,0.05562916925072551,0.11826040538015596
KOPiv,GorlosPhos HBF4,BuOAc,0.057,120,PENDING,PENDING,0.0,8.142946873175026,5.523704844111235,0.003858411597224186,0.07898231758107835,0.057070992538601165,0.1076444828881491
KOPiv,GorlosPhos HBF4,BuOAc,0.057,105,PENDING,PENDING,0.0,7.601157183071021,5.263576990692663,0.00157856230815262,0.08756576192041904,0.05465927139069395,0.11589377950809569
KOPiv,GorlosPhos HBF4,BuOAc,0.057,90,PENDING,PENDING,0.0,7.020873254278944,5.37738903098887,0.0013808534334186304,0.09743254232358013,0.056437943896684606,0.12567933745370807
KOPiv,GorlosPhos HBF4,BuCN,0.153,120,PENDING,PENDING,0.0,7.011882442812583,5.5875846976620895,0.0021688181974509856,0.04263258458898175,0.05258141920749387,0.07280345812975196
KOPiv,GorlosPhos HBF4,BuCN,0.153,105,PENDING,PENDING,0.0,6.4550533554372596,5.358254463810916,0.0008953030890389586,0.05026760714830365,0.050067087638612694,0.07952458504838995
KOPiv,GorlosPhos HBF4,BuCN,0.153,90,PENDING,PENDING,0.0,5.879495152612396,5.497011052938049,0.0008419758025171881,0.059735471795504994,0.05231645998189827,0.08873566521586997
KOPiv,GorlosPhos HBF4,BuCN,0.1,120,PENDING,PENDING,0.0,7.5749253833828964,5.3211363497163005,0.001765702861197243,0.05072204929356694,0.050744894690519245,0.08003234243585511
KOPiv,GorlosPhos HBF4,BuCN,0.1,105,PENDING,PENDING,0.0,6.999654418174506,5.060725361722593,0.0006203469492433583,0.05841949230324385,0.04777621819159367,0.08707489392352391
KOPiv,GorlosPhos HBF4,BuCN,0.1,90,PENDING,PENDING,0.0,6.394335020002168,5.193508133377694,0.0005634955124633363,0.06784357278301158,0.0497730205168775,0.09634652320680236
KOPiv,GorlosPhos HBF4,BuCN,0.057,120,PENDING,PENDING,0.0,7.987553703237575,5.416844445767476,0.0028357236122828026,0.058540804129627116,0.052641677026750905,0.08763157286487934
KOPiv,GorlosPhos HBF4,BuCN,0.057,105,PENDING,PENDING,0.0,7.406139189995228,5.149093308364141,0.001049631128934747,0.06622969139201464,0.049460348313901316,0.09475747535461432
KOPiv,GorlosPhos HBF4,BuCN,0.057,90,PENDING,PENDING,0.0,6.786872646478099,5.267482843263413,0.0009046795118974413,0.07552375931651853,0.0511163752143477,0.10391749691071132
KOPiv,CgMe-PPh,p-Xylene,0.153,120,PENDING,PENDING,0.0,5.073124924135305,6.131201567143788,0.0019883804751009183,0.04483539534238955,0.07175255878710313,0.07863349906628316
KOPiv,CgMe-PPh,p-Xylene,0.153,105,PENDING,PENDING,0.0,4.552588335646098,5.823564439847603,0.0007510604380956167,0.05231525972484119,0.06933998985901174,0.08453963697158429
KOPiv,CgMe-PPh,p-Xylene,0.153,90,PENDING,PENDING,0.0,4.047850730291246,5.8526749659856625,0.0005777906179717518,0.06154056982203833,0.07041588490672224,0.09293419341675015
KOPiv,CgMe-PPh,p-Xylene,0.1,120,PENDING,PENDING,0.0,5.590829956405201,5.963603904333449,0.0019423512352499984,0.05258847369483868,0.07116146936640542,0.08515563030018297
KOPiv,CgMe-PPh,p-Xylene,0.1,105,PENDING,PENDING,0.0,5.054970954620952,5.620214714364505,0.0006468542451382696,0.060129661697831085,0.06836258503778331,0.09130371855801694
KOPiv,CgMe-PPh,p-Xylene,0.1,90,PENDING,PENDING,0.0,4.5250539144283595,5.625790382768562,0.00045577568691111594,0.0693203445956989,0.06907585697923158,0.09979296543974414
KOPiv,CgMe-PPh,p-Xylene,0.057,120,PENDING,PENDING,0.0,5.999961086513569,6.095536750499193,0.0031681922949380117,0.06008410765559201,0.07297868731758127,0.09210942559226588
KOPiv,CgMe-PPh,p-Xylene,0.057,105,PENDING,PENDING,0.0,5.459222034750597,5.745130230081999,0.0011304610459670628,0.06761595889009403,0.06995343962685488,0.09836313244498032
KOPiv,CgMe-PPh,p-Xylene,0.057,90,PENDING,PENDING,0.0,4.916592571265378,5.733413389457836,0.0007728283751395788,0.07668724255382753,0.07036418088455543,0.10679625765500655
KOPiv,CgMe-PPh,DMAc,0.153,120,PENDING,PENDING,0.0,6.322734440923255,6.536855828911993,0.0077408748260006655,0.05195920751126894,0.0779723140931179,0.08613615640435758
KOPiv,CgMe-PPh,DMAc,0.153,105,PENDING,PENDING,0.0,5.791149873372528,6.34663092837493,0.004370752878605409,0.059390319292001295,0.07634743461920157,0.09217266404665458
KOPiv,CgMe-PPh,DMAc,0.153,90,PENDING,PENDING,0.0,5.253653026991088,6.452704624665372,0.003921538481573096,0.06845985203337226,0.07764957488731321,0.10044120125595671
KOPiv,CgMe-PPh,DMAc,0.1,120,PENDING,PENDING,0.0,6.8419034613228735,6.308665955767672,0.007135470805547814,0.05975050942105921,0.07696751703259351,0.0926160670004755
KOPiv,CgMe-PPh,DMAc,0.1,105,PENDING,PENDING,0.0,6.293684690662888,6.094819744078382,0.003733563834243163,0.067240934767253,0.07508779836514602,0.09888497378471738
KOPiv,CgMe-PPh,DMAc,0.1,90,PENDING,PENDING,0.0,5.73003314493458,6.193261262030158,0.003245380751943236,0.07627290154600158,0.07617238009586721,0.10725186110045003
KOPiv,CgMe-PPh,DMAc,0.057,120,PENDING,PENDING,0.0,7.233157613809848,6.371864867238035,0.009563420045959559,0.06719661708084047,0.07823532779914874,0.09942602903865494
KOPiv,CgMe-PPh,DMAc,0.057,105,PENDING,PENDING,0.0,6.679394729316404,6.149661179527717,0.005074230110141083,0.07467658555760881,0.076181062956961,0.10579612931823427
KOPiv,CgMe-PPh,DMAc,0.057,90,PENDING,PENDING,0.0,6.103253488245525,6.237105170147634,0.00430041244006911,0.08358997828298623,0.07706596418431073,0.11411908179056438
KOPiv,CgMe-PPh,BuOAc,0.153,120,PENDING,PENDING,0.0,4.942113404000269,5.938612117235954,0.0012425246933163731,0.06151741309357342,0.07281603369292791,0.09335184480356878
KOPiv,CgMe-PPh,BuOAc,0.153,105,PENDING,PENDING,0.0,4.441786224298426,5.626947118064059,0.00043142583101218185,0.06996596780989907,0.07031502568830994,0.10057184997516626
KOPiv,CgMe-PPh,BuOAc,0.153,90,PENDING,PENDING,0.0,3.9592076451796263,5.656927495663506,0.0003327944559499219,0.07991804085252542,0.07091836608163334,0.1098843998681992
KOPiv,CgMe-PPh,BuOAc,0.1,120,PENDING,PENDING,0.0,5.418920098172902,5.786163844442563,0.0012060130171560011,0.06950982156329985,0.0723985252864649,0.10048003916490196
KOPiv,CgMe-PPh,BuOAc,0.1,105,PENDING,PENDING,0.0,4.9018820147833955,5.436368233218701,0.00036228253069827895,0.07802425458079801,0.06945425942569639,0.1079284785660339
KOPiv,CgMe-PPh,BuOAc,0.1,90,PENDING,PENDING,0.0,4.394636549021581,5.439666442069806,0.000251998329928321,0.08793980358214118,0.06962087081802944,0.11731323861382846
KOPiv,CgMe-PPh,BuOAc,0.057,120,PENDING,PENDING,0.0,5.796484437452385,5.9413363221616855,0.0021018076274661388,0.07701671736655952,0.07425692992137273,0.1076442561609303
KOPiv,CgMe-PPh,BuOAc,0.057,105,PENDING,PENDING,0.0,5.272762557362366,5.584807011981077,0.0006882153338772547,0.0855036996413001,0.07104907216065819,0.1151532571531395
KOPiv,CgMe-PPh,BuOAc,0.057,90,PENDING,PENDING,0.0,4.752489483347418,5.569307884971867,0.0004622087570249518,0.09528245266173885,0.07089333608435572,0.12444918646056036
KOPiv,CgMe-PPh,BuCN,0.153,120,PENDING,PENDING,0.0,4.665880417435049,6.028056394971244,0.0012666716464111525,0.041326819489293856,0.07270954482904657,0.0759306904207889
KOPiv,CgMe-PPh,BuCN,0.153,105,PENDING,PENDING,0.0,4.126675866550868,5.704817407366666,0.00042323230666360765,0.048903976691073325,0.069491483577484,0.0815995095242062
KOPiv,CgMe-PPh,BuCN,0.153,90,PENDING,PENDING,0.0,3.6106463326928364,5.716287523857532,0.0003048074885345477,0.05830002767757536,0.06948389366365863,0.08986328455652735
KOPiv,CgMe-PPh,BuCN,0.1,120,PENDING,PENDING,0.0,5.161922540027283,5.868711770577583,0.0012266921926921397,0.049199713130594694,0.07258026813427554,0.08253838990979524
KOPiv,CgMe-PPh,BuCN,0.1,105,PENDING,PENDING,0.0,4.605545929405512,5.511035377144514,0.00035752544939960003,0.05683941405188524,0.06902663588534243,0.0884758720346063
KOPiv,CgMe-PPh,BuCN,0.1,90,PENDING,PENDING,0.0,4.0635579273262685,5.499054805827981,0.00023329181680120659,0.06619861828827417,0.06864829368465722,0.09686300727976462
KOPiv,CgMe-PPh,BuCN,0.057,120,PENDING,PENDING,0.0,5.559295281232348,6.008728800872486,0.0020838919470308748,0.05684256437133513,0.07461063627327892,0.0895869617199
KOPiv,CgMe-PPh,BuCN,0.057,105,PENDING,PENDING,0.0,4.997105732612679,5.646589082758094,0.0006631531221025482,0.06447310316247938,0.07090628106153987,0.0956620034824369
KOPiv,CgMe-PPh,BuCN,0.057,90,PENDING,PENDING,0.0,4.442105643028583,5.619320715337243,0.00042314506345964443,0.07370814001885113,0.07028865199403503,0.1040189069812176
KOPiv,BrettPhos,p-Xylene,0.153,120,PENDING,PENDING,0.0,5.059353967471087,4.6307860005515185,2.816968331759975e-05,0.03776367054065416,0.03969729177841045,0.06655853279525237
KOPiv,BrettPhos,p-Xylene,0.153,105,PENDING,PENDING,0.0,4.511777442703219,4.171599779066236,1.6665531655105158e-06,0.045494667685812396,0.03466186212426661,0.07369476750201327
KOPiv,BrettPhos,p-Xylene,0.153,90,PENDING,PENDING,0.0,3.9818483997139733,4.210668972040217,1.1070351434219773e-06,0.05517740533515565,0.03693567773974207,0.08332105056819494
KOPiv,BrettPhos,p-Xylene,0.1,120,PENDING,PENDING,0.0,5.609638693768233,4.390776052922757,1.737928805417853e-05,0.045881789402255235,0.038617161180017706,0.07428257978083043
KOPiv,BrettPhos,p-Xylene,0.1,105,PENDING,PENDING,0.0,5.045251914963578,3.8601981972838195,4.6715598033645116e-07,0.05367906823443015,0.0325929706890058,0.08173122275820933
KOPiv,BrettPhos,p-Xylene,0.1,90,PENDING,PENDING,0.0,4.487027172353433,3.8619826779397304,2.20356407651456e-07,0.0633217119718214,0.03417356715243397,0.09134937901741404
KOPiv,BrettPhos,p-Xylene,0.057,120,PENDING,PENDING,0.0,6.043596866399118,4.584434720133765,5.9790298041580885e-05,0.05381112636206914,0.04216066228280917,0.08221869149233024
KOPiv,BrettPhos,p-Xylene,0.057,105,PENDING,PENDING,0.0,5.473926135910679,4.055861728681157,2.7329097082861724e-06,0.061602330726440974,0.036090456837086275,0.08966667994136661
KOPiv,BrettPhos,p-Xylene,0.057,90,PENDING,PENDING,0.0,4.901303974431486,4.030336217738366,1.161239127582564e-06,0.07111277263504086,0.03693271115081712,0.09914209195415362
KOPiv,BrettPhos,DMAc,0.153,120,PENDING,PENDING,0.0,6.380938088193115,5.211407197566757,0.0005850691507629981,0.04531913166143742,0.05132207019908136,0.075074441925892
KOPiv,BrettPhos,DMAc,0.153,105,PENDING,PENDING,0.0,5.821173472837033,4.949010023833795,0.00017643848345372118,0.053001245075279105,0.04856716995048398,0.0819500379903299
KOPiv,BrettPhos,DMAc,0.153,90,PENDING,PENDING,0.0,5.254429920158301,5.093394191527529,0.00017532314915695481,0.06251070855258388,0.050703193880120366,0.09125052057453659
KOPiv,BrettPhos,DMAc,0.1,120,PENDING,PENDING,0.0,6.932287578136759,4.8961443631634465,0.0003702739948085688,0.0534806730079431,0.04969180417877929,0.0825202821074099
KOPiv,BrettPhos,DMAc,0.1,105,PENDING,PENDING,0.0,6.353921461515575,4.592111852371959,8.217458480752507e-05,0.061226334529932494,0.04645412742669686,0.0897011341238278
KOPiv,BrettPhos,DMAc,0.1,90,PENDING,PENDING,0.0,5.757729942811325,4.7306241068362045,7.93933870224515e-05,0.07069188920232204,0.04828924730061034,0.09904446160407857
KOPiv,BrettPhos,DMAc,0.057,120,PENDING,PENDING,0.0,7.34564478794366,4.9816013378934105,0.0006511029552443374,0.061352291984986304,0.051780736655786815,0.09023024663561781
KOPiv,BrettPhos,DMAc,0.057,105,PENDING,PENDING,0.0,6.76105446048166,4.668128180392877,0.00015545971173453908,0.06908996007326988,0.04834119368919942,0.09747946999671159
KOPiv,BrettPhos,DMAc,0.057,90,PENDING,PENDING,0.0,6.150817176342802,4.790419909459814,0.0001384085273034648,0.07842434453940707,0.049813166484578335,0.10670368527875028
KOPiv,BrettPhos,BuOAc,0.153,120,PENDING,PENDING,0.0,4.923064794260055,4.358761596559112,7.216020144879139e-06,0.055306446951246827,0.042244733264182495,0.0836812229451118
KOPiv,BrettPhos,BuOAc,0.153,105,PENDING,PENDING,0.0,4.398417072177935,3.8759339931429424,2.1541818260195813e-07,0.0641218706343621,0.03727165222572701,0.09219145444707122
KOPiv,BrettPhos,BuOAc,0.153,90,PENDING,PENDING,0.0,3.893306860809098,3.913752876856817,1.4067550933005674e-07,0.07461813709435161,0.038349301049754154,0.10265013292249153
KOPiv,BrettPhos,BuOAc,0.1,120,PENDING,PENDING,0.0,5.426323098913713,4.133237742014434,3.969761249973975e-06,0.06368770955143331,0.04151620032098917,0.09187389194615699
KOPiv,BrettPhos,BuOAc,0.1,105,PENDING,PENDING,0.0,4.88287998025253,3.569802970341969,3.9804952341562426e-08,0.07257236908702769,0.03551738978525149,0.10058466524646094
KOPiv,BrettPhos,BuOAc,0.1,90,PENDING,PENDING,0.0,4.350182917831495,3.562805485617661,1.5952612303494955e-08,0.08302417043019102,0.035688509119117987,0.11102132008759173
KOPiv,BrettPhos,BuOAc,0.057,120,PENDING,PENDING,0.0,5.8238683025005304,4.365947840767736,1.940927146475602e-05,0.07162665378495033,0.04491523395952999,0.09982323786746938
KOPiv,BrettPhos,BuOAc,0.057,105,PENDING,PENDING,0.0,5.272672911109567,3.8101328426077083,4.516135087674461e-07,0.08047994812687631,0.03874328050867254,0.10849744003585307
KOPiv,BrettPhos,BuOAc,0.057,90,PENDING,PENDING,0.0,4.725225531748822,3.77306624182073,1.606827706368366e-07,0.09077614056669303,0.03825758049177269,0.11877417678951045
KOPiv,BrettPhos,BuCN,0.153,120,PENDING,PENDING,0.0,4.632385081153791,4.497450831041487,1.0273164787478762e-05,0.03394140017330605,0.04197794271188191,0.0632306067428051
KOPiv,BrettPhos,BuCN,0.153,105,PENDING,PENDING,0.0,4.064219512602919,4.006617658011939,3.397342653519367e-07,0.04176485732481697,0.03539096177983227,0.07007755815125498
KOPiv,BrettPhos,BuCN,0.153,90,PENDING,PENDING,0.0,3.5217326539744818,4.015703978797081,1.7566504360094553e-07,0.05163058669759965,0.03516933089196014,0.07976163129356123
KOPiv,BrettPhos,BuCN,0.1,120,PENDING,PENDING,0.0,5.157811173868944,4.26739553461332,5.91425943374132e-06,0.042193698882722355,0.04188868917538116,0.07099478941841675
KOPiv,BrettPhos,BuCN,0.1,105,PENDING,PENDING,0.0,4.570400178472346,3.7051549338699896,7.578286376198911e-08,0.05008529833441369,0.034595176885017793,0.07821692867488257
KOPiv,BrettPhos,BuCN,0.1,90,PENDING,PENDING,0.0,3.9987141533548165,3.674940717941627,2.4678612120129363e-08,0.05990819875451031,0.03355289512552036,0.08794230345320647
KOPiv,BrettPhos,BuCN,0.057,120,PENDING,PENDING,0.0,5.577997225642717,4.474581286214889,2.4338092093615445e-05,0.050292310870300255,0.04563478198417314,0.0790840962204369
KOPiv,BrettPhos,BuCN,0.057,105,PENDING,PENDING,0.0,4.984035973941331,3.9211818631319866,6.470104294843355e-07,0.058179657182566694,0.038558375502254105,0.08633824807482028
KOPiv,BrettPhos,BuCN,0.057,90,PENDING,PENDING,0.0,4.397631658797541,3.867924168192531,2.0316259684940238e-07,0.06786521511804057,0.037131967453399216,0.0959108472443012
KOAc,tBPh-CPhos,p-Xylene,0.153,120,PENDING,PENDING,0.0,3.985905449163781,6.364256516254866,0.00166738390258174,0.21065582724742152,0.09207797134261601,0.23878216967221663
KOAc,tBPh-CPhos,p-Xylene,0.153,105,PENDING,PENDING,0.0,3.464030218513993,6.108236132464812,0.0007174157232028387,0.21931968928829215,0.08809754893636865,0.2473731068341056
KOAc,tBPh-CPhos,p-Xylene,0.153,90,PENDING,PENDING,0.0,2.9765732704445926,6.159592996601757,0.0005937474141584102,0.22736797621311383,0.08732962498792622,0.2553994799751309
KOAc,tBPh-CPhos,p-Xylene,0.1,120,PENDING,PENDING,0.0,4.478732780765554,6.192430490238335,0.0015840648053272142,0.21762956845760137,0.09047206340053285,0.24570889585306765
KOAc,tBPh-CPhos,p-Xylene,0.1,105,PENDING,PENDING,0.0,3.941033081408479,5.898225695740667,0.0006002610373719323,0.226366670865702,0.08613175384500543,0.25439345228306853
KOAc,tBPh-CPhos,p-Xylene,0.1,90,PENDING,PENDING,0.0,3.4291220575120374,5.923518040588152,0.0004556632568225565,0.23440612880320405,0.08509271716269415,0.2624182268422979
KOAc,tBPh-CPhos,p-Xylene,0.057,120,PENDING,PENDING,0.0,4.884946658965854,6.310675804293296,0.002503652047425222,0.22275514558441234,0.0916313987498967,0.2508292949716552
KOAc,tBPh-CPhos,p-Xylene,0.057,105,PENDING,PENDING,0.0,4.342096999904477,6.003331886756664,0.0009840267892525234,0.23146114960440684,0.08719392486626722,0.2594854394654981
KOAc,tBPh-CPhos,p-Xylene,0.057,90,PENDING,PENDING,0.0,3.8175750409058247,6.00812423220304,0.000715161264748479,0.23941828916986033,0.08600312808414688,0.2674284856073533
KOAc,tBPh-CPhos,DMAc,0.153,120,PENDING,PENDING,0.0,5.279797028286614,6.487967223008343,0.004215356595253884,0.2152955214549046,0.09183249661665999,0.24339830791163555
KOAc,tBPh-CPhos,DMAc,0.153,105,PENDING,PENDING,0.0,4.747187855126194,6.333227692878516,0.0024160498074105932,0.22389883039799247,0.08816774634159857,0.251942157257254
KOAc,tBPh-CPhos,DMAc,0.153,90,PENDING,PENDING,0.0,4.226050288993692,6.471714485353079,0.0023303025084141227,0.23184210553259227,0.08771245151848271,0.25986834773301243
KOAc,tBPh-CPhos,DMAc,0.1,120,PENDING,PENDING,0.0,5.780449098502557,6.246914190262453,0.0036675929473688265,0.22228463317444597,0.08995642876919804,0.2503452861094458
KOAc,tBPh-CPhos,DMAc,0.1,105,PENDING,PENDING,0.0,5.230954003350762,6.064590075214208,0.0019151785775545146,0.23095980274498557,0.08596289709729765,0.2589792237442672
KOAc,tBPh-CPhos,DMAc,0.1,90,PENDING,PENDING,0.0,4.684097711292137,6.193136965584674,0.0017883871359503367,0.2388928442751111,0.08528548350262932,0.2669013085494009
KOAc,tBPh-CPhos,DMAc,0.057,120,PENDING,PENDING,0.0,6.1724844649905535,6.309316691525884,0.00503323369208683,0.22738895386048252,0.09093993419099192,0.25544425815816524
KOAc,tBPh-CPhos,DMAc,0.057,105,PENDING,PENDING,0.0,5.617342614773083,6.113962108001649,0.0026353365951109937,0.23603317055225906,0.08686062296987797,0.26404998317083733
KOAc,tBPh-CPhos,DMAc,0.057,90,PENDING,PENDING,0.0,5.057924487305608,6.227584562794063,0.0023673456867546183,0.2438843462477887,0.08605400272579891,0.2718908411206317
KOAc,tBPh-CPhos,BuOAc,0.153,120,PENDING,PENDING,0.0,3.8344765508304515,5.516788355172666,0.00020716886672054145,0.2288010649547829,0.07616860128518779,0.2567964124961023
KOAc,tBPh-CPhos,BuOAc,0.153,105,PENDING,PENDING,0.0,3.3333093755804977,5.22199507414344,5.5458396723231614e-05,0.2382647067869497,0.07063715730849168,0.26625404733358565
KOAc,tBPh-CPhos,BuOAc,0.153,90,PENDING,PENDING,0.0,2.8697476775211554,5.304699098419691,5.020203003226417e-05,0.2468324610197919,0.06940226528401341,0.27482102415127874
KOAc,tBPh-CPhos,BuOAc,0.1,120,PENDING,PENDING,0.0,4.294468488593306,5.355219446292826,0.00018304279006243302,0.23600824611376797,0.07427111830615947,0.26399970941406764
KOAc,tBPh-CPhos,BuOAc,0.1,105,PENDING,PENDING,0.0,3.776474075914292,5.012893265044682,3.837329151431385e-05,0.24555473945501854,0.06818196198876006,0.27354317246644466
KOAc,tBPh-CPhos,BuOAc,0.1,90,PENDING,PENDING,0.0,3.288697330499222,5.063207549462274,3.0119370600361055e-05,0.2541160532243098,0.06653784481037486,0.2821041842125489
KOAc,tBPh-CPhos,BuOAc,0.057,120,PENDING,PENDING,0.0,4.676407644532404,5.545638482925982,0.00041206132414159206,0.2411098462501793,0.07607606385823909,0.26910165158626814
KOAc,tBPh-CPhos,BuOAc,0.057,105,PENDING,PENDING,0.0,4.151791662992247,5.193331156974234,9.882618620783126e-05,0.25061525420817776,0.06994417126182706,0.2786037634895997
KOAc,tBPh-CPhos,BuOAc,0.057,90,PENDING,PENDING,0.0,3.6508071719049795,5.21634340747122,7.07686725163483e-05,0.25908625985648287,0.06811624341347518,0.28707441502843883
KOAc,tBPh-CPhos,BuCN,0.153,120,PENDING,PENDING,0.0,3.5705781429461863,5.991788042795071,0.0005881174756027317,0.21091838508245725,0.08587321568351729,0.23897575544216879
KOAc,tBPh-CPhos,BuCN,0.153,105,PENDING,PENDING,0.0,3.030309702280811,5.7119285931641715,0.00019973309419191914,0.2197582345116434,0.08103655665908704,0.24777147059085827
KOAc,tBPh-CPhos,BuCN,0.153,90,PENDING,PENDING,0.0,2.532346367476288,5.762354288066864,0.00016087723911664903,0.22795403411148946,0.0797496386647916,0.25595627599621895
KOAc,tBPh-CPhos,BuCN,0.1,120,PENDING,PENDING,0.0,4.046025239943142,5.820336712370297,0.0005338654605184043,0.21800065438353872,0.08422265154293355,0.24603109982987856
KOAc,tBPh-CPhos,BuCN,0.1,105,PENDING,PENDING,0.0,3.488276773634928,5.500341028658496,0.00015254386414062428,0.22691695828205996,0.07897242500415239,0.25491812215717147
KOAc,tBPh-CPhos,BuCN,0.1,90,PENDING,PENDING,0.0,2.9649126771222254,5.523607495765883,0.00010999998209656092,0.23510409580422492,0.07737069476748193,0.26309876104852237
KOAc,tBPh-CPhos,BuCN,0.057,120,PENDING,PENDING,0.0,4.444210023802395,5.961137509178103,0.0009563047740214613,0.22319084121847682,0.08563131962067472,0.25122015569510475
KOAc,tBPh-CPhos,BuCN,0.057,105,PENDING,PENDING,0.0,3.88053713732858,5.630414047589059,0.0002933414587224948,0.2320737919738107,0.08031837822964918,0.26007468278922063
KOAc,tBPh-CPhos,BuCN,0.057,90,PENDING,PENDING,0.0,3.3441024076515977,5.632783618506562,0.000200822024281688,0.2401757196172425,0.078573101283157,0.26817016566682594
KOAc,X-Phos,p-Xylene,0.153,120,PENDING,PENDING,0.0,4.326617611361109,6.152771432246703,0.001336510793920843,0.015404036972557239,0.0652893412011067,0.053292443690625246
KOAc,X-Phos,p-Xylene,0.153,105,PENDING,PENDING,0.0,3.823493675344901,5.943762855328028,0.0006189167980616781,0.02291477232698147,0.0644179994223205,0.058780972111985574
KOAc,X-Phos,p-Xylene,0.153,90,PENDING,PENDING,0.0,3.349020052743277,6.059626003952207,0.0005973987911537847,0.03257669543336525,0.06716655697080899,0.06728918251012259
KOAc,X-Phos,p-Xylene,0.1,120,PENDING,PENDING,0.0,4.835768592237087,6.054061679671103,0.0014817118672105396,0.023476700922997917,0.06571502029227652,0.059601404483637585
KOAc,X-Phos,p-Xylene,0.1,105,PENDING,PENDING,0.0,4.317459123282509,5.812706188297319,0.0006275063918291732,0.031051946174951814,0.06432254635258806,0.06529102240268964
KOAc,X-Phos,p-Xylene,0.1,90,PENDING,PENDING,0.0,3.8185405217303092,5.902497636072045,0.0005596912961730906,0.04067288399413489,0.06652280143055564,0.07387224480716996
KOAc,X-Phos,p-Xylene,0.057,120,PENDING,PENDING,0.0,5.24941825528015,6.236997657679607,0.0026838016343018432,0.03153593271753215,0.06863697575637286,0.06684111708140701
KOAc,X-Phos,p-Xylene,0.057,105,PENDING,PENDING,0.0,4.725812611580973,5.983938038043523,0.0011971481189287769,0.039102933589656885,0.0668596664713749,0.07262475866926509
KOAc,X-Phos,p-Xylene,0.057,90,PENDING,PENDING,0.0,4.213853481484467,6.0488102185845865,0.001003053227432063,0.048589483804321196,0.06853881105479351,0.08112203901278993
KOAc,X-Phos,DMAc,0.153,120,PENDING,PENDING,0.0,5.6186782557758725,6.356576127121554,0.004053016869683949,0.022634138003329002,0.06660217268229461,0.05920717545348192
KOAc,X-Phos,DMAc,0.153,105,PENDING,PENDING,0.0,5.104275171802187,6.253343571803695,0.002548759193658469,0.030092029432212175,0.06646034590956011,0.06507997427830405
KOAc,X-Phos,DMAc,0.153,90,PENDING,PENDING,0.0,4.5956271765169,6.451331958616366,0.00274899510479994,0.039592283823578,0.06971397611226933,0.07373501535897761
KOAc,X-Phos,DMAc,0.1,120,PENDING,PENDING,0.0,6.135288040096128,6.187519796255511,0.004020515185465583,0.030744700465721725,0.06635021330851307,0.06557908594682653
KOAc,X-Phos,DMAc,0.1,105,PENDING,PENDING,0.0,5.604591705039662,6.062313069117716,0.0023734364092570896,0.03826503089686513,0.06580860365346973,0.07166573281928267
KOAc,X-Phos,DMAc,0.1,90,PENDING,PENDING,0.0,5.070219085688096,6.250002767551187,0.002485033737143011,0.047721277870603374,0.06868175417612285,0.08040058319024798
KOAc,X-Phos,DMAc,0.057,120,PENDING,PENDING,0.0,6.534543040633471,6.309435379486265,0.006090752122448646,0.038752245721696096,0.06879274677696162,0.07280484431500456
KOAc,X-Phos,DMAc,0.057,105,PENDING,PENDING,0.0,5.9980578723051545,6.171856449258582,0.0036269482325653676,0.04626337252947518,0.06790920548497238,0.07897244832533447
KOAc,X-Phos,DMAc,0.057,90,PENDING,PENDING,0.0,5.450715385258818,6.340424534197361,0.003602213793550295,0.0555862364425667,0.07035153990964159,0.08761963533725121
KOAc,X-Phos,BuOAc,0.153,120,PENDING,PENDING,0.0,4.1971685293392795,5.333278232494142,0.0001590314821607367,0.029625817333336968,0.049634995082253816,0.06063015410888831
KOAc,X-Phos,BuOAc,0.153,105,PENDING,PENDING,0.0,3.7179446186978735,5.109028344928704,5.168382857284799e-05,0.038075356544909775,0.04832903370799068,0.06796847122293873
KOAc,X-Phos,BuOAc,0.153,90,PENDING,PENDING,0.0,3.269803095520091,5.279881237562727,6.409442859625072e-05,0.04851771958595767,0.05193860328243051,0.07812400734460168
KOAc,X-Phos,BuOAc,0.1,120,PENDING,PENDING,0.0,4.675864286002509,5.275788021115213,0.00019378232815745822,0.037997334729050106,0.0511832357772455,0.06836960937137801
KOAc,X-Phos,BuOAc,0.1,105,PENDING,PENDING,0.0,4.180727792033314,5.014752361083914,5.500026666996891e-05,0.046519172961254726,0.04913093234087965,0.07589370969323773
KOAc,X-Phos,BuOAc,0.1,90,PENDING,PENDING,0.0,3.7084253511899385,5.152629306527724,5.9727841356959884e-05,0.05691733118647033,0.05185139033259483,0.08600790963042189
KOAc,X-Phos,BuOAc,0.057,120,PENDING,PENDING,0.0,5.066214104898655,5.54983880835416,0.000547479294594028,0.04617472605407752,0.05592382248180062,0.07657053550181157
KOAc,X-Phos,BuOAc,0.057,105,PENDING,PENDING,0.0,4.56423865873404,5.279981206311339,0.00017997164299591228,0.054674923889291654,0.05343539348599656,0.08406869836506242
KOAc,X-Phos,BuOAc,0.057,90,PENDING,PENDING,0.0,4.078134563149227,5.382717804080123,0.000168340212679495,0.06491792960178001,0.0553168806707371,0.09396911133392967
KOAc,X-Phos,BuCN,0.153,120,PENDING,PENDING,0.0,3.9219318084790986,5.812027210222227,0.0004815070298783029,0.011078356682197504,0.06048989996382894,0.048529962583481016
KOAc,X-Phos,BuCN,0.153,105,PENDING,PENDING,0.0,3.4018608428335715,5.590003975657398,0.00018559179850705793,0.018689428212272152,0.05870704550863769,0.053795680618950265
KOAc,X-Phos,BuCN,0.153,90,PENDING,PENDING,0.0,2.9179719641331663,5.714080386547325,0.0001853658207317103,0.028549879537564216,0.06081117221070941,0.06231952877482861
KOAc,X-Phos,BuCN,0.1,120,PENDING,PENDING,0.0,4.414845556027953,5.72751390194184,0.0005450907660506021,0.01928828344229591,0.061490484921410675,0.05508251905104569
KOAc,X-Phos,BuCN,0.1,105,PENDING,PENDING,0.0,3.8780472845844014,5.473501553704808,0.0001889571764251423,0.026965158828802807,0.059184078204351696,0.060592806343949035
KOAc,X-Phos,BuCN,0.1,90,PENDING,PENDING,0.0,3.3687792139805754,5.570571256121267,0.0001712999331352047,0.0367813412889169,0.060660936279005664,0.06920439553742048
KOAc,X-Phos,BuCN,0.057,120,PENDING,PENDING,0.0,4.820948939268948,5.940394917522317,0.0011568662101194248,0.02752705641935807,0.0650262916716129,0.06261823795420096
KOAc,X-Phos,BuCN,0.057,105,PENDING,PENDING,0.0,4.278048386186691,5.6772117384259895,0.00043791118670640904,0.03519582573882392,0.06240374608410619,0.06826040984990914
KOAc,X-Phos,BuCN,0.057,90,PENDING,PENDING,0.0,3.755206578649255,5.747985758217914,0.00036597800890585726,0.04487071524974372,0.0633492259951681,0.07679201264164012
KOAc,PPhtBu2,p-Xylene,0.153,120,PENDING,PENDING,0.0,4.88340360327339,6.685270535380391,0.004722998173185014,0.04037884814570496,0.08103020219189547,0.07737887627626364
KOAc,PPhtBu2,p-Xylene,0.153,105,PENDING,PENDING,0.0,4.390229832174965,6.4844020890891585,0.00260719828315039,0.0479633631971777,0.08012014825138422,0.08331468450235363
KOAc,PPhtBu2,p-Xylene,0.153,90,PENDING,PENDING,0.0,3.915113523718052,6.567568491497571,0.0023371717709721046,0.05730075182795942,0.08186752949071385,0.09158382059349701
KOAc,PPhtBu2,p-Xylene,0.1,120,PENDING,PENDING,0.0,5.3808045030193465,6.5262443185770955,0.004727962327413543,0.0481602405195746,0.08008625146544562,0.0834692378798643
KOAc,PPhtBu2,p-Xylene,0.1,105,PENDING,PENDING,0.0,4.872623682376628,6.292861280411329,0.002406474652185152,0.055805214511453705,0.07872951341718588,0.08958775211386426
KOAc,PPhtBu2,p-Xylene,0.1,90,PENDING,PENDING,0.0,4.3736904088505115,6.3537553875660135,0.0020357927599958907,0.06510625851021362,0.08008127997958946,0.09794367560279246
KOAc,PPhtBu2,p-Xylene,0.057,120,PENDING,PENDING,0.0,5.776922400906828,6.635050294294033,0.006833898387247669,0.05569906530260807,0.08135684197726684,0.09010361985842497
KOAc,PPhtBu2,p-Xylene,0.057,105,PENDING,PENDING,0.0,5.263318210427395,6.387474502119562,0.0035295935675431836,0.0633298613359593,0.07965070433661087,0.09629960497419746
KOAc,PPhtBu2,p-Xylene,0.057,90,PENDING,PENDING,0.0,4.751883055966187,6.428444733567096,0.0028741171306907107,0.07250703817942175,0.08064764449122507,0.10460806493022319
KOAc,PPhtBu2,DMAc,0.153,120,PENDING,PENDING,0.0,6.153752015123145,6.838620205405311,0.010903828259922435,0.047353208335570454,0.081607610242794,0.08319426321140748
KOAc,PPhtBu2,DMAc,0.153,105,PENDING,PENDING,0.0,5.6494103858491185,6.731904921789292,0.00740293552220074,0.054883885698657334,0.08126352242919521,0.08939102036829406
KOAc,PPhtBu2,DMAc,0.153,90,PENDING,PENDING,0.0,5.141030924167175,6.893400119886386,0.007318872809377999,0.06406690796561618,0.08347184345825479,0.09775075147708304
KOAc,PPhtBu2,DMAc,0.1,120,PENDING,PENDING,0.0,6.65852279517012,6.616706353649847,0.010220986421586406,0.055172904501155653,0.08012179264478124,0.08936786415278011
KOAc,PPhtBu2,DMAc,0.1,105,PENDING,PENDING,0.0,6.138125144752893,6.4874333199809815,0.006552485748240085,0.06276217649260467,0.07942940569047055,0.09575770451922849
KOAc,PPhtBu2,DMAc,0.1,90,PENDING,PENDING,0.0,5.6047033850556645,6.640879134854377,0.0063301069616760255,0.0719059880912083,0.0813673383658347,0.10420558753912004
KOAc,PPhtBu2,DMAc,0.057,120,PENDING,PENDING,0.0,7.040859117357879,6.6726350389426905,0.013202773007293445,0.06266634181121755,0.08101837971397215,0.09600877185700446
KOAc,PPhtBu2,DMAc,0.057,105,PENDING,PENDING,0.0,6.514581092267313,6.5300555063013475,0.008426554999597588,0.07024071169847577,0.08002604432199112,0.10247127673750495
KOAc,PPhtBu2,DMAc,0.057,90,PENDING,PENDING,0.0,5.968714024338082,6.669143506190202,0.007892382115869165,0.07926145862204692,0.08168258072489484,0.11086663832600532
KOAc,PPhtBu2,BuOAc,0.153,120,PENDING,PENDING,0.0,4.793867791782782,6.070546433795047,0.001494327841276736,0.05564567242682118,0.071179120589794,0.08783631193520637
KOAc,PPhtBu2,BuOAc,0.153,105,PENDING,PENDING,0.0,4.324778286167499,5.864956004127723,0.000712897691000176,0.06415927860392612,0.07006134497004284,0.09523504971892124
KOAc,PPhtBu2,BuOAc,0.153,90,PENDING,PENDING,0.0,3.874439453521025,5.983557816854302,0.0007011339403984462,0.07422717288614858,0.07200820430040655,0.10474422609372273
KOAc,PPhtBu2,BuOAc,0.1,120,PENDING,PENDING,0.0,5.260435274994531,5.931746486261972,0.0014901485639060678,0.0636931176107206,0.07052960003693301,0.09489287312826619
KOAc,PPhtBu2,BuOAc,0.1,105,PENDING,PENDING,0.0,4.775590247307133,5.689651545343358,0.0006338742319568508,0.0722738893535464,0.06883063452584244,0.10248698561650071
KOAc,PPhtBu2,BuOAc,0.1,90,PENDING,PENDING,0.0,4.301753151600572,5.782160792378607,0.0005771563486748395,0.08230364710625024,0.07024415813075975,0.11204279070923368
KOAc,PPhtBu2,BuOAc,0.057,120,PENDING,PENDING,0.0,5.631729633204089,6.0962589835025165,0.0025707468726531117,0.07129728223328871,0.07250188730353861,0.1021279815339452
KOAc,PPhtBu2,BuOAc,0.057,105,PENDING,PENDING,0.0,5.139904316141577,5.8401169579503245,0.0011369199279513166,0.07984971871961542,0.07038203229416275,0.10975371051907502
KOAc,PPhtBu2,BuOAc,0.057,90,PENDING,PENDING,0.0,4.652939001506358,5.90721436217137,0.0009683379934557357,0.08973823425761271,0.07132507336309216,0.11919617144167598
KOAc,PPhtBu2,BuCN,0.153,120,PENDING,PENDING,0.0,4.5021707993814815,6.400053966231497,0.002382243131039973,0.036710730762616786,0.077288544754321,0.07339703167688195
KOAc,PPhtBu2,BuCN,0.153,105,PENDING,PENDING,0.0,3.9927414344090884,6.188940226908453,0.001179452844689675,0.044403411009212926,0.07569113561488566,0.07923880477056931
KOAc,PPhtBu2,BuCN,0.153,90,PENDING,PENDING,0.0,3.5079390259799803,6.275044897602805,0.0010560182844433618,0.05392374948736428,0.07683582657938863,0.08754769231960907
KOAc,PPhtBu2,BuCN,0.1,120,PENDING,PENDING,0.0,4.98317479510005,6.245706536349959,0.0023470357822462443,0.04461543191885492,0.07661376204998002,0.07964861972213211
KOAc,PPhtBu2,BuCN,0.1,105,PENDING,PENDING,0.0,4.4572389792363545,6.001965131851036,0.0010538887453728704,0.05236954467293303,0.07455348929307799,0.08570138446872298
KOAc,PPhtBu2,BuCN,0.1,90,PENDING,PENDING,0.0,3.947744245922393,6.065598868298967,0.0008822998846432523,0.06185093075695729,0.07526065194788735,0.09411602849227207
KOAc,PPhtBu2,BuCN,0.057,120,PENDING,PENDING,0.0,5.3709332808770345,6.372261327026366,0.0036439742849868548,0.05230680217095618,0.07820317960261046,0.08648517327957969
KOAc,PPhtBu2,BuCN,0.057,105,PENDING,PENDING,0.0,4.838765736949921,6.115744763946792,0.001681069881548574,0.06004610305641521,0.07581886798370219,0.0926382963722791
KOAc,PPhtBu2,BuCN,0.057,90,PENDING,PENDING,0.0,4.3163025327837445,6.159174052954179,0.0013458153989586424,0.0693978918920908,0.07617238837578041,0.10101546631341829
KOAc,PPhMe2,p-Xylene,0.153,120,PENDING,PENDING,0.0,1.7313314911078939,6.125969212448427,0.000245194051443659,0.027873751466602398,0.06077447713710945,0.06175395123740666
KOAc,PPhMe2,p-Xylene,0.153,105,PENDING,PENDING,0.0,1.1831004396045497,5.833450392055539,7.405933039485797e-05,0.035344809040977504,0.05867769032652541,0.06752648445719012
KOAc,PPhMe2,p-Xylene,0.153,90,PENDING,PENDING,0.0,0.7089544726413974,5.875976596093053,5.936074291371151e-05,0.04480811169828662,0.06054917356790196,0.07617729671867884
KOAc,PPhMe2,p-Xylene,0.1,120,PENDING,PENDING,0.0,2.135763250356113,5.9125526711228416,0.0001841368699295235,0.035991054284139345,0.05899354886058803,0.06815266682684376
KOAc,PPhMe2,p-Xylene,0.1,105,PENDING,PENDING,0.0,1.5694803942537376,5.581294836174928,4.4721123146018726e-05,0.04352799367744542,0.05621691679783303,0.07423078175230774
KOAc,PPhMe2,p-Xylene,0.1,90,PENDING,PENDING,0.0,1.072023011633954,5.602912527318149,3.2395093288914195e-05,0.05294943133049036,0.05759099560002676,0.0830242465415465
KOAc,PPhMe2,p-Xylene,0.057,120,PENDING,PENDING,0.0,2.505711550058108,6.011190297917083,0.0003067583361911737,0.043969119858461164,0.060452272311572464,0.07541655340143243
KOAc,PPhMe2,p-Xylene,0.057,105,PENDING,PENDING,0.0,1.933372344595309,5.669608954369414,7.862987100454473e-05,0.05150148661560529,0.057234956973794326,0.08164033731506054
KOAc,PPhMe2,p-Xylene,0.057,90,PENDING,PENDING,0.0,1.4238140634858176,5.67464951672878,5.4129350022779515e-05,0.06079331644498216,0.058139622427967205,0.09038287724000524
KOAc,PPhMe2,DMAc,0.153,120,PENDING,PENDING,0.0,3.019727073363292,6.290696455114066,0.0008147598413875291,0.03513103191642934,0.061211759301425084,0.06792341025519089
KOAc,PPhMe2,DMAc,0.153,105,PENDING,PENDING,0.0,2.462264545498222,6.1003051774826735,0.0003717748733805216,0.04255031633672175,0.059861308686212894,0.07404844612126976
KOAc,PPhMe2,DMAc,0.153,90,PENDING,PENDING,0.0,1.9560805574463935,6.226586442657549,0.000363934881872802,0.05185183885105875,0.06232214945475424,0.08279326334161755
KOAc,PPhMe2,DMAc,0.1,120,PENDING,PENDING,0.0,3.4333884390096654,6.019046808966631,0.0005738342887038764,0.04328782054936317,0.05876535766175119,0.07448646552225223
KOAc,PPhMe2,DMAc,0.1,105,PENDING,PENDING,0.0,2.8570837226023444,5.8014003300761345,0.00022564887145744153,0.05077072981810378,0.056892163421578,0.08091778141959513
KOAc,PPhMe2,DMAc,0.1,90,PENDING,PENDING,0.0,2.3264546003245945,5.922423732924985,0.00021580733683477593,0.060027147835487266,0.05906037434647229,0.08978479761730519
KOAc,PPhMe2,DMAc,0.057,120,PENDING,PENDING,0.0,3.7904877741308,6.066475022849824,0.0008015255717997334,0.05121443260762293,0.05979342083355457,0.08178535456841839
KOAc,PPhMe2,DMAc,0.057,105,PENDING,PENDING,0.0,3.207746989219418,5.8386406918464,0.0003173930545470041,0.058691559196833304,0.05754514258387933,0.08834196874585759
KOAc,PPhMe2,DMAc,0.057,90,PENDING,PENDING,0.0,2.6650719237953355,5.948497277300211,0.00029108283135151087,0.06781918322804191,0.05935563203150687,0.09714141774139014
KOAc,PPhMe2,BuOAc,0.153,120,PENDING,PENDING,0.0,1.5470204216790675,5.354735734537371,1.9798083112763378e-05,0.043926461745582346,0.04417594299201448,0.07287548542681387
KOAc,PPhMe2,BuOAc,0.153,105,PENDING,PENDING,0.0,1.0196540839760608,5.044908242757197,3.4074762972327908e-06,0.05239604324269495,0.04132955402831615,0.0807901974061611
KOAc,PPhMe2,BuOAc,0.153,90,PENDING,PENDING,0.0,0.5711911555223672,5.139130577052734,3.3927734448270215e-06,0.06263512127619282,0.044167523265306506,0.09094914362449315
KOAc,PPhMe2,BuOAc,0.1,120,PENDING,PENDING,0.0,1.9148125676308223,5.1235904186025225,1.1121235606143459e-05,0.052349140832305435,0.04215418669638892,0.08079613388689785
KOAc,PPhMe2,BuOAc,0.1,105,PENDING,PENDING,0.0,1.3682940572142224,4.765149518822533,1.2390206000683662e-06,0.060892756322470654,0.038118556755264627,0.08900787569106619
KOAc,PPhMe2,BuOAc,0.1,90,PENDING,PENDING,0.0,0.897160151716351,4.837657887426874,1.096403474627038e-06,0.07108578735193793,0.04022581062699609,0.09916413301481988
KOAc,PPhMe2,BuOAc,0.057,120,PENDING,PENDING,0.0,2.2588391590647934,5.270945257794821,2.6664706006906827e-05,0.06040653129307651,0.04493358864253165,0.0888108553711705
KOAc,PPhMe2,BuOAc,0.057,105,PENDING,PENDING,0.0,1.704696863295458,4.903027463839377,3.4665377935985236e-06,0.06892962205534396,0.04035083163292639,0.09702674710947777
KOAc,PPhMe2,BuOAc,0.057,90,PENDING,PENDING,0.0,1.220995234911376,4.952984625730349,2.7079514636023768e-06,0.07897215493112773,0.04162989330520489,0.10702729572240399
KOAc,PPhMe2,BuCN,0.153,120,PENDING,PENDING,0.0,1.2465784404033045,5.582402982030225,3.4730460207745137e-05,0.023808861837415707,0.05199474702764999,0.056160291039684354
KOAc,PPhMe2,BuCN,0.153,105,PENDING,PENDING,0.0,0.6778580458299563,5.242458719320729,5.8809620431115065e-06,0.03137222956927492,0.04825889931332772,0.0619050237646869
KOAc,PPhMe2,BuCN,0.153,90,PENDING,PENDING,0.0,0.1938428890474153,5.283173961760611,4.485396322279569e-06,0.04101912826196501,0.049279883102375924,0.07081286881974594
KOAc,PPhMe2,BuCN,0.1,120,PENDING,PENDING,0.0,1.6285761149395492,5.353623064700838,2.113477196158701e-05,0.03206688992503119,0.05041703153143586,0.06293503603859016
KOAc,PPhMe2,BuCN,0.1,105,PENDING,PENDING,0.0,1.0397810151588294,4.968977830843477,2.438469248559937e-06,0.039697771859982925,0.045831402109997935,0.06910143104013511
KOAc,PPhMe2,BuCN,0.1,90,PENDING,PENDING,0.0,0.5316020936935866,4.987865032118047,1.6037554293874318e-06,0.04929924971564058,0.04619239694144091,0.07818882118430244
KOAc,PPhMe2,BuCN,0.057,120,PENDING,PENDING,0.0,1.988816037738494,5.478442583996841,4.4272709660359596e-05,0.04022231891822785,0.052607054537151525,0.07062274986280134
KOAc,PPhMe2,BuCN,0.057,105,PENDING,PENDING,0.0,1.3930539921964114,5.08734453781299,5.884844136869833e-06,0.04784973449647227,0.047669295777332726,0.07696959038911032
KOAc,PPhMe2,BuCN,0.057,90,PENDING,PENDING,0.0,0.8723414863673975,5.089324736461776,3.6165776577198086e-06,0.05731546095544986,0.047511749151365086,0.08598955203158215
KOAc,PPh3,p-Xylene,0.153,120,PENDING,PENDING,0.0,3.924254117662784,6.448234352464305,0.0018887358018363706,0.017424726244399835,0.0736670854735414,0.057509122496248996
KOAc,PPh3,p-Xylene,0.153,105,PENDING,PENDING,0.0,3.401976118439255,6.203850863596775,0.0008520415200446423,0.024646599347203535,0.0719589510918878,0.06237941519104233
KOAc,PPh3,p-Xylene,0.153,90,PENDING,PENDING,0.0,2.9147506104244925,6.259702398580453,0.0007147431428129979,0.03398558223210775,0.0732407539192022,0.07008367583673822
KOAc,PPh3,p-Xylene,0.1,120,PENDING,PENDING,0.0,4.399433220542394,6.221869965515622,0.001603076439317671,0.024914017373671174,0.07120079134231262,0.06235470093553533
KOAc,PPh3,p-Xylene,0.1,105,PENDING,PENDING,0.0,3.8604203103772985,5.93360937090865,0.0006190165491409393,0.032176769717102566,0.06880449237172825,0.06740470226408364
KOAc,PPh3,p-Xylene,0.1,90,PENDING,PENDING,0.0,3.348463886837392,5.962358546071167,0.0004747493261144037,0.041469984900979,0.06956669266704793,0.07527120987060595
KOAc,PPh3,p-Xylene,0.057,120,PENDING,PENDING,0.0,4.791932099665736,6.290411565207663,0.0022893117524685896,0.032488700427685535,0.07150640638004975,0.06840057857372701
KOAc,PPh3,p-Xylene,0.057,105,PENDING,PENDING,0.0,4.246998310693387,5.98274982930388,0.0008861518468650277,0.03973165679164663,0.06859858291397838,0.07357577022198025
KOAc,PPh3,p-Xylene,0.057,90,PENDING,PENDING,0.0,3.722182277290605,5.98931730247569,0.0006445680509610512,0.04889430896845809,0.06891291999464924,0.08146662006645967
KOAc,PPh3,DMAc,0.153,120,PENDING,PENDING,0.0,5.216805375478068,6.577750361144121,0.0047190324058831515,0.024645301894357804,0.07268520053532722,0.06260074192639714
KOAc,PPh3,DMAc,0.153,105,PENDING,PENDING,0.0,4.683815946590477,6.43270270910578,0.0027905723732036918,0.03181775720675595,0.07156488468167327,0.06788037866950303
KOAc,PPh3,DMAc,0.153,90,PENDING,PENDING,0.0,4.163001686496943,6.573539128999957,0.002698621051460428,0.040998927559212375,0.0734274809123965,0.07584221044858519
KOAc,PPh3,DMAc,0.1,120,PENDING,PENDING,0.0,5.700191480080552,6.284834714962636,0.0037482198265087266,0.03217952832991618,0.06946515438832895,0.06758740931011531
KOAc,PPh3,DMAc,0.1,105,PENDING,PENDING,0.0,5.149460304945107,6.107687372483292,0.0019862153021810956,0.039391418307899106,0.06776512569296264,0.07308673790137024
KOAc,PPh3,DMAc,0.1,90,PENDING,PENDING,0.0,4.602676502344293,6.23818042475419,0.0018618596525290555,0.04852393341693724,0.06927423918939173,0.0812235306423758
KOAc,PPh3,DMAc,0.057,120,PENDING,PENDING,0.0,6.078886862741483,6.298386136281129,0.004703366968338521,0.039708187689764765,0.06931571743753118,0.07373279566353536
KOAc,PPh3,DMAc,0.057,105,PENDING,PENDING,0.0,5.521784603869586,6.103151033790365,0.002444436474525625,0.046899624087061706,0.06715678170604962,0.07935980332420536
KOAc,PPh3,DMAc,0.057,90,PENDING,PENDING,0.0,4.962207148632298,6.218086278642802,0.0022022311904575723,0.0559024956196698,0.0683120237450483,0.0875076202434793
KOAc,PPh3,BuOAc,0.153,120,PENDING,PENDING,0.0,3.7705510178812633,5.6223440942848715,0.0002653425534686264,0.03178880246574231,0.05626905708691124,0.06393424455574266
KOAc,PPh3,BuOAc,0.153,105,PENDING,PENDING,0.0,3.269019560720068,5.3448856959433675,7.942606849851899e-05,0.03991289711384419,0.053577097270953514,0.07051442662046242
KOAc,PPh3,BuOAc,0.153,90,PENDING,PENDING,0.0,2.805664565911461,5.433036823137536,7.311616265783232e-05,0.0499891697703171,0.05509942654361386,0.0799308121388989
KOAc,PPh3,BuOAc,0.1,120,PENDING,PENDING,0.0,4.210499816062926,5.384048901210722,0.00018695914693972948,0.039501302616440886,0.05315226041167532,0.07006913386160157
KOAc,PPh3,BuOAc,0.1,105,PENDING,PENDING,0.0,3.6908991368001804,5.049536278627474,4.0749799420715144e-05,0.04766608567428131,0.04927005624104182,0.07698510979155093
KOAc,PPh3,BuOAc,0.1,90,PENDING,PENDING,0.0,3.20291918679058,5.104372717572866,3.258066265611351e-05,0.05769146353798242,0.0499784257430678,0.0865619943223624
KOAc,PPh3,BuOAc,0.057,120,PENDING,PENDING,0.0,4.576718387364599,5.505146171996674,0.00034470869950207,0.04713238926630256,0.054113118779045,0.07715667731061958
KOAc,PPh3,BuOAc,0.057,105,PENDING,PENDING,0.0,4.0494139791405965,5.150011300960178,7.869896661347534e-05,0.055260101103865256,0.04948917769454294,0.08419324403923617
KOAc,PPh3,BuOAc,0.057,90,PENDING,PENDING,0.0,3.5478528998729812,5.175261262536015,5.645117787746916e-05,0.06513509425099977,0.04947309913164658,0.09369562330151114
KOAc,PPh3,BuCN,0.153,120,PENDING,PENDING,0.0,3.508128806709585,6.085116351162951,0.0007001867942680248,0.013155233092160823,0.06741736999316107,0.05232586211510934
KOAc,PPh3,BuCN,0.153,105,PENDING,PENDING,0.0,2.967536233225534,5.819234872642815,0.0002556465131807687,0.020461667051953264,0.06466256745843726,0.05694194958539655
KOAc,PPh3,BuCN,0.153,90,PENDING,PENDING,0.0,2.469844717090724,5.874839278855387,0.00020983673956905804,0.029980924486912974,0.06518113318546714,0.06464385799982202
KOAc,PPh3,BuCN,0.1,120,PENDING,PENDING,0.0,3.9647638465172794,5.85009147016937,0.0005435565285237705,0.020749932269528593,0.06493281429770081,0.0572462656510058
KOAc,PPh3,BuCN,0.1,105,PENDING,PENDING,0.0,3.4056369310945103,5.536801422023188,0.0001596033288278377,0.028095444745453113,0.06136451423595911,0.06209046690392095
KOAc,PPh3,BuCN,0.1,90,PENDING,PENDING,0.0,2.8822138051331194,5.564001250891327,0.00011677005924009502,0.037564930184838,0.06124618623493564,0.07000815388297224
KOAc,PPh3,BuCN,0.057,120,PENDING,PENDING,0.0,4.348256045558689,5.933019872258068,0.00084547689354025,0.02847822561946635,0.06550476540170255,0.06351558957271622
KOAc,PPh3,BuCN,0.057,105,PENDING,PENDING,0.0,3.782296809364219,5.600987096406485,0.00025240748767349844,0.035802590449429475,0.06140757096201233,0.068539731539585
KOAc,PPh3,BuCN,0.057,90,PENDING,PENDING,0.0,3.245501262870593,5.605191459070917,0.00017279442170524233,0.04513500184056987,0.06079876976565307,0.07651505285941693
KOAc,PPh2Me,p-Xylene,0.153,120,PENDING,PENDING,0.0,2.201199860379987,5.62029742032737,8.272917659698218e-05,0.019185423583341438,0.051331806502660594,0.05215173885814709
KOAc,PPh2Me,p-Xylene,0.153,105,PENDING,PENDING,0.0,1.6717746493511019,5.4399447029818715,2.993937705644703e-05,0.026677325622622677,0.05110249001144473,0.058387020704499026
KOAc,PPh2Me,p-Xylene,0.153,90,PENDING,PENDING,0.0,1.2094331752664145,5.627390132376923,3.923849723042451e-05,0.03628744316844,0.0554744338125542,0.0676609875220912
KOAc,PPh2Me,p-Xylene,0.1,120,PENDING,PENDING,0.0,2.6852125848431734,5.544291156665539,9.464291999143918e-05,0.027099517977445364,0.05160059502431778,0.05886126822351838
KOAc,PPh2Me,p-Xylene,0.1,105,PENDING,PENDING,0.0,2.1396135889220975,5.324158419737648,2.9250718072220913e-05,0.034647579502801354,0.050554794172434206,0.06525247062142688
KOAc,PPh2Me,p-Xylene,0.1,90,PENDING,PENDING,0.0,1.652760384101673,5.478222399463268,3.3701786589830944e-05,0.04421351645479661,0.05416019233143005,0.07449871912855607
KOAc,PPh2Me,p-Xylene,0.057,120,PENDING,PENDING,0.0,3.1134440106493053,5.790123362643787,0.00026191933650657065,0.03501819258881596,0.05537924963768037,0.06653132052213344
KOAc,PPh2Me,p-Xylene,0.057,105,PENDING,PENDING,0.0,2.5627508356612996,5.553540982567079,8.866425752966102e-05,0.04255289448384583,0.05371893549342975,0.07291900493030233
KOAc,PPh2Me,p-Xylene,0.057,90,PENDING,PENDING,0.0,2.062464595112383,5.6705214629900755,8.692659345576823e-05,0.05198269444331319,0.05646580550825588,0.08196809376449958
KOAc,PPh2Me,DMAc,0.153,120,PENDING,PENDING,0.0,3.4943859003333517,5.872979971757725,0.0004202961702179913,0.026459403591981026,0.053896767691931365,0.05885113070002616
KOAc,PPh2Me,DMAc,0.153,105,PENDING,PENDING,0.0,2.955005212828625,5.80024516212105,0.00024091501321508004,0.033898560880183864,0.054497586578428535,0.06537046599019815
KOAc,PPh2Me,DMAc,0.153,90,PENDING,PENDING,0.0,2.4596792873649695,6.062411599163644,0.0003381807739556205,0.04334528518617324,0.05923316755750043,0.074627322172218
KOAc,PPh2Me,DMAc,0.1,120,PENDING,PENDING,0.0,3.9856919979872147,5.724407464715652,0.00040376316699893174,0.034414552033872114,0.053278101252197084,0.0655720715300004
KOAc,PPh2Me,DMAc,0.1,105,PENDING,PENDING,0.0,3.4292180558756997,5.623379474985637,0.00020805999367850322,0.04190799815757501,0.05325670847745511,0.07225723444148834
KOAc,PPh2Me,DMAc,0.1,90,PENDING,PENDING,0.0,2.9082824545585764,5.869495157945531,0.00028006316226030815,0.05130751934083563,0.05748365702098643,0.08150056963569118
KOAc,PPh2Me,DMAc,0.057,120,PENDING,PENDING,0.0,4.399290227477462,5.9028633427150545,0.0008159660203635229,0.042282302481964976,0.056338682331348575,0.07313648182115617
KOAc,PPh2Me,DMAc,0.057,105,PENDING,PENDING,0.0,3.837279543012148,5.783783995058204,0.0004239476943484581,0.04976154402610368,0.05575583509166038,0.07981903206511237
KOAc,PPh2Me,DMAc,0.057,90,PENDING,PENDING,0.0,3.3030482909565597,5.999935222274542,0.0005042852384913839,0.05902604255852954,0.05928507381164033,0.08888337599589219
KOAc,PPh2Me,BuOAc,0.153,105,PENDING,PENDING,0.0,1.5289645278295412,4.516614045001317,3.699959688194591e-07,0.0429385238099185,0.03203428933896443,0.07107688687901628
KOAc,PPh2Me,BuOAc,0.153,90,PENDING,PENDING,0.0,1.0965416461187454,4.817435612423277,1.2185224511537548e-06,0.05335238309092037,0.03938094662581005,0.08162042907303596
KOAc,PPh2Me,BuOAc,0.1,120,PENDING,PENDING,0.0,2.489159109400792,4.66053886407842,2.3856951910447436e-06,0.04266388389239266,0.03361674578585182,0.07086828790771302
KOAc,PPh2Me,BuOAc,0.1,105,PENDING,PENDING,0.0,1.9680851675789697,4.452514775989399,4.2232731067265717e-07,0.05121047470793458,0.03255834856585889,0.07927871793062796
KOAc,PPh2Me,BuOAc,0.1,90,PENDING,PENDING,0.0,1.5109342645590598,4.70763574449926,1.066422406038207e-06,0.061574846895235014,0.0384502474381711,0.08969197568569234
KOAc,PPh2Me,BuOAc,0.057,120,PENDING,PENDING,0.0,2.8982843261830484,5.033961205534346,1.897333937217802e-05,0.05068001668451508,0.040654099239543544,0.0790780687737911
KOAc,PPh2Me,BuOAc,0.057,105,PENDING,PENDING,0.0,2.3702411436279673,4.8074056983219675,4.314736973008606e-06,0.05919526287328358,0.0386750671983123,0.08734500902842565
KOAc,PPh2Me,BuOAc,0.057,90,PENDING,PENDING,0.0,1.8982040223125054,5.002092547999279,6.55546918603591e-06,0.06939917611793547,0.042702506501836886,0.09755262330281293
KOAc,PPh2Me,BuCN,0.153,120,PENDING,PENDING,0.0,1.7241597421442107,5.089672879569822,8.104552068321927e-06,0.014896101619263274,0.042749746006407116,0.046424527213943544
KOAc,PPh2Me,BuCN,0.153,105,PENDING,PENDING,0.0,1.175833098929691,4.891314011303442,1.92075192665648e-06,0.0224865184027003,0.041304987949876054,0.0526891823460316
KOAc,PPh2Me,BuCN,0.153,90,PENDING,PENDING,0.0,0.7051394966128424,5.108058385744712,3.352260514108825e-06,0.032294517450810925,0.04547593833195286,0.062242785516289194
KOAc,PPh2Me,BuCN,0.1,120,PENDING,PENDING,0.0,2.191754050340869,5.029442327961705,9.723421023155523e-06,0.02293969239724708,0.04379109029829382,0.053576970291362956
KOAc,PPh2Me,BuCN,0.1,105,PENDING,PENDING,0.0,1.6255069415227412,4.787967252558901,1.8273050852252387e-06,0.030586125302018194,0.04139313650228737,0.060042236017049215
KOAc,PPh2Me,BuCN,0.1,90,PENDING,PENDING,0.0,1.1291790629071397,4.967384972070569,2.645645961529132e-06,0.040345753388698086,0.04454926188393845,0.06954171075955415
KOAc,PPh2Me,BuCN,0.057,120,PENDING,PENDING,0.0,2.6150953565728874,5.328266236705509,4.413136004288178e-05,0.031034247155047268,0.04878244311716724,0.0617038841893552
KOAc,PPh2Me,BuCN,0.057,105,PENDING,PENDING,0.0,2.0429753208868555,5.072716439858298,1.0145881217979885e-05,0.038666623530609096,0.045864384475046115,0.06814846336396368
KOAc,PPh2Me,BuCN,0.057,90,PENDING,PENDING,0.0,1.53247873537462,5.208008187435128,1.1077718924519298e-05,0.048282410576356655,0.047966537636912665,0.07741157053110614
KOAc,PCy3 HBF4,p-Xylene,0.153,120,PENDING,PENDING,0.0,3.2071754717078536,5.512673084671719,0.00012795807778968145,0.016522058165585107,0.051977330221096615,0.05016126528077906
KOAc,PCy3 HBF4,p-Xylene,0.153,105,PENDING,PENDING,0.0,2.6774494909866755,5.1978314343606495,2.918139676032997e-05,0.023746640039590927,0.04851237156251801,0.05529053764545621
KOAc,PCy3 HBF4,p-Xylene,0.153,90,PENDING,PENDING,0.0,2.199861600766724,5.276974893073867,2.5922547363687904e-05,0.03315609442516661,0.050153266283850494,0.06384907395458259
KOAc,PCy3 HBF4,p-Xylene,0.1,120,PENDING,PENDING,0.0,3.7098898163123977,5.397489806267079,0.0001326151825585026,0.02432967389527206,0.05172250347529857,0.0565333326236806
KOAc,PCy3 HBF4,p-Xylene,0.1,105,PENDING,PENDING,0.0,3.164508611690103,5.039812015906163,2.4671703146923914e-05,0.03160560456174247,0.04741032634193429,0.061957190543591306
KOAc,PCy3 HBF4,p-Xylene,0.1,90,PENDING,PENDING,0.0,2.662216959564959,5.08569184769101,1.8797061894376427e-05,0.04097134131624569,0.048232996617053346,0.07061533679616933
KOAc,PCy3 HBF4,p-Xylene,0.057,120,PENDING,PENDING,0.0,4.138086975223974,5.620666522609212,0.00034304412712448263,0.03221092793691105,0.0551204615295153,0.06404043660833988
KOAc,PCy3 HBF4,p-Xylene,0.057,105,PENDING,PENDING,0.0,3.5882019940206917,5.258014234165093,7.726872243042334e-05,0.03948094089265079,0.050492054152028086,0.06959623037452897
KOAc,PCy3 HBF4,p-Xylene,0.057,90,PENDING,PENDING,0.0,3.072845624915067,5.276468838518477,5.388368432043128e-05,0.04871831307335553,0.050656093705557195,0.07814326931431748
KOAc,PCy3 HBF4,DMAc,0.153,120,PENDING,PENDING,0.0,4.571306131659051,5.930910973076061,0.0009691471455260999,0.023907829881650355,0.05785508323754772,0.057738307051633284
KOAc,PCy3 HBF4,DMAc,0.153,105,PENDING,PENDING,0.0,4.032651333204518,5.746730266998629,0.0004411767068152536,0.031087180772670295,0.05558022721202582,0.06317738748873047
KOAc,PCy3 HBF4,DMAc,0.153,90,PENDING,PENDING,0.0,3.519922559893185,5.905343978670844,0.00046291164439199277,0.04033540363060589,0.05753932133223064,0.07163564875620347
KOAc,PCy3 HBF4,DMAc,0.1,120,PENDING,PENDING,0.0,5.080036728882731,5.729031344561787,0.0008518928638822417,0.031756502173073686,0.056489915886737886,0.06395685433479653
KOAc,PCy3 HBF4,DMAc,0.1,105,PENDING,PENDING,0.0,4.524602552923806,5.514279000987413,0.0003402764985618312,0.03898552593308849,0.053561740528599626,0.0696807658347965
KOAc,PCy3 HBF4,DMAc,0.1,90,PENDING,PENDING,0.0,3.9860199191847903,5.659573921276519,0.0003414900200337549,0.04818715437236952,0.05501211805858098,0.0782612730852064
KOAc,PCy3 HBF4,DMAc,0.057,120,PENDING,PENDING,0.0,5.4902709363307745,5.860336992767179,0.0014788436847475717,0.0395832971652271,0.05872970151999639,0.07121457626388886
KOAc,PCy3 HBF4,DMAc,0.057,105,PENDING,PENDING,0.0,4.929642838218104,5.635320643839601,0.0006163436058096803,0.04680499804317988,0.05546221785380383,0.07706841811920906
KOAc,PCy3 HBF4,DMAc,0.057,90,PENDING,PENDING,0.0,4.378216995341935,5.760946958387848,0.0005770089300540307,0.05587921542189826,0.05644029474013784,0.08557499277858639
KOAc,PCy3 HBF4,BuOAc,0.153,120,PENDING,PENDING,0.0,3.116025565201427,4.875355410550165,1.2135911456769764e-05,0.031017821585810387,0.03916965382126433,0.060137044193882716
KOAc,PCy3 HBF4,BuOAc,0.153,105,PENDING,PENDING,0.0,2.6068673006461793,4.50949677339971,1.2234687838589958e-06,0.03912148345540517,0.03334348159668319,0.06738309561081958
KOAc,PCy3 HBF4,BuOAc,0.153,90,PENDING,PENDING,0.0,2.151037843139963,4.603790177362966,1.2303058001515755e-06,0.04925984353702949,0.034531711462214024,0.0773996186046702
KOAc,PCy3 HBF4,BuOAc,0.1,120,PENDING,PENDING,0.0,3.5840016708643825,4.761508678382171,1.1693281641613038e-05,0.03907346693537646,0.038868175407789037,0.0677294883019863
KOAc,PCy3 HBF4,BuOAc,0.1,105,PENDING,PENDING,0.0,3.057766521033059,4.34033591455094,7.872522652720475e-07,0.04722587964130766,0.031520000745480364,0.0753032257119163
KOAc,PCy3 HBF4,BuOAc,0.057,120,PENDING,PENDING,0.0,3.985156414778415,5.045659326651592,5.187607549319618e-05,0.04704420514743664,0.04363184630505055,0.0757926520662756
KOAc,PCy3 HBF4,BuOAc,0.057,105,PENDING,PENDING,0.0,3.4530407138398598,4.626793333703565,5.5556797060308226e-06,0.05518125355169004,0.03631615408801113,0.08330608804909341
KOAc,PCy3 HBF4,BuOAc,0.057,90,PENDING,PENDING,0.0,2.959262542366917,4.646378882440452,3.651260482162515e-06,0.0651239469702833,0.03515843359576824,0.09315599720724342
KOAc,PCy3 HBF4,BuCN,0.153,120,PENDING,PENDING,0.0,2.8253335991382773,5.286730916948211,4.547593541289548e-05,0.012241872813510024,0.04956027925048328,0.046065114040777594
KOAc,PCy3 HBF4,BuCN,0.153,105,PENDING,PENDING,0.0,2.2775014319578344,4.945947750340839,7.374234601718925e-06,0.019539778521772883,0.04451788039329388,0.05078331182686695
KOAc,PCy3 HBF4,BuCN,0.153,90,PENDING,PENDING,0.0,1.7884114330318561,5.012521602304367,6.1789745728460565e-06,0.029125414624543905,0.04464601860704826,0.0592373696416845
KOAc,PCy3 HBF4,BuCN,0.1,120,PENDING,PENDING,0.0,3.3096686860722673,5.166544088045198,4.4769825393690846e-05,0.02016610584655676,0.049487137822701,0.052493001664433596
KOAc,PCy3 HBF4,BuCN,0.1,105,PENDING,PENDING,0.0,2.744380076450609,4.780457111066166,5.5446954035334495e-06,0.027513420336291824,0.04353518263016816,0.057591775528807745
KOAc,PCy3 HBF4,BuCN,0.1,90,PENDING,PENDING,0.0,2.2296407788073798,4.812605190300985,3.836521764369606e-06,0.037051025496716725,0.04269949277699223,0.06622572738068111
KOAc,PCy3 HBF4,BuCN,0.057,120,PENDING,PENDING,0.0,3.7282019771096992,5.401194513606687,0.00013603084946498326,0.028215869807120694,0.05313473603934071,0.06016489149435656
KOAc,PCy3 HBF4,BuCN,0.057,105,PENDING,PENDING,0.0,3.15762029169255,5.013518473193122,2.2139776106668257e-05,0.03555850606718526,0.04703286736186753,0.06546539840785981
KOAc,PCy3 HBF4,BuCN,0.057,90,PENDING,PENDING,0.0,2.629490148244764,5.0193331730583886,1.3994846514032186e-05,0.04496231788140835,0.04563654454160212,0.07401471398793473
KOAc,P(fur)3,p-Xylene,0.153,120,PENDING,PENDING,0.0,8.59168985527589,6.059368750569247,0.012082544590037353,0.024120382830363316,0.05878415321525362,0.058160324658759574
KOAc,P(fur)3,p-Xylene,0.153,105,PENDING,PENDING,0.0,8.122319935851042,5.9694568332046964,0.0082522405583602,0.03194116475857703,0.059291592443353414,0.06476871950622762
KOAc,P(fur)3,p-Xylene,0.153,90,PENDING,PENDING,0.0,7.603057546440691,6.206585405799879,0.009040029213039397,0.041789353144097485,0.06361778623323792,0.07417025277566636
KOAc,P(fur)3,p-Xylene,0.1,120,PENDING,PENDING,0.0,9.165660961801034,5.764400020893698,0.010520826790785462,0.031984154109091556,0.05521642672585022,0.0638661251214904
KOAc,P(fur)3,p-Xylene,0.1,105,PENDING,PENDING,0.0,8.683321197104629,5.64143783199452,0.006579158196689701,0.03986879167382264,0.0550824660287618,0.07075013130490931
KOAc,P(fur)3,p-Xylene,0.1,90,PENDING,PENDING,0.0,8.138951884794949,5.8723734610162115,0.007127540687391992,0.049682192006797646,0.05916832278664639,0.08029205877103643
KOAc,P(fur)3,p-Xylene,0.057,120,PENDING,PENDING,0.0,9.564596513406165,5.817522451512338,0.014088450735054034,0.03980099324785234,0.055596557733575275,0.0707865822260838
KOAc,P(fur)3,p-Xylene,0.057,105,PENDING,PENDING,0.0,9.077683150214803,5.673000996179243,0.008673043936568467,0.04767034901821754,0.05484115037893783,0.07776135986912895
KOAc,P(fur)3,p-Xylene,0.057,90,PENDING,PENDING,0.0,8.521324247358734,5.882677737522791,0.008925632220640495,0.0573498686754772,0.058456487386877615,0.08721402636038675
KOAc,P(fur)3,DMAc,0.153,105,PENDING,PENDING,0.0,9.139254525811257,6.563772861174363,0.029784464903226004,0.0391462266939292,0.06525505823580555,0.0722793023074082
KOAc,P(fur)3,DMAc,0.153,90,PENDING,PENDING,0.0,8.592666850632773,6.84694134988536,0.0321759615450197,0.04882836985563596,0.06974705037081566,0.08158953120524692
KOAc,P(fur)3,DMAc,0.1,120,PENDING,PENDING,0.0,10.191292475915127,6.2516553118171005,0.03337245971184796,0.039288417892045124,0.060398665810695605,0.07130850664745132
KOAc,P(fur)3,DMAc,0.1,105,PENDING,PENDING,0.0,9.69334163298634,6.239592950934606,0.026208055912950057,0.0471146985537569,0.061273978584251106,0.07836306729378739
KOAc,P(fur)3,DMAc,0.1,90,PENDING,PENDING,0.0,9.121093141758433,6.527259653135374,0.028350348328124275,0.056758671327134816,0.06566755984646956,0.08779698911585222
KOAc,P(fur)3,DMAc,0.057,120,PENDING,PENDING,0.0,10.57392051097505,6.262644363677369,0.04007270067851462,0.04705631768067407,0.06046524220620822,0.07816023533976921
KOAc,P(fur)3,DMAc,0.057,105,PENDING,PENDING,0.0,10.07081637682391,6.233644084849635,0.030951641028765492,0.05486648805295537,0.060874338719412065,0.08528500192886879
KOAc,P(fur)3,DMAc,0.057,90,PENDING,PENDING,0.0,9.486768462132957,6.507758826772789,0.03255995185030819,0.06437753063400097,0.06494271516124331,0.09463246485034986
KOAc,P(fur)3,BuOAc,0.153,120,PENDING,PENDING,0.0,8.422040948836138,5.540689560175835,0.004717621348698929,0.039043708446604,0.046156191231183044,0.06853849027299756
KOAc,P(fur)3,BuOAc,0.153,105,PENDING,PENDING,0.0,7.97079131009424,5.485065961452747,0.0032179950511451727,0.04785619106249388,0.04715973353367377,0.07691912950886852
KOAc,P(fur)3,BuOAc,0.153,90,PENDING,PENDING,0.0,7.4738427593494,5.78618491487581,0.004216348655486472,0.058511778903508976,0.05273996120284423,0.08761419323581174
KOAc,P(fur)3,BuOAc,0.1,120,PENDING,PENDING,0.0,8.958279690912006,5.284750486624811,0.004036436753772847,0.04717796428295655,0.04287784850339924,0.07585425399124457
KOAc,P(fur)3,BuOAc,0.1,105,PENDING,PENDING,0.0,8.492830539386922,5.196252141932379,0.002483389593780465,0.056061814854772754,0.043000136669437375,0.08446172293952711
KOAc,P(fur)3,BuOAc,0.1,90,PENDING,PENDING,0.0,7.9713019654380695,5.489836240343201,0.003249505549143869,0.06668123171280772,0.048251841173731706,0.09512256060043371
KOAc,P(fur)3,BuOAc,0.057,120,PENDING,PENDING,0.0,9.329419402134201,5.410112091364698,0.00641729306730518,0.05507768378570049,0.04470931205674703,0.08361660236618867
KOAc,P(fur)3,BuOAc,0.057,105,PENDING,PENDING,0.0,8.857911578105362,5.298347220214341,0.003889963042345068,0.06393010295870055,0.04397321318012032,0.09221020210758366
KOAc,P(fur)3,BuOAc,0.057,90,PENDING,PENDING,0.0,8.324113729939038,5.561933789043618,0.004625944538107482,0.07439479085878502,0.04842847535801243,0.10268402137180999
KOAc,P(fur)3,BuCN,0.153,120,PENDING,PENDING,0.0,8.171312480175125,5.9123780764752105,0.0077399882037047785,0.01999430382310549,0.055827229278727714,0.05401779751686861
KOAc,P(fur)3,BuCN,0.153,105,PENDING,PENDING,0.0,7.683760487362331,5.832266148820511,0.005163074273321612,0.02793080235767864,0.05563633069511242,0.06050950259963189
KOAc,P(fur)3,BuCN,0.153,90,PENDING,PENDING,0.0,7.154773808461146,6.079652931931318,0.005847541466701765,0.03798576296022918,0.05935199831195812,0.0699541607383498
KOAc,P(fur)3,BuCN,0.1,120,PENDING,PENDING,0.0,8.724814037455197,5.641034004183702,0.006733277072175928,0.027983556055846195,0.05286434502616315,0.05990463681098691
KOAc,P(fur)3,BuCN,0.1,105,PENDING,PENDING,0.0,8.222606972036935,5.530580125165175,0.0041037660338248474,0.03598504868401668,0.05198214719964258,0.06671056385847998
KOAc,P(fur)3,BuCN,0.1,90,PENDING,PENDING,0.0,7.6678792217145055,5.771593293873781,0.004597114904177323,0.04600259099712045,0.05535006524531443,0.07631981459365857
KOAc,P(fur)3,BuCN,0.057,120,PENDING,PENDING,0.0,9.113581989882722,5.719064734599805,0.009525669235626477,0.03596763179849903,0.05385433999517213,0.06705482688818733
KOAc,P(fur)3,BuCN,0.057,105,PENDING,PENDING,0.0,8.606011987758801,5.588309402767361,0.0057344501360393,0.0439531854694437,0.052376495957854916,0.07397640857267343
KOAc,P(fur)3,BuCN,0.057,90,PENDING,PENDING,0.0,8.039017412315406,5.806890447911971,0.006044597758225488,0.05383001320401827,0.05522462873858481,0.0835057436060877
KOAc,JackiePhos,p-Xylene,0.153,120,PENDING,PENDING,0.0,4.7220426541877085,5.829159008543059,0.0008492219335242551,0.36529007063487906,0.07866901253235167,0.3932780458599089
KOAc,JackiePhos,p-Xylene,0.153,105,PENDING,PENDING,0.0,4.21793912828149,5.540999673456213,0.0002932778729048029,0.37216889084265825,0.07180469775217152,0.4001568619950751
KOAc,JackiePhos,p-Xylene,0.153,90,PENDING,PENDING,0.0,3.735341127917838,5.607774690802939,0.0002486054998353821,0.37684221908208715,0.06994741468698253,0.4048301901229653
KOAc,JackiePhos,p-Xylene,0.1,120,PENDING,PENDING,0.0,5.22383484633132,5.549418211814358,0.0006100176986229113,0.37318111023612444,0.07179825228901973,0.40116908137593005
KOAc,JackiePhos,p-Xylene,0.1,105,PENDING,PENDING,0.0,4.703986203133026,5.203979263526501,0.0001592613469984989,0.38016028453288286,0.0637302844305582,0.4081482555336016
KOAc,JackiePhos,p-Xylene,0.1,90,PENDING,PENDING,0.0,4.196710437977763,5.2407794228727,0.00011936941892232915,0.3848256223784562,0.06136124535411333,0.4128135933785317
KOAc,JackiePhos,p-Xylene,0.057,120,PENDING,PENDING,0.0,5.62572851019609,5.621377673163294,0.0009518007541847815,0.3778737941224465,0.07019675369540161,0.405861765164965
KOAc,JackiePhos,p-Xylene,0.057,105,PENDING,PENDING,0.0,5.10018831492335,5.254114637521628,0.0002520051177036715,0.38486661967790825,0.061711587923844055,0.412854590678007
KOAc,JackiePhos,p-Xylene,0.057,90,PENDING,PENDING,0.0,4.579937144351273,5.265507157187181,0.0001743932696630186,0.3894931681461923,0.05911311820479055,0.41748113914619883
KOAc,JackiePhos,DMAc,0.153,120,PENDING,PENDING,0.0,6.017752232516688,5.982956027533393,0.0025968520037129537,0.36998169027154637,0.08294782508974773,0.3979696741329301
KOAc,JackiePhos,DMAc,0.153,105,PENDING,PENDING,0.0,5.502497119628487,5.824236561505903,0.001380416708235535,0.3767562554267689,0.07858612003461668,0.4047442282833686
KOAc,JackiePhos,DMAc,0.153,90,PENDING,PENDING,0.0,4.985719576674496,5.999421934474601,0.0014499461335892617,0.3812778729092811,0.0788355063423728,0.4092658453938715
KOAc,JackiePhos,DMAc,0.1,120,PENDING,PENDING,0.0,6.527508289228597,5.631804294413184,0.001750436050393482,0.37790802866462586,0.0765513141975023,0.4058960004398609
KOAc,JackiePhos,DMAc,0.1,105,PENDING,PENDING,0.0,5.995452920033317,5.4345845260982175,0.0007837712559024337,0.384776044480543,0.07151453271438123,0.4127640155265896
KOAc,JackiePhos,DMAc,0.1,90,PENDING,PENDING,0.0,5.452728898652921,5.603963526966367,0.0008139961470699005,0.3892825972670342,0.07167884119504535,0.41727056830110204
KOAc,JackiePhos,DMAc,0.057,120,PENDING,PENDING,0.0,6.915245771029969,5.641942205323916,0.002282341775399526,0.3825934051627448,0.07500429147384637,0.41058137644660775
KOAc,JackiePhos,DMAc,0.057,105,PENDING,PENDING,0.0,6.377030262545652,5.424455299343559,0.000994800709492769,0.38947311979178006,0.06971489061354809,0.4174610908035282
KOAc,JackiePhos,DMAc,0.057,90,PENDING,PENDING,0.0,5.821405195247606,5.5773825386727784,0.0009789340241703626,0.39393914345154607,0.06979847374359187,0.42192711445975734
KOAc,JackiePhos,BuOAc,0.153,120,PENDING,PENDING,0.0,4.637815142551647,5.377017127850593,0.000252906114523538,0.36862274431122777,0.08892557232491673,0.3966107903274524
KOAc,JackiePhos,BuOAc,0.153,105,PENDING,PENDING,0.0,4.159310992404407,5.104992363070637,7.404142720667363e-05,0.37566506581327247,0.08410289989224308,0.403653049740735
KOAc,JackiePhos,BuOAc,0.153,90,PENDING,PENDING,0.0,3.702714355711798,5.219764745416364,7.470882607485581e-05,0.3805242974100778,0.08337578743244124,0.4085122760081156
KOAc,JackiePhos,BuOAc,0.1,120,PENDING,PENDING,0.0,5.108265940160795,5.1375940100916875,0.00017887732733445124,0.3764632138337778,0.08350363559341863,0.40445119504657606
KOAc,JackiePhos,BuOAc,0.1,105,PENDING,PENDING,0.0,4.613301953804181,4.808248142231064,3.75384989360504e-05,0.38359740383220864,0.0780325371788392,0.4115853757561028
KOAc,JackiePhos,BuOAc,0.1,90,PENDING,PENDING,0.0,4.132403913309581,4.891558903969807,3.3360388042800006e-05,0.3884453168409965,0.07707793014711105,0.41643328828146736
KOAc,JackiePhos,BuOAc,0.057,120,PENDING,PENDING,0.0,5.484640791899296,5.276100062073062,0.000358801584394974,0.381132049555297,0.08236275026056068,0.40912002579991263
KOAc,JackiePhos,BuOAc,0.057,105,PENDING,PENDING,0.0,4.982323178487041,4.92739489072379,8.07887125256633e-05,0.3882751255616852,0.076658981698812,0.4162630969360581
KOAc,JackiePhos,BuOAc,0.057,90,PENDING,PENDING,0.0,4.487772326952089,4.979719908015236,6.332953744432991e-05,0.39308105056948034,0.07557873193918878,0.42106902173141825
KOAc,JackiePhos,BuCN,0.153,120,PENDING,PENDING,0.0,4.33658195425723,5.625338667973405,0.0003992366803059911,0.36429468216422844,0.08206326065975074,0.3922826670979463
KOAc,JackiePhos,BuCN,0.153,105,PENDING,PENDING,0.0,3.816004570905619,5.338548558381292,0.0001200860831946282,0.37117693515358796,0.07633477836429452,0.399164907318963
KOAc,JackiePhos,BuCN,0.153,90,PENDING,PENDING,0.0,3.323618316207376,5.414382285295416,0.00010351727337080301,0.3758649597567113,0.07526845875085794,0.4038529312890874
KOAc,JackiePhos,BuCN,0.1,120,PENDING,PENDING,0.0,4.821621956094971,5.358458605067305,0.0002753112467158993,0.37223087414983336,0.0757787728148669,0.4002188460130128
KOAc,JackiePhos,BuCN,0.1,105,PENDING,PENDING,0.0,4.283742205734143,5.016786815810536,6.0556297579253144e-05,0.3792101143574881,0.06916348792690126,0.4071980853793523
KOAc,JackiePhos,BuCN,0.1,90,PENDING,PENDING,0.0,3.76577049597302,5.064059073206934,4.585013508409631e-05,0.38388679771380185,0.06779227430568559,0.41187476872036494
KOAc,JackiePhos,BuCN,0.057,120,PENDING,PENDING,0.0,5.214920789864238,5.450932136431303,0.000471732849174027,0.376968220205822,0.07437501329603724,0.4049561915394321
KOAc,JackiePhos,BuCN,0.057,105,PENDING,PENDING,0.0,4.670490823620864,5.090053642918255,0.00010777486221229802,0.38395984032398156,0.06745324645172643,0.4119478113293159
KOAc,JackiePhos,BuCN,0.057,90,PENDING,PENDING,0.0,4.139047838094446,5.112229595260432,7.461441620015418e-05,0.3885960550472761,0.06593058647351874,0.4165840260485921
KOAc,GorlosPhos HBF4,p-Xylene,0.153,120,PENDING,PENDING,0.0,7.130926562611585,6.363546231199096,0.008976989522268886,0.041654767721120214,0.06511546133273186,0.0743867877991328
KOAc,GorlosPhos HBF4,p-Xylene,0.153,105,PENDING,PENDING,0.0,6.6212881937922665,6.245199338707059,0.00575312794659482,0.049310564786100006,0.06551158190461595,0.08112783929492903
KOAc,GorlosPhos HBF4,p-Xylene,0.153,90,PENDING,PENDING,0.0,6.0912929942511935,6.427127016135262,0.005826894391612061,0.058728309561474415,0.06927735911398003,0.09020819026431307
KOAc,GorlosPhos HBF4,p-Xylene,0.1,120,PENDING,PENDING,0.0,7.6888194841106285,6.123538158217177,0.008332955130882183,0.04964292941355715,0.06261873225585257,0.08086707218075788
KOAc,GorlosPhos HBF4,p-Xylene,0.1,105,PENDING,PENDING,0.0,7.163132922073652,5.977868314395026,0.00495141122920878,0.0573590117510058,0.06254608692786634,0.08782549651293368
KOAc,GorlosPhos HBF4,p-Xylene,0.1,90,PENDING,PENDING,0.0,6.606205216132561,6.150504574833544,0.004883313838780393,0.06673425963692774,0.06605760547437303,0.0969690224770691
KOAc,GorlosPhos HBF4,p-Xylene,0.057,120,PENDING,PENDING,0.0,8.098432535104855,6.192550519801122,0.0113939585562811,0.05734898446412491,0.06342956635808066,0.08795710657609451
KOAc,GorlosPhos HBF4,p-Xylene,0.057,105,PENDING,PENDING,0.0,7.567068409353433,6.03133789905934,0.006755447897876382,0.06505043889396689,0.06289900515009245,0.09497108762338724
KOAc,GorlosPhos HBF4,p-Xylene,0.057,90,PENDING,PENDING,0.0,6.996906708601709,6.186203073953527,0.006385602697323155,0.07429589542221479,0.06601389484475516,0.1040107179443469
KOAc,GorlosPhos HBF4,DMAc,0.153,120,PENDING,PENDING,0.0,8.589830625697651,6.056044796228422,0.012013175486367628,0.04899166541966679,0.05465373054037843,0.07894647697970932
KOAc,GorlosPhos HBF4,DMAc,0.153,105,PENDING,PENDING,0.0,8.0649890797691,6.046428696340235,0.00901910908611965,0.0565879539060538,0.056235132604269274,0.0862091405040674
KOAc,GorlosPhos HBF4,DMAc,0.153,90,PENDING,PENDING,0.0,7.4907609549745535,6.353131952991112,0.010581270573466792,0.06583336630722103,0.06184007835959492,0.09556394386550378
KOAc,GorlosPhos HBF4,DMAc,0.1,120,PENDING,PENDING,0.0,9.169477684980258,5.690138087229635,0.009382806182400977,0.057033573599191284,0.050051723490613056,0.08593984267868209
KOAc,GorlosPhos HBF4,DMAc,0.1,105,PENDING,PENDING,0.0,8.62681400360671,5.666781802649619,0.006651147450708654,0.06468739001227379,0.05136155953594028,0.09340054762644415
KOAc,GorlosPhos HBF4,DMAc,0.1,90,PENDING,PENDING,0.0,8.022597287195268,5.989743901665737,0.0080764488414065,0.07388537965112271,0.057163381959890756,0.10272679396256039
KOAc,GorlosPhos HBF4,DMAc,0.057,120,PENDING,PENDING,0.0,9.569603484350617,5.693283394218307,0.011742392434222634,0.06469605349962869,0.050229590604368594,0.09332343602181796
KOAc,GorlosPhos HBF4,DMAc,0.057,105,PENDING,PENDING,0.0,9.020583017139915,5.656023507143559,0.00816968641874724,0.07233419343428876,0.05108265518379849,0.1007996629537548
KOAc,GorlosPhos HBF4,DMAc,0.057,90,PENDING,PENDING,0.0,8.402618410280656,5.969376585298518,0.009579746202962022,0.08140270602555283,0.05659485394670433,0.10996483575712271
KOAc,GorlosPhos HBF4,BuOAc,0.153,120,PENDING,PENDING,0.0,7.048460675086236,5.767144972988213,0.0031674416107622533,0.05713608335572276,0.05386054386676494,0.0864347262533772
KOAc,GorlosPhos HBF4,BuOAc,0.153,105,PENDING,PENDING,0.0,6.562263948762578,5.652922065474445,0.0018709435284823828,0.06575508371293722,0.05416453548103076,0.09466183725032098
KOAc,GorlosPhos HBF4,BuOAc,0.153,90,PENDING,PENDING,0.0,6.056192464502762,5.878543500282266,0.0021692409856618397,0.07593333913284894,0.0584909409961261,0.10480652364138697
KOAc,GorlosPhos HBF4,BuOAc,0.1,120,PENDING,PENDING,0.0,7.576403877638599,5.540758922146767,0.002810494802373307,0.06540051095270506,0.051523259933725606,0.0941010914590097
KOAc,GorlosPhos HBF4,BuOAc,0.1,105,PENDING,PENDING,0.0,7.073413706735494,5.395609214552955,0.0014909185761185426,0.07408674158362973,0.05114077362267353,0.10251366184329948
KOAc,GorlosPhos HBF4,BuOAc,0.1,90,PENDING,PENDING,0.0,6.540670961891948,5.610241984959096,0.0016858650111018572,0.08422025127125769,0.055076338841815155,0.11263111536247919
KOAc,GorlosPhos HBF4,BuOAc,0.057,120,PENDING,PENDING,0.0,7.961705936512325,5.663756417857119,0.004493526823910687,0.07317727630820725,0.053295183851845965,0.10175714197730389
KOAc,GorlosPhos HBF4,BuOAc,0.057,105,PENDING,PENDING,0.0,7.451535285331894,5.501987342169627,0.0024007195609378126,0.08183363257036814,0.05230459408025256,0.11016024852817795
KOAc,GorlosPhos HBF4,BuOAc,0.057,90,PENDING,PENDING,0.0,6.90494657913813,5.692609342556719,0.0025116554800462577,0.09181833373311153,0.055632455522650844,0.12011632751757963
KOAc,GorlosPhos HBF4,BuCN,0.153,120,PENDING,PENDING,0.0,6.831873889556089,5.958091858603114,0.003968474559074037,0.0379778805053725,0.05770701526485821,0.06959962444948901
KOAc,GorlosPhos HBF4,BuCN,0.153,105,PENDING,PENDING,0.0,6.304629430987667,5.83693554445707,0.0023205860567332495,0.04574163752291588,0.05736709463013883,0.0764245448976534
KOAc,GorlosPhos HBF4,BuCN,0.153,90,PENDING,PENDING,0.0,5.7607548316493675,6.039972539692115,0.0024909980923679687,0.055343804972551716,0.06086743059210768,0.08572012879398332
KOAc,GorlosPhos HBF4,BuCN,0.1,120,PENDING,PENDING,0.0,7.378903420539163,5.703237003222919,0.003418502926650059,0.04609966387942756,0.05516473056065247,0.07637800603422716
KOAc,GorlosPhos HBF4,BuCN,0.1,105,PENDING,PENDING,0.0,6.833919556782263,5.554616601696365,0.0018064970439473672,0.05392438580204584,0.05427825049347027,0.08347030097963977
KOAc,GorlosPhos HBF4,BuCN,0.1,90,PENDING,PENDING,0.0,6.261655528575159,5.751313793505448,0.0019017990310054543,0.06348044604339965,0.05749448381688263,0.09283361359899472
KOAc,GorlosPhos HBF4,BuCN,0.057,120,PENDING,PENDING,0.0,7.7817491285842415,5.78690902030441,0.005044304689405865,0.0539670447354276,0.0564024170234681,0.08379318136738145
KOAc,GorlosPhos HBF4,BuCN,0.057,105,PENDING,PENDING,0.0,7.230237455309517,5.623497057770695,0.0026741159634752903,0.06177649018243056,0.05504854720504625,0.09095428313263296
KOAc,GorlosPhos HBF4,BuCN,0.057,90,PENDING,PENDING,0.0,6.644111184980592,5.801807081624356,0.0026576225714390125,0.07119634854203599,0.05782176677558599,0.10020284302582463
KOAc,CgMe-PPh,p-Xylene,0.153,120,PENDING,PENDING,0.0,4.88340360327339,6.685270535380391,0.004722998173185014,0.04037884814570519,0.08103020219189543,0.0773788762762638
KOAc,CgMe-PPh,p-Xylene,0.153,105,PENDING,PENDING,0.0,4.390229832174965,6.4844020890891585,0.00260719828315039,0.0479633631971777,0.08012014825138422,0.08331468450235363
KOAc,CgMe-PPh,p-Xylene,0.153,90,PENDING,PENDING,0.0,3.915113523718052,6.567568491497571,0.0023371717709721046,0.05730075182795942,0.0818675294907138,0.09158382059349698
KOAc,CgMe-PPh,p-Xylene,0.1,120,PENDING,PENDING,0.0,5.3808045030193465,6.5262443185770955,0.004727962327413543,0.0481602405195746,0.08008625146544562,0.0834692378798643
KOAc,CgMe-PPh,p-Xylene,0.1,105,PENDING,PENDING,0.0,4.872623682376628,6.292861280411329,0.002406474652185152,0.055805214511453705,0.07872951341718588,0.08958775211386426
KOAc,CgMe-PPh,p-Xylene,0.1,90,PENDING,PENDING,0.0,4.3736904088505115,6.3537553875660135,0.0020357927599958907,0.06510625851021362,0.08008127997958951,0.09794367560279246
KOAc,CgMe-PPh,p-Xylene,0.057,120,PENDING,PENDING,0.0,5.776922400906828,6.635050294294033,0.006833898387247669,0.05569906530260807,0.08135684197726688,0.09010361985842497
KOAc,CgMe-PPh,p-Xylene,0.057,105,PENDING,PENDING,0.0,5.263318210427395,6.387474502119562,0.0035295935675431836,0.0633298613359593,0.07965070433661087,0.09629960497419746
KOAc,CgMe-PPh,p-Xylene,0.057,90,PENDING,PENDING,0.0,4.751883055966187,6.428444733567096,0.0028741171306907107,0.07250703817942175,0.08064764449122507,0.10460806493022319
KOAc,CgMe-PPh,DMAc,0.153,120,PENDING,PENDING,0.0,6.153752015123145,6.838620205405311,0.010903828259922435,0.04735320833557023,0.08160761024279392,0.08319426321140727
KOAc,CgMe-PPh,DMAc,0.153,105,PENDING,PENDING,0.0,5.6494103858491185,6.731904921789292,0.00740293552220074,0.054883885698657334,0.08126352242919521,0.08939102036829406
KOAc,CgMe-PPh,DMAc,0.153,90,PENDING,PENDING,0.0,5.141030924167175,6.893400119886386,0.007318872809377999,0.06406690796561618,0.08347184345825479,0.09775075147708304
KOAc,CgMe-PPh,DMAc,0.1,120,PENDING,PENDING,0.0,6.65852279517012,6.616706353649847,0.010220986421586406,0.055172904501155653,0.08012179264478124,0.08936786415278011
KOAc,CgMe-PPh,DMAc,0.1,105,PENDING,PENDING,0.0,6.138125144752893,6.4874333199809815,0.006552485748240085,0.06276217649260467,0.07942940569047055,0.09575770451922849
KOAc,CgMe-PPh,DMAc,0.1,90,PENDING,PENDING,0.0,5.6047033850556645,6.640879134854377,0.0063301069616760255,0.0719059880912083,0.0813673383658347,0.10420558753912004
KOAc,CgMe-PPh,DMAc,0.057,120,PENDING,PENDING,0.0,7.040859117357879,6.6726350389426905,0.013202773007293445,0.06266634181121777,0.08101837971397219,0.09600877185700465
KOAc,CgMe-PPh,DMAc,0.057,105,PENDING,PENDING,0.0,6.514581092267313,6.5300555063013475,0.008426554999597588,0.07024071169847577,0.08002604432199112,0.10247127673750495
KOAc,CgMe-PPh,DMAc,0.057,90,PENDING,PENDING,0.0,5.968714024338082,6.669143506190202,0.007892382115869165,0.07926145862204692,0.08168258072489484,0.11086663832600532
KOAc,CgMe-PPh,BuOAc,0.153,120,PENDING,PENDING,0.0,4.793867791782782,6.070546433795047,0.001494327841276736,0.05564567242682118,0.07117912058979395,0.08783631193520634
KOAc,CgMe-PPh,BuOAc,0.153,105,PENDING,PENDING,0.0,4.324778286167499,5.864956004127723,0.000712897691000176,0.06415927860392612,0.07006134497004284,0.09523504971892124
KOAc,CgMe-PPh,BuOAc,0.153,90,PENDING,PENDING,0.0,3.874439453521025,5.983557816854302,0.0007011339403984462,0.07422717288614858,0.07200820430040655,0.10474422609372273
KOAc,CgMe-PPh,BuOAc,0.1,120,PENDING,PENDING,0.0,5.260435274994531,5.931746486261972,0.0014901485639060678,0.0636931176107206,0.07052960003693301,0.09489287312826619
KOAc,CgMe-PPh,BuOAc,0.1,105,PENDING,PENDING,0.0,4.775590247307133,5.689651545343358,0.0006338742319568508,0.0722738893535464,0.06883063452584244,0.10248698561650071
KOAc,CgMe-PPh,BuOAc,0.1,90,PENDING,PENDING,0.0,4.301753151600572,5.782160792378607,0.0005771563486748395,0.08230364710625024,0.07024415813075975,0.11204279070923368
KOAc,CgMe-PPh,BuOAc,0.057,120,PENDING,PENDING,0.0,5.631729633204089,6.0962589835025165,0.0025707468726531117,0.07129728223328871,0.07250188730353861,0.1021279815339452
KOAc,CgMe-PPh,BuOAc,0.057,105,PENDING,PENDING,0.0,5.139904316141577,5.8401169579503245,0.0011369199279513166,0.07984971871961542,0.07038203229416275,0.10975371051907502
KOAc,CgMe-PPh,BuOAc,0.057,90,PENDING,PENDING,0.0,4.652939001506358,5.90721436217137,0.0009683379934557357,0.08973823425761271,0.07132507336309216,0.11919617144167598
KOAc,CgMe-PPh,BuCN,0.153,120,PENDING,PENDING,0.0,4.5021707993814815,6.400053966231497,0.002382243131039973,0.036710730762616786,0.077288544754321,0.07339703167688195
KOAc,CgMe-PPh,BuCN,0.153,105,PENDING,PENDING,0.0,3.9927414344090884,6.188940226908453,0.001179452844689675,0.044403411009212926,0.07569113561488566,0.07923880477056931
KOAc,CgMe-PPh,BuCN,0.153,90,PENDING,PENDING,0.0,3.5079390259799803,6.275044897602805,0.0010560182844433618,0.05392374948736428,0.07683582657938863,0.08754769231960907
KOAc,CgMe-PPh,BuCN,0.1,120,PENDING,PENDING,0.0,4.98317479510005,6.245706536349959,0.0023470357822462443,0.04461543191885492,0.07661376204998002,0.07964861972213211
KOAc,CgMe-PPh,BuCN,0.1,105,PENDING,PENDING,0.0,4.4572389792363545,6.001965131851036,0.0010538887453728704,0.05236954467293303,0.07455348929307799,0.08570138446872298
KOAc,CgMe-PPh,BuCN,0.1,90,PENDING,PENDING,0.0,3.947744245922393,6.065598868298967,0.0008822998846432523,0.06185093075695729,0.07526065194788735,0.09411602849227207
KOAc,CgMe-PPh,BuCN,0.057,120,PENDING,PENDING,0.0,5.3709332808770345,6.372261327026366,0.0036439742849868548,0.05230680217095618,0.07820317960261046,0.08648517327957969
KOAc,CgMe-PPh,BuCN,0.057,105,PENDING,PENDING,0.0,4.838765736949921,6.115744763946792,0.001681069881548574,0.06004610305641497,0.07581886798370219,0.09263829637227891
KOAc,CgMe-PPh,BuCN,0.057,90,PENDING,PENDING,0.0,4.3163025327837445,6.159174052954179,0.0013458153989586424,0.0693978918920908,0.07617238837578041,0.10101546631341829
KOAc,BrettPhos,p-Xylene,0.153,120,PENDING,PENDING,0.0,4.860488016944399,5.411253011357459,0.00032825982972302294,0.033273343570713404,0.056247829966424134,0.06520467208801874
KOAc,BrettPhos,p-Xylene,0.153,105,PENDING,PENDING,0.0,4.343626622673298,5.13814541566552,9.646399457458846e-05,0.041145029257739885,0.0548838249757765,0.07185405727297453
KOAc,BrettPhos,p-Xylene,0.153,90,PENDING,PENDING,0.0,3.8464981738640693,5.248485687162422,9.234646446867846e-05,0.050962867937033474,0.05763543701101519,0.08120862348669558
KOAc,BrettPhos,p-Xylene,0.1,120,PENDING,PENDING,0.0,5.386987618309954,5.19889494062112,0.000267467027799468,0.0414238434434141,0.054814464656359474,0.07209160555603743
KOAc,BrettPhos,p-Xylene,0.1,105,PENDING,PENDING,0.0,4.853600087487424,4.873968459167343,5.965655520146244e-05,0.04935979348758596,0.05268348394655895,0.07900732924946435
KOAc,BrettPhos,p-Xylene,0.1,90,PENDING,PENDING,0.0,4.33000838807772,4.954124491749796,5.032447240886119e-05,0.059134922846690904,0.05484579130286553,0.0884325662153157
KOAc,BrettPhos,p-Xylene,0.057,120,PENDING,PENDING,0.0,5.805559008020415,5.346112932301035,0.0005481137941759822,0.04939577997072009,0.05681312263485151,0.0796472089584833
KOAc,BrettPhos,p-Xylene,0.057,105,PENDING,PENDING,0.0,5.266117081998087,5.004620769950595,0.00013335371488731613,0.05731770402425622,0.05414424826511485,0.08663853191593986
KOAc,BrettPhos,p-Xylene,0.057,90,PENDING,PENDING,0.0,4.728502084514078,5.055601640809696,0.00010089034221557659,0.0669542199685788,0.05570129247948962,0.09594975608668592
KOAc,BrettPhos,DMAc,0.153,120,PENDING,PENDING,0.0,6.203687949441238,5.615790834216432,0.0013732561325793015,0.04065162911996212,0.05715479905250444,0.0718399338440574
KOAc,BrettPhos,DMAc,0.153,105,PENDING,PENDING,0.0,5.674343566048313,5.476595828883047,0.0006956064699008922,0.048466362907054444,0.056698465765767134,0.07878101408009311
KOAc,BrettPhos,DMAc,0.153,90,PENDING,PENDING,0.0,5.139918532912159,5.69043064187995,0.0008100282987409599,0.058112803646015246,0.0601005563138066,0.08815098052838001
KOAc,BrettPhos,DMAc,0.1,120,PENDING,PENDING,0.0,6.73892363909111,5.318748639912198,0.0009914278082015279,0.04884595079033989,0.05482918188464384,0.07883851268226612
KOAc,BrettPhos,DMAc,0.1,105,PENDING,PENDING,0.0,6.19170695142316,5.145257933541253,0.00042467255324667424,0.05672261129214663,0.05379762941467541,0.08603772910341462
KOAc,BrettPhos,DMAc,0.1,90,PENDING,PENDING,0.0,5.629244855985053,5.353327311876795,0.0004918195682740642,0.06632266568560545,0.056868455899855196,0.09546080361146404
KOAc,BrettPhos,DMAc,0.057,120,PENDING,PENDING,0.0,7.142300853044448,5.391739071453923,0.0015476928735581666,0.05676628041469221,0.05621854967072261,0.086373557137559
KOAc,BrettPhos,DMAc,0.057,105,PENDING,PENDING,0.0,6.5884450135813815,5.200605353872072,0.0006620912780324166,0.0646278526136233,0.054711954232078155,0.09363409970230947
KOAc,BrettPhos,DMAc,0.057,90,PENDING,PENDING,0.0,6.012017577787594,5.388419574539586,0.000707264682319032,0.07409027169982715,0.05731650759522135,0.10293651612255794
KOAc,BrettPhos,BuOAc,0.153,120,PENDING,PENDING,0.0,4.768434166519596,4.540464416544923,1.4357802793798179e-05,0.04920840301263238,0.038494371775630844,0.07751852477955125
KOAc,BrettPhos,BuOAc,0.153,105,PENDING,PENDING,0.0,4.279400404840532,4.235791750823607,1.8240150999613829e-06,0.0581110046295599,0.036281762969342074,0.08620599040080527
KOAc,BrettPhos,BuOAc,0.153,90,PENDING,PENDING,0.0,3.8106909198493293,4.409578019749606,2.750537881916266e-06,0.06874883506045078,0.04022359685356101,0.09684460228590701
KOAc,BrettPhos,BuOAc,0.1,120,PENDING,PENDING,0.0,5.261035991174945,4.341883078268312,9.575995733936035e-06,0.057659854068277935,0.037293403625509966,0.08578574616304713
KOAc,BrettPhos,BuOAc,0.1,105,PENDING,PENDING,0.0,4.75456789324462,3.9709686516774436,6.627617524162633e-07,0.0666333827135591,0.033683637432009604,0.09464621601633913
KOAc,BrettPhos,BuOAc,0.1,90,PENDING,PENDING,0.0,4.259795934894841,4.108149762809471,8.3915057386758e-07,0.07722414161552751,0.036660551697742204,0.10523413136840268
KOAc,BrettPhos,BuOAc,0.057,120,PENDING,PENDING,0.0,5.652109377418937,4.585750032936156,4.147168502652895e-05,0.06571663744749762,0.04127633651914971,0.09386947826431102
KOAc,BrettPhos,BuOAc,0.057,105,PENDING,PENDING,0.0,5.137557397145233,4.203647349915325,4.1472970484900394e-06,0.07465856579684932,0.037036144031525525,0.10267754140099881
KOAc,BrettPhos,BuOAc,0.057,90,PENDING,PENDING,0.0,4.627903436426484,4.297766955741646,3.819105468094719e-06,0.08508766955963233,0.03885172602839,0.11309594116260434
KOAc,BrettPhos,BuCN,0.153,120,PENDING,PENDING,0.0,4.461437047132133,5.0262784756268735,7.290333523380841e-05,0.029284113682413335,0.05016969267984033,0.06044108203550441
KOAc,BrettPhos,BuCN,0.153,105,PENDING,PENDING,0.0,3.9269697490483204,4.729931978698403,1.4255011533937235e-05,0.03726765042592867,0.047487211280319415,0.06709833538445117
KOAc,BrettPhos,BuCN,0.153,90,PENDING,PENDING,0.0,3.4194342677968947,4.847931819007348,1.4431144908868079e-05,0.047288090898915364,0.049404110307093047,0.07664755336107582
KOAc,BrettPhos,BuCN,0.1,120,PENDING,PENDING,0.0,4.969963196928375,4.814843357919431,5.324396130742691e-05,0.03757304200643058,0.04912257129212148,0.06763771651719021
KOAc,BrettPhos,BuCN,0.1,105,PENDING,PENDING,0.0,4.417112898530702,4.4634511555314,6.97991635203489e-06,0.045621564873041476,0.04555783142162629,0.07462971874201438
KOAc,BrettPhos,BuCN,0.1,90,PENDING,PENDING,0.0,3.882034605295191,4.550379420043648,6.0295457518271455e-06,0.055595388099556206,0.04672821770170718,0.08426961912186332
KOAc,BrettPhos,BuCN,0.057,120,PENDING,PENDING,0.0,5.379281160197092,4.992230875928478,0.00014068346360607753,0.0457207003359448,0.051796347754943274,0.07551357889061104
KOAc,BrettPhos,BuCN,0.057,105,PENDING,PENDING,0.0,4.819336230080805,4.627886667313941,2.2051147727516237e-05,0.0537548872162555,0.04777397255247201,0.08259331973027685
KOAc,BrettPhos,BuCN,0.057,90,PENDING,PENDING,0.0,4.269631996498822,4.683839150071615,1.634492824824894e-05,0.06358275453845087,0.04829119448376112,0.09210981808628739
CsOPiv,tBPh-CPhos,p-Xylene,0.153,120,PENDING,PENDING,0.0,7.399617084157336,6.070467889233382,0.006574974157732477,0.27664723540005687,0.09386081671721014,0.3046498742124911
CsOPiv,tBPh-CPhos,p-Xylene,0.153,105,PENDING,PENDING,0.0,6.945770128186381,5.732435622433275,0.0027853045529145116,0.2869574422435189,0.08950818442318892,0.31495027327880243
CsOPiv,tBPh-CPhos,p-Xylene,0.153,90,PENDING,PENDING,0.0,6.463004894340173,5.72878917549813,0.002057293296762828,0.2959312072083411,0.08822980079671668,0.323921754066923
CsOPiv,tBPh-CPhos,p-Xylene,0.1,120,PENDING,PENDING,0.0,7.908243325577916,5.8474174844850255,0.006015152289505887,0.28412779540705646,0.09206152934332815,0.31212405085341355
CsOPiv,tBPh-CPhos,p-Xylene,0.1,105,PENDING,PENDING,0.0,7.439816168781319,5.46286836632323,0.002196050205995465,0.29452844654428434,0.08734149319287576,0.32251875233118166
CsOPiv,tBPh-CPhos,p-Xylene,0.1,90,PENDING,PENDING,0.0,6.933023747839922,5.430169525427456,0.0014673036692541032,0.30350168097683883,0.08578473505968119,0.33149076158717994
CsOPiv,tBPh-CPhos,p-Xylene,0.057,120,PENDING,PENDING,0.0,8.27079218316296,5.946267114017166,0.008616872608238221,0.28911697072793907,0.09299481271606308,0.31711269535970976
CsOPiv,tBPh-CPhos,p-Xylene,0.057,105,PENDING,PENDING,0.0,7.795393958196834,5.550521629168614,0.003282413067221976,0.2994774077775151,0.0881790744199063,0.3274675382547473
CsOPiv,tBPh-CPhos,p-Xylene,0.057,90,PENDING,PENDING,0.0,7.275828766021433,5.499407683290499,0.0021343240046855713,0.3083615434253374,0.08648492908987404,0.3363505189808054
CsOPiv,tBPh-CPhos,DMAc,0.153,120,PENDING,PENDING,0.0,8.635699647662033,5.999731879170195,0.011329359837124006,0.28115991165145304,0.09362701222144051,0.30915971237780565
CsOPiv,tBPh-CPhos,DMAc,0.153,105,PENDING,PENDING,0.0,8.168980633942928,5.762444418997198,0.006031524592197614,0.2914001059308083,0.08963202975862637,0.31939214411494704
CsOPiv,tBPh-CPhos,DMAc,0.153,90,PENDING,PENDING,0.0,7.652655744111317,5.864603481504589,0.005364579604878669,0.30026298030394705,0.08870551866873434,0.32825324629703356
CsOPiv,tBPh-CPhos,DMAc,0.1,120,PENDING,PENDING,0.0,9.150968028963169,5.6736430994121765,0.009044560542876404,0.28865488535059214,0.09156036750215658,0.3166491721442039
CsOPiv,tBPh-CPhos,DMAc,0.1,105,PENDING,PENDING,0.0,8.668508164448411,5.397561887009455,0.004189702578580916,0.2989840435324618,0.08722831222702486,0.3269738609173174
CsOPiv,tBPh-CPhos,DMAc,0.1,90,PENDING,PENDING,0.0,8.126907160092214,5.490697670302534,0.0035852107153223,0.30784493902512267,0.08607140692272672,0.33583385627332046
CsOPiv,tBPh-CPhos,DMAc,0.057,120,PENDING,PENDING,0.0,9.500448160225575,5.70545158017083,0.011522226809667024,0.29362477329952386,0.09231091294617863,0.32161849644385454
CsOPiv,tBPh-CPhos,DMAc,0.057,105,PENDING,PENDING,0.0,9.010644070709773,5.416087397804482,0.005352414195703599,0.3039139725545715,0.08789183245743246,0.331903598304688
CsOPiv,tBPh-CPhos,DMAc,0.057,90,PENDING,PENDING,0.0,8.456357943927943,5.496249037212462,0.004434769549894926,0.31268629870471587,0.08661773697747714,0.34067510062566403
CsOPiv,tBPh-CPhos,BuOAc,0.153,120,PENDING,PENDING,0.0,7.668795469291206,5.21971698086714,0.0014948325352426434,0.2982077253491118,0.08019903519110547,0.32619612065522835
CsOPiv,tBPh-CPhos,BuOAc,0.153,105,PENDING,PENDING,0.0,7.259434326792961,4.8279025127100335,0.0003935982370609466,0.3094576078797558,0.07466557168180295,0.3374456260039201
CsOPiv,tBPh-CPhos,BuOAc,0.153,90,PENDING,PENDING,0.0,6.806498438056032,4.850620342277949,0.0002916040772798015,0.3190279917584934,0.07304184003645744,0.34701597717899496
CsOPiv,tBPh-CPhos,BuOAc,0.1,120,PENDING,PENDING,0.0,8.15599948325373,5.000464548360022,0.0012495535868708926,0.30597331914858583,0.07823766491370733,0.33396145461510884
CsOPiv,tBPh-CPhos,BuOAc,0.1,105,PENDING,PENDING,0.0,7.732951321619185,4.550124680952678,0.0002455700252583324,0.31732580804777655,0.07219563258618221,0.3453137911314548
CsOPiv,tBPh-CPhos,BuOAc,0.1,90,PENDING,PENDING,0.0,7.256924621194014,4.537398088814099,0.00015387648896874858,0.3268991999110794,0.07018975601856924,0.3548871736844868
CsOPiv,tBPh-CPhos,BuOAc,0.057,120,PENDING,PENDING,0.0,8.48726467711547,5.174364717019696,0.0023594041921948805,0.3109324407651757,0.07974740959968447,0.3389205946432837
CsOPiv,tBPh-CPhos,BuOAc,0.057,105,PENDING,PENDING,0.0,8.054770434317536,4.719847863397717,0.0005453547968780666,0.32223409478406745,0.07365409854684028,0.35022208002741423
CsOPiv,tBPh-CPhos,BuOAc,0.057,90,PENDING,PENDING,0.0,7.565041419882785,4.683442060519705,0.00032627598405977204,0.3317097014319946,0.07149183799741235,0.3596976756618839
CsOPiv,tBPh-CPhos,BuCN,0.153,120,PENDING,PENDING,0.0,7.111056989571358,5.547647009177111,0.002125460558659434,0.2780799764825419,0.08759722821033177,0.3060731931316217
CsOPiv,tBPh-CPhos,BuCN,0.153,105,PENDING,PENDING,0.0,6.6452387023350274,5.157986720444272,0.0006172743258259688,0.2886160179631568,0.08242393694044593,0.3166051660623851
CsOPiv,tBPh-CPhos,BuCN,0.153,90,PENDING,PENDING,0.0,6.153072228362894,5.144931441447231,0.0004120330778216415,0.29776711892841745,0.08063631931491219,0.32575557254944565
CsOPiv,tBPh-CPhos,BuCN,0.1,120,PENDING,PENDING,0.0,7.604262092098597,5.30302502852138,0.0017294932801348827,0.28568394043030965,0.0856926644194386,0.313674528173495
CsOPiv,tBPh-CPhos,BuCN,0.1,105,PENDING,PENDING,0.0,7.1225744927192585,4.858274265586662,0.00038566927309010516,0.29631435298069975,0.08009302530466668,0.3243027838894025
CsOPiv,tBPh-CPhos,BuCN,0.1,90,PENDING,PENDING,0.0,6.605562608449733,4.812944533887533,0.00021943108416598795,0.30546546663768526,0.07798079494029818,0.3334535958707292
CsOPiv,tBPh-CPhos,BuCN,0.057,120,PENDING,PENDING,0.0,7.955447510546217,5.423459371081077,0.0028160313675789257,0.2907345768600367,0.08681740468129108,0.3187250838455318
CsOPiv,tBPh-CPhos,BuCN,0.057,105,PENDING,PENDING,0.0,7.465610535022791,4.971103257233553,0.0006933743200424822,0.3013221841537693,0.08114836582948323,0.32931060259411626
CsOPiv,tBPh-CPhos,BuCN,0.057,90,PENDING,PENDING,0.0,6.935252268373058,4.907126982007456,0.00038335090718899945,0.31038098225060523,0.0789058301721356,0.3383691044764209
CsOPiv,X-Phos,p-Xylene,0.153,120,PENDING,PENDING,0.0,7.686573910476354,5.555034886512386,0.0030963227883346114,0.1055449333919377,0.05427618527566779,0.13365585612433023
CsOPiv,X-Phos,p-Xylene,0.153,105,PENDING,PENDING,0.0,7.2502407505494,5.242832595268086,0.0011802739316325202,0.11615570904191788,0.05089454109536597,0.14417843016066145
CsOPiv,X-Phos,p-Xylene,0.153,90,PENDING,PENDING,0.0,6.7817500998626,5.32066329050262,0.0010261614686784097,0.12762087441315892,0.05253171277277077,0.15563177480649978
CsOPiv,X-Phos,p-Xylene,0.1,120,PENDING,PENDING,0.0,8.212984571487357,5.420464510864702,0.003295181246801032,0.11460925544980496,0.05471911954343434,0.1426758153275037
CsOPiv,X-Phos,p-Xylene,0.1,105,PENDING,PENDING,0.0,7.762795831761522,5.068179441696197,0.0011107501112162504,0.1253491755466567,0.05070628477989954,0.15335494293115687
CsOPiv,X-Phos,p-Xylene,0.1,90,PENDING,PENDING,0.0,7.270206847938131,5.116484992239477,0.0008768711926450002,0.13680084868920028,0.05161178148105702,0.16479863724561267
CsOPiv,X-Phos,p-Xylene,0.057,120,PENDING,PENDING,0.0,8.585894949594348,5.621165773997129,0.006004405164561487,0.12247400967371376,0.05847714655102817,0.15055523866341547
CsOPiv,X-Phos,p-Xylene,0.057,105,PENDING,PENDING,0.0,8.128732717645216,5.263930284578528,0.002254469254311709,0.13317460862069566,0.05425179444251844,0.16118556902864248
CsOPiv,X-Phos,p-Xylene,0.057,90,PENDING,PENDING,0.0,7.622786445607984,5.286902482577871,0.0016889744626780064,0.14446274903161693,0.05456197138261998,0.17246240826857512
CsOPiv,X-Phos,DMAc,0.153,120,PENDING,PENDING,0.0,8.922452086338623,5.578747675421534,0.006782662122177187,0.11244889444953288,0.056560745545475466,0.14055635962362806
CsOPiv,X-Phos,DMAc,0.153,105,PENDING,PENDING,0.0,8.47279003245477,5.382535723456853,0.003600083801000263,0.12297074733520835,0.05441067165763992,0.15100382835703482
CsOPiv,X-Phos,DMAc,0.153,90,PENDING,PENDING,0.0,7.970151029694473,5.567546846376969,0.00377512335804564,0.13425255539448808,0.05681661171191264,0.16227636807514814
CsOPiv,X-Phos,DMAc,0.1,120,PENDING,PENDING,0.0,9.455029659621978,5.337078066327987,0.006070252247240934,0.12153951836578657,0.0562194210173894,0.14959543350079837
CsOPiv,X-Phos,DMAc,0.1,105,PENDING,PENDING,0.0,8.99029291860358,5.109196385063109,0.0028757100054697705,0.1321866802925501,0.05356540184727039,0.16019583695047834
CsOPiv,X-Phos,DMAc,0.1,90,PENDING,PENDING,0.0,8.462303162296188,5.286001358612038,0.0029420932839331407,0.14345162428650712,0.05546660795446504,0.17145491679340003
CsOPiv,X-Phos,DMAc,0.057,120,PENDING,PENDING,0.0,9.814465474180995,5.463694237638518,0.009351699714565315,0.12935522221586102,0.05932866770247296,0.15741669064274535
CsOPiv,X-Phos,DMAc,0.057,105,PENDING,PENDING,0.0,9.342368707787386,5.226452315037866,0.004596793157527458,0.13996305439607282,0.056429998404491165,0.16797446993574053
CsOPiv,X-Phos,DMAc,0.057,90,PENDING,PENDING,0.0,8.801150361851134,5.382936017260821,0.004423543682917329,0.15106661839082383,0.05782251473666458,0.17907023236800068
CsOPiv,X-Phos,BuOAc,0.153,120,PENDING,PENDING,0.0,7.967131958300647,4.592966159786268,0.00034541285860954264,0.12606046062653495,0.03566058401870299,0.1540484905183352
CsOPiv,X-Phos,BuOAc,0.153,90,PENDING,PENDING,0.0,7.1424703136481735,4.378872635883394,7.691097548253147e-05,0.1507233751981499,0.03441391065276713,0.17871134684046652
CsOPiv,X-Phos,BuOAc,0.1,120,PENDING,PENDING,0.0,8.47551192910744,4.505861847772783,0.00040607289999996035,0.13564464018130812,0.038377799628701095,0.1636326936955238
CsOPiv,X-Phos,BuOAc,0.1,105,PENDING,PENDING,0.0,8.073588013873591,4.098602699681926,6.277390399649107e-05,0.14790351162499263,0.03300437532995971,0.17589148291175963
CsOPiv,X-Phos,BuOAc,0.1,90,PENDING,PENDING,0.0,7.61509236500265,4.208398635839131,6.19796382799007e-05,0.1604801777546041,0.035119092229015075,0.1884681490015274
CsOPiv,X-Phos,BuOAc,0.057,120,PENDING,PENDING,0.0,8.819685556881272,4.8312182643222625,0.0013368328193071287,0.14363408208320053,0.0453493515840542,0.17162287780120347
CsOPiv,X-Phos,BuOAc,0.057,105,PENDING,PENDING,0.0,8.40846494031075,4.433218355138851,0.00030305337882739324,0.15583096424760978,0.04024278067673245,0.18381895525762842
CsOPiv,X-Phos,BuOAc,0.057,90,PENDING,PENDING,0.0,7.935269576960312,4.503308896839255,0.00025126354716837555,0.16820514222446392,0.04118491304581942,0.19619312083861656
CsOPiv,X-Phos,BuCN,0.153,120,PENDING,PENDING,0.0,7.403516839528442,4.999706531240745,0.0007142010723163728,0.10331344729085482,0.04651636083202572,0.13133421688410962
CsOPiv,X-Phos,BuCN,0.153,105,PENDING,PENDING,0.0,6.95633476211441,4.638190329738031,0.0001666964910430331,0.11420520290718439,0.04145568295433479,0.1421963695825331
CsOPiv,X-Phos,BuCN,0.153,90,PENDING,PENDING,0.0,6.479895412387786,4.724730813100094,0.00014738392503702404,0.12598953313182787,0.042371537945737205,0.15397894659249783
CsOPiv,X-Phos,BuCN,0.1,120,PENDING,PENDING,0.0,7.9160214088940375,4.8635353972424875,0.000731901541472452,0.11257737286945335,0.047593963487293126,0.14058676395868389
CsOPiv,X-Phos,BuCN,0.1,105,PENDING,PENDING,0.0,7.453863218680053,4.457067483481519,0.00013846891719752983,0.1236100274160877,0.04189019790041327,0.15159951505861452
CsOPiv,X-Phos,BuCN,0.1,90,PENDING,PENDING,0.0,6.952471718037351,4.51141444514343,0.00010609800642003226,0.1353811130506939,0.04188023721210478,0.16336954633638842
CsOPiv,X-Phos,BuCN,0.057,120,PENDING,PENDING,0.0,8.278700058027363,5.107940301444645,0.0017621081249274625,0.12062092981791532,0.05233922009608641,0.14864378337951553
CsOPiv,X-Phos,BuCN,0.057,105,PENDING,PENDING,0.0,7.808431072825234,4.704112994562736,0.00042568150224182,0.13161051471222954,0.04668178453132823,0.15960224451615967
CsOPiv,X-Phos,BuCN,0.057,90,PENDING,PENDING,0.0,7.292954733222535,4.730175555048547,0.0003004734803994146,0.14320527041839748,0.046054454699296074,0.17119435268692643
CsOPiv,PPhtBu2,p-Xylene,0.153,120,PENDING,PENDING,0.0,8.260950845189875,6.38697334596424,0.016105393902539455,0.13158475844576137,0.07801864616184576,0.16015892738607743
CsOPiv,PPhtBu2,p-Xylene,0.153,105,PENDING,PENDING,0.0,7.83406260576773,6.111221740662536,0.008822152963084404,0.1421947029128594,0.0755097602867159,0.17049895107888693
CsOPiv,PPhtBu2,p-Xylene,0.153,90,PENDING,PENDING,0.0,7.363318916041388,6.145299892499154,0.007264527467545884,0.1532091692903374,0.07591059110951519,0.18141189783410658
CsOPiv,PPhtBu2,p-Xylene,0.1,120,PENDING,PENDING,0.0,8.773679589363702,6.18051784558285,0.015677278253602475,0.14027032586482352,0.07643967457303338,0.16863059471884156
CsOPiv,PPhtBu2,p-Xylene,0.1,105,PENDING,PENDING,0.0,8.332945489162391,5.8659999886048215,0.007846838966052566,0.1509972231820778,0.07339899954945381,0.17916287557129854
CsOPiv,PPhtBu2,p-Xylene,0.1,90,PENDING,PENDING,0.0,7.83877974925324,5.876087754200713,0.006072389364463242,0.16200264084704036,0.0733448092842754,0.1901013166967777
CsOPiv,PPhtBu2,p-Xylene,0.057,120,PENDING,PENDING,0.0,9.127051909218109,6.271495080830462,0.020921639997286884,0.14751739550236148,0.07743221368689844,0.1758179105997312
CsOPiv,PPhtBu2,p-Xylene,0.057,105,PENDING,PENDING,0.0,8.679168239299655,5.944544919110169,0.010675772749593901,0.15819745665727758,0.07406432418333947,0.18632762300061123
CsOPiv,PPhtBu2,p-Xylene,0.057,90,PENDING,PENDING,0.0,8.172360797333637,5.936610374692547,0.00804922915372143,0.16905719708310613,0.0736717507022366,0.19712999881873525
CsOPiv,PPhtBu2,DMAc,0.153,120,PENDING,PENDING,0.0,9.474749244917902,6.362038928127361,0.02742536588110822,0.1382148495161101,0.0789663810058588,0.16670696753580022
CsOPiv,PPhtBu2,DMAc,0.153,105,PENDING,PENDING,0.0,9.034671080681395,6.181973302358154,0.017840072105901494,0.1487364819700511,0.07721693581282182,0.17701670904649097
CsOPiv,PPhtBu2,DMAc,0.153,90,PENDING,PENDING,0.0,8.530798808289491,6.31136326340537,0.01658916319531445,0.15957857884648274,0.07823603241135134,0.18778103124629697
CsOPiv,PPhtBu2,DMAc,0.1,120,PENDING,PENDING,0.0,9.993727329942022,6.063624313207803,0.024327169910426244,0.14693007288614704,0.07685787253037814,0.1752200054241693
CsOPiv,PPhtBu2,DMAc,0.1,105,PENDING,PENDING,0.0,9.538666355907475,5.853059495890991,0.014628910809634132,0.15756548026332,0.07468127813896332,0.18571041945347316
CsOPiv,PPhtBu2,DMAc,0.1,90,PENDING,PENDING,0.0,9.01016303112428,5.97593923798878,0.013278939014011948,0.16839522070134633,0.0753823455761547,0.1964917423796341
CsOPiv,PPhtBu2,DMAc,0.057,120,PENDING,PENDING,0.0,10.334381225121955,6.091465894767001,0.029569523188854613,0.1541374696242114,0.07744315727601504,0.18236886423429216
CsOPiv,PPhtBu2,DMAc,0.057,105,PENDING,PENDING,0.0,9.871826237707497,5.867646635824616,0.01771817041449228,0.16472637622434066,0.07497756944040337,0.19283494856733985
CsOPiv,PPhtBu2,DMAc,0.057,90,PENDING,PENDING,0.0,9.330771536888522,5.978095301519107,0.01568405672351303,0.1754119200810208,0.07541083288103066,0.2034805633968881
CsOPiv,PPhtBu2,BuOAc,0.153,120,PENDING,PENDING,0.0,8.58242371421492,5.774688956118614,0.007765539362530174,0.15331273788443966,0.06979688929466286,0.18140368404948498
CsOPiv,PPhtBu2,BuOAc,0.153,105,PENDING,PENDING,0.0,8.202032983633629,5.487375313088977,0.003731468213416328,0.16535620527959893,0.06730326069102209,0.1933842099305441
CsOPiv,PPhtBu2,BuOAc,0.153,90,PENDING,PENDING,0.0,7.761535332619566,5.555816275227599,0.003248021912961342,0.17737187067586108,0.0680374646103131,0.20538420832306853
CsOPiv,PPhtBu2,BuOAc,0.1,120,PENDING,PENDING,0.0,9.075134211219224,5.585883713415946,0.007497862041175793,0.16243867681801716,0.06867527123243257,0.19048388411490313
CsOPiv,PPhtBu2,BuOAc,0.1,105,PENDING,PENDING,0.0,8.681833955650077,5.255917421086657,0.003189337884278349,0.1746341164454308,0.0655886003923829,0.20264030818205916
CsOPiv,PPhtBu2,BuOAc,0.1,90,PENDING,PENDING,0.0,8.218836778488626,5.297500135930909,0.002570745469160935,0.18665210033702856,0.06577834021687062,0.2146496973133968
CsOPiv,PPhtBu2,BuOAc,0.057,120,PENDING,PENDING,0.0,9.39704588125881,5.734960810136904,0.01139744367258913,0.1697119762003254,0.07045655164457207,0.1977525034212006
CsOPiv,PPhtBu2,BuOAc,0.057,105,PENDING,PENDING,0.0,8.994157237079525,5.395027958951606,0.005096640721209834,0.18183376707650845,0.06702620044737345,0.20983777470030046
CsOPiv,PPhtBu2,BuOAc,0.057,90,PENDING,PENDING,0.0,8.517615634545667,5.414070058712835,0.003937927801123231,0.19368006349609018,0.06680006196273297,0.22167596157859848
CsOPiv,PPhtBu2,BuCN,0.153,120,PENDING,PENDING,0.0,8.00349022625884,5.965728348369604,0.007695944412017444,0.1301045006838261,0.07328189477436803,0.1584965299557425
CsOPiv,PPhtBu2,BuCN,0.153,105,PENDING,PENDING,0.0,7.566381568586411,5.659682106949577,0.003522632492885043,0.1409954552388643,0.06997834589835299,0.16916548024157774
CsOPiv,PPhtBu2,BuCN,0.153,90,PENDING,PENDING,0.0,7.0869406815036236,5.691788668636588,0.0028029301162165315,0.15229237197525808,0.06972673333749291,0.18038721892235832
CsOPiv,PPhtBu2,BuCN,0.1,120,PENDING,PENDING,0.0,8.501657701405135,5.746246048129469,0.007082825636980726,0.13896168265241832,0.07179131196535281,0.1671935500833589
CsOPiv,PPhtBu2,BuCN,0.1,105,PENDING,PENDING,0.0,8.049525155777374,5.3975136617547035,0.0028359634735145786,0.14997821478170809,0.06790848843361572,0.17805924451650965
CsOPiv,PPhtBu2,BuCN,0.1,90,PENDING,PENDING,0.0,7.545896259567276,5.404626344709164,0.002078636188920048,0.16126729757628713,0.06714011149470213,0.18930323339358468
CsOPiv,PPhtBu2,BuCN,0.057,120,PENDING,PENDING,0.0,8.843497657459055,5.853654636029625,0.01014709152284432,0.14634433156115403,0.07303418528059119,0.17453891326294887
CsOPiv,PPhtBu2,BuCN,0.057,105,PENDING,PENDING,0.0,8.383045986861628,5.4944851778773565,0.004226985019078311,0.15730868350447014,0.06884534492081844,0.18537169487873445
CsOPiv,PPhtBu2,BuCN,0.057,90,PENDING,PENDING,0.0,7.866212200650994,5.483340308780042,0.003003752865712722,0.16844316337049844,0.06773734406073333,0.19646783928618639
CsOPiv,PPhMe2,p-Xylene,0.153,120,PENDING,PENDING,0.0,4.8919681490455575,5.735868655953066,0.0007647542484929323,0.12174902608610227,0.05638160088971408,0.1498060098010151
CsOPiv,PPhMe2,p-Xylene,0.153,105,PENDING,PENDING,0.0,4.397185610843336,5.333909648685216,0.00018589076636999846,0.13247002875064298,0.05161941388685887,0.1604713773721056
CsOPiv,PPhMe2,p-Xylene,0.153,90,PENDING,PENDING,0.0,3.923119744169224,5.3067380526361525,0.00011827605070378888,0.14374467373926328,0.0514089618655987,0.17173825006662458
CsOPiv,PPhMe2,p-Xylene,0.1,120,PENDING,PENDING,0.0,5.300619648665856,5.436934300427854,0.00048350808231063976,0.13079718499422888,0.05295357189154667,0.15880549466744848
CsOPiv,PPhMe2,p-Xylene,0.1,105,PENDING,PENDING,0.0,4.787139511976259,4.9759225424399265,8.086490952104912e-05,0.1416459370172606,0.04700582633492647,0.1696356818593978
CsOPiv,PPhMe2,p-Xylene,0.1,90,PENDING,PENDING,0.0,4.289400665491677,4.919731865717099,4.275582660269819e-05,0.15290972065652508,0.04599448013188219,0.18089813297063898
CsOPiv,PPhMe2,p-Xylene,0.057,120,PENDING,PENDING,0.0,5.626373092319602,5.499383589867955,0.0007117617903361281,0.1384373535092511,0.05360385020986441,0.16643940685679517
CsOPiv,PPhMe2,p-Xylene,0.057,105,PENDING,PENDING,0.0,5.104727248379815,5.025951354935433,0.0001250708269390974,0.1492392667709454,0.04710356543727725,0.1772281776113139
CsOPiv,PPhMe2,p-Xylene,0.057,90,PENDING,PENDING,0.0,4.5945497313872625,4.953536414535487,6.329861843939284e-05,0.16034617320728978,0.045544094675600374,0.18833432143677625
CsOPiv,PPhMe2,DMAc,0.153,120,PENDING,PENDING,0.0,6.130091780572273,5.7283547486741515,0.0016699857111798291,0.12862790255802908,0.05763651305423216,0.15667360529914223
CsOPiv,PPhMe2,DMAc,0.153,105,PENDING,PENDING,0.0,5.624847455072985,5.4325089243465,0.0006017002973951096,0.13925636548624853,0.05404634765125689,0.16725907269093776
CsOPiv,PPhMe2,DMAc,0.153,90,PENDING,PENDING,0.0,5.119147495265601,5.510690691987353,0.0005143709440548015,0.15034792477867714,0.05474402435404445,0.1783440729656902
CsOPiv,PPhMe2,DMAc,0.1,120,PENDING,PENDING,0.0,6.547582212735305,5.33944293702824,0.0009122146079731542,0.1377059944989697,0.0535974604983383,0.16570873914489362
CsOPiv,PPhMe2,DMAc,0.1,105,PENDING,PENDING,0.0,6.022988958956725,4.994971565562991,0.0002401466872372698,0.14845850017392262,0.04906764593296192,0.17644842185519757
CsOPiv,PPhMe2,DMAc,0.1,90,PENDING,PENDING,0.0,5.492599229413722,5.066082359144456,0.0001950591454687933,0.15953548689444508,0.04927529880487713,0.18752427693729573
CsOPiv,PPhMe2,DMAc,0.057,120,PENDING,PENDING,0.0,6.861670742338248,5.338691730471301,0.0011321750559385429,0.14530198977068695,0.05373988762725334,0.1732990450817654
CsOPiv,PPhMe2,DMAc,0.057,105,PENDING,PENDING,0.0,6.328702606508111,4.979837047749905,0.00029312305327850504,0.15600815508169127,0.0487147338061893,0.18399704030821562
CsOPiv,PPhMe2,DMAc,0.057,90,PENDING,PENDING,0.0,5.7859933316620555,5.040866090552925,0.00022841441815132923,0.16693014158049832,0.0485198947883169,0.19491843365802053
CsOPiv,PPhMe2,BuOAc,0.153,120,PENDING,PENDING,0.0,5.103461643959193,4.982371116857867,0.00010813608036752903,0.14478041919401644,0.043366933372066194,0.17276872298215898
CsOPiv,PPhMe2,BuOAc,0.153,105,PENDING,PENDING,0.0,4.649880650286176,4.549190114577704,1.3238094647084113e-05,0.15712065139386422,0.037971999969198034,0.18510862633560116
CsOPiv,PPhMe2,BuOAc,0.153,90,PENDING,PENDING,0.0,4.206228068904178,4.570108620382769,9.25866013955741e-06,0.16950932629578006,0.038595419895458304,0.19749729838987679
CsOPiv,PPhMe2,BuOAc,0.1,120,PENDING,PENDING,0.0,5.48538870315975,4.656039068261073,4.671961218985661e-05,0.15434194037953838,0.03987144416717708,0.18232993070058395
CsOPiv,PPhMe2,BuOAc,0.1,105,PENDING,PENDING,0.0,5.0133747625638945,4.147488278716627,2.6414338780315224e-06,0.16686177180193706,0.03272208024932722,0.19484974280874012
CsOPiv,PPhMe2,BuOAc,0.1,90,PENDING,PENDING,0.0,4.547132409150053,4.13859017056076,1.435175226114396e-06,0.17925732843175107,0.03228409080227645,0.20724529943208006
CsOPiv,PPhMe2,BuOAc,0.057,120,PENDING,PENDING,0.0,5.779122798328495,4.7676471652277534,9.242250419417316e-05,0.16201070235092788,0.04185948547479241,0.1899986973481111
CsOPiv,PPhMe2,BuOAc,0.057,105,PENDING,PENDING,0.0,5.296636897613356,4.250251456833543,6.328607559248677e-06,0.1744471143300644,0.03421692518209395,0.2024350853391107
CsOPiv,PPhMe2,BuOAc,0.057,90,PENDING,PENDING,0.0,4.817264330739409,4.220367533863194,3.1367281225897333e-06,0.1866509007297229,0.032972373681235116,0.21463887172990556
CsOPiv,PPhMe2,BuCN,0.153,120,PENDING,PENDING,0.0,4.513611699302423,5.0025587320569995,7.018305504783015e-05,0.12001765959908842,0.045635045140319346,0.1480128254716325
CsOPiv,PPhMe2,BuCN,0.153,105,PENDING,PENDING,0.0,4.001710529175211,4.502519754129891,5.4266354584411826e-06,0.1310361758987119,0.038145042167829935,0.15902427412182457
CsOPiv,PPhMe2,BuCN,0.153,90,PENDING,PENDING,0.0,3.517714304782398,4.455849539833525,2.53375940830753e-06,0.14261434718428825,0.03637273777589951,0.17060232796236374
CsOPiv,PPhMe2,BuCN,0.1,120,PENDING,PENDING,0.0,4.899328414299769,4.646493815459206,2.5753442010370846e-05,0.12925678969123294,0.04158850351469272,0.15724552822922822
CsOPiv,PPhMe2,BuCN,0.1,105,PENDING,PENDING,0.0,4.3660468156233465,4.060262653809395,7.117200225816646e-07,0.14041309798201296,0.03196389495934179,0.16840106937356106
CsOPiv,PPhMe2,BuCN,0.1,90,PENDING,PENDING,0.0,3.857113731579074,3.9760418265909108,2.0896174413596844e-07,0.15198121523298364,0.028576445903898715,0.17996918623363764
CsOPiv,PPhMe2,BuCN,0.057,120,PENDING,PENDING,0.0,5.211769570457185,4.729761977611056,4.814591091023264e-05,0.13704995017822585,0.04276670511062905,0.16503848682287928
CsOPiv,PPhMe2,BuCN,0.057,105,PENDING,PENDING,0.0,4.668747657697585,4.134928055492909,1.6278136851731982e-06,0.14815211101924303,0.03261044976057379,0.1761400822071224
CsOPiv,PPh3,p-Xylene,0.153,120,PENDING,PENDING,0.0,7.333295001756854,6.1625277260761395,0.007346110588146562,0.11089404395623409,0.0700384050852463,0.13950442849895198
CsOPiv,PPh3,p-Xylene,0.153,105,PENDING,PENDING,0.0,6.878812203777199,5.838719653635121,0.003278603763950609,0.12130025653953991,0.06645585353372496,0.149572556837482
CsOPiv,PPh3,p-Xylene,0.153,90,PENDING,PENDING,0.0,6.396239488312359,5.840882204525298,0.0024712372803100888,0.13240088796307567,0.06618421109181136,0.16055662713116342
CsOPiv,PPh3,p-Xylene,0.1,120,PENDING,PENDING,0.0,7.824342740352613,5.884383669562561,0.0061082014585676705,0.11934777986832576,0.06674726644256243,0.147655172007948
CsOPiv,PPh3,p-Xylene,0.1,105,PENDING,PENDING,0.0,7.354373279654426,5.507602150052412,0.002283093925788824,0.12985970845283812,0.062278416358608375,0.1579597660615603
CsOPiv,PPh3,p-Xylene,0.1,90,PENDING,PENDING,0.0,6.847497997099993,5.479232921188844,0.001546839518600504,0.1409457400982841,0.06133838517189079,0.1689881178086136
CsOPiv,PPh3,p-Xylene,0.057,120,PENDING,PENDING,0.0,8.173411850783449,5.931631953814643,0.00799043759660778,0.12662287349403697,0.0666904343578562,0.15484223639004363
CsOPiv,PPh3,p-Xylene,0.057,105,PENDING,PENDING,0.0,7.695727681704213,5.5360755830900725,0.002999394631899511,0.13707949882512183,0.06168029978844847,0.16513813795869878
CsOPiv,PPh3,p-Xylene,0.057,90,PENDING,PENDING,0.0,7.17583936003256,5.486919795183646,0.001948857607091261,0.14801108391443674,0.06026135968326554,0.1760294558164595
CsOPiv,PPh3,DMAc,0.153,120,PENDING,PENDING,0.0,8.568212230710262,6.101768031338867,0.012687455424517532,0.11774255922997175,0.06954297821672352,0.1461859194369325
CsOPiv,PPh3,DMAc,0.153,105,PENDING,PENDING,0.0,8.10089686310169,5.8770855928482915,0.007033685013146766,0.128060574081609,0.06676523013985496,0.15626760133193043
CsOPiv,PPh3,DMAc,0.153,90,PENDING,PENDING,0.0,7.584858313126176,5.9822201829279935,0.006296354073448883,0.1389833319419392,0.06725612986047377,0.16711353337229626
CsOPiv,PPh3,DMAc,0.1,120,PENDING,PENDING,0.0,9.066286962654152,5.722440475520478,0.009330494676547327,0.12623081511960826,0.0655027629334894,0.15442305870083348
CsOPiv,PPh3,DMAc,0.1,105,PENDING,PENDING,0.0,8.58237917190143,5.453755185972046,0.004421506901862424,0.1366513918506782,0.0619585792670874,0.1647148421144985
CsOPiv,PPh3,DMAc,0.1,90,PENDING,PENDING,0.0,8.04081465453339,5.549223109868868,0.0038059413927038904,0.14755607609883212,0.061975761776916605,0.17558632613219802
CsOPiv,PPh3,DMAc,0.057,120,PENDING,PENDING,0.0,9.402650152386354,5.701655222579753,0.010861260000996797,0.13346592352097555,0.0649399551836915,0.16158971651838813
CsOPiv,PPh3,DMAc,0.057,105,PENDING,PENDING,0.0,8.910698110936606,5.413118470075259,0.005008777218236213,0.14383178733227597,0.060894135423426296,0.17186285138555119
CsOPiv,PPh3,DMAc,0.057,90,PENDING,PENDING,0.0,8.356223778796046,5.494706686184029,0.004160033377789148,0.15458375703186295,0.06053157733688524,0.1825935759753557
CsOPiv,PPh3,BuOAc,0.153,120,PENDING,PENDING,0.0,7.598834458414943,5.3349520206553604,0.0018499240104036078,0.13208651649965122,0.05484060558929002,0.16010231615265727
CsOPiv,PPh3,BuOAc,0.153,105,PENDING,PENDING,0.0,7.188669090387148,4.9647489124140725,0.000551240745360445,0.1439687118358253,0.05035426735205598,0.171960799896974
CsOPiv,PPh3,BuOAc,0.153,90,PENDING,PENDING,0.0,6.735828913514386,4.994842213183927,0.0004222912719764188,0.15611473634359174,0.0502945506342114,0.18410424276940857
CsOPiv,PPh3,BuOAc,0.1,120,PENDING,PENDING,0.0,8.066020809561623,5.037467932015885,0.0012820988039443197,0.14096429889393108,0.051072685991585334,0.16895857335314546
CsOPiv,PPh3,BuOAc,0.1,105,PENDING,PENDING,0.0,7.640909547758266,4.597519929531227,0.000264763043613247,0.15298959128571119,0.045204765739466045,0.18097788030258827
CsOPiv,PPh3,BuOAc,0.1,90,PENDING,PENDING,0.0,7.164560425556816,4.590471673278966,0.00017026676840143804,0.1651336249373722,0.04415584990633151,0.1931216524122565
CsOPiv,PPh3,BuOAc,0.057,120,PENDING,PENDING,0.0,8.381894266999936,5.138584577010497,0.0020290403935865828,0.1482530438079805,0.05177770377366638,0.17624543599034756
CsOPiv,PPh3,BuOAc,0.057,105,PENDING,PENDING,0.0,7.946312898270824,4.6810324862752335,0.0004450244797242174,0.1601898612706949,0.0452218798749116,0.18817798853123527
CsOPiv,PPh3,BuOAc,0.057,90,PENDING,PENDING,0.0,7.455910841579195,4.646781002350425,0.00026477228508089154,0.17214861799267248,0.04345385652962306,0.20013660687948745
CsOPiv,PPh3,BuCN,0.153,120,PENDING,PENDING,0.0,7.043524414424022,5.65331531685575,0.0025289444524570943,0.10893424416289396,0.06252120818346417,0.13723655017228642
CsOPiv,PPh3,BuCN,0.153,105,PENDING,PENDING,0.0,6.577091316104988,5.282179328536849,0.0008086038546349476,0.11961976098656128,0.05758728155104708,0.14770245774967677
CsOPiv,PPh3,BuCN,0.153,90,PENDING,PENDING,0.0,6.085140058446116,5.276325309946655,0.0005591300368671141,0.13101251586852766,0.05635171970061903,0.15904037094206128
CsOPiv,PPh3,BuCN,0.1,120,PENDING,PENDING,0.0,7.517989757469827,5.342886561481402,0.001783818409669971,0.11754921387757561,0.05887636040897698,0.14566586696492692
CsOPiv,PPh3,BuCN,0.1,105,PENDING,PENDING,0.0,7.034635093000503,4.9078455994292,0.0004157484478808952,0.12834863812462802,0.05278079880048937,0.1563596626347342
CsOPiv,PPh3,BuCN,0.1,90,PENDING,PENDING,0.0,6.51750816059673,4.867823379441757,0.00024254430294173455,0.13972776759913905,0.05063697544905727,0.16772189276494942
CsOPiv,PPh3,BuCN,0.057,120,PENDING,PENDING,0.0,7.854758895667652,5.401090287880127,0.0025210931398883286,0.1249596461545029,0.05895611400578723,0.15303551188376605
CsOPiv,PPh3,BuCN,0.057,105,PENDING,PENDING,0.0,7.362385508683475,4.947693089120405,0.0006011970135753209,0.13569674272579824,0.052254496711529236,0.16369712479817689
CsOPiv,PPh3,BuCN,0.057,90,PENDING,PENDING,0.0,6.831623564550755,4.88572527729765,0.0003310606373895025,0.14691101426409175,0.04953982959676215,0.17490155060157764
CsOPiv,PPh2Me,p-Xylene,0.153,120,PENDING,PENDING,0.0,5.451351769320714,5.525049700117504,0.0006719405553194616,0.11196035431636324,0.05139097964217124,0.139998811439659
CsOPiv,PPh2Me,p-Xylene,0.153,105,PENDING,PENDING,0.0,4.972816934593946,5.202981712430314,0.0001962289459365536,0.12256508175252825,0.04706169849533866,0.15056180132838065
CsOPiv,PPh2Me,p-Xylene,0.153,90,PENDING,PENDING,0.0,4.505275269238182,5.267997930886256,0.00016577034180492332,0.13389505453261932,0.04784234838674163,0.161887442663809
CsOPiv,PPh2Me,p-Xylene,0.1,120,PENDING,PENDING,0.0,5.943690353653095,5.369100626828381,0.0006418737706954253,0.1207882403252425,0.05003949578895387,0.14879722803511616
CsOPiv,PPh2Me,p-Xylene,0.1,105,PENDING,PENDING,0.0,5.4493692401316105,4.9973953223855,0.0001515957756055182,0.1315091083612853,0.044649515572787346,0.15949903404707752
CsOPiv,PPh2Me,p-Xylene,0.1,90,PENDING,PENDING,0.0,4.9575990736271685,5.027650904545991,0.000111288680476477,0.14282554650183893,0.044534143489327896,0.17081416894706314
CsOPiv,PPh2Me,p-Xylene,0.057,120,PENDING,PENDING,0.0,6.328720748004777,5.565152753374172,0.0013316155080017114,0.12838904411621913,0.05284415982546709,0.1564003223865822
CsOPiv,PPh2Me,p-Xylene,0.057,105,PENDING,PENDING,0.0,5.8284024003060395,5.1853977661861945,0.00036069983234089317,0.13906349114791253,0.047122180415525045,0.16705376348050924
CsOPiv,PPh2Me,p-Xylene,0.057,90,PENDING,PENDING,0.0,5.323804951357286,5.188726592581658,0.00024723740912356313,0.1502230225686816,0.04637227200941224,0.17821165048100318
CsOPiv,PPh2Me,DMAc,0.153,120,PENDING,PENDING,0.0,6.69177166312207,5.575096420693236,0.0017226429428451734,0.11887131453381879,0.054246612716379435,0.14691544342414947
CsOPiv,PPh2Me,DMAc,0.153,105,PENDING,PENDING,0.0,6.202327319656333,5.366703385471705,0.0007659273727439429,0.12938756145631236,0.05130543728779768,0.15739095295886119
CsOPiv,PPh2Me,DMAc,0.153,90,PENDING,PENDING,0.0,5.702598344619577,5.534830354478744,0.0008172691456807893,0.14053611206267705,0.05293838841521224,0.16853451125908053
CsOPiv,PPh2Me,DMAc,0.1,120,PENDING,PENDING,0.0,7.19078316077559,5.320802352080279,0.001360617305848957,0.12773145732453814,0.05212982143492993,0.1557402737723021
CsOPiv,PPh2Me,DMAc,0.1,105,PENDING,PENDING,0.0,6.684655395710269,5.072093412221923,0.0005042045432557636,0.1383606854480044,0.04835523729325139,0.16635223884618283
CsOPiv,PPh2Me,DMAc,0.1,90,PENDING,PENDING,0.0,6.159642862667198,5.2264466703582855,0.0005173745010722099,0.14949224593857316,0.049406250180442146,0.1774822110047627
CsOPiv,PPh2Me,DMAc,0.057,120,PENDING,PENDING,0.0,7.56227126355422,5.445862451126975,0.0022928478380860005,0.13528789381095846,0.054201899212433124,0.16329569177965958
CsOPiv,PPh2Me,DMAc,0.057,105,PENDING,PENDING,0.0,7.049706200530741,5.184649904950001,0.0008879486488466062,0.14587084795203603,0.05006400016539576,0.17386208109353646
CsOPiv,PPh2Me,DMAc,0.057,90,PENDING,PENDING,0.0,6.511942686171943,5.316792921729703,0.0008415693385180386,0.15684717281165161,0.05059985770762232,0.18483673776077053
CsOPiv,PPh2Me,BuOAc,0.153,120,PENDING,PENDING,0.0,5.700535848442296,4.772438188592239,8.768561655703817e-05,0.13425911281731967,0.04045838064207415,0.16224736008396365
CsOPiv,PPh2Me,BuOAc,0.153,105,PENDING,PENDING,0.0,5.267395830501708,4.448044160966895,1.5797270772544697e-05,0.1464503096509478,0.036160329512604165,0.17443828554581814
CsOPiv,PPh2Me,BuOAc,0.153,90,PENDING,PENDING,0.0,4.832211569869193,4.587688934954024,1.882080333868248e-05,0.15889187784553066,0.038209063653438714,0.18687985249008432
CsOPiv,PPh2Me,BuOAc,0.1,120,PENDING,PENDING,0.0,6.174039298181313,4.658213924164745,8.887362201038802e-05,0.14357981743497256,0.04021978089014372,0.17156787409435392
CsOPiv,PPh2Me,BuOAc,0.1,105,PENDING,PENDING,0.0,5.7257881701533515,4.278408994583449,1.165633311222308e-05,0.15593471126909775,0.03466484131164863,0.183922682613339
CsOPiv,PPh2Me,BuOAc,0.1,90,PENDING,PENDING,0.0,5.267027647568787,4.376878067640825,1.1382847665040503e-05,0.16837919272184426,0.03552194243879823,0.1963671638199764
CsOPiv,PPh2Me,BuOAc,0.057,120,PENDING,PENDING,0.0,6.531433710839635,4.952772285589922,0.00031788085170685997,0.15121587150716048,0.04491805319111403,0.17920417862351462
CsOPiv,PPh2Me,BuOAc,0.057,105,PENDING,PENDING,0.0,6.074819051564743,4.570367100301967,5.832214393982412e-05,0.1634890525995958,0.03917698143135603,0.19147702740576258
CsOPiv,PPh2Me,BuOAc,0.057,90,PENDING,PENDING,0.0,5.602099616434095,4.629222780871126,4.6957186047991714e-05,0.17574266866771535,0.03907821794351593,0.20373064031893634
CsOPiv,PPh2Me,BuCN,0.153,120,PENDING,PENDING,0.0,5.0875651128515695,4.857780712124196,6.919711765076262e-05,0.10993500273577139,0.041416306855150374,0.1379276722813999
CsOPiv,PPh2Me,BuCN,0.153,105,PENDING,PENDING,0.0,4.592347644054815,4.466830449818296,8.536484742996191e-06,0.12081595216634826,0.034397915204211156,0.14880397835572529
CsOPiv,PPh2Me,BuCN,0.153,90,PENDING,PENDING,0.0,4.114953984053919,4.53600568670283,7.1835864033949605e-06,0.13244486982755255,0.03390903291408803,0.1604328482305429
CsOPiv,PPh2Me,BuCN,0.1,120,PENDING,PENDING,0.0,5.563647628263285,4.685869778123055,5.634693417039911e-05,0.11893893502866774,0.040124035446018995,0.14692812427467347
CsOPiv,PPh2Me,BuCN,0.1,105,PENDING,PENDING,0.0,5.050682469592154,4.232304311330153,4.370342938889214e-06,0.12994288622030442,0.0315163152417563,0.15793085880792188
CsOPiv,PPh2Me,BuCN,0.057,120,PENDING,PENDING,0.0,5.940540712262009,4.930670693686963,0.00018366220371229727,0.12669500736510428,0.04399642545727106,0.1546853942353083
CsOPiv,PPh2Me,BuCN,0.057,105,PENDING,PENDING,0.0,5.420951592545569,4.478121989870937,2.1101973065500287e-05,0.13764827774923685,0.03550677817629961,0.1656362596074698
CsOPiv,PPh2Me,BuCN,0.057,90,PENDING,PENDING,0.0,4.904875361156116,4.476154398585079,1.2349276161968036e-05,0.14909658085862634,0.032927658423629845,0.17708455207548937
CsOPiv,PCy3 HBF4,p-Xylene,0.153,120,PENDING,PENDING,0.0,6.6850403632305815,5.516847569773674,0.0015108470952778681,0.11207339207796152,0.054303063421470496,0.14014626919488013
CsOPiv,PCy3 HBF4,p-Xylene,0.153,105,PENDING,PENDING,0.0,6.227469670896449,5.1579493744879175,0.0004518959983714913,0.12261983148206385,0.04951533320568956,0.15062412429428232
CsOPiv,PCy3 HBF4,p-Xylene,0.153,90,PENDING,PENDING,0.0,5.756010274204813,5.191975184901546,0.000347791473685426,0.13385060917434163,0.04957019282889381,0.16184578645832806
CsOPiv,PCy3 HBF4,p-Xylene,0.1,120,PENDING,PENDING,0.0,7.204990624430422,5.367135542731153,0.0015271427803086011,0.12087052025656113,0.05334655729159709,0.14890042011532617
CsOPiv,PCy3 HBF4,p-Xylene,0.1,105,PENDING,PENDING,0.0,6.7332452818868225,4.963159911409559,0.0003846821781940844,0.13153820045481063,0.04765840556929935,0.15953123470231978
CsOPiv,PCy3 HBF4,p-Xylene,0.1,90,PENDING,PENDING,0.0,6.2376148818025445,4.964296350338073,0.0002599712539168471,0.14275888157098815,0.04685938000114491,0.17074838475069407
CsOPiv,PCy3 HBF4,p-Xylene,0.057,120,PENDING,PENDING,0.0,7.588374893636651,5.56126452341311,0.002949645800511897,0.12841324582547584,0.056135623008451624,0.15644597342868685
CsOPiv,PCy3 HBF4,p-Xylene,0.057,105,PENDING,PENDING,0.0,7.110135698204969,5.153814479275904,0.0008581581445303351,0.1390335438917355,0.05018746737439296,0.1670272567889185
CsOPiv,PCy3 HBF4,p-Xylene,0.057,90,PENDING,PENDING,0.0,6.601224933704773,5.131269561631051,0.0005562854429490196,0.15009937606262097,0.04883756744880421,0.17808892624106223
CsOPiv,PCy3 HBF4,DMAc,0.153,120,PENDING,PENDING,0.0,7.989045279390568,5.724179794320368,0.0050895731765416286,0.11905145040186335,0.06044622930632486,0.14718842477048122
CsOPiv,PCy3 HBF4,DMAc,0.153,105,PENDING,PENDING,0.0,7.520116339919363,5.489796437094351,0.0024454519603520353,0.12950901974973128,0.0571902650807408,0.15754775422346215
CsOPiv,PCy3 HBF4,DMAc,0.153,90,PENDING,PENDING,0.0,7.013565300008298,5.620369044790967,0.002322409506752391,0.14055691007658644,0.057926437155781337,0.16857523265281615
CsOPiv,PCy3 HBF4,DMAc,0.1,120,PENDING,PENDING,0.0,8.513778507232301,5.459144586671688,0.004282846012586591,0.127878522053625,0.05855556771580789,0.15593677125318037
CsOPiv,PCy3 HBF4,DMAc,0.1,105,PENDING,PENDING,0.0,8.029426045585726,5.188388558516048,0.0017829919115332597,0.13845362461846433,0.05461440319351178,0.16645922050340967
CsOPiv,PCy3 HBF4,DMAc,0.1,90,PENDING,PENDING,0.0,7.497551634026924,5.308066288105565,0.001627707783656434,0.14948776894826415,0.054812537599136894,0.17748455756868856
CsOPiv,PCy3 HBF4,DMAc,0.057,120,PENDING,PENDING,0.0,8.880441780863514,5.556774110140871,0.006371549979030458,0.1353746462158731,0.0602501452687692,0.16342414656438337
CsOPiv,PCy3 HBF4,DMAc,0.057,105,PENDING,PENDING,0.0,8.389055019137004,5.275976050016595,0.002746812808567315,0.14590264403650594,0.05599296662215914,0.17390527963998187
CsOPiv,PCy3 HBF4,DMAc,0.057,90,PENDING,PENDING,0.0,7.844162381056407,5.378550376262065,0.002388376858635837,0.1567838384040969,0.05577860211120234,0.18477857625212316
CsOPiv,PCy3 HBF4,BuOAc,0.153,120,PENDING,PENDING,0.0,7.023895395289988,5.008366882119321,0.0005479432119189272,0.13373155769003114,0.04729606199861372,0.1617233303848601
CsOPiv,PCy3 HBF4,BuOAc,0.153,105,PENDING,PENDING,0.0,6.612668176056711,4.619337366955951,0.00011489878231983977,0.14580183079339296,0.04193489269093438,0.1737899583636594
CsOPiv,PCy3 HBF4,BuOAc,0.153,90,PENDING,PENDING,0.0,6.169843356143367,4.669839416303187,9.234821708858291e-05,0.15810507004163998,0.04191396482989567,0.18609308002748512
CsOPiv,PCy3 HBF4,BuOAc,0.1,120,PENDING,PENDING,0.0,7.521240573077239,4.865758819757271,0.0005412551645446548,0.1429950223343777,0.04670898053540598,0.17098441863936029
CsOPiv,PCy3 HBF4,BuOAc,0.1,105,PENDING,PENDING,0.0,7.096676429807537,4.42457232675319,8.779001965335265e-05,0.1552311376994849,0.040280224302269296,0.1832191307175462
CsOPiv,PCy3 HBF4,BuOAc,0.1,90,PENDING,PENDING,0.0,6.630698694272259,4.437325804081423,5.894395670926356e-05,0.16754003103284884,0.03917317400358503,0.19552800422615965
CsOPiv,PCy3 HBF4,BuOAc,0.057,120,PENDING,PENDING,0.0,7.8701683661116775,5.110284259050415,0.0013294547163083346,0.1505699358991367,0.050399275526529445,0.17856039017016076
CsOPiv,PCy3 HBF4,BuOAc,0.057,105,PENDING,PENDING,0.0,7.4364828162382635,4.671270254031818,0.0002816599047921328,0.1627256648914525,0.04382112813912996,0.1907136979997146
CsOPiv,PCy3 HBF4,BuOAc,0.057,90,PENDING,PENDING,0.0,6.956444314380893,4.656571543732161,0.00017742442817286113,0.17484800013223734,0.04208519009584893,0.20283597695997893
CsOPiv,PCy3 HBF4,BuCN,0.153,120,PENDING,PENDING,0.0,6.434644538941301,5.188332585715373,0.0005725889057400287,0.11022624273300799,0.051253882691719176,0.1382691450363072
CsOPiv,PCy3 HBF4,BuCN,0.153,105,PENDING,PENDING,0.0,5.966243818566605,4.788388239228188,0.00011712277041902469,0.12106399922407621,0.045025335510399,0.14905747829616584
CsOPiv,PCy3 HBF4,BuCN,0.153,90,PENDING,PENDING,0.0,5.484776014149695,4.806593194213217,8.18168802263165e-05,0.1325942655833651,0.04366146474131668,0.16058347704743064
CsOPiv,PCy3 HBF4,BuCN,0.1,120,PENDING,PENDING,0.0,6.938508326969443,5.018257295881312,0.0005274721475866098,0.11920091012776349,0.050268331170092134,0.14721359271769105
CsOPiv,PCy3 HBF4,BuCN,0.1,105,PENDING,PENDING,0.0,6.454622199992027,4.567116090427456,8.218442921165549e-05,0.1301702370524081,0.04301307253022692,0.15815943472562657
CsOPiv,PCy3 HBF4,BuCN,0.1,90,PENDING,PENDING,0.0,5.948224203805914,4.550403787016151,4.782775334754674e-05,0.141692226376202,0.04060278457830745,0.16968032666161137
CsOPiv,PCy3 HBF4,BuCN,0.057,120,PENDING,PENDING,0.0,7.308735051642296,5.221518656554649,0.001168419163478254,0.12688866010633754,0.053206620986241814,0.1549043928212822
CsOPiv,PCy3 HBF4,BuCN,0.057,105,PENDING,PENDING,0.0,6.817084793423273,4.770791243441938,0.00022907608661026186,0.13780404614074324,0.04581260883795656,0.16579367593399744
CsOPiv,PCy3 HBF4,BuCN,0.057,90,PENDING,PENDING,0.0,6.296921989446679,4.731433922469041,0.0001285115839995913,0.14916067756129786,0.04293022340728605,0.17714882242622776
CsOPiv,P(fur)3,p-Xylene,0.153,120,PENDING,PENDING,0.0,11.992704417923864,5.450240776934521,0.03006082445322053,0.1163882847926169,0.050526617181392335,0.14440792203101604
CsOPiv,P(fur)3,p-Xylene,0.153,105,PENDING,PENDING,0.0,11.58362904464008,5.31090992541385,0.019975220603738103,0.12746595724314563,0.0496159998926698,0.1554656830497692
CsOPiv,P(fur)3,p-Xylene,0.153,90,PENDING,PENDING,0.0,11.062162294496094,5.557917174338585,0.021397048691241982,0.13918560368509353,0.05350580616671608,0.16718666152953746
CsOPiv,P(fur)3,p-Xylene,0.1,120,PENDING,PENDING,0.0,12.583253918390454,5.074507067014314,0.024759832048644015,0.1251800798267247,0.0455488342998767,0.1531726108694708
CsOPiv,P(fur)3,p-Xylene,0.1,105,PENDING,PENDING,0.0,12.16204800894905,4.893641730004154,0.014655867952842308,0.1363886768938368,0.04371237029226984,0.16437752777503783
CsOPiv,P(fur)3,p-Xylene,0.1,90,PENDING,PENDING,0.0,11.615510660516772,5.141107636537479,0.01575350960186825,0.1481092026686674,0.047416055616663906,0.1760983337504487
CsOPiv,P(fur)3,p-Xylene,0.057,120,PENDING,PENDING,0.0,12.939357945092297,5.11950299282799,0.03206347366563772,0.13270434953934895,0.04577343240148075,0.16069488673278182
CsOPiv,P(fur)3,p-Xylene,0.057,105,PENDING,PENDING,0.0,12.512118531731367,4.9158385591799645,0.01874855075309889,0.14385831651660663,0.04320084822232353,0.17184662797224423
CsOPiv,P(fur)3,p-Xylene,0.057,90,PENDING,PENDING,0.0,11.953726793566663,5.140858848279939,0.019122893943453012,0.15541684560318386,0.04635529132673444,0.18340521790756675
CsOPiv,P(fur)3,DMAc,0.153,120,PENDING,PENDING,0.0,12.968277240544229,5.808913935630718,0.07192089305704058,0.12329370255968256,0.05642470268550183,0.15134528865143945
CsOPiv,P(fur)3,DMAc,0.153,105,PENDING,PENDING,0.0,12.543469218328598,5.776715377394042,0.057525782881504894,0.1342738095407131,0.056718472043851824,0.16229691798577328
CsOPiv,P(fur)3,DMAc,0.153,90,PENDING,PENDING,0.0,11.995127972618661,6.0851235911220005,0.061917971384936155,0.14580398484704554,0.06093137741610721,0.17383082153596013
CsOPiv,P(fur)3,DMAc,0.1,120,PENDING,PENDING,0.0,13.552413861621936,5.396818235336866,0.06129647746463135,0.13211899985877038,0.051590949862368896,0.16012059010395704
CsOPiv,P(fur)3,DMAc,0.1,105,PENDING,PENDING,0.0,13.113972109695817,5.342461240644011,0.04648576211452607,0.14322606103532745,0.05136623516935073,0.1712197919519991
CsOPiv,P(fur)3,DMAc,0.1,90,PENDING,PENDING,0.0,12.540041803552754,5.666379764206188,0.05097818263687365,0.15475288873302376,0.05555402687442251,0.18274821944333616
CsOPiv,P(fur)3,DMAc,0.057,105,PENDING,PENDING,0.0,13.448398448379066,5.311883877635868,0.05298024224935899,0.15065307082639484,0.050640563992298465,0.17864369420322246
CsOPiv,P(fur)3,DMAc,0.057,90,PENDING,PENDING,0.0,12.862797797809783,5.623163208860445,0.05656088367324835,0.16201995086377854,0.05447478150391311,0.19001126316748887
CsOPiv,P(fur)3,BuOAc,0.153,120,PENDING,PENDING,0.0,12.235439442827257,4.766612395827939,0.012367963851990543,0.13796560979615624,0.03538503625776555,0.16595359033059115
CsOPiv,P(fur)3,BuOAc,0.153,105,PENDING,PENDING,0.0,11.863080564931257,4.669863712855397,0.008122411199552426,0.1506537530905156,0.035739007094471836,0.17864172601652312
CsOPiv,P(fur)3,BuOAc,0.153,90,PENDING,PENDING,0.0,11.36563182269432,5.018483467825248,0.011109696514797096,0.16354477981590596,0.04228862602198696,0.1915327762562114
CsOPiv,P(fur)3,BuOAc,0.1,105,PENDING,PENDING,0.0,12.415123625937444,4.270003714349456,0.005247631936859294,0.16008278625791986,0.029262094262591635,0.18807075725820305
CsOPiv,P(fur)3,BuOAc,0.1,90,PENDING,PENDING,0.0,11.893122676024685,4.626589869277179,0.007620684702046292,0.17299870269441814,0.03605422053372454,0.20098667377017732
CsOPiv,P(fur)3,BuOAc,0.057,120,PENDING,PENDING,0.0,13.121069025667671,4.54449473159269,0.014840597586338156,0.15478491984994844,0.03258380828036309,0.18277289090568263
CsOPiv,P(fur)3,BuOAc,0.057,105,PENDING,PENDING,0.0,12.72841766534847,4.383402044345772,0.008401110945123608,0.16756350885747398,0.03078895521883076,0.19555147985796836
CsOPiv,P(fur)3,BuOAc,0.057,90,PENDING,PENDING,0.0,12.194393620386228,4.703680779415151,0.010771165898238788,0.18027956489254088,0.03644492582355792,0.20826753592573177
CsOPiv,P(fur)3,BuCN,0.153,120,PENDING,PENDING,0.0,11.700278776843332,5.09712551381411,0.015445747482603134,0.11448597043557387,0.04433997771813578,0.14248176170638396
CsOPiv,P(fur)3,BuCN,0.153,105,PENDING,PENDING,0.0,11.277865287203774,4.957399308727227,0.009457791075303146,0.1258872805947191,0.04258415413745709,0.15387682836208985
CsOPiv,P(fur)3,BuCN,0.153,90,PENDING,PENDING,0.0,10.74621502867415,5.230241665174018,0.010936837630183327,0.13794438907157933,0.04623947509258538,0.16593425471440537
CsOPiv,P(fur)3,BuCN,0.1,120,PENDING,PENDING,0.0,12.272734413475003,4.715368404823552,0.011572610146160262,0.12345230786194115,0.03927420817911185,0.15144080518691616
CsOPiv,P(fur)3,BuCN,0.1,105,PENDING,PENDING,0.0,11.8366889360128,4.533575539661762,0.006072458343807166,0.13499687214132203,0.03633712320337464,0.16298487023895777
CsOPiv,P(fur)3,BuCN,0.1,90,PENDING,PENDING,0.0,11.279252099043298,4.8108061058253115,0.007218513027818445,0.14705907758003708,0.0397729758520897,0.17504709316717013
CsOPiv,P(fur)3,BuCN,0.057,120,PENDING,PENDING,0.0,12.6154119915619,4.788775340896449,0.01628533399307351,0.1311278701551369,0.04014632105309672,0.15911617833090566
CsOPiv,P(fur)3,BuCN,0.057,105,PENDING,PENDING,0.0,12.172310887829628,4.584990387102175,0.008498363477558626,0.14261002202652454,0.036434058543805235,0.1705980032270209
CsOPiv,P(fur)3,BuCN,0.057,90,PENDING,PENDING,0.0,11.602773259711741,4.8367874218895,0.009355931114519503,0.15449785691889942,0.03918465215004777,0.182485840385556
CsOPiv,JackiePhos,p-Xylene,0.153,120,PENDING,PENDING,0.0,8.154429842696736,5.4130284706330185,0.003128655682401376,0.4197228025443811,0.07029567727235765,0.447710773545385
CsOPiv,JackiePhos,p-Xylene,0.153,105,PENDING,PENDING,0.0,7.7193942407855065,5.026031170920932,0.0009679302013638862,0.42753093688813176,0.06453913241700156,0.4555189078881392
CsOPiv,JackiePhos,p-Xylene,0.153,90,PENDING,PENDING,0.0,7.241759474368156,5.040657309463339,0.0007051831887804928,0.43255406904694377,0.06470518559996119,0.46054204004694854
CsOPiv,JackiePhos,p-Xylene,0.1,120,PENDING,PENDING,0.0,8.67194629430865,5.0496469588415955,0.0020276711886459756,0.4281358439876483,0.06196427199657875,0.45612381498764903
CsOPiv,JackiePhos,p-Xylene,0.1,105,PENDING,PENDING,0.0,8.222455185458214,4.58579378842784,0.0004195805573564415,0.436052568545281,0.054949886761215344,0.464040539545281
CsOPiv,JackiePhos,p-Xylene,0.1,90,PENDING,PENDING,0.0,7.720612448058164,4.565641226464568,0.0002556869939812794,0.44106147379212723,0.05501264548788503,0.46904944479212723
CsOPiv,JackiePhos,p-Xylene,0.057,120,PENDING,PENDING,0.0,9.029391512731207,5.092064443791573,0.002846039928162479,0.4328117462073244,0.05983916625514074,0.46079971720732443
CsOPiv,JackiePhos,p-Xylene,0.057,105,PENDING,PENDING,0.0,8.572312317603362,4.605282745714747,0.0005957296228289591,0.44073883137138475,0.05234603027049881,0.46872680237138475
CsOPiv,JackiePhos,p-Xylene,0.057,90,PENDING,PENDING,0.0,8.05732307979017,4.560442635258346,0.0003366623844725074,0.44570380529753884,0.05230109995733729,0.47369177629753884
CsOPiv,JackiePhos,DMAc,0.153,120,PENDING,PENDING,0.0,9.390093983576358,5.2556728525195,0.005011306712576116,0.4253835630146072,0.0567405367652126,0.4533715340146073
CsOPiv,JackiePhos,DMAc,0.153,105,PENDING,PENDING,0.0,8.941601880809714,4.993332808642318,0.0021533938801831416,0.4331174210033827,0.05204616961714911,0.4611053920033827
CsOPiv,JackiePhos,DMAc,0.153,90,PENDING,PENDING,0.0,8.429971875471264,5.150690844070608,0.002154302032250737,0.43796853422389226,0.05534687386465164,0.46595650522389226
CsOPiv,JackiePhos,DMAc,0.1,120,PENDING,PENDING,0.0,9.914073210136866,4.748336749140764,0.002452045981209499,0.4339062864919033,0.04466449757825552,0.4618942574919033
CsOPiv,JackiePhos,DMAc,0.1,105,PENDING,PENDING,0.0,9.449919046560629,4.420005431118611,0.000717882063690195,0.44174912964064805,0.03810660853899252,0.46973710064064805
CsOPiv,JackiePhos,DMAc,0.1,90,PENDING,PENDING,0.0,8.912865585426118,4.580161355804907,0.0007324940412863062,0.44657434504500654,0.04258070108466435,0.47456231604500654
CsOPiv,JackiePhos,DMAc,0.057,120,PENDING,PENDING,0.0,10.258419086794483,4.704137965586166,0.0028435295079110197,0.4385971090782079,0.04110629211764283,0.4665850800782079
CsOPiv,JackiePhos,DMAc,0.057,90,PENDING,PENDING,0.0,9.23625586665297,4.495446169136209,0.0007488317281570053,0.4512288122857336,0.03855413971358547,0.4792167832857336
CsOPiv,JackiePhos,BuOAc,0.153,120,PENDING,PENDING,0.0,8.497970150129888,4.960422130752225,0.0014521938260521894,0.4250093804715614,0.07654049563633643,0.45299735149152487
CsOPiv,JackiePhos,BuOAc,0.153,105,PENDING,PENDING,0.0,8.11339140156043,4.582691136165138,0.00037885669174376677,0.43304435006641584,0.07239640315733883,0.4610323210674553
CsOPiv,JackiePhos,BuOAc,0.153,90,PENDING,PENDING,0.0,7.668066735238661,4.647742034862996,0.0003182520513425645,0.4382872977376766,0.0734510079610775,0.4662752687388817
CsOPiv,JackiePhos,BuOAc,0.1,120,PENDING,PENDING,0.0,8.996027160016979,4.634048848797967,0.0009114382839315541,0.43339739708556485,0.06938018914919701,0.4613853680857114
CsOPiv,JackiePhos,BuOAc,0.1,105,PENDING,PENDING,0.0,8.598359321515664,4.179399247028858,0.0001474213777525506,0.4415348461890643,0.06449585535310377,0.46952281718906574
CsOPiv,JackiePhos,BuOAc,0.1,90,PENDING,PENDING,0.0,8.129986897178304,4.210725597722896,0.00010488098310931673,0.4467616050874717,0.06560919235048124,0.4747495760874737
CsOPiv,JackiePhos,BuOAc,0.057,120,PENDING,PENDING,0.0,9.320641272100447,4.748230910235565,0.0015805881440658712,0.4380477190430533,0.0676911664799441,0.46603569004308065
CsOPiv,JackiePhos,BuOAc,0.057,105,PENDING,PENDING,0.0,8.912609749591521,4.277372139844373,0.00028306365953153405,0.44619101645698406,0.06252367856445633,0.4741789874569842
CsOPiv,JackiePhos,BuOAc,0.057,90,PENDING,PENDING,0.0,8.430026520535506,4.279640825611697,0.0001817321985571386,0.4513707909701422,0.06358805089691336,0.47935876197014243
CsOPiv,JackiePhos,BuCN,0.153,120,PENDING,PENDING,0.0,7.897339407213223,5.022764797469345,0.0010938114202694704,0.4198356966786289,0.06673071602335798,0.44782366767872117
CsOPiv,JackiePhos,BuCN,0.153,105,PENDING,PENDING,0.0,7.452507153261746,4.605299523892468,0.00023059504144633258,0.4276814526284497,0.06144106737335515,0.4556694236284502
CsOPiv,JackiePhos,BuCN,0.153,90,PENDING,PENDING,0.0,6.9662922041951685,4.625145652386044,0.00016083722350295274,0.4327238349887229,0.06252577029347389,0.46071180598872363
CsOPiv,JackiePhos,BuCN,0.1,120,PENDING,PENDING,0.0,8.40006728014605,4.638130728628129,0.000569329282789798,0.42832996713875204,0.05774119079993527,0.45631793813875204
CsOPiv,JackiePhos,BuCN,0.1,105,PENDING,PENDING,0.0,7.939614970826525,4.134422614153712,6.352118719565045e-05,0.4362838421813566,0.051167158970007884,0.4642718131813566
CsOPiv,JackiePhos,BuCN,0.1,90,PENDING,PENDING,0.0,7.428436046098256,4.119444474135856,3.479915097910624e-05,0.44130760954861725,0.0524014521833908,0.46929558054861725
CsOPiv,JackiePhos,BuCN,0.057,120,PENDING,PENDING,0.0,8.745430475454807,4.697780525953093,0.0008899191054937694,0.43305725648506277,0.05544074232367131,0.46104522748506277
CsOPiv,JackiePhos,BuCN,0.057,105,PENDING,PENDING,0.0,8.276087556291086,4.17372443260384,0.00010488102587955525,0.4410209469071423,0.04836467583287283,0.4690089179071423
CsOPiv,JackiePhos,BuCN,0.057,90,PENDING,PENDING,0.0,7.751139500229921,4.133816817441516,5.209675845617423e-05,0.4459986579860381,0.04957790110500287,0.4739866289860381
CsOPiv,GorlosPhos HBF4,p-Xylene,0.153,120,PENDING,PENDING,0.0,10.469992353892007,6.15911371421268,0.034071051527396756,0.13448117717133215,0.06328004113280213,0.16257184782023312
CsOPiv,GorlosPhos HBF4,p-Xylene,0.153,105,PENDING,PENDING,0.0,10.025447073732149,5.970886729093048,0.021954089174561653,0.14529933828317676,0.06161304570249575,0.17333227042366325
CsOPiv,GorlosPhos HBF4,p-Xylene,0.153,90,PENDING,PENDING,0.0,9.500073685243901,6.103471802462258,0.020177005723010732,0.15647620515520097,0.06367484897141211,0.18449902878883528
CsOPiv,GorlosPhos HBF4,p-Xylene,0.1,120,PENDING,PENDING,0.0,11.04231050906764,5.877409801740801,0.03197180331151561,0.1434047225524083,0.06010198036464756,0.1714311032138151
CsOPiv,GorlosPhos HBF4,p-Xylene,0.1,105,PENDING,PENDING,0.0,10.582840276495933,5.656240716014552,0.019079515907950206,0.15434575901599187,0.05779601632369934,0.18234638029467187
CsOPiv,GorlosPhos HBF4,p-Xylene,0.1,90,PENDING,PENDING,0.0,10.03096586966457,5.778622708800775,0.016991578199407262,0.1655109733249627,0.059500697384915174,0.19350802061473235
CsOPiv,GorlosPhos HBF4,p-Xylene,0.057,105,PENDING,PENDING,0.0,10.943004793883414,5.692102220194209,0.024106580145231454,0.16169302049830708,0.05785347658815565,0.1896889749961483
CsOPiv,GorlosPhos HBF4,p-Xylene,0.057,90,PENDING,PENDING,0.0,10.37778951613704,5.798883377313355,0.02086307257536066,0.17270439120414255,0.059170080350994844,0.2006976560626492
CsOPiv,GorlosPhos HBF4,DMAc,0.153,120,PENDING,PENDING,0.0,11.871525129103258,5.661845802868572,0.036826773179004346,0.1414352253086428,0.053984244409132943,0.1694357435248452
CsOPiv,GorlosPhos HBF4,DMAc,0.153,105,PENDING,PENDING,0.0,11.409932518067832,5.580060841212579,0.026393790160722602,0.15215643820284896,0.05337859640208438,0.18014950882670613
CsOPiv,GorlosPhos HBF4,DMAc,0.153,90,PENDING,PENDING,0.0,10.84069088264858,5.856474790253848,0.028274053696523027,0.16314305874755317,0.057200424313302134,0.19113724488076375
CsOPiv,GorlosPhos HBF4,DMAc,0.1,120,PENDING,PENDING,0.0,12.464184586019469,5.212896535718126,0.028129994891847254,0.1504001301727979,0.0487122892748976,0.17838957860162072
CsOPiv,GorlosPhos HBF4,DMAc,0.1,105,PENDING,PENDING,0.0,11.985848140967068,5.10880843991165,0.018557884598015967,0.16124011445560044,0.0475523457783867,0.1892284577013764
CsOPiv,GorlosPhos HBF4,DMAc,0.1,90,PENDING,PENDING,0.0,11.38714137971192,5.4070143041189995,0.020598253540613093,0.17221016578986698,0.051449435512145925,0.20019872910698086
CsOPiv,GorlosPhos HBF4,DMAc,0.057,120,PENDING,PENDING,0.0,12.823101993934717,5.182285817890755,0.03274106751831188,0.15776015591907597,0.048476351321250756,0.1857488477716166
CsOPiv,GorlosPhos HBF4,DMAc,0.057,105,PENDING,PENDING,0.0,12.336880806820375,5.063974522586057,0.02121057394305309,0.1685495742527214,0.04684864320790924,0.19653768374728767
CsOPiv,GorlosPhos HBF4,DMAc,0.057,90,PENDING,PENDING,0.0,11.724375397413326,5.356036506101779,0.02299374193460263,0.17936710619836474,0.05046719752777885,0.20735529871396577
CsOPiv,GorlosPhos HBF4,BuOAc,0.153,120,PENDING,PENDING,0.0,10.790473966304567,5.574262464543051,0.01897093442641773,0.15673026907822019,0.054054570841831975,0.184722619899609
CsOPiv,GorlosPhos HBF4,BuOAc,0.153,105,PENDING,PENDING,0.0,10.390713071022208,5.384863400043138,0.011448303614679911,0.16907886097505825,0.05245710204784251,0.19706790442304306
CsOPiv,GorlosPhos HBF4,BuOAc,0.153,90,PENDING,PENDING,0.0,9.89438675169099,5.559978338820298,0.011421368588612951,0.1813220101953166,0.05512542990380476,0.20931093180122248
CsOPiv,GorlosPhos HBF4,BuOAc,0.1,120,PENDING,PENDING,0.0,11.343169907230493,5.3041316240635235,0.017309529195703943,0.1661243556560664,0.0512904358141471,0.19411325891148046
CsOPiv,GorlosPhos HBF4,BuOAc,0.1,105,PENDING,PENDING,0.0,10.929267087072514,5.078529688664052,0.00943170548757169,0.178638764206266,0.048932992002570654,0.2066268625950754
CsOPiv,GorlosPhos HBF4,BuOAc,0.1,90,PENDING,PENDING,0.0,10.4072393095423,5.243005126318126,0.00913602068309953,0.19088508032791635,0.05114986696899469,0.21887315368857874
CsOPiv,GorlosPhos HBF4,BuOAc,0.057,120,PENDING,PENDING,0.0,11.680003033351397,5.409247681913133,0.024168526238655563,0.17354832797506242,0.05285588276631237,0.20153715060148136
CsOPiv,GorlosPhos HBF4,BuOAc,0.057,105,PENDING,PENDING,0.0,11.256481986582259,5.170570271288428,0.013391566488620152,0.18598004771116688,0.05001552546124911,0.213968119282668
CsOPiv,GorlosPhos HBF4,BuOAc,0.057,90,PENDING,PENDING,0.0,10.720264455922415,5.31419638604886,0.01235084675953868,0.1980421763553316,0.05169201932409065,0.22603021378676943
CsOPiv,GorlosPhos HBF4,BuCN,0.153,120,PENDING,PENDING,0.0,10.291607266390528,5.6206666027262875,0.015548479364447379,0.13308012304621428,0.05471603913761854,0.16109356838526181
CsOPiv,GorlosPhos HBF4,BuCN,0.153,105,PENDING,PENDING,0.0,9.835225724850812,5.41065484883769,0.008663465181727933,0.14419855612152307,0.05199796117259403,0.1721928638272515
CsOPiv,GorlosPhos HBF4,BuCN,0.153,90,PENDING,PENDING,0.0,9.296953806532017,5.5620824250793275,0.008181314246584234,0.15567149625734442,0.05365953746955516,0.183663723895719
CsOPiv,GorlosPhos HBF4,BuCN,0.1,120,PENDING,PENDING,0.0,10.85469870842282,5.302430726092617,0.013094870750505347,0.14218947532778448,0.05113405719108112,0.1701832940193895
CsOPiv,GorlosPhos HBF4,BuCN,0.1,105,PENDING,PENDING,0.0,10.381998914172376,5.055018937223265,0.006416827995307572,0.15344094560201554,0.04757237091990469,0.1814296804717142
CsOPiv,GorlosPhos HBF4,BuCN,0.1,90,PENDING,PENDING,0.0,9.815885833185511,5.199782687155162,0.005888703234041302,0.16490354268284438,0.04880395658969643,0.19289194391294653
CsOPiv,GorlosPhos HBF4,BuCN,0.057,120,PENDING,PENDING,0.0,11.21234329982929,5.363745123621602,0.017587515382309876,0.14972956503674598,0.05193573210452116,0.17772166893959415
CsOPiv,GorlosPhos HBF4,BuCN,0.057,105,PENDING,PENDING,0.0,10.731144608022984,5.103209280567315,0.00871984502599131,0.160923625952938,0.04791178650273485,0.18891203722453975
CsOPiv,GorlosPhos HBF4,BuCN,0.057,90,PENDING,PENDING,0.0,10.150984754337648,5.23189605474699,0.007677136051962172,0.17222202319120689,0.048698639251749616,0.20021020554176533
CsOPiv,CgMe-PPh,p-Xylene,0.153,120,PENDING,PENDING,0.0,8.260950845189875,6.38697334596424,0.016105393902539455,0.13158475844576137,0.07801864616184576,0.16015892738607743
CsOPiv,CgMe-PPh,p-Xylene,0.153,105,PENDING,PENDING,0.0,7.83406260576773,6.111221740662536,0.008822152963084404,0.1421947029128594,0.0755097602867159,0.17049895107888693
CsOPiv,CgMe-PPh,p-Xylene,0.153,90,PENDING,PENDING,0.0,7.363318916041388,6.145299892499154,0.007264527467545884,0.1532091692903374,0.07591059110951519,0.18141189783410658
CsOPiv,CgMe-PPh,p-Xylene,0.1,120,PENDING,PENDING,0.0,8.773679589363702,6.18051784558285,0.015677278253602475,0.14027032586482352,0.07643967457303338,0.16863059471884156
CsOPiv,CgMe-PPh,p-Xylene,0.1,105,PENDING,PENDING,0.0,8.332945489162391,5.8659999886048215,0.007846838966052566,0.1509972231820778,0.07339899954945371,0.17916287557129856
CsOPiv,CgMe-PPh,p-Xylene,0.1,90,PENDING,PENDING,0.0,7.83877974925324,5.876087754200713,0.006072389364463242,0.16200264084704036,0.0733448092842754,0.1901013166967777
CsOPiv,CgMe-PPh,p-Xylene,0.057,120,PENDING,PENDING,0.0,9.127051909218109,6.271495080830462,0.020921639997286884,0.14751739550236148,0.07743221368689844,0.1758179105997312
CsOPiv,CgMe-PPh,p-Xylene,0.057,105,PENDING,PENDING,0.0,8.679168239299655,5.944544919110169,0.010675772749593901,0.15819745665727758,0.07406432418333952,0.18632762300061126
CsOPiv,CgMe-PPh,p-Xylene,0.057,90,PENDING,PENDING,0.0,8.172360797333637,5.936610374692547,0.00804922915372143,0.16905719708310613,0.0736717507022366,0.19712999881873525
CsOPiv,CgMe-PPh,DMAc,0.153,120,PENDING,PENDING,0.0,9.474749244917902,6.362038928127361,0.02742536588110822,0.13821484951610988,0.07896638100585872,0.16670696753580003
CsOPiv,CgMe-PPh,DMAc,0.153,105,PENDING,PENDING,0.0,9.034671080681395,6.181973302358154,0.017840072105901494,0.1487364819700511,0.07721693581282182,0.17701670904649097
CsOPiv,CgMe-PPh,DMAc,0.153,90,PENDING,PENDING,0.0,8.530798808289491,6.31136326340537,0.01658916319531445,0.15957857884648274,0.07823603241135134,0.18778103124629697
CsOPiv,CgMe-PPh,DMAc,0.1,120,PENDING,PENDING,0.0,9.993727329942022,6.063624313207803,0.024327169910426244,0.14693007288614704,0.07685787253037814,0.1752200054241693
CsOPiv,CgMe-PPh,DMAc,0.1,105,PENDING,PENDING,0.0,9.538666355907475,5.853059495890991,0.014628910809634132,0.15756548026332,0.07468127813896332,0.18571041945347316
CsOPiv,CgMe-PPh,DMAc,0.1,90,PENDING,PENDING,0.0,9.01016303112428,5.97593923798878,0.013278939014011948,0.16839522070134633,0.0753823455761547,0.1964917423796341
CsOPiv,CgMe-PPh,DMAc,0.057,120,PENDING,PENDING,0.0,10.334381225121955,6.091465894767001,0.029569523188854613,0.1541374696242114,0.07744315727601504,0.18236886423429216
CsOPiv,CgMe-PPh,DMAc,0.057,105,PENDING,PENDING,0.0,9.871826237707497,5.867646635824616,0.01771817041449228,0.16472637622434066,0.07497756944040337,0.19283494856733985
CsOPiv,CgMe-PPh,DMAc,0.057,90,PENDING,PENDING,0.0,9.330771536888522,5.978095301519107,0.01568405672351303,0.1754119200810208,0.07541083288103066,0.2034805633968881
CsOPiv,CgMe-PPh,BuOAc,0.153,120,PENDING,PENDING,0.0,8.58242371421492,5.774688956118614,0.007765539362530174,0.15331273788443966,0.06979688929466286,0.18140368404948498
CsOPiv,CgMe-PPh,BuOAc,0.153,105,PENDING,PENDING,0.0,8.202032983633629,5.487375313088977,0.003731468213416328,0.16535620527959893,0.06730326069102203,0.1933842099305441
CsOPiv,CgMe-PPh,BuOAc,0.153,90,PENDING,PENDING,0.0,7.761535332619566,5.555816275227599,0.003248021912961342,0.17737187067586108,0.0680374646103131,0.20538420832306853
CsOPiv,CgMe-PPh,BuOAc,0.1,120,PENDING,PENDING,0.0,9.075134211219224,5.585883713415946,0.007497862041175793,0.16243867681801716,0.06867527123243257,0.19048388411490313
CsOPiv,CgMe-PPh,BuOAc,0.1,105,PENDING,PENDING,0.0,8.681833955650077,5.255917421086657,0.003189337884278349,0.1746341164454308,0.0655886003923829,0.20264030818205916
CsOPiv,CgMe-PPh,BuOAc,0.1,90,PENDING,PENDING,0.0,8.218836778488626,5.297500135930909,0.002570745469160935,0.18665210033702856,0.06577834021687062,0.2146496973133968
CsOPiv,CgMe-PPh,BuOAc,0.057,120,PENDING,PENDING,0.0,9.39704588125881,5.734960810136904,0.01139744367258913,0.1697119762003254,0.07045655164457207,0.1977525034212006
CsOPiv,CgMe-PPh,BuOAc,0.057,105,PENDING,PENDING,0.0,8.994157237079525,5.395027958951606,0.005096640721209834,0.18183376707650845,0.06702620044737345,0.20983777470030046
CsOPiv,CgMe-PPh,BuOAc,0.057,90,PENDING,PENDING,0.0,8.517615634545667,5.414070058712835,0.003937927801123231,0.19368006349609018,0.06680006196273297,0.22167596157859848
CsOPiv,CgMe-PPh,BuCN,0.153,120,PENDING,PENDING,0.0,8.00349022625884,5.965728348369604,0.007695944412017444,0.1301045006838261,0.07328189477436803,0.1584965299557425
CsOPiv,CgMe-PPh,BuCN,0.153,105,PENDING,PENDING,0.0,7.566381568586411,5.659682106949577,0.003522632492885043,0.1409954552388643,0.06997834589835299,0.16916548024157774
CsOPiv,CgMe-PPh,BuCN,0.153,90,PENDING,PENDING,0.0,7.0869406815036236,5.691788668636588,0.0028029301162165315,0.15229237197525808,0.06972673333749291,0.18038721892235832
CsOPiv,CgMe-PPh,BuCN,0.1,120,PENDING,PENDING,0.0,8.501657701405135,5.746246048129469,0.007082825636980726,0.13896168265241832,0.07179131196535281,0.1671935500833589
CsOPiv,CgMe-PPh,BuCN,0.1,105,PENDING,PENDING,0.0,8.049525155777374,5.3975136617547035,0.0028359634735145786,0.14997821478170809,0.06790848843361577,0.17805924451650965
CsOPiv,CgMe-PPh,BuCN,0.1,90,PENDING,PENDING,0.0,7.545896259567276,5.404626344709164,0.002078636188920048,0.16126729757628713,0.06714011149470213,0.18930323339358468
CsOPiv,CgMe-PPh,BuCN,0.057,120,PENDING,PENDING,0.0,8.843497657459055,5.853654636029625,0.01014709152284432,0.14634433156115403,0.07303418528059119,0.17453891326294887
CsOPiv,CgMe-PPh,BuCN,0.057,105,PENDING,PENDING,0.0,8.383045986861628,5.4944851778773565,0.004226985019078311,0.15730868350447014,0.06884534492081844,0.18537169487873445
CsOPiv,CgMe-PPh,BuCN,0.057,90,PENDING,PENDING,0.0,7.866212200650994,5.483340308780042,0.003003752865712722,0.16844316337049844,0.06773734406073333,0.19646783928618639
CsOPiv,BrettPhos,p-Xylene,0.153,120,PENDING,PENDING,0.0,8.430775638110642,5.000076666282144,0.0015225295132131264,0.12959426940401525,0.05125773948637517,0.15759726982656774
CsOPiv,BrettPhos,p-Xylene,0.153,105,PENDING,PENDING,0.0,7.99006029158304,4.605675405679386,0.0003665385965191748,0.14091582596516744,0.04688714261295686,0.1689056133320758
CsOPiv,BrettPhos,p-Xylene,0.153,90,PENDING,PENDING,0.0,7.4990419294208905,4.648305588138359,0.0002760813712079629,0.15265276752660628,0.04743420044172858,0.18064151825658603
CsOPiv,BrettPhos,p-Xylene,0.1,120,PENDING,PENDING,0.0,8.975159123505685,4.711281947022444,0.0011043625781982942,0.13876348429031185,0.04859254220183476,0.1667551774048101
CsOPiv,BrettPhos,p-Xylene,0.1,105,PENDING,PENDING,0.0,8.51963100987123,4.245011611512334,0.00017444354126160567,0.15022628947790662,0.04303586505615163,0.17821442353223632
CsOPiv,BrettPhos,p-Xylene,0.1,90,PENDING,PENDING,0.0,8.002766780711134,4.25140999915046,0.00010838193976069749,0.16195823390472333,0.04272662510990222,0.18994624355820605
CsOPiv,BrettPhos,p-Xylene,0.057,120,PENDING,PENDING,0.0,9.345556898073717,4.839316149554276,0.0020086260985167775,0.14639715567293438,0.050242761363921376,0.1743884248859605
CsOPiv,BrettPhos,p-Xylene,0.057,105,PENDING,PENDING,0.0,8.88161148712439,4.360505953481791,0.00036375820119003994,0.15780020901592315,0.04419959651359466,0.18578830580822134
CsOPiv,BrettPhos,p-Xylene,0.057,90,PENDING,PENDING,0.0,8.350421190479196,4.3395382461538965,0.00020889000562324643,0.16936312089464295,0.0432584471677155,0.1973511140103427
CsOPiv,BrettPhos,DMAc,0.153,120,PENDING,PENDING,0.0,9.710093688623795,4.957335800787295,0.003385440792012584,0.13655907054180505,0.052957674759984925,0.16456083281724748
CsOPiv,BrettPhos,DMAc,0.153,105,PENDING,PENDING,0.0,9.25411720773238,4.70233450536761,0.0013377538129926096,0.14777617605089904,0.050012125051392735,0.17576690838408096
CsOPiv,BrettPhos,DMAc,0.153,90,PENDING,PENDING,0.0,8.725840764853197,4.883661563425253,0.001421161909464317,0.15931716940149945,0.05158517221129755,0.18730691821706158
CsOPiv,BrettPhos,DMAc,0.1,120,PENDING,PENDING,0.0,10.261677107792096,4.527448957725563,0.001861524983924421,0.14575926066815112,0.04942562659949075,0.17374995087541953
CsOPiv,BrettPhos,DMAc,0.1,105,PENDING,PENDING,0.0,9.78936292405637,4.213683814267059,0.0005100719946610618,0.15711282375846455,0.04556371646271866,0.18510104114855974
CsOPiv,BrettPhos,DMAc,0.1,90,PENDING,PENDING,0.0,9.233675371849825,4.395253732579701,0.0005536138490532397,0.1686442786087899,0.04665039760738083,0.19663237542533385
CsOPiv,BrettPhos,DMAc,0.057,120,PENDING,PENDING,0.0,10.618241412603101,4.563025463711608,0.002666947325179931,0.15334875794064223,0.05035616156088023,0.18133868975986328
CsOPiv,BrettPhos,DMAc,0.057,105,PENDING,PENDING,0.0,10.13712351722275,4.230074006696121,0.0007325692858246094,0.1646435102002367,0.04601753476882325,0.1926316230728401
CsOPiv,BrettPhos,DMAc,0.057,90,PENDING,PENDING,0.0,9.567243565050164,4.393303510950056,0.0007325738991295246,0.17600822672141408,0.04662511349319613,0.2039962568982654
CsOPiv,BrettPhos,BuOAc,0.153,120,PENDING,PENDING,0.0,8.807492923497351,4.09075623397505,0.00012893180647626564,0.15296319846088274,0.035446231238401016,0.18095117053482263
CsOPiv,BrettPhos,BuOAc,0.153,105,PENDING,PENDING,0.0,8.426931968880726,3.6278324363857095,9.396116786447974e-06,0.16605666010310702,0.0295876000575078,0.19404463110322465
CsOPiv,BrettPhos,BuOAc,0.153,90,PENDING,PENDING,0.0,7.973613439558842,3.7318465474160107,9.498854644754174e-06,0.17902135078835832,0.0311483879804761,0.20700932178842604
CsOPiv,BrettPhos,BuOAc,0.1,120,PENDING,PENDING,0.0,9.333009982819648,3.7991268122362216,6.611736399992404e-05,0.16267936526956983,0.03302798927774164,0.19066733629068713
CsOPiv,BrettPhos,BuOAc,0.1,105,PENDING,PENDING,0.0,8.940505328959954,3.2361567260696074,1.5425932338767898e-06,0.17598706617702148,0.025048891871009765,0.20397503717702145
CsOPiv,BrettPhos,BuOAc,0.057,120,PENDING,PENDING,0.0,9.666648976016782,4.036478983310578,0.0002465835120481607,0.1703360922791109,0.036952466033144137,0.198324063538242
CsOPiv,BrettPhos,BuOAc,0.057,105,PENDING,PENDING,0.0,9.261550059284703,3.479461698258453,1.1870837356023746e-05,0.18353316025566807,0.02895164696528791,0.21152113125566863
CsOPiv,BrettPhos,BuOAc,0.057,90,PENDING,PENDING,0.0,8.768327522468383,3.4999834353865333,6.956862488818828e-06,0.19630778382239827,0.02803886072803632,0.22429575482239827
CsOPiv,BrettPhos,BuCN,0.153,120,PENDING,PENDING,0.0,8.172886484430073,4.396547793695899,0.0002164818128508792,0.1280903582021977,0.04290619496486989,0.1560797679890009
CsOPiv,BrettPhos,BuCN,0.153,105,PENDING,PENDING,0.0,7.72325090631772,3.925255669623774,1.935408044595108e-05,0.13976508915795244,0.03621585851826128,0.16775307322636426
CsOPiv,BrettPhos,BuCN,0.153,90,PENDING,PENDING,0.0,7.223693661686821,3.966642017516227,1.3389173748107634e-05,0.15184544475154726,0.035399117935059725,0.17983341697911623
CsOPiv,BrettPhos,BuCN,0.1,120,PENDING,PENDING,0.0,8.701964001246221,4.0678557384845835,0.000105771070997246,0.13746293119408967,0.040054975290919455,0.16545106136988344
CsOPiv,BrettPhos,BuCN,0.1,105,PENDING,PENDING,0.0,8.236382660275579,3.5005432662722074,3.3861525130642685e-06,0.1492947577181265,0.031557324635310406,0.17728272876945153
CsOPiv,BrettPhos,BuCN,0.1,90,PENDING,PENDING,0.0,7.710204054537002,3.500461291093528,1.6201011495151839e-06,0.16137410717177772,0.029305548132565844,0.18936207817200248
CsOPiv,BrettPhos,BuCN,0.057,120,PENDING,PENDING,0.0,9.058847334512224,4.23042182267197,0.0002756429670287648,0.14524749883510826,0.04239746994628743,0.17323567606945323
CsOPiv,BrettPhos,BuCN,0.057,105,PENDING,PENDING,0.0,8.583076754277323,3.6596448758639606,1.3658010076383301e-05,0.1570093180858786,0.033622380887344185,0.18499728919391953
CsOPiv,BrettPhos,BuCN,0.057,90,PENDING,PENDING,0.0,8.04169669380444,3.629397965368355,5.765098951572166e-06,0.16890544459883347,0.030668024308178856,0.19689341559914447
CsOAc,tBPh-CPhos,p-Xylene,0.153,120,PENDING,PENDING,0.0,5.245945494892135,5.777901297721171,0.0010602333443706247,0.23522327965919856,0.08355842851626687,0.2632298613880571
CsOAc,tBPh-CPhos,p-Xylene,0.153,105,PENDING,PENDING,0.0,4.717238792626664,5.4458012016152475,0.00032494390194040025,0.2444825546597129,0.07883299013706233,0.27247600643540004
CsOAc,tBPh-CPhos,p-Xylene,0.153,90,PENDING,PENDING,0.0,4.201731183264695,5.470408802543695,0.00023827380053134933,0.252808406956991,0.07788571461240212,0.2807993599094665
CsOAc,tBPh-CPhos,p-Xylene,0.1,120,PENDING,PENDING,0.0,5.763423471189222,5.517994232992149,0.0008180833435827567,0.24248861746442077,0.08115300004262112,0.27048569826731667
CsOAc,tBPh-CPhos,p-Xylene,0.1,105,PENDING,PENDING,0.0,5.218154527198151,5.134075700884672,0.00019311747425587505,0.2518309149678253,0.07597403475024057,0.27982099855165415
CsOAc,tBPh-CPhos,p-Xylene,0.1,90,PENDING,PENDING,0.0,4.676498714809402,5.130457483123539,0.00012353279775478756,0.26015058725317264,0.07473913834701333,0.2881395629434504
CsOAc,tBPh-CPhos,p-Xylene,0.057,120,PENDING,PENDING,0.0,6.169053017868501,5.603671476962224,0.0013071194081129799,0.2476054851118047,0.08207238412057971,0.2756018256733985
CsOAc,tBPh-CPhos,p-Xylene,0.057,105,PENDING,PENDING,0.0,5.618135940367786,5.205793107340253,0.0003256750611241744,0.25691186778656144,0.07680618101512354,0.2849017538154632
CsOAc,tBPh-CPhos,p-Xylene,0.057,90,PENDING,PENDING,0.0,5.063299964912082,5.182133276746733,0.0001977992619469609,0.2651457403010387,0.07543074702889563,0.29313459883944065
CsOAc,tBPh-CPhos,DMAc,0.153,120,PENDING,PENDING,0.0,6.583976767618343,5.952390967796871,0.0034078776617536624,0.2398797901830899,0.08357821913772827,0.26788295940057316
CsOAc,tBPh-CPhos,DMAc,0.153,105,PENDING,PENDING,0.0,6.043149662351932,5.75107818965816,0.0016588116050079045,0.2490717860699062,0.0792743838552697,0.2770644871852151
CsOAc,tBPh-CPhos,DMAc,0.153,90,PENDING,PENDING,0.0,5.490874185562557,5.884124350020851,0.0015548738213299156,0.2572868138198162,0.07872582937213699,0.2852775807340601
CsOAc,tBPh-CPhos,DMAc,0.1,120,PENDING,PENDING,0.0,7.110459175163805,5.612431392739371,0.0024277589160937654,0.2471600555278251,0.08085045344237748,0.2751549470833095
CsOAc,tBPh-CPhos,DMAc,0.1,105,PENDING,PENDING,0.0,6.551727732185795,5.37590441596051,0.0009990496895095902,0.2564334037339582,0.07613448194540116,0.2844230744222677
CsOAc,tBPh-CPhos,DMAc,0.1,90,PENDING,PENDING,0.0,5.9717131376760895,5.504209676828231,0.0009120850304390644,0.2646406497726678,0.07536561456099027,0.2926295204659634
CsOAc,tBPh-CPhos,DMAc,0.057,120,PENDING,PENDING,0.0,7.5012534377456985,5.629087978154691,0.003193263383378983,0.2522560188021548,0.08154530386763638,0.2802501139028108
CsOAc,tBPh-CPhos,DMAc,0.057,105,PENDING,PENDING,0.0,6.936263392684969,5.378306331052668,0.001306804271420995,0.2614937143608732,0.07675130526421586,0.28948315854812795
CsOAc,tBPh-CPhos,DMAc,0.057,90,PENDING,PENDING,0.0,6.34307880230801,5.494563125142861,0.0011454967835470946,0.2696156729561667,0.07586922000340009,0.2976044058787262
CsOAc,tBPh-CPhos,BuOAc,0.153,120,PENDING,PENDING,0.0,5.1827414942586545,5.100692245070251,0.00016931090493830722,0.2551036432899182,0.06705547984060936,0.2830917895831671
CsOAc,tBPh-CPhos,BuOAc,0.153,105,PENDING,PENDING,0.0,4.679496187442415,4.7268670963973,2.8970677502679625e-05,0.2652503422893539,0.06020320261284395,0.2932383196733522
CsOAc,tBPh-CPhos,BuOAc,0.153,90,PENDING,PENDING,0.0,4.189046518077876,4.773139137355971,2.1978522945569577e-05,0.274133556909813,0.05855134727728169,0.30212152922174523
CsOAc,tBPh-CPhos,BuOAc,0.1,120,PENDING,PENDING,0.0,5.664592551532567,4.8401188650437454,0.0001076990780564638,0.2626284027154197,0.06396052157361548,0.2906164095387961
CsOAc,tBPh-CPhos,BuOAc,0.1,105,PENDING,PENDING,0.0,5.143832397461674,4.402286413475228,1.1258699848591452e-05,0.2728712522107878,0.05626729696566348,0.3008592236531002
CsOAc,tBPh-CPhos,BuOAc,0.1,90,PENDING,PENDING,0.0,4.627753671443819,4.4151184991152235,6.913926536475005e-06,0.2817521592356611,0.05410334604593202,0.3097401302819356
CsOAc,tBPh-CPhos,BuOAc,0.057,120,PENDING,PENDING,0.0,6.0404848057544225,4.985682111511435,0.00023672579206551183,0.26770426314194445,0.06548547552389151,0.2956922763003622
CsOAc,tBPh-CPhos,BuOAc,0.057,105,PENDING,PENDING,0.0,5.512255360793022,4.538720724347196,2.9904803394372164e-05,0.27789867146607494,0.05779518354186998,0.30588664308420815
CsOAc,tBPh-CPhos,BuOAc,0.057,90,PENDING,PENDING,0.0,4.982497780590384,4.526786753933156,1.6778386587657293e-05,0.28668458226617266,0.0554666796260869,0.3146725533309794
CsOAc,tBPh-CPhos,BuCN,0.153,120,PENDING,PENDING,0.0,4.861346788363823,5.460913078107633,0.00037582277921483463,0.23600652357073348,0.07721763108117671,0.2640007126705272
CsOAc,tBPh-CPhos,BuCN,0.153,105,PENDING,PENDING,0.0,4.313931923481828,5.100857636305379,8.309697002591198e-05,0.2454693401377977,0.07141789801560579,0.2734583857109962
CsOAc,tBPh-CPhos,BuCN,0.153,90,PENDING,PENDING,0.0,3.786431283687934,5.1183162288358774,5.660694282344156e-05,0.253954404180616,0.06981932311720287,0.2819427961240907
CsOAc,tBPh-CPhos,BuCN,0.1,120,PENDING,PENDING,0.0,5.36004009366147,5.194962116490003,0.0002589703062263302,0.24339140780675128,0.07465726843062812,0.27138190978628257
CsOAc,tBPh-CPhos,BuCN,0.1,105,PENDING,PENDING,0.0,4.79419023942968,4.780025146050112,3.9753547738235096e-05,0.25294167191371475,0.06830225140048202,0.28092993688877066
CsOAc,tBPh-CPhos,BuCN,0.1,90,PENDING,PENDING,0.0,4.239516342110585,4.768650560246588,2.2635606948450554e-05,0.2614211714303571,0.06634613974243755,0.2894092320839564
CsOAc,tBPh-CPhos,BuCN,0.057,120,PENDING,PENDING,0.0,5.755348925717017,5.29731513168578,0.00046455938075014216,0.24856952540307553,0.07581318742127614,0.2765599342053106
CsOAc,tBPh-CPhos,BuCN,0.057,105,PENDING,PENDING,0.0,5.182898095089862,4.871786310008477,7.909668713925095e-05,0.2580808693150968,0.06941778337565081,0.28606912851698446
CsOAc,tBPh-CPhos,BuCN,0.057,90,PENDING,PENDING,0.0,4.614598175589704,4.841297852844117,4.2648190973491634e-05,0.26647129769979183,0.06733603043379324,0.2944593550910574
CsOAc,X-Phos,p-Xylene,0.153,120,PENDING,PENDING,0.0,5.6031413773231336,5.522498327202073,0.0007412030391980382,0.040877748954299256,0.057673981989566955,0.07214104590625599
CsOAc,X-Phos,p-Xylene,0.153,105,PENDING,PENDING,0.0,5.095109199926303,5.245424890502201,0.000244746748804669,0.049101962706968316,0.05684006520345475,0.07938323544333395
CsOAc,X-Phos,p-Xylene,0.153,90,PENDING,PENDING,0.0,4.593950914241221,5.3514145479024195,0.00022734563472238305,0.059153583027567264,0.06023119832093386,0.08913221366599247
CsOAc,X-Phos,p-Xylene,0.1,120,PENDING,PENDING,0.0,6.1385840209742115,5.349853204468306,0.0007020090139849,0.04936675447827833,0.05691574345580946,0.07963692760635112
CsOAc,X-Phos,p-Xylene,0.1,105,PENDING,PENDING,0.0,5.61479009486428,5.030811221361267,0.00019293108902508453,0.057671910464261456,0.05557240800652215,0.08714083379569179
CsOAc,X-Phos,p-Xylene,0.1,90,PENDING,PENDING,0.0,5.087505999193878,5.11054047855074,0.00016172687475595826,0.0676849821955776,0.058541531224113055,0.09692736365303135
CsOAc,X-Phos,p-Xylene,0.057,120,PENDING,PENDING,0.0,6.552306729952405,5.516151960710308,0.0013824980891942971,0.05750383254376114,0.059268971092638435,0.08746979789771345
CsOAc,X-Phos,p-Xylene,0.057,105,PENDING,PENDING,0.0,6.0226802396103745,5.186845824509407,0.0004194643975356134,0.06579696910676003,0.05753044037113049,0.09502977589988106
CsOAc,X-Phos,p-Xylene,0.057,90,PENDING,PENDING,0.0,5.4816886594435035,5.240969879482517,0.0003244405663731893,0.07566800457616883,0.059990409040945276,0.1046806994223436
CsOAc,X-Phos,DMAc,0.153,120,PENDING,PENDING,0.0,6.939188194623201,5.796103622253715,0.003135660751262412,0.04822256393366761,0.05989948742323104,0.07910219254563473
CsOAc,X-Phos,DMAc,0.153,105,PENDING,PENDING,0.0,6.418367601478583,5.657019047477566,0.0017229306233977823,0.056384770670095896,0.06005717117382612,0.08655139550959529
CsOAc,X-Phos,DMAc,0.153,90,PENDING,PENDING,0.0,5.879830603055588,5.863615795934122,0.001891873867914777,0.06626122088706421,0.06403545099600938,0.09624972255630429
CsOAc,X-Phos,DMAc,0.1,120,PENDING,PENDING,0.0,7.483192954656165,5.542276096590079,0.0026593362618320647,0.05675142313038517,0.05830010838234703,0.08663743615148999
CsOAc,X-Phos,DMAc,0.1,105,PENDING,PENDING,0.0,6.945199728826605,5.377301879744168,0.001311701376722289,0.06499164264515406,0.058132846306412946,0.09433254154500474
CsOAc,X-Phos,DMAc,0.1,90,PENDING,PENDING,0.0,6.378922905280761,5.579949616343398,0.001421924562554678,0.07482563662920928,0.06192249123483518,0.10406010430113971
CsOAc,X-Phos,DMAc,0.057,120,PENDING,PENDING,0.0,7.881824490101797,5.632323413974149,0.004043722567291075,0.06483520631182826,0.05999763817636184,0.09440109373682282
CsOAc,X-Phos,DMAc,0.057,105,PENDING,PENDING,0.0,7.337394845702924,5.4551532116775014,0.0020219638255437322,0.07306229943701231,0.0594944978314491,0.10214232746455985
CsOAc,X-Phos,DMAc,0.057,90,PENDING,PENDING,0.0,6.757451857029204,5.640372939293876,0.002061049864582991,0.08275532092143155,0.06291161918668767,0.11173514101301518
CsOAc,X-Phos,BuOAc,0.153,120,PENDING,PENDING,0.0,5.5642407893308565,4.88196371002032,0.00011397487520749911,0.057370798913186916,0.04670343321852156,0.0859804344666228
CsOAc,X-Phos,BuOAc,0.153,105,PENDING,PENDING,0.0,5.085757306412804,4.592915034144438,2.4698425189111865e-05,0.06668780185758078,0.04562576339965185,0.09499186577542487
CsOAc,X-Phos,BuOAc,0.153,90,PENDING,PENDING,0.0,4.612854260541399,4.7503810458625955,2.9896884864615675e-05,0.07759788616578132,0.049703818913046226,0.10588641431312358
CsOAc,X-Phos,BuOAc,0.1,120,PENDING,PENDING,0.0,6.067111956506207,4.747078244414688,0.00011086590766218882,0.0662097362009035,0.046532646330976084,0.09456777147348609
CsOAc,X-Phos,BuOAc,0.1,105,PENDING,PENDING,0.0,5.572382159319294,4.4128069996887875,1.8461564680728607e-05,0.07562264745059015,0.04474543172438228,0.10376714388598049
CsOAc,X-Phos,BuOAc,0.1,90,PENDING,PENDING,0.0,5.073962287198008,4.539485302213407,1.9441288915750786e-05,0.08649276349722919,0.04819222437861075,0.11462184706654444
CsOAc,X-Phos,BuOAc,0.057,120,PENDING,PENDING,0.0,6.452303511888099,4.996364544276108,0.0003395756811984743,0.07444597990138777,0.0501596931023787,0.10281407520141778
CsOAc,X-Phos,BuOAc,0.057,105,PENDING,PENDING,0.0,5.949795297502277,4.657062292056336,7.213070834137113e-05,0.08382913741264976,0.047908710835386614,0.11197584389751619
CsOAc,X-Phos,BuOAc,0.057,90,PENDING,PENDING,0.0,5.436896600887941,4.748958546973514,6.357025001431024e-05,0.09453275674276779,0.0505845960078172,0.12264944963838637
CsOAc,X-Phos,BuCN,0.153,120,PENDING,PENDING,0.0,5.230290264082845,5.244240412876706,0.0002705155563780433,0.037102899447387,0.05487215673068739,0.06825730921222771
CsOAc,X-Phos,BuCN,0.153,105,PENDING,PENDING,0.0,4.705368925289518,4.953492627098819,6.968050909332774e-05,0.045462255934595644,0.05309046887369983,0.07546882485987001
CsOAc,X-Phos,BuCN,0.153,90,PENDING,PENDING,0.0,4.19361399712892,5.064319569835299,6.624414501299231e-05,0.05573132802161297,0.055656128097547504,0.08533475903694976
CsOAc,X-Phos,BuCN,0.1,120,PENDING,PENDING,0.0,5.748383261768897,5.083535651325244,0.00025219744764657607,0.04575070594757717,0.05462862821105151,0.0759737360662688
CsOAc,X-Phos,BuCN,0.1,105,PENDING,PENDING,0.0,5.206009379773855,4.752099810883705,5.2134907122447375e-05,0.054194651199417965,0.05235074195459588,0.08348854335831557
CsOAc,X-Phos,BuCN,0.1,90,PENDING,PENDING,0.0,4.667128901891863,4.836957119429636,4.39987452611197e-05,0.06442220707553424,0.05443124270095121,0.09341109695563671
CsOAc,X-Phos,BuCN,0.057,120,PENDING,PENDING,0.0,6.1523711086931,5.275945697418088,0.0005865538256976874,0.05407070833807938,0.057445302476939505,0.0840364729043253
CsOAc,X-Phos,BuCN,0.057,105,PENDING,PENDING,0.0,5.6031605865305245,4.938178217331547,0.00014210317692669268,0.06250242753099043,0.054858636914564454,0.0916238206859128
CsOAc,X-Phos,BuCN,0.057,90,PENDING,PENDING,0.0,5.050013374166367,4.9971115000447535,0.0001086125843794822,0.07258012522666506,0.056445750091331494,0.10141180968958975
CsOAc,PPhtBu2,p-Xylene,0.153,120,PENDING,PENDING,0.0,6.170616531686414,6.195508905460673,0.004155831677699409,0.066330684083237,0.07674625870063007,0.09837467218715579
CsOAc,PPhtBu2,p-Xylene,0.153,105,PENDING,PENDING,0.0,5.6730641325588005,5.940659202925128,0.0019493165164011957,0.07461907936616546,0.07586645660384556,0.10569325822824956
CsOAc,PPhtBu2,p-Xylene,0.153,90,PENDING,PENDING,0.0,5.1712143012625065,6.005911539160563,0.0016437616299319613,0.08431777879330066,0.07784233306636539,0.11490187929946116
CsOAc,PPhtBu2,p-Xylene,0.1,120,PENDING,PENDING,0.0,6.6930338088185675,5.960928397624976,0.0036848612476257994,0.07449863146035805,0.07470816390089592,0.10540048904446846
CsOAc,PPhtBu2,p-Xylene,0.1,105,PENDING,PENDING,0.0,6.179882574017496,5.665511111188196,0.0015073118253659291,0.08286196132407671,0.07341276843559247,0.11295307258968534
CsOAc,PPhtBu2,p-Xylene,0.1,90,PENDING,PENDING,0.0,5.65263430609723,5.708660610941049,0.0011808204061741438,0.09252708008024293,0.07509894957045243,0.12224104355343889
CsOAc,PPhtBu2,p-Xylene,0.057,120,PENDING,PENDING,0.0,7.087952878260567,6.036053307687339,0.005243224586552783,0.08208080522130771,0.07517931922630955,0.11245882811449251
CsOAc,PPhtBu2,p-Xylene,0.057,105,PENDING,PENDING,0.0,6.568815019322295,5.725432424380078,0.002181410049336023,0.09042531172692411,0.07353913954315236,0.12008176410004878
CsOAc,PPhtBu2,p-Xylene,0.057,90,PENDING,PENDING,0.0,6.028489154608206,5.749523971886349,0.0016382750197002534,0.0999605887622157,0.07493032952102738,0.12929380224155068
CsOAc,PPhtBu2,DMAc,0.153,120,PENDING,PENDING,0.0,7.483068809098978,6.39803223249481,0.011232160838149763,0.07340365763359584,0.07786148029334701,0.10491991451504287
CsOAc,PPhtBu2,DMAc,0.153,105,PENDING,PENDING,0.0,6.9728797420322675,6.260693866841745,0.007090064038710993,0.08162931448673659,0.07770293135255868,0.11239988818627025
CsOAc,PPhtBu2,DMAc,0.153,90,PENDING,PENDING,0.0,6.434758137394186,6.4203915553463675,0.006875311490131146,0.0911616363633479,0.08023062605661234,0.12158199720058092
CsOAc,PPhtBu2,DMAc,0.1,120,PENDING,PENDING,0.0,8.013908966592375,6.092486920024201,0.009417509383393433,0.0816119668426223,0.0751886807386851,0.11202504276500064
CsOAc,PPhtBu2,DMAc,0.1,105,PENDING,PENDING,0.0,7.486800118596626,5.92906390010959,0.005457171854209804,0.08991000878220479,0.07474691021815437,0.1197304066296232
CsOAc,PPhtBu2,DMAc,0.1,90,PENDING,PENDING,0.0,6.9217483041053605,6.085950730007101,0.005204989022186246,0.0994051252995907,0.07714481734627943,0.12897998891872275
CsOAc,PPhtBu2,DMAc,0.057,120,PENDING,PENDING,0.0,8.394438420041363,6.1042553729687015,0.011657094523943229,0.08914802790543758,0.07519227938495765,0.11906500773548909
CsOAc,PPhtBu2,DMAc,0.057,105,PENDING,PENDING,0.0,7.860790324971219,5.9267999602081645,0.006686773471854805,0.09742645801806418,0.07447243545992091,0.12683024114350283
CsOAc,PPhtBu2,DMAc,0.057,90,PENDING,PENDING,0.0,7.2826861615455645,6.072258807684019,0.0061912948463904854,0.10679254662656303,0.07667271086850908,0.13599664347643883
CsOAc,PPhtBu2,BuOAc,0.153,120,PENDING,PENDING,0.0,6.1736124922608715,5.786509189945937,0.0019359516176537597,0.08389518321116465,0.07114782627923265,0.11364683105958089
CsOAc,PPhtBu2,BuOAc,0.153,105,PENDING,PENDING,0.0,5.7056937483347,5.535718393604154,0.0008207358170668859,0.09325789802633827,0.07019345411183456,0.12244654445450727
CsOAc,PPhtBu2,BuOAc,0.153,90,PENDING,PENDING,0.0,5.230141543114266,5.629666885858537,0.0007450639236781242,0.10375310077896052,0.07220609054253527,0.13270994327196664
CsOAc,PPhtBu2,BuOAc,0.1,120,PENDING,PENDING,0.0,6.6628775201192125,5.569876359578957,0.0016719936238948907,0.09237050591854004,0.06914002865328564,0.12150248830219186
CsOAc,PPhtBu2,BuOAc,0.1,105,PENDING,PENDING,0.0,6.178786234823104,5.276375749684533,0.0005985735923335431,0.10182031894782828,0.06766933543663226,0.1305215538094797
CsOAc,PPhtBu2,BuOAc,0.1,90,PENDING,PENDING,0.0,5.678473767479017,5.346444499209798,0.0005004994336954604,0.11228202909226634,0.06931012943920878,0.14082200333720757
CsOAc,PPhtBu2,BuOAc,0.057,120,PENDING,PENDING,0.0,7.027500112501137,5.687339686359598,0.00267946173325782,0.09999103144279653,0.06990506059784594,0.1289022539898051
CsOAc,PPhtBu2,BuOAc,0.057,105,PENDING,PENDING,0.0,6.535453051197867,5.379311061400306,0.0009959838660850272,0.10940349084379528,0.06802293254505419,0.1379391209896461
CsOAc,PPhtBu2,BuOAc,0.057,90,PENDING,PENDING,0.0,6.021485101370797,5.426826217410515,0.0007830253908112494,0.11971565470137259,0.06930020839727143,0.14811452461938726
CsOAc,PPhtBu2,BuCN,0.153,120,PENDING,PENDING,0.0,5.822399447170879,5.98262308754096,0.0023137986135632893,0.06324251146142407,0.07472631898015744,0.0952465612734448
CsOAc,PPhtBu2,BuCN,0.153,105,PENDING,PENDING,0.0,5.308717351978419,5.719077904076405,0.0009670748060402502,0.07167311114312175,0.07317236181634862,0.10257674782765097
CsOAc,PPhtBu2,BuCN,0.153,90,PENDING,PENDING,0.0,4.7959229827202146,5.78314515591563,0.0008016001565595565,0.08157031283132213,0.07443880720436535,0.11188402753062712
CsOAc,PPhtBu2,BuCN,0.1,120,PENDING,PENDING,0.0,6.327226160641011,5.750139964288756,0.0019758919091125288,0.0715514427544711,0.07290800435404776,0.10242396316222846
CsOAc,PPhtBu2,BuCN,0.1,105,PENDING,PENDING,0.0,5.796292044770292,5.4467462147276064,0.0007032070631960291,0.08005974997865738,0.07093368086281895,0.11001896338535258
CsOAc,PPhtBu2,BuCN,0.1,90,PENDING,PENDING,0.0,5.257171224966496,5.489549823774917,0.0005369798058894922,0.08992115561343306,0.07188107533211073,0.11942724685134945
CsOAc,PPhtBu2,BuCN,0.057,120,PENDING,PENDING,0.0,6.711481669598909,5.836884155864065,0.002959777697314668,0.079285430196418,0.07357568338720917,0.10964469371368046
CsOAc,PPhtBu2,BuCN,0.057,105,PENDING,PENDING,0.0,6.173553719373258,5.520245439575807,0.0010850232245237547,0.08777370401573387,0.07128716629265643,0.11732747489214779
CsOAc,PPhtBu2,BuCN,0.057,90,PENDING,PENDING,0.0,5.620886284536783,5.544882599319805,0.0007919797795968263,0.09749901079039269,0.07195604935008185,0.12666836853747382
CsOAc,PPhMe2,p-Xylene,0.153,120,PENDING,PENDING,0.0,2.85852768170085,5.410163714034602,7.079198291670089e-05,0.0542419483684112,0.05160715042865134,0.08344821202013906
CsOAc,PPhMe2,p-Xylene,0.153,105,PENDING,PENDING,0.0,2.2999374570345728,5.021038152723095,1.0383951042388192e-05,0.06243225521223053,0.04911212811984103,0.09105200371921711
CsOAc,PPhMe2,p-Xylene,0.153,90,PENDING,PENDING,0.0,1.7992536485850539,5.037306883955998,6.953579600542609e-06,0.07226274295617427,0.051535495198363195,0.10075676979701344
CsOAc,PPhMe2,p-Xylene,0.1,120,PENDING,PENDING,0.0,3.278667177428412,5.087589708068576,3.27072626559264e-05,0.06278743663644866,0.0476156280273566,0.09129305257725759
CsOAc,PPhMe2,p-Xylene,0.1,105,PENDING,PENDING,0.0,2.7006460332616613,4.639207894113483,2.681814678687775e-06,0.0710620668177197,0.04426699657852877,0.099244332143287
CsOAc,PPhMe2,p-Xylene,0.1,90,PENDING,PENDING,0.0,2.175129805221994,4.6329907895000595,1.4760971279758324e-06,0.08085344810831371,0.04642446096821003,0.10899051690926222
CsOAc,PPhMe2,p-Xylene,0.057,120,PENDING,PENDING,0.0,3.645354370748477,5.151136796378424,5.6346001052406947e-05,0.07083151522897803,0.04787422635514124,0.09916120174589228
CsOAc,PPhMe2,p-Xylene,0.057,105,PENDING,PENDING,0.0,3.060544563512225,4.691485394647064,5.040420907337717e-06,0.07909911686958675,0.04397941111050504,0.10719472043724121
CsOAc,PPhMe2,p-Xylene,0.057,90,PENDING,PENDING,0.0,2.5224004518300878,4.66963917548618,2.5872514180822295e-06,0.08875484980308365,0.045730537223773536,0.11682053672102537
CsOAc,PPhMe2,DMAc,0.153,120,PENDING,PENDING,0.0,4.191111916795015,5.640794396633893,0.0003753755335405831,0.06161149911345662,0.0529080387617487,0.09058248618167584
CsOAc,PPhMe2,DMAc,0.153,105,PENDING,PENDING,0.0,3.6222609580497,5.38956556244261,0.0001209279837144459,0.06974094003467443,0.051526297412226744,0.09830343157158289
CsOAc,PPhMe2,DMAc,0.153,90,PENDING,PENDING,0.0,3.0867725074991954,5.512768952698767,0.00011679504057876566,0.07939635226195939,0.054695104978897055,0.1078963924357286
CsOAc,PPhMe2,DMAc,0.1,120,PENDING,PENDING,0.0,4.621920446763942,5.25322882168447,0.00017361741811516363,0.07019853797682199,0.048077930046121375,0.0985507780264192
CsOAc,PPhMe2,DMAc,0.1,105,PENDING,PENDING,0.0,4.032699752548808,4.96311035569613,3.9998199806797374e-05,0.07840894374746657,0.04614366195287266,0.10656303748374892
CsOAc,PPhMe2,DMAc,0.1,90,PENDING,PENDING,0.0,3.4709794352708854,5.088111214635084,3.8753591094027985e-05,0.08802096072332802,0.04937100757892219,0.11616503901113712
CsOAc,PPhMe2,DMAc,0.057,120,PENDING,PENDING,0.0,4.975309044428848,5.252402566265516,0.00022781861921278594,0.07818971013526826,0.047698165948329964,0.10639408087664687
CsOAc,PPhMe2,DMAc,0.057,105,PENDING,PENDING,0.0,4.37886202406859,4.950555883996937,5.1854838565973e-05,0.08639155744196839,0.045336209263911895,0.11446414130074667
CsOAc,PPhMe2,DMAc,0.057,90,PENDING,PENDING,0.0,3.804541013676116,5.0680399757084835,4.8097502453265826e-05,0.09586866376271971,0.048359005448502794,0.1239366862516713
CsOAc,PPhMe2,BuOAc,0.153,120,PENDING,PENDING,0.0,2.752321374271271,4.784963828277249,5.706329556994395e-06,0.07282462823832908,0.03958795881292963,0.10088121963967335
CsOAc,PPhMe2,BuOAc,0.153,105,PENDING,PENDING,0.0,2.2189818117992854,4.378878664790919,3.641134269706547e-07,0.08219075742227994,0.0365333451042048,0.1101919286151994
CsOAc,PPhMe2,BuOAc,0.153,90,PENDING,PENDING,0.0,1.745928254077398,4.448030144830387,3.1566472149125924e-07,0.09287262791264049,0.039900201638859864,0.12087435367170163
CsOAc,PPhMe2,BuOAc,0.1,120,PENDING,PENDING,0.0,3.1313905011412224,4.420886877859436,1.358857312655955e-06,0.08173401098668456,0.03407540111835719,0.10972784248072223
CsOAc,PPhMe2,BuOAc,0.1,105,PENDING,PENDING,0.0,2.5772917805117994,3.9386850095282493,2.63002590904636e-08,0.09120236348838096,0.0293615145607457,0.1191904954546152
CsOAc,PPhMe2,BuOAc,0.1,90,PENDING,PENDING,0.0,2.0806594141395682,3.9895298791913723,1.9316649950051964e-08,0.10184185303152307,0.032649027300430594,0.12983008282843586
CsOAc,PPhMe2,BuOAc,0.057,120,PENDING,PENDING,0.0,3.4663455516614814,4.516435614312872,3.2752235164942926e-06,0.08982736569309732,0.03467452756261914,0.11781836798427776
CsOAc,PPhMe2,BuOAc,0.057,90,PENDING,PENDING,0.0,2.3938521092111062,4.054736130715073,5.00932922032595e-08,0.1097460537142596,0.03172233538620636,0.1377340719146648
CsOAc,PPhMe2,BuCN,0.153,120,PENDING,PENDING,0.0,2.394481192760136,4.860666793936269,5.6519150620236354e-06,0.050777910927930464,0.04395508141055071,0.07940617190874734
CsOAc,PPhMe2,BuCN,0.153,105,PENDING,PENDING,0.0,1.814353438813702,4.401027325922716,2.5604314474962456e-07,0.05909408416995693,0.039430312711852884,0.08727013895531567
CsOAc,PPhMe2,BuCN,0.153,90,PENDING,PENDING,0.0,1.3025136943765432,4.407411480344068,1.4243256650287783e-07,0.06912192907290253,0.040799706743873836,0.09722771112360572
CsOAc,PPhMe2,BuCN,0.1,120,PENDING,PENDING,0.0,2.7893849819648873,4.50144724299483,1.4368939512736132e-06,0.059488746972106044,0.03971389173394397,0.08766932917797192
CsOAc,PPhMe2,BuCN,0.1,105,PENDING,PENDING,0.0,2.1873136594907487,3.966191426801879,1.8649832303552836e-08,0.06789429684946362,0.03388912336363012,0.09590563587383495
CsOAc,PPhMe2,BuCN,0.1,90,PENDING,PENDING,0.0,1.649738030127077,3.9488206756708153,7.280403019027565e-09,0.07787987914429553,0.03483386771472903,0.10587943196937892
CsOAc,PPhMe2,BuCN,0.057,120,PENDING,PENDING,0.0,3.143756374986401,4.586265007614606,3.294189782942033e-06,0.06771295036159064,0.040477200198890256,0.09582347137653778
CsOAc,PPhMe2,BuCN,0.057,105,PENDING,PENDING,0.0,2.5337054263270833,4.04556065175708,5.6734175066614916e-08,0.07611308199292713,0.03415096792848208,0.10411204711735625
CsOAc,PPhMe2,BuCN,0.057,90,PENDING,PENDING,0.0,1.9830764981370383,4.01365641525778,2.0390319806815484e-08,0.08595657232622879,0.03462608066359908,0.11394910819195674
CsOAc,PPh3,p-Xylene,0.153,120,PENDING,PENDING,0.0,5.180901220910343,5.886782603785886,0.0012904215386875337,0.04300650029039914,0.06752582908841213,0.07609128688146824
CsOAc,PPh3,p-Xylene,0.153,105,PENDING,PENDING,0.0,4.651852936798239,5.571722224238494,0.0004334097979997783,0.05091658253564238,0.06561267712244331,0.08256614189982679
CsOAc,PPh3,p-Xylene,0.153,90,PENDING,PENDING,0.0,4.1366691697222,5.602276614835312,0.00032638100414313954,0.06061525165678881,0.06707135853632261,0.09152283041435026
CsOAc,PPh3,p-Xylene,0.1,120,PENDING,PENDING,0.0,5.679097954621211,5.5621409747900605,0.0008584950181950313,0.05085992710885352,0.06337916988577266,0.08209398721768674
CsOAc,PPh3,p-Xylene,0.1,105,PENDING,PENDING,0.0,5.1323791106112635,5.187414248956308,0.0002121600368478636,0.058822075075222455,0.060703042172361485,0.0888925231535249
CsOAc,PPh3,p-Xylene,0.1,90,PENDING,PENDING,0.0,4.590701923052547,5.188253071725297,0.0001385575893619465,0.06847619118389839,0.06174394014640508,0.09803164262914754
CsOAc,PPh3,p-Xylene,0.057,120,PENDING,PENDING,0.0,6.069722612433369,5.5859279909733495,0.0011769530861420133,0.05846953955697391,0.06249495251251425,0.08883399593843096
CsOAc,PPh3,p-Xylene,0.057,105,PENDING,PENDING,0.0,5.516400694150688,5.1875544059816825,0.00028591572581660157,0.06640555634132149,0.05922736047265083,0.09579050595596493
CsOAc,PPh3,p-Xylene,0.057,90,PENDING,PENDING,0.0,4.961224575641039,5.165752835305239,0.00017356884674196282,0.07592212691359303,0.059867487317783845,0.10491328820874675
CsOAc,PPh3,DMAc,0.153,120,PENDING,PENDING,0.0,6.5174283971956655,6.066493484070115,0.004025709720623244,0.050340373493341056,0.06692825871925899,0.08231744965796114
CsOAc,PPh3,DMAc,0.153,105,PENDING,PENDING,0.0,5.9762754785843555,5.878596932002802,0.002067340761797605,0.058192568126880354,0.06581359901900435,0.08911710799822994
CsOAc,PPh3,DMAc,0.153,90,PENDING,PENDING,0.0,5.424428903749612,6.014130459957688,0.001944260235494346,0.06772077652769694,0.06800605219247081,0.09816227722799345
CsOAc,PPh3,DMAc,0.1,120,PENDING,PENDING,0.0,7.025081188387896,5.666101376720758,0.0025650535382303677,0.05824215962805486,0.06182122199602087,0.08852293222214216
CsOAc,PPh3,DMAc,0.1,105,PENDING,PENDING,0.0,6.464993113115382,5.4371150990995645,0.001088279615662548,0.06614440000254439,0.06011182294888263,0.09564557232574167
CsOAc,PPh3,DMAc,0.1,90,PENDING,PENDING,0.0,5.885100298768566,5.56732251424513,0.000997856592557243,0.07562435477901985,0.06213341929144422,0.10484151357039151
CsOAc,PPh3,DMAc,0.057,120,PENDING,PENDING,0.0,7.401321607555699,5.622615832190561,0.002966197150924974,0.06580529772744348,0.06029874731645366,0.09534863995404108
CsOAc,PPh3,DMAc,0.057,105,PENDING,PENDING,0.0,6.834088531109677,5.372030716877817,0.0012015079121373371,0.07368073869888375,0.05807885667681021,0.10260683564380627
CsOAc,PPh3,DMAc,0.057,90,PENDING,PENDING,0.0,6.24073330685061,5.489486210352014,0.0010568535374201968,0.08302410102487709,0.059851818912461364,0.111755544803462
CsOAc,PPh3,BuOAc,0.153,120,PENDING,PENDING,0.0,5.115328545299013,5.236145926174809,0.00024192248442202538,0.05966324987613918,0.0540388385574564,0.08884346329990003
CsOAc,PPh3,BuOAc,0.153,105,PENDING,PENDING,0.0,4.611910780343845,4.887710252941238,5.061335908749284e-05,0.06862080247191837,0.051205460610327366,0.09719469005162555
CsOAc,PPh3,BuOAc,0.153,90,PENDING,PENDING,0.0,4.121831458808944,4.94159697563294,3.9955171142209284e-05,0.07912324576122665,0.05272328335685373,0.10752239280366126
CsOAc,PPh3,BuOAc,0.1,120,PENDING,PENDING,0.0,5.574943891021056,4.885132300230798,0.00011626615573875551,0.06777227726339191,0.048473066474384825,0.09619959378551732
CsOAc,PPh3,BuOAc,0.1,105,PENDING,PENDING,0.0,5.052393933843554,4.45955069866237,1.333309633892233e-05,0.07678414768923557,0.044259668874814584,0.10490496688881593
CsOAc,PPh3,BuOAc,0.1,90,PENDING,PENDING,0.0,4.536125280318803,4.478269169359317,8.494256083696353e-06,0.08723726357304197,0.04515365912508902,0.11530221038441782
CsOAc,PPh3,BuOAc,0.057,120,PENDING,PENDING,0.0,5.933308191762329,4.94427983651595,0.00019064406938832648,0.07540442636006255,0.0474329924516267,0.1036379026087307
CsOAc,PPh3,BuOAc,0.057,105,PENDING,PENDING,0.0,5.401814277224735,4.492778552577197,2.205803392102526e-05,0.08436622064990752,0.042236506795286295,0.11240516935231466
CsOAc,PPh3,BuOAc,0.057,90,PENDING,PENDING,0.0,4.871318938756888,4.482806663624206,1.2296998340735323e-05,0.09465849539336851,0.042492514651764096,0.12267059308356063
CsOAc,PPh3,BuCN,0.153,120,PENDING,PENDING,0.0,4.7954633304253775,5.581896116325613,0.0004918446785309475,0.039295944289371706,0.06281831444473042,0.07184665870233266
CsOAc,PPh3,BuCN,0.153,105,PENDING,PENDING,0.0,4.247844566825002,5.2425089681553825,0.00012502198350947472,0.04732195567150009,0.059797347206970546,0.07827586334357411
CsOAc,PPh3,BuCN,0.153,90,PENDING,PENDING,0.0,3.7207436461805155,5.267076102086151,8.863485838725297e-05,0.057215431778197476,0.06033324750075127,0.08735687474598341
CsOAc,PPh3,BuCN,0.1,120,PENDING,PENDING,0.0,5.2734599142733485,5.240441628898619,0.00027653491247498505,0.04726916202233317,0.058476572024993866,0.07799411043390812
CsOAc,PPh3,BuCN,0.1,105,PENDING,PENDING,0.0,4.706085330526475,4.8360494700419725,4.5422397801837735e-05,0.055346220754681166,0.054525291187625245,0.08483165186445035
CsOAc,PPh3,BuCN,0.1,90,PENDING,PENDING,0.0,4.151381983916046,4.829849493680838,2.6668503840312824e-05,0.06519101067124589,0.05451610753940215,0.09415382274781
CsOAc,PPh3,BuCN,0.057,120,PENDING,PENDING,0.0,5.6525587949695,5.2703766965716845,0.00040027367587643775,0.05503006491376637,0.05764209124191395,0.08495123579835479
CsOAc,PPh3,BuCN,0.057,105,PENDING,PENDING,0.0,5.077414370762028,4.842760689164484,6.495503929641552e-05,0.06307853373854083,0.05304658398687617,0.09199775745297419
CsOAc,PPh3,BuCN,0.057,90,PENDING,PENDING,0.0,4.5086770256862,4.814027033469016,3.486878265697034e-05,0.0727784646774439,0.05259166454091313,0.10132405331004678
CsOAc,PPh2Me,p-Xylene,0.153,120,PENDING,PENDING,0.0,3.437586072835696,5.352547442832538,9.311676279147177e-05,0.04550843609110235,0.04989815327916731,0.07505140706599794
CsOAc,PPh2Me,p-Xylene,0.153,105,PENDING,PENDING,0.0,2.897789000145732,5.092234594655162,2.379254950315876e-05,0.053709830092919325,0.049211299264142604,0.08268893818916367
CsOAc,PPh2Me,p-Xylene,0.153,90,PENDING,PENDING,0.0,2.4047063760061755,5.226013466935925,2.5599826178987484e-05,0.06367685064567641,0.0532631378042242,0.09259017489910355
CsOAc,PPh2Me,p-Xylene,0.1,120,PENDING,PENDING,0.0,3.943037754909994,5.186304067974259,8.139989048769553e-05,0.053816558385408914,0.048165556900717596,0.08268880464681347
CsOAc,PPh2Me,p-Xylene,0.1,105,PENDING,PENDING,0.0,3.386264241817448,4.877249206191136,1.5801899263722914e-05,0.06208981926234296,0.04670506014327897,0.0905568918693227
CsOAc,PPh2Me,p-Xylene,0.1,90,PENDING,PENDING,0.0,2.8671816400130976,4.979472073966911,1.4814231685153522e-05,0.07201612596173523,0.05026844328648178,0.10044318592297254
CsOAc,PPh2Me,p-Xylene,0.057,120,PENDING,PENDING,0.0,4.369014934865531,5.379131164715166,0.0002078342462723884,0.061775508392808265,0.05043067153089656,0.0905205693683872
CsOAc,PPh2Me,p-Xylene,0.057,105,PENDING,PENDING,0.0,3.806912533132542,5.056077331613512,4.6162121895068566e-05,0.07003164223847946,0.04838426827386651,0.09840282588626537
CsOAc,PPh2Me,p-Xylene,0.057,90,PENDING,PENDING,0.0,3.2742109424635157,5.126259740343761,3.7566084759884386e-05,0.07981689477680819,0.05126697411767266,0.10813390909729331
CsOAc,PPh2Me,DMAc,0.153,120,PENDING,PENDING,0.0,4.772727394610004,5.652357122748333,0.0005775768206540584,0.05289058244445591,0.0532050008375638,0.08236764970148269
CsOAc,PPh2Me,DMAc,0.153,105,PENDING,PENDING,0.0,4.221945368681524,5.526444841050277,0.00028265263860788575,0.06103030315353365,0.05360273726202749,0.09009640151513428
CsOAc,PPh2Me,DMAc,0.153,90,PENDING,PENDING,0.0,3.6932983834390383,5.753345558469325,0.00035556652670050166,0.07082118017585674,0.05812725218967145,0.09987249010949804
CsOAc,PPh2Me,DMAc,0.1,120,PENDING,PENDING,0.0,5.286653819652071,5.408986072902559,0.00044480911028759156,0.061242836170271944,0.05054026205212656,0.09001729626759702
CsOAc,PPh2Me,DMAc,0.1,105,PENDING,PENDING,0.0,4.717749273475754,5.250976119130956,0.0001858256452690549,0.06945168095955168,0.05043982940446545,0.09795281093754353
CsOAc,PPh2Me,DMAc,0.1,90,PENDING,PENDING,0.0,4.16171741977935,5.468556575434838,0.00023011126343588147,0.07919778062723581,0.05477519069415214,0.1077074634312432
CsOAc,PPh2Me,DMAc,0.057,120,PENDING,PENDING,0.0,5.697488425164366,5.5252410071513225,0.000795871199478982,0.0691503989241454,0.05195966154756917,0.09775988282900418
CsOAc,PPh2Me,DMAc,0.057,105,PENDING,PENDING,0.0,5.122687618270812,5.350868046324215,0.0003372012095612118,0.07734107351410856,0.0513608117512128,0.10570926946669615
CsOAc,PPh2Me,DMAc,0.057,90,PENDING,PENDING,0.0,4.553103238391298,5.544954602547239,0.00037687363203754015,0.08694710297944928,0.055223523578403655,0.11531118629924562
CsOAc,PPh2Me,BuOAc,0.153,120,PENDING,PENDING,0.0,3.3684638813371772,4.766349111899508,9.66996212377772e-06,0.06328330311274147,0.04144243482709946,0.0914724463421482
CsOAc,PPh2Me,BuOAc,0.153,105,PENDING,PENDING,0.0,2.858620224078264,4.5312058648335505,1.8207141873247915e-06,0.07264148401897026,0.04125497487172377,0.10072911550658954
CsOAc,PPh2Me,BuOAc,0.153,90,PENDING,PENDING,0.0,2.3952545718471705,4.7424562416274485,3.246062723292017e-06,0.08347863890317224,0.04633268302871376,0.11159047433746863
CsOAc,PPh2Me,BuOAc,0.1,120,PENDING,PENDING,0.0,3.8430579549454857,4.644057288067996,8.972783763421671e-06,0.07193091970794362,0.04005528126232266,0.10000053941529767
CsOAc,PPh2Me,BuOAc,0.1,105,PENDING,PENDING,0.0,3.315529379158088,4.356415860303893,1.1695237068903458e-06,0.08137502247273783,0.03882334734940817,0.10939090449382809
CsOAc,PPh2Me,BuOAc,0.1,90,PENDING,PENDING,0.0,2.8264860856994045,4.530778322144521,1.7532857960152461e-06,0.09217022280134457,0.04324522143025972,0.12019355990037753
CsOAc,PPh2Me,BuOAc,0.057,120,PENDING,PENDING,0.0,4.243297144203813,4.921735340922374,4.1339447146210946e-05,0.07994780200727479,0.043429470108812325,0.10802685591257384
CsOAc,PPh2Me,BuOAc,0.057,105,PENDING,PENDING,0.0,3.7083881862548806,4.620100175148841,7.004286338955899e-06,0.08935220656124779,0.04141159702073957,0.11736832800858737
CsOAc,PPh2Me,BuOAc,0.057,90,PENDING,PENDING,0.0,3.2046926963203135,4.749143530581489,7.6142963267997665e-06,0.09998113570364467,0.04482803603004053,0.1279974671419682
CsOAc,PPh2Me,BuCN,0.153,120,PENDING,PENDING,0.0,2.9905369546194924,4.930082893776379,1.356023966132098e-05,0.04182489041098572,0.04487953291328183,0.07097027442104513
CsOAc,PPh2Me,BuCN,0.153,105,PENDING,PENDING,0.0,2.4306304440626256,4.64477518419826,2.0681825968980115e-06,0.05015793463287245,0.04293666010873536,0.07872862614253477
CsOAc,PPh2Me,BuCN,0.153,90,PENDING,PENDING,0.0,1.9269236967644887,4.791541212594459,2.5440373246797727e-06,0.060335466430927756,0.046232265037917934,0.08882082376672934
CsOAc,PPh2Me,BuCN,0.1,120,PENDING,PENDING,0.0,3.4777294635383234,4.76846534768736,1.0864176408590965e-05,0.050280239931799725,0.04351855608201238,0.07889180988666852
CsOAc,PPh2Me,BuCN,0.1,105,PENDING,PENDING,0.0,2.8988627411815866,4.430758424662246,1.1003446315214166e-06,0.05868722174077173,0.040687420487705364,0.08691717242292506
CsOAc,PPh2Me,BuCN,0.1,90,PENDING,PENDING,0.0,2.367999749921197,4.544170273584109,1.1321187055909318e-06,0.06882058311148946,0.04336078502460913,0.09700158717479963
CsOAc,PPh2Me,BuCN,0.057,120,PENDING,PENDING,0.0,3.896297233904483,4.999186578136191,4.0535462290466505e-05,0.05841251853686576,0.04642786423288649,0.08696814632485754
CsOAc,PPh2Me,BuCN,0.057,105,PENDING,PENDING,0.0,3.311289713070343,4.65171098460184,5.401997716109787e-06,0.06680152977436125,0.04310221863261274,0.09500063409770601
CsOAc,PPh2Me,BuCN,0.057,90,PENDING,PENDING,0.0,2.766242305028253,4.729787390679278,4.471656666444099e-06,0.07678621957093014,0.04503399468308293,0.10492670112194101
CsOAc,PCy3 HBF4,p-Xylene,0.153,120,PENDING,PENDING,0.0,4.494054206260236,5.079593581664347,8.990460848474612e-05,0.04374012655359531,0.04796553485118473,0.07314859046991992
CsOAc,PCy3 HBF4,p-Xylene,0.153,105,PENDING,PENDING,0.0,3.961056340623523,4.714456593643017,1.3787128709875516e-05,0.05175009498349489,0.04509267082248088,0.08043494663357478
CsOAc,PCy3 HBF4,p-Xylene,0.153,90,PENDING,PENDING,0.0,3.458589978638287,4.790457605509297,1.1732370679972857e-05,0.0615594524936125,0.047752143180995944,0.0901101998125124
CsOAc,PCy3 HBF4,p-Xylene,0.1,120,PENDING,PENDING,0.0,5.024576480936643,4.901292066056201,7.646260560973707e-05,0.051972947298192976,0.046491404966372975,0.08077075342316563
CsOAc,PCy3 HBF4,p-Xylene,0.1,105,PENDING,PENDING,0.0,4.475589656659835,4.4839991775611505,8.190346468835136e-06,0.06005359576901656,0.042779301030906956,0.08835204846892782
CsOAc,PCy3 HBF4,p-Xylene,0.1,90,PENDING,PENDING,0.0,3.946743116315372,4.526531620393056,5.753708357255662e-06,0.06982334765833509,0.044830907953562815,0.09804202976674208
CsOAc,PCy3 HBF4,p-Xylene,0.057,120,PENDING,PENDING,0.0,5.453828496757186,5.105898059909936,0.00021367316986708323,0.05989388953214285,0.0491585828253213,0.0886056098521171
CsOAc,PCy3 HBF4,p-Xylene,0.057,105,PENDING,PENDING,0.0,4.899840378686654,4.685464509029118,3.021126684603294e-05,0.0679619798959925,0.045066237600542916,0.09621885746082666
CsOAc,PCy3 HBF4,p-Xylene,0.057,90,PENDING,PENDING,0.0,4.357093715536079,4.699449188292468,1.9015029800437447e-05,0.07759566731961483,0.04644816266791318,0.10576757078360616
CsOAc,PCy3 HBF4,DMAc,0.153,120,PENDING,PENDING,0.0,5.90868998489035,5.607505028998851,0.001111632409643586,0.051233351949908676,0.055937168912261775,0.08120010228737069
CsOAc,PCy3 HBF4,DMAc,0.153,105,PENDING,PENDING,0.0,5.365612147586251,5.408265863030692,0.00046993213996893157,0.05918715508754309,0.05452941405580178,0.08844644431267973
CsOAc,PCy3 HBF4,DMAc,0.153,90,PENDING,PENDING,0.0,4.824280820354197,5.576011981778916,0.0004943592771472719,0.06882019568762612,0.05735772208337315,0.09788871124986301
CsOAc,PCy3 HBF4,DMAc,0.1,120,PENDING,PENDING,0.0,6.445728368790402,5.333160850622281,0.0008363970159597049,0.059508495060644956,0.053283678507264454,0.0886171101169746
CsOAc,PCy3 HBF4,DMAc,0.1,105,PENDING,PENDING,0.0,5.885154739174037,5.1007137165551715,0.00029543509767898223,0.0675301019564351,0.051344209942787135,0.09614683066043972
CsOAc,PCy3 HBF4,DMAc,0.1,90,PENDING,PENDING,0.0,5.316026075784678,5.261456097203063,0.0003033327402581134,0.0771196573636128,0.05392200158333159,0.10563159484465091
CsOAc,PCy3 HBF4,DMAc,0.057,120,PENDING,PENDING,0.0,6.855406543809067,5.425105840086297,0.0013773247969694064,0.06737323285438948,0.054491285317563636,0.0962424764287488
CsOAc,PCy3 HBF4,DMAc,0.057,105,PENDING,PENDING,0.0,6.28894004082061,5.181562856226691,0.0005046836171684497,0.07538075696693637,0.05218301271985427,0.10383500819225996
CsOAc,PCy3 HBF4,DMAc,0.057,90,PENDING,PENDING,0.0,5.706218615765107,5.324822985394742,0.0004823016195956492,0.08483541538318268,0.054381078770314166,0.11320051774821945
CsOAc,PCy3 HBF4,BuOAc,0.153,120,PENDING,PENDING,0.0,4.5110638670061665,4.813738603544853,3.4906307837235e-05,0.060818196332531924,0.045340434630024865,0.08923594029614167
CsOAc,PCy3 HBF4,BuOAc,0.153,105,PENDING,PENDING,0.0,4.006360331321091,4.437666611257459,3.947361807842876e-06,0.0699032572915492,0.041788213372215895,0.09802620588085685
CsOAc,PCy3 HBF4,BuOAc,0.153,90,PENDING,PENDING,0.0,3.527447719762383,4.5180336157792915,3.5270908621166675e-06,0.08052910673459832,0.043667208749374686,0.10860872106480234
CsOAc,PCy3 HBF4,BuOAc,0.1,120,PENDING,PENDING,0.0,5.004481703392656,4.63719451600776,2.7431111579400737e-05,0.06935444797354923,0.04337764002284157,0.09752927474961878
CsOAc,PCy3 HBF4,BuOAc,0.1,105,PENDING,PENDING,0.0,4.482793972541403,4.202877452595119,1.9250474156503103e-06,0.07852003351845743,0.03867489541848767,0.10654233116902163
CsOAc,PCy3 HBF4,BuOAc,0.1,90,PENDING,PENDING,0.0,3.9782045796547103,4.246481095568311,1.3580687462812942e-06,0.08910457207293208,0.03976445490353212,0.11711099553649272
CsOAc,PCy3 HBF4,BuOAc,0.057,120,PENDING,PENDING,0.0,5.3997806034199245,4.867115828769935,9.399038722506035e-05,0.07732652922700302,0.04594265642274866,0.10548655407851594
CsOAc,PCy3 HBF4,BuOAc,0.057,105,PENDING,PENDING,0.0,4.870963581471423,4.431692555007295,9.69569655653662e-06,0.08646066569730855,0.04078755735778885,0.11447906317008572
CsOAc,PCy3 HBF4,BuOAc,0.057,90,PENDING,PENDING,0.0,4.352204926290596,4.445077786301144,5.956103025653515e-06,0.09688797914847579,0.04115916829039164,0.12488989333437082
CsOAc,PCy3 HBF4,BuCN,0.153,120,PENDING,PENDING,0.0,4.153170000512421,5.0082807957691955,5.246773580788863e-05,0.0401317237248497,0.0497712870191483,0.0700744192700082
CsOAc,PCy3 HBF4,BuCN,0.153,105,PENDING,PENDING,0.0,3.603102797810274,4.6325003610001305,6.661953605807826e-06,0.04826342052834803,0.045776284617807916,0.07716100644012436
CsOAc,PCy3 HBF4,BuCN,0.153,90,PENDING,PENDING,0.0,3.0877987011213612,4.6892383171825465,5.128421754597415e-06,0.05826985814328614,0.04673643563320443,0.08685214327163349
CsOAc,PCy3 HBF4,BuCN,0.1,120,PENDING,PENDING,0.0,4.663993850273237,4.8239722376349325,4.1763759988891155e-05,0.04850398552988157,0.048440484369796435,0.07767449807219597
CsOAc,PCy3 HBF4,BuCN,0.1,105,PENDING,PENDING,0.0,4.096022767451965,4.3963043378447715,3.5234223939408556e-06,0.05670804025253534,0.04362429414581258,0.08512867638397706
CsOAc,PCy3 HBF4,BuCN,0.1,90,PENDING,PENDING,0.0,3.553430123231638,4.420507125898106,2.186215425550251e-06,0.06667180534212938,0.043901930385295274,0.09490262757175373
CsOAc,PCy3 HBF4,BuCN,0.057,120,PENDING,PENDING,0.0,5.080509478853358,5.0239350396374185,0.00012177385425095138,0.05658981782577256,0.05090389652326395,0.08559962776738335
CsOAc,PCy3 HBF4,BuCN,0.057,105,PENDING,PENDING,0.0,4.506404944830434,4.594903041692102,1.4037221162637467e-05,0.06478088241629816,0.045804033945565294,0.09313213466313945
CsOAc,PCy3 HBF4,BuCN,0.057,90,PENDING,PENDING,0.0,3.949618789688068,4.593992721755118,7.945858577612956e-06,0.07460215983549222,0.045563296109002574,0.10278218558081931
CsOAc,P(fur)3,p-Xylene,0.153,120,PENDING,PENDING,0.0,10.01881241254121,5.3671543829259445,0.008963737336372818,0.05021466598168853,0.05189572628555981,0.07969970767978864
CsOAc,P(fur)3,p-Xylene,0.153,105,PENDING,PENDING,0.0,9.54677909162762,5.238402813228865,0.005350348934583672,0.05878683966601521,0.05284503783986742,0.0878862982258976
CsOAc,P(fur)3,p-Xylene,0.153,90,PENDING,PENDING,0.0,8.996419616727708,5.499843026357981,0.006172097855660537,0.06904038454405431,0.058089689143283885,0.09816997080122356
CsOAc,P(fur)3,p-Xylene,0.1,120,PENDING,PENDING,0.0,10.626514205730981,4.943491107223399,0.006072087495547496,0.058477827687255804,0.0458369020076074,0.08699070547565817
CsOAc,P(fur)3,p-Xylene,0.1,105,PENDING,PENDING,0.0,10.14143335210899,4.770263211925495,0.0030372313648620343,0.06713083239864069,0.04623591290724062,0.09545509772704887
CsOAc,P(fur)3,p-Xylene,0.1,90,PENDING,PENDING,0.0,9.563854335411147,5.037173542167149,0.003629263351829143,0.07735375424778504,0.05169747072301492,0.10573831357588671
CsOAc,P(fur)3,p-Xylene,0.057,120,PENDING,PENDING,0.0,11.025952658500785,4.948769212176327,0.007938479648905553,0.06634616986850483,0.04457777276601496,0.09460986029390193
CsOAc,P(fur)3,p-Xylene,0.057,105,PENDING,PENDING,0.0,10.53599462493349,4.749242268064208,0.0038348512506694646,0.07497845940965667,0.0442932922505308,0.10311727893180184
CsOAc,P(fur)3,p-Xylene,0.057,90,PENDING,PENDING,0.0,9.945825100162315,4.996512764425363,0.0043065852777915345,0.08506019160822172,0.049513908602983284,0.11323860550264424
CsOAc,P(fur)3,DMAc,0.153,120,PENDING,PENDING,0.0,11.069285513130545,5.998594396358677,0.037331549869452696,0.05759027343129515,0.05875839366818655,0.08747862510626894
CsOAc,P(fur)3,DMAc,0.153,105,PENDING,PENDING,0.0,10.580960449861259,5.992978932567666,0.029504151091583553,0.06609598782018854,0.060644888178330386,0.09566316158637186
CsOAc,P(fur)3,DMAc,0.153,90,PENDING,PENDING,0.0,10.00157383118649,6.303136089081445,0.03249071133150824,0.07616906832670631,0.06594657949011118,0.10576572384053334
CsOAc,P(fur)3,DMAc,0.1,120,PENDING,PENDING,0.0,11.669395885944356,5.582481757744039,0.030205840279799917,0.06589948045634447,0.05305913476039555,0.09470505857138184
CsOAc,P(fur)3,DMAc,0.1,105,PENDING,PENDING,0.0,11.166032266985596,5.558563421021646,0.022611337608982623,0.0744830284991227,0.054752576153911124,0.10312250247845216
CsOAc,P(fur)3,DMAc,0.1,90,PENDING,PENDING,0.0,10.558932033934722,5.885282535787129,0.0255499778987181,0.08452100345118346,0.060334508139455664,0.11323951635396712
CsOAc,P(fur)3,DMAc,0.057,120,PENDING,PENDING,0.0,12.051097680134596,5.541094055496799,0.03473856397651681,0.07371803624880283,0.05159303201087095,0.1021789081754105
CsOAc,P(fur)3,DMAc,0.057,105,PENDING,PENDING,0.0,11.542089363003686,5.49883807020741,0.025375784372083293,0.0822799566489265,0.05287090057449692,0.11062375064964323
CsOAc,P(fur)3,DMAc,0.057,90,PENDING,PENDING,0.0,10.922660499575386,5.816321340176096,0.02799039100536113,0.09217770321776772,0.05835182769221946,0.12058769129087259
CsOAc,P(fur)3,BuOAc,0.153,120,PENDING,PENDING,0.0,9.929111651650881,5.056887615720408,0.00480883264385943,0.06752270902855342,0.04569095349835826,0.09581418346229796
CsOAc,P(fur)3,BuOAc,0.153,105,PENDING,PENDING,0.0,9.478932046489348,4.978100025516204,0.0030220506946534546,0.07725862517162879,0.04733922394271987,0.10546309130602138
CsOAc,P(fur)3,BuOAc,0.153,90,PENDING,PENDING,0.0,8.951936595038353,5.300078468571854,0.004142870819708551,0.08840358158205802,0.05332319983013201,0.11666521235658531
CsOAc,P(fur)3,BuOAc,0.1,120,PENDING,PENDING,0.0,10.494901355825446,4.682693828114974,0.0032140602964929425,0.07610133976274831,0.039770660419073685,0.10414441364980294
CsOAc,P(fur)3,BuOAc,0.1,105,PENDING,PENDING,0.0,10.03025012134544,4.565347929947169,0.0017129379787739138,0.08593347678417813,0.04082411099974539,0.11395351948921968
CsOAc,P(fur)3,BuOAc,0.1,90,PENDING,PENDING,0.0,9.476971730009668,4.893247597864376,0.0025004928654557834,0.09704968850808811,0.04703524686830557,0.1250947492331901
CsOAc,P(fur)3,BuOAc,0.057,120,PENDING,PENDING,0.0,10.860486485282344,4.757311364888841,0.004890202995009842,0.08402329457574371,0.039330511968085645,0.11203672326928617
CsOAc,P(fur)3,BuOAc,0.057,105,PENDING,PENDING,0.0,10.389080444646908,4.61382420588048,0.0025351947817177055,0.09381254146305662,0.03954021370536159,0.121811853884671
CsOAc,P(fur)3,BuOAc,0.057,90,PENDING,PENDING,0.0,9.82315076903503,4.913999737206444,0.003333543054655358,0.10476311882217439,0.04534476053227856,0.13277341730440506
CsOAc,P(fur)3,BuCN,0.153,120,PENDING,PENDING,0.0,9.624596073668487,5.313238891662102,0.006445942459352344,0.046676353442752117,0.05173853675470146,0.07638841730798185
CsOAc,P(fur)3,BuCN,0.153,105,PENDING,PENDING,0.0,9.133802624405567,5.201019646788511,0.0038242745878722464,0.05540428754311122,0.051975526219656266,0.08458764760170209
CsOAc,P(fur)3,BuCN,0.153,90,PENDING,PENDING,0.0,8.572540227781106,5.468453770437506,0.00451823273751796,0.065885075369059,0.05631747016660882,0.09498912130953041
CsOAc,P(fur)3,BuCN,0.1,120,PENDING,PENDING,0.0,10.209396827976718,4.922057519012621,0.0044112687409050486,0.055084332649395676,0.046542281972302264,0.08376243375414694
CsOAc,P(fur)3,BuCN,0.1,105,PENDING,PENDING,0.0,9.703535826162176,4.771738113326942,0.00222182844812132,0.06389680656856679,0.046197291030887405,0.0922887761433221
CsOAc,P(fur)3,BuCN,0.1,90,PENDING,PENDING,0.0,9.114501787214191,5.044358345549738,0.0027196270872755987,0.07434511639165386,0.05058338146434239,0.10273675671793732
CsOAc,P(fur)3,BuCN,0.057,120,PENDING,PENDING,0.0,10.59595610003109,4.951476911296277,0.0060448581389810005,0.06311991440666712,0.04587247359561513,0.09151210923796887
CsOAc,P(fur)3,BuCN,0.057,105,PENDING,PENDING,0.0,10.084213955568213,4.777695642430272,0.0029648407795207117,0.07191024049530247,0.044898278926001706,0.10010251843112523
CsOAc,P(fur)3,BuCN,0.057,90,PENDING,PENDING,0.0,9.482406408138408,5.030147704365755,0.0033858528629231166,0.08220970754341425,0.048980856331638845,0.1104052053897054
CsOAc,JackiePhos,p-Xylene,0.153,120,PENDING,PENDING,0.0,6.024692182102089,5.171334317169504,0.0004023964332649718,0.38603454188269193,0.06427879007589164,0.4140225128832584
CsOAc,JackiePhos,p-Xylene,0.153,105,PENDING,PENDING,0.0,5.5157861658987635,4.785723679959948,7.803834294009462e-05,0.3932931263752369,0.05484701784030169,0.42128109737523695
CsOAc,JackiePhos,p-Xylene,0.153,90,PENDING,PENDING,0.0,5.005579364859267,4.824203565553317,5.691906770137478e-05,0.3980863853920286,0.05204707891042475,0.4260743563920286
CsOAc,JackiePhos,p-Xylene,0.1,120,PENDING,PENDING,0.0,6.551978533886162,4.75876641788923,0.0001758246961113155,0.3942534268203214,0.05459757684672905,0.4222413978203214
CsOAc,JackiePhos,p-Xylene,0.1,105,PENDING,PENDING,0.0,6.0265928753476645,4.283533611355534,1.649034426806932e-05,0.4016275615329768,0.04230085478398551,0.4296155325329768
CsOAc,JackiePhos,p-Xylene,0.1,90,PENDING,PENDING,0.0,5.48996488450181,4.2864895960179155,9.382476007735018e-06,0.4064160592045829,0.0381395105470722,0.4344040302045829
CsOAc,JackiePhos,p-Xylene,0.057,120,PENDING,PENDING,0.0,6.9525073540604385,4.7775903753416555,0.0002622520666743333,0.3990132147297995,0.051970444587395664,0.4270011857297995
CsOAc,JackiePhos,p-Xylene,0.057,105,PENDING,PENDING,0.0,6.420775516172684,4.27224251538821,2.3756858450000586e-05,0.40640435446784706,0.03849622118644636,0.43439232546784706
CsOAc,JackiePhos,DMAc,0.153,120,PENDING,PENDING,0.0,7.364646393837608,5.391988181575153,0.001795254074981243,0.39079828214536205,0.07042803185291242,0.4187862531607939
CsOAc,JackiePhos,DMAc,0.153,105,PENDING,PENDING,0.0,6.843130669589139,5.18060457612039,0.0007569517631704336,0.3979374139960744,0.06483248558853157,0.4259253849963129
CsOAc,JackiePhos,DMAc,0.153,90,PENDING,PENDING,0.0,6.295570890008477,5.357917161563789,0.000800147433734473,0.40256359709236644,0.06510144416993606,0.43055156809254347
CsOAc,JackiePhos,DMAc,0.1,120,PENDING,PENDING,0.0,7.901163742962467,4.899661612108421,0.0007976597466812941,0.3990518438759331,0.06188743363885333,0.4270398148759555
CsOAc,JackiePhos,DMAc,0.1,105,PENDING,PENDING,0.0,7.361863986221476,4.633872313136306,0.00023413888733614299,0.406295521988149,0.05504185192607953,0.434283492988149
CsOAc,JackiePhos,DMAc,0.1,90,PENDING,PENDING,0.0,6.786309029350795,4.815335932702777,0.0002570805720034865,0.4109064653795542,0.05523069829099171,0.4388944363795542
CsOAc,JackiePhos,DMAc,0.057,120,PENDING,PENDING,0.0,8.286928743470638,4.840376382512986,0.0009147904883997932,0.40380379916245424,0.059529728819552645,0.43179177016245585
CsOAc,JackiePhos,DMAc,0.057,105,PENDING,PENDING,0.0,7.740730726848691,4.5480338815215555,0.00024554767423371317,0.41106104084904427,0.05218840265836458,0.43904901184904427
CsOAc,JackiePhos,DMAc,0.057,90,PENDING,PENDING,0.0,7.151606392130788,4.717339761839268,0.0002561680495698315,0.41563045852074426,0.05228854197469615,0.44361842952074426
CsOAc,JackiePhos,BuOAc,0.153,120,PENDING,PENDING,0.0,6.037845154250824,5.004234800198786,0.00024999085547622486,0.38979194631760594,0.07864971391305925,0.4177799180718909
CsOAc,JackiePhos,BuOAc,0.153,105,PENDING,PENDING,0.0,5.5608282592805915,4.66225431616391,5.135053312115294e-05,0.3972115252469634,0.07271644418984848,0.42519949627642084
CsOAc,JackiePhos,BuOAc,0.153,90,PENDING,PENDING,0.0,5.078399221375425,4.744976041976484,4.513239898137195e-05,0.40219180226061807,0.07172907218393472,0.4301797732720271
CsOAc,JackiePhos,BuOAc,0.1,120,PENDING,PENDING,0.0,6.531469680596338,4.648291509198053,0.00011836745792928485,0.39794634339425544,0.07171866027999853,0.4259343144107084
CsOAc,JackiePhos,BuOAc,0.1,105,PENDING,PENDING,0.0,6.037556825700071,4.2288479384562905,1.2892260390096662e-05,0.4054681793832357,0.0647528514594225,0.4334561503833365
CsOAc,JackiePhos,BuOAc,0.1,90,PENDING,PENDING,0.0,5.529508244892631,4.280433176469949,9.510771674599907e-06,0.41043799323537095,0.06343851531529274,0.43842596423539215
CsOAc,JackiePhos,BuOAc,0.057,120,PENDING,PENDING,0.0,6.900566393574362,4.72287604213624,0.00021062268060734798,0.40267385288773266,0.07000228732336626,0.43066182389187835
CsOAc,JackiePhos,BuOAc,0.057,105,PENDING,PENDING,0.0,6.398182639572041,4.279493800402765,2.396781947728617e-05,0.41020603548674334,0.06265951104975537,0.4381940064867549
CsOAc,JackiePhos,BuOAc,0.057,90,PENDING,PENDING,0.0,5.875892828806883,4.301959752734989,1.5302583098836166e-05,0.4151330643462023,0.06117664724522472,0.44312103534620406
CsOAc,JackiePhos,BuCN,0.153,120,PENDING,PENDING,0.0,5.6740384692556525,5.075137069765825,0.00023183508271363337,0.38522979800174073,0.06945777555124082,0.41321776901668683
CsOAc,JackiePhos,BuCN,0.153,105,PENDING,PENDING,0.0,5.148940511811163,4.701163172945801,4.066455975452359e-05,0.3924887077224094,0.062006560697272804,0.42047667872246175
CsOAc,JackiePhos,BuCN,0.153,90,PENDING,PENDING,0.0,4.627668777576387,4.746150535444498,2.9807793750564917e-05,0.39729244169524236,0.06049598969027836,0.42528041269525096
CsOAc,JackiePhos,BuCN,0.1,120,PENDING,PENDING,0.0,6.183369814683596,4.680470208358885,9.712812811556604e-05,0.3934938181195225,0.06100000662207061,0.42148178911954315
CsOAc,JackiePhos,BuCN,0.1,105,PENDING,PENDING,0.0,5.640115662967067,4.225047206420708,8.171873408294948e-06,0.40086230564436176,0.05182231287043787,0.42885027664436176
CsOAc,JackiePhos,BuCN,0.1,90,PENDING,PENDING,0.0,5.09149439176343,4.239099309391517,4.743754789736807e-06,0.40565600620867825,0.04974095777382749,0.43364397720867826
CsOAc,JackiePhos,BuCN,0.057,120,PENDING,PENDING,0.0,6.572823550792087,4.714202299736425,0.0001542091291549903,0.3982974424675968,0.05880183410988077,0.4262854134675984
CsOAc,JackiePhos,BuCN,0.057,105,PENDING,PENDING,0.0,6.022151757820575,4.2334566959534765,1.2961164427213138e-05,0.405680617190151,0.04897713551269287,0.433668588190151
CsOAc,JackiePhos,BuCN,0.057,90,PENDING,PENDING,0.0,5.4594164353739645,4.222620380674691,6.597195504410625e-06,0.4104332957221129,0.0466162329378211,0.4384212667221129
CsOAc,GorlosPhos HBF4,p-Xylene,0.153,120,PENDING,PENDING,0.0,8.5081696655921,5.748806883542286,0.007139150404094637,0.06820582817788569,0.05699723183238489,0.09726782390531835
CsOAc,GorlosPhos HBF4,p-Xylene,0.153,105,PENDING,PENDING,0.0,7.992132255823974,5.588223934137904,0.003978452058163322,0.07658886426879102,0.05774310867071711,0.10537846127800082
CsOAc,GorlosPhos HBF4,p-Xylene,0.153,90,PENDING,PENDING,0.0,7.430224296410929,5.777605113321041,0.004046790726496073,0.08637317270763352,0.062389616359385995,0.11518041334691673
CsOAc,GorlosPhos HBF4,p-Xylene,0.1,120,PENDING,PENDING,0.0,9.097438895118902,5.40333644293453,0.005511625185749887,0.0766048627422761,0.0524046827414533,0.10504273666408179
CsOAc,GorlosPhos HBF4,p-Xylene,0.1,105,PENDING,PENDING,0.0,8.564455229718689,5.207776406074127,0.0026699429044424253,0.08506363526391866,0.05277221465711578,0.11335512861682558
CsOAc,GorlosPhos HBF4,p-Xylene,0.1,90,PENDING,PENDING,0.0,7.973281816927144,5.39489464960263,0.0026861965062687995,0.09480734798474666,0.05749832885776133,0.12313220108195581
CsOAc,GorlosPhos HBF4,p-Xylene,0.057,120,PENDING,PENDING,0.0,9.507751363698823,5.429163842113592,0.0073779615011494715,0.08435837432971896,0.05196193620945218,0.11262903442185412
CsOAc,GorlosPhos HBF4,p-Xylene,0.057,105,PENDING,PENDING,0.0,8.968453051293894,5.216271749981501,0.0035431412436322043,0.0927973766467698,0.05185560027365323,0.12095956286322615
CsOAc,GorlosPhos HBF4,p-Xylene,0.057,90,PENDING,PENDING,0.0,8.363257636551161,5.38772190350893,0.0033943686823714805,0.10240449332850786,0.05632784251145778,0.13058989687022937
CsOAc,GorlosPhos HBF4,DMAc,0.153,120,PENDING,PENDING,0.0,10.031799449713393,5.386314942914495,0.009327229757562838,0.07567450587502007,0.04395218774227149,0.10379786370514288
CsOAc,GorlosPhos HBF4,DMAc,0.153,105,PENDING,PENDING,0.0,9.497844770177798,5.362754096060327,0.006525214113338458,0.08398669762712538,0.04655597024432394,0.11209936517999268
CsOAc,GorlosPhos HBF4,DMAc,0.153,90,PENDING,PENDING,0.0,8.885665409395356,5.710766043790836,0.008284017947042394,0.09358156326539704,0.05393821998399898,0.12179540389929984
CsOAc,GorlosPhos HBF4,DMAc,0.1,120,PENDING,PENDING,0.0,10.64918252953454,4.86604145659349,0.005290025683004129,0.08413586246524642,0.03516374379157061,0.11213062788659765
CsOAc,GorlosPhos HBF4,DMAc,0.1,105,PENDING,PENDING,0.0,10.09552664275191,4.828957715947777,0.0033486353847778025,0.09251925765233499,0.03804255584245058,0.12051516936671389
CsOAc,GorlosPhos HBF4,DMAc,0.1,90,PENDING,PENDING,0.0,9.44936069350048,5.216947403730715,0.004829974450306362,0.1020659797675546,0.04670700925914945,0.13009139831888128
CsOAc,GorlosPhos HBF4,DMAc,0.057,105,PENDING,PENDING,0.0,10.490214387686413,4.748698928922661,0.0037087388007967237,0.10020927254886629,0.03555879235220808,0.1281986050543675
CsOAc,GorlosPhos HBF4,DMAc,0.057,90,PENDING,PENDING,0.0,9.828948724036781,5.1359326455944965,0.005260233301854454,0.10961906506796744,0.04447226880719404,0.1376191723533055
CsOAc,GorlosPhos HBF4,BuOAc,0.153,120,PENDING,PENDING,0.0,8.51694855361066,5.356509340228211,0.0035158784116387093,0.08608747979279047,0.051181126903178914,0.11430577859005059
CsOAc,GorlosPhos HBF4,BuOAc,0.153,105,PENDING,PENDING,0.0,8.02960484339602,5.207676395341774,0.0018626612977568138,0.09559440977105645,0.05192941621967418,0.12373248543422338
CsOAc,GorlosPhos HBF4,BuOAc,0.153,90,PENDING,PENDING,0.0,7.492979610468337,5.433295257821454,0.0021349764644254705,0.10621206068028263,0.0567624328153891,0.13437192654486954
CsOAc,GorlosPhos HBF4,BuOAc,0.1,120,PENDING,PENDING,0.0,9.074125317716035,5.023397378119732,0.0025262653654691963,0.09480833170935524,0.04642791587983078,0.12285516604024456
CsOAc,GorlosPhos HBF4,BuOAc,0.1,105,PENDING,PENDING,0.0,8.569234309508767,4.83796206622281,0.00112667485331849,0.1044047310285442,0.04664752461551607,0.13242391700072836
CsOAc,GorlosPhos HBF4,BuOAc,0.1,90,PENDING,PENDING,0.0,8.00387520156445,5.061853827456782,0.0013011032602353138,0.11498192333370441,0.05151862513450946,0.14301251009041718
CsOAc,GorlosPhos HBF4,BuOAc,0.057,120,PENDING,PENDING,0.0,9.454906129560365,5.091272551100322,0.0037750994436128796,0.10260240101205215,0.04636048162159636,0.13062371200346684
CsOAc,GorlosPhos HBF4,BuOAc,0.057,105,PENDING,PENDING,0.0,8.94181484704127,4.888231237037405,0.0016834248883569533,0.1121584995932611,0.045969961068614194,0.1401612488186453
CsOAc,GorlosPhos HBF4,BuOAc,0.057,90,PENDING,PENDING,0.0,8.361863021869176,5.092122299127481,0.0018004170582653668,0.12257727965074383,0.05047920417710762,0.1505857530870226
CsOAc,GorlosPhos HBF4,BuCN,0.153,120,PENDING,PENDING,0.0,8.249853626863157,5.382968441639283,0.0031287969694712113,0.06514447154511084,0.05095825315425568,0.09381083592411674
CsOAc,GorlosPhos HBF4,BuCN,0.153,105,PENDING,PENDING,0.0,7.715905269865397,5.220410922476941,0.0015466692119887292,0.07367206534597454,0.05095001159542392,0.10209812808671959
CsOAc,GorlosPhos HBF4,BuCN,0.153,90,PENDING,PENDING,0.0,7.137886664528117,5.431825896211409,0.001686976447674432,0.0836561838098436,0.05527670943752646,0.11208925195419969
CsOAc,GorlosPhos HBF4,BuCN,0.1,120,PENDING,PENDING,0.0,8.828614048190673,5.009747693149839,0.002065350828840958,0.07369860340413867,0.045972035734802505,0.10190373460215668
CsOAc,GorlosPhos HBF4,BuCN,0.1,105,PENDING,PENDING,0.0,8.275731814905857,4.812276097957166,0.0008413038385923517,0.08230460080307755,0.04550841364427344,0.11040786171401974
CsOAc,GorlosPhos HBF4,BuCN,0.1,90,PENDING,PENDING,0.0,7.666610419157326,5.027915412684919,0.0009354950371017901,0.09224454067225005,0.04998193269252268,0.12036624021905964
CsOAc,GorlosPhos HBF4,BuCN,0.057,120,PENDING,PENDING,0.0,9.230415169126267,5.041872330902761,0.002927318050058983,0.08161318579174104,0.045683762813647014,0.10972576417184692
CsOAc,GorlosPhos HBF4,BuCN,0.057,105,PENDING,PENDING,0.0,8.670131360299502,4.828279910636636,0.0011859457145737846,0.09019802071741348,0.044725308553621716,0.11824313564170431
CsOAc,GorlosPhos HBF4,BuCN,0.057,90,PENDING,PENDING,0.0,8.046247560286595,5.029256512528323,0.0012387260885878722,0.09999419154912198,0.04894893609467194,0.12805055554478673
CsOAc,CgMe-PPh,p-Xylene,0.153,120,PENDING,PENDING,0.0,6.170616531686414,6.195508905460673,0.004155831677699409,0.066330684083237,0.07674625870063012,0.0983746721871558
CsOAc,CgMe-PPh,p-Xylene,0.153,105,PENDING,PENDING,0.0,5.6730641325588005,5.940659202925128,0.0019493165164011957,0.07461907936616546,0.07586645660384556,0.10569325822824956
CsOAc,CgMe-PPh,p-Xylene,0.153,90,PENDING,PENDING,0.0,5.1712143012625065,6.005911539160563,0.0016437616299319613,0.08431777879330066,0.07784233306636552,0.11490187929946115
CsOAc,CgMe-PPh,p-Xylene,0.1,120,PENDING,PENDING,0.0,6.6930338088185675,5.960928397624976,0.0036848612476257994,0.07449863146035805,0.07470816390089587,0.10540048904446847
CsOAc,CgMe-PPh,p-Xylene,0.1,105,PENDING,PENDING,0.0,6.179882574017496,5.665511111188196,0.0015073118253659291,0.08286196132407671,0.07341276843559247,0.11295307258968534
CsOAc,CgMe-PPh,p-Xylene,0.1,90,PENDING,PENDING,0.0,5.65263430609723,5.708660610941049,0.0011808204061741438,0.09252708008024293,0.07509894957045239,0.12224104355343887
CsOAc,CgMe-PPh,p-Xylene,0.057,120,PENDING,PENDING,0.0,7.087952878260567,6.036053307687339,0.005243224586552783,0.08208080522130771,0.07517931922630955,0.11245882811449251
CsOAc,CgMe-PPh,p-Xylene,0.057,105,PENDING,PENDING,0.0,6.568815019322295,5.725432424380078,0.002181410049336023,0.09042531172692411,0.07353913954315236,0.12008176410004878
CsOAc,CgMe-PPh,p-Xylene,0.057,90,PENDING,PENDING,0.0,6.028489154608206,5.749523971886349,0.0016382750197002534,0.0999605887622157,0.07493032952102738,0.12929380224155068
CsOAc,CgMe-PPh,DMAc,0.153,120,PENDING,PENDING,0.0,7.483068809098978,6.39803223249481,0.011232160838149763,0.07340365763359584,0.07786148029334697,0.10491991451504287
CsOAc,CgMe-PPh,DMAc,0.153,105,PENDING,PENDING,0.0,6.9728797420322675,6.260693866841745,0.007090064038710993,0.08162931448673635,0.07770293135255872,0.11239988818627006
CsOAc,CgMe-PPh,DMAc,0.153,90,PENDING,PENDING,0.0,6.434758137394186,6.4203915553463675,0.006875311490131146,0.09116163636334768,0.08023062605661228,0.12158199720058073
CsOAc,CgMe-PPh,DMAc,0.1,120,PENDING,PENDING,0.0,8.013908966592375,6.092486920024201,0.009417509383393433,0.08161196684262206,0.07518868073868515,0.11202504276500043
CsOAc,CgMe-PPh,DMAc,0.1,105,PENDING,PENDING,0.0,7.486800118596626,5.92906390010959,0.005457171854209804,0.08991000878220479,0.07474691021815437,0.1197304066296232
CsOAc,CgMe-PPh,DMAc,0.1,90,PENDING,PENDING,0.0,6.9217483041053605,6.085950730007101,0.005204989022186246,0.0994051252995907,0.07714481734627943,0.12897998891872275
CsOAc,CgMe-PPh,DMAc,0.057,120,PENDING,PENDING,0.0,8.394438420041363,6.1042553729687015,0.011657094523943229,0.08914802790543781,0.07519227938495765,0.11906500773548931
CsOAc,CgMe-PPh,DMAc,0.057,105,PENDING,PENDING,0.0,7.860790324971219,5.9267999602081645,0.006686773471854805,0.09742645801806418,0.07447243545992091,0.12683024114350283
CsOAc,CgMe-PPh,DMAc,0.057,90,PENDING,PENDING,0.0,7.2826861615455645,6.072258807684019,0.0061912948463904854,0.10679254662656303,0.07667271086850908,0.13599664347643883
CsOAc,CgMe-PPh,BuOAc,0.153,120,PENDING,PENDING,0.0,6.1736124922608715,5.786509189945937,0.0019359516176537597,0.08389518321116465,0.07114782627923265,0.11364683105958089
CsOAc,CgMe-PPh,BuOAc,0.153,105,PENDING,PENDING,0.0,5.7056937483347,5.535718393604154,0.0008207358170668859,0.09325789802633827,0.07019345411183456,0.12244654445450727
CsOAc,CgMe-PPh,BuOAc,0.153,90,PENDING,PENDING,0.0,5.230141543114266,5.629666885858537,0.0007450639236781242,0.10375310077896052,0.07220609054253527,0.13270994327196664
CsOAc,CgMe-PPh,BuOAc,0.1,120,PENDING,PENDING,0.0,6.6628775201192125,5.569876359578957,0.0016719936238948907,0.09237050591854004,0.06914002865328564,0.12150248830219186
CsOAc,CgMe-PPh,BuOAc,0.1,105,PENDING,PENDING,0.0,6.178786234823104,5.276375749684533,0.0005985735923335431,0.10182031894782828,0.06766933543663226,0.1305215538094797
CsOAc,CgMe-PPh,BuOAc,0.1,90,PENDING,PENDING,0.0,5.678473767479017,5.346444499209798,0.0005004994336954604,0.11228202909226634,0.06931012943920878,0.14082200333720757
CsOAc,CgMe-PPh,BuOAc,0.057,120,PENDING,PENDING,0.0,7.027500112501137,5.687339686359598,0.00267946173325782,0.09999103144279653,0.06990506059784594,0.1289022539898051
CsOAc,CgMe-PPh,BuOAc,0.057,105,PENDING,PENDING,0.0,6.535453051197867,5.379311061400306,0.0009959838660850272,0.10940349084379528,0.06802293254505419,0.1379391209896461
CsOAc,CgMe-PPh,BuOAc,0.057,90,PENDING,PENDING,0.0,6.021485101370797,5.426826217410515,0.0007830253908112494,0.11971565470137259,0.06930020839727143,0.14811452461938726
CsOAc,CgMe-PPh,BuCN,0.153,120,PENDING,PENDING,0.0,5.822399447170879,5.98262308754096,0.0023137986135632893,0.06324251146142407,0.07472631898015744,0.0952465612734448
CsOAc,CgMe-PPh,BuCN,0.153,105,PENDING,PENDING,0.0,5.308717351978419,5.719077904076405,0.0009670748060402502,0.07167311114312175,0.07317236181634862,0.10257674782765097
CsOAc,CgMe-PPh,BuCN,0.153,90,PENDING,PENDING,0.0,4.7959229827202146,5.78314515591563,0.0008016001565595565,0.08157031283132213,0.07443880720436535,0.11188402753062712
CsOAc,CgMe-PPh,BuCN,0.1,120,PENDING,PENDING,0.0,6.327226160641011,5.750139964288756,0.0019758919091125288,0.0715514427544711,0.07290800435404776,0.10242396316222846
CsOAc,CgMe-PPh,BuCN,0.1,105,PENDING,PENDING,0.0,5.796292044770292,5.4467462147276064,0.0007032070631960291,0.08005974997865738,0.07093368086281895,0.11001896338535258
CsOAc,CgMe-PPh,BuCN,0.1,90,PENDING,PENDING,0.0,5.257171224966496,5.489549823774917,0.0005369798058894922,0.08992115561343306,0.07188107533211073,0.11942724685134945
CsOAc,CgMe-PPh,BuCN,0.057,120,PENDING,PENDING,0.0,6.711481669598909,5.836884155864065,0.002959777697314668,0.079285430196418,0.07357568338720917,0.10964469371368046
CsOAc,CgMe-PPh,BuCN,0.057,105,PENDING,PENDING,0.0,6.173553719373258,5.520245439575807,0.0010850232245237547,0.08777370401573387,0.07128716629265643,0.11732747489214779
CsOAc,CgMe-PPh,BuCN,0.057,90,PENDING,PENDING,0.0,5.620886284536783,5.544882599319805,0.0007919797795968263,0.09749901079039269,0.07195604935008185,0.12666836853747382
CsOAc,BrettPhos,p-Xylene,0.153,120,PENDING,PENDING,0.0,6.22050553659339,4.736936103226678,0.0001224825274159663,0.060525372265793395,0.049328581809483234,0.0892275920414622
CsOAc,BrettPhos,p-Xylene,0.153,105,PENDING,PENDING,0.0,5.699414353487215,4.364415263528262,1.693338994239506e-05,0.06918219525300143,0.04790127150572961,0.09754680233401909
CsOAc,BrettPhos,p-Xylene,0.153,90,PENDING,PENDING,0.0,5.173071052163575,4.455029362019822,1.4794373301181682e-05,0.07940306495872468,0.051255851122157775,0.10772700008078935
CsOAc,BrettPhos,p-Xylene,0.1,120,PENDING,PENDING,0.0,6.7755884941134426,4.398214710686576,5.8082353585613036e-05,0.06910981281291602,0.045783857917439746,0.09737735564241069
CsOAc,BrettPhos,p-Xylene,0.1,105,PENDING,PENDING,0.0,6.2373214615747425,3.9453004892875536,3.687672956021495e-06,0.07785038290903266,0.043516744081761205,0.10594576752677261
CsOAc,BrettPhos,p-Xylene,0.1,90,PENDING,PENDING,0.0,5.682539227861074,4.004445967795174,2.6231170215905363e-06,0.0880323027769277,0.046559983338440365,0.11611597140571228
CsOAc,BrettPhos,p-Xylene,0.057,120,PENDING,PENDING,0.0,7.192971949010261,4.505635793904029,0.0001296921573823214,0.07713000088194989,0.04653497819286627,0.10531002225365813
CsOAc,BrettPhos,p-Xylene,0.057,105,PENDING,PENDING,0.0,6.647915330014556,4.034212010732033,9.722291448399526e-06,0.08585075877030152,0.04364254668346185,0.11390092234849351
CsOAc,BrettPhos,p-Xylene,0.057,90,PENDING,PENDING,0.0,6.078324451498902,4.062661952646014,5.821831771074445e-06,0.09588646623248696,0.04616013859647711,0.12392606541144752
CsOAc,BrettPhos,DMAc,0.153,120,PENDING,PENDING,0.0,7.612032004605662,5.022476817719201,0.0008860384733237574,0.06801847571170978,0.051195446739794176,0.09660974429698434
CsOAc,BrettPhos,DMAc,0.153,105,PENDING,PENDING,0.0,7.076558888701749,4.833413052381877,0.0003449892830006433,0.07660695950344311,0.05103975437663847,0.10497430636890624
CsOAc,BrettPhos,DMAc,0.153,90,PENDING,PENDING,0.0,6.5089714990206735,5.055636125725664,0.00042096871431258464,0.08664062104735035,0.055164978958726414,0.11500777331905518
CsOAc,BrettPhos,DMAc,0.1,120,PENDING,PENDING,0.0,8.177467539247441,4.586644260944541,0.00040497476574922597,0.0766501651893038,0.046546338564420586,0.10483635757038186
CsOAc,BrettPhos,DMAc,0.1,105,PENDING,PENDING,0.0,7.623014372186721,4.350567211471325,0.00010959360390178823,0.08531874489655383,0.04590020642119783,0.1134080803538682
CsOAc,BrettPhos,DMAc,0.1,90,PENDING,PENDING,0.0,7.024901033067991,4.580178925301114,0.00014502644174053426,0.0953083272389601,0.05009143881320825,0.12340936198655164
CsOAc,BrettPhos,DMAc,0.057,120,PENDING,PENDING,0.0,8.578989032548186,4.59778371932082,0.0005859669833230344,0.08461804959108178,0.04642501528807369,0.11272292750541124
CsOAc,BrettPhos,DMAc,0.057,105,PENDING,PENDING,0.0,8.017000809623427,4.340742417635566,0.00015362722993503015,0.09326556364399677,0.045278762287142636,0.12130511603069136
CsOAc,BrettPhos,DMAc,0.057,90,PENDING,PENDING,0.0,7.4040771592035535,4.5545596066127185,0.00018634063159362647,0.10310984949549563,0.049188195458496384,0.13115621451917786
CsOAc,BrettPhos,BuOAc,0.153,120,PENDING,PENDING,0.0,6.235337113136223,4.133575994539313,1.0059218966990108e-05,0.07908979145670622,0.038948834552348585,0.1071128798543701
CsOAc,BrettPhos,BuOAc,0.153,105,PENDING,PENDING,0.0,5.749982623863651,3.738613801508974,5.313939797685231e-07,0.08897669780236489,0.037101001397826815,0.11697285455964908
CsOAc,BrettPhos,BuOAc,0.153,90,PENDING,PENDING,0.0,5.25438773923342,3.882076058859333,7.15320925719043e-07,0.10010640389282122,0.041072003154613894,0.1281046283644219
CsOAc,BrettPhos,BuOAc,0.1,120,PENDING,PENDING,0.0,6.753735203399808,3.7983461358246515,2.9843008572846933e-06,0.088032574064577,0.034716881003867085,0.11602431031597954
CsOAc,BrettPhos,BuOAc,0.1,105,PENDING,PENDING,0.0,6.250734624074484,3.3058480161700143,3.519184282608238e-08,0.09802097085372619,0.03146258525031938,0.12600916169208332
CsOAc,BrettPhos,BuOAc,0.1,90,PENDING,PENDING,0.0,5.727726021981885,3.416968803682642,4.049962036131966e-08,0.10911113615818384,0.03509510127498547,0.13709948517241155
CsOAc,BrettPhos,BuOAc,0.057,120,PENDING,PENDING,0.0,7.136346105364271,3.981923816575671,1.3079003742387085e-05,0.09609962448341416,0.03622133618310876,0.12409043381109955
CsOAc,BrettPhos,BuOAc,0.057,105,PENDING,PENDING,0.0,6.623766374805921,3.479052622654001,2.80770114735896e-07,0.10604258508689096,0.03209759701740056,0.1340306598566818
CsOAc,BrettPhos,BuOAc,0.057,90,PENDING,PENDING,0.0,6.085109823263863,3.548797017907776,2.137576843904286e-07,0.11695909273893287,0.034896944470732855,0.1449471886123616
CsOAc,BrettPhos,BuCN,0.153,120,PENDING,PENDING,0.0,5.859950304153503,4.440651350920636,2.792891159321409e-05,0.05719323876870941,0.045971790546469556,0.08575502202065634
CsOAc,BrettPhos,BuCN,0.153,105,PENDING,PENDING,0.0,5.321727982843156,4.043049980411349,2.109660091619917e-06,0.06600649706351998,0.04320326235167799,0.09422070224361397
CsOAc,BrettPhos,BuCN,0.153,90,PENDING,PENDING,0.0,4.78352089064185,4.134271086227778,1.862476271893604e-06,0.07644949271311814,0.045433971163017686,0.10460447582639591
CsOAc,BrettPhos,BuCN,0.1,120,PENDING,PENDING,0.0,6.395638298276727,4.094899155695313,9.924668217312641e-06,0.06594032919970294,0.04267559175558665,0.09413627298243174
CsOAc,BrettPhos,BuCN,0.1,105,PENDING,PENDING,0.0,5.838193255326939,3.6116045305392594,2.3970762601034813e-07,0.07484154745468212,0.038925051811637724,0.10287937262110443
CsOAc,BrettPhos,BuCN,0.1,90,PENDING,PENDING,0.0,5.270428870090866,3.67238574415211,1.6526687683831575e-07,0.08524249980307379,0.04070192915738826,0.1132633797571756
CsOAc,BrettPhos,BuCN,0.057,120,PENDING,PENDING,0.0,6.800744072627691,4.22348248797505,2.8473291414625066e-05,0.07413501134817352,0.04381583443366039,0.10226954956119108
CsOAc,BrettPhos,BuCN,0.057,105,PENDING,PENDING,0.0,6.23512661379771,3.727077572047002,9.573595978347055e-07,0.08301522407345018,0.039509961594068166,0.11103232061581812
CsOAc,BrettPhos,BuCN,0.057,90,PENDING,PENDING,0.0,5.651935764139594,3.757440344321748,5.286370370044604e-07,0.09326181286999882,0.04074525185645562,0.1212667399750745
KOPiv,tBPh-CPhos,BuOAc,0.1,90,0.0,0.279534515,-1.0,3.277546367080561,4.217180605484486,4.869439588840474e-07,0.2688620002788369,0.03504872742342591,0.2968499712788369
KOPiv,PPhMe2,BuCN,0.153,90,0.0,0.034838214,-1.0,0.2601146596552928,4.273264204591742,1.4159819835828813e-08,0.04438606847210343,0.030167763001751145,0.07245634386964715
KOPiv,PPh3,BuOAc,0.057,90,0.05,0.055472263,-1.0,3.5339223461946356,4.3266744116557945,1.2738772193314891e-06,0.06858557934533868,0.03184349169832884,0.09658438471338704
KOPiv,PCy3 HBF4,p-Xylene,0.153,105,0.0,0.027987971,-1.0,2.814268406598829,4.424866522419779,9.654901186858827e-07,0.029359905483054727,0.030815753037105043,0.05772462036226005
KOPiv,P(fur)3,p-Xylene,0.057,105,14.68,0.051646282,-1.0,9.537163464165877,4.4933901008164,0.000954066418420451,0.05187446462207228,0.030726166379048354,0.07990753451112756
KOAc,PPh2Me,BuOAc,0.153,120,0.0,0.030545517,-1.0,2.0328526190206566,4.676383880746147,1.5889873124732721e-06,0.034453643011752064,0.031604457627038375,0.06272792537305326
KOAc,PCy3 HBF4,BuOAc,0.1,90,0.0,0.043876303,-1.0,2.5773339450732626,4.393120902680192,6.08802955766164e-07,0.057312733682809855,0.0312656913926124,0.08533091388924295
CsOPiv,X-Phos,BuOAc,0.153,105,5.53,0.124088991,-1.0,7.577673248338295,4.231046005707704,6.550329508491024e-05,0.13814172758956186,0.03090012198115404,0.1661296987949929
CsOPiv,PPhMe2,BuCN,0.057,90,0.0,0.155660199,-1.0,4.146632664216888,4.033491603844418,4.522668142663495e-07,0.15955164099799496,0.028469578066167275,0.1875396119980877
CsOPiv,PPh2Me,BuCN,0.1,90,0.0,0.131546476,-1.0,4.547799930617996,4.260785336104666,2.862016496194941e-06,0.1415574939418403,0.02956129633758682,0.1695454649655794
CsOPiv,P(fur)3,BuOAc,0.1,120,15.21,0.136767955,-1.0,12.799767683294174,4.406936098085482,0.009257892958691033,0.1472118860010919,0.030023446406701473,0.17519985701418156
CsOPiv,JackiePhos,DMAc,0.057,105,9.52,0.452540223,-1.0,9.786321583518685,4.348665861200845,0.0007732526155108995,0.4464510420190692,0.03361629589125187,0.4744390130190692
CsOPiv,BrettPhos,BuOAc,0.1,90,23.75,0.243983628,-1.0,8.46357232001958,3.297687985557707,1.1694468699289883e-06,0.18897884244198201,0.02523722357558679,0.21696681344198201
CsOAc,PPhMe2,BuOAc,0.057,105,0.0,0.104381255,-1.0,2.9033665387949417,4.023588832871323,8.021076600521685e-08,0.09926732995456214,0.02907344453550428,0.12725533754114468
CsOAc,JackiePhos,p-Xylene,0.057,90,5.48,0.415626812,-1.0,5.870517400332219,4.247371301077264,1.1749250635219148e-05,0.4111543804561546,0.03361182103699736,0.4391423514561546
CsOAc,GorlosPhos HBF4,DMAc,0.057,120,16.77,0.094081907,-1.0,11.05129538634898,4.800138254290106,0.006073939699870856,0.09184722182558333,0.03302002092391902,0.11983633933261824
